ACCIDENTES,MUNICIPIOS_ACCIDENTES,MES,SERVICIOS_TALLER,COSTO_TALLER,DURACION_PROMEDIO_TALLER,KILOMETRAJE_PROMEDIO,TRAFICO,EVASORES,EXENTOS,PEAJES,TARIFA_PROMEDIO,FECHA,CATEGORIA_COSTO,CATEGORIA_DURACION
28,28,2003-01,,,,,,,,,,2003-01-01,,
16,16,2003-01,,,,,,,,,,2003-01-02,,
16,16,2003-01,,,,,,,,,,2003-01-03,,
18,16,2003-01,,,,,,,,,,2003-01-04,,
22,20,2003-01,,,,,,,,,,2003-01-05,,
25,23,2003-01,,,,,,,,,,2003-01-06,,
19,19,2003-01,,,,,,,,,,2003-01-07,,
17,12,2003-01,,,,,,,,,,2003-01-08,,
15,15,2003-01,,,,,,,,,,2003-01-09,,
24,16,2003-01,,,,,,,,,,2003-01-10,,
26,26,2003-01,,,,,,,,,,2003-01-11,,
29,21,2003-01,,,,,,,,,,2003-01-12,,
13,13,2003-01,,,,,,,,,,2003-01-13,,
18,18,2003-01,,,,,,,,,,2003-01-14,,
14,14,2003-01,,,,,,,,,,2003-01-15,,
15,13,2003-01,,,,,,,,,,2003-01-16,,
18,16,2003-01,,,,,,,,,,2003-01-17,,
16,16,2003-01,,,,,,,,,,2003-01-18,,
30,19,2003-01,,,,,,,,,,2003-01-19,,
12,12,2003-01,,,,,,,,,,2003-01-20,,
13,11,2003-01,,,,,,,,,,2003-01-21,,
8,8,2003-01,,,,,,,,,,2003-01-22,,
14,14,2003-01,,,,,,,,,,2003-01-23,,
6,6,2003-01,,,,,,,,,,2003-01-24,,
20,18,2003-01,,,,,,,,,,2003-01-25,,
24,19,2003-01,,,,,,,,,,2003-01-26,,
17,17,2003-01,,,,,,,,,,2003-01-27,,
11,11,2003-01,,,,,,,,,,2003-01-28,,
18,16,2003-01,,,,,,,,,,2003-01-29,,
11,11,2003-01,,,,,,,,,,2003-01-30,,
10,8,2003-01,,,,,,,,,,2003-01-31,,
18,16,2003-02,,,,,,,,,,2003-02-01,,
22,22,2003-02,,,,,,,,,,2003-02-02,,
13,13,2003-02,,,,,,,,,,2003-02-03,,
9,9,2003-02,,,,,,,,,,2003-02-04,,
16,16,2003-02,,,,,,,,,,2003-02-05,,
8,8,2003-02,,,,,,,,,,2003-02-06,,
16,16,2003-02,,,,,,,,,,2003-02-07,,
19,16,2003-02,,,,,,,,,,2003-02-08,,
22,22,2003-02,,,,,,,,,,2003-02-09,,
14,12,2003-02,,,,,,,,,,2003-02-10,,
14,10,2003-02,,,,,,,,,,2003-02-11,,
14,12,2003-02,,,,,,,,,,2003-02-12,,
11,11,2003-02,,,,,,,,,,2003-02-13,,
15,13,2003-02,,,,,,,,,,2003-02-14,,
19,18,2003-02,,,,,,,,,,2003-02-15,,
20,20,2003-02,,,,,,,,,,2003-02-16,,
40,23,2003-02,,,,,,,,,,2003-02-17,,
9,9,2003-02,,,,,,,,,,2003-02-18,,
14,14,2003-02,,,,,,,,,,2003-02-19,,
15,15,2003-02,,,,,,,,,,2003-02-20,,
12,12,2003-02,,,,,,,,,,2003-02-21,,
15,15,2003-02,,,,,,,,,,2003-02-22,,
21,19,2003-02,,,,,,,,,,2003-02-23,,
14,12,2003-02,,,,,,,,,,2003-02-24,,
15,15,2003-02,,,,,,,,,,2003-02-25,,
11,11,2003-02,,,,,,,,,,2003-02-26,,
10,8,2003-02,,,,,,,,,,2003-02-27,,
7,7,2003-02,,,,,,,,,,2003-02-28,,
28,25,2003-03,,,,,,,,,,2003-03-01,,
30,25,2003-03,,,,,,,,,,2003-03-02,,
25,23,2003-03,,,,,,,,,,2003-03-03,,
14,12,2003-03,,,,,,,,,,2003-03-04,,
13,11,2003-03,,,,,,,,,,2003-03-05,,
13,11,2003-03,,,,,,,,,,2003-03-06,,
20,12,2003-03,,,,,,,,,,2003-03-07,,
23,23,2003-03,,,,,,,,,,2003-03-08,,
19,19,2003-03,,,,,,,,,,2003-03-09,,
11,11,2003-03,,,,,,,,,,2003-03-10,,
9,9,2003-03,,,,,,,,,,2003-03-11,,
11,11,2003-03,,,,,,,,,,2003-03-12,,
14,14,2003-03,,,,,,,,,,2003-03-13,,
15,15,2003-03,,,,,,,,,,2003-03-14,,
24,18,2003-03,,,,,,,,,,2003-03-15,,
25,21,2003-03,,,,,,,,,,2003-03-16,,
11,11,2003-03,,,,,,,,,,2003-03-17,,
14,12,2003-03,,,,,,,,,,2003-03-18,,
6,6,2003-03,,,,,,,,,,2003-03-19,,
11,11,2003-03,,,,,,,,,,2003-03-20,,
21,18,2003-03,,,,,,,,,,2003-03-21,,
24,24,2003-03,,,,,,,,,,2003-03-22,,
29,26,2003-03,,,,,,,,,,2003-03-23,,
18,18,2003-03,,,,,,,,,,2003-03-24,,
12,12,2003-03,,,,,,,,,,2003-03-25,,
15,14,2003-03,,,,,,,,,,2003-03-26,,
19,14,2003-03,,,,,,,,,,2003-03-27,,
14,12,2003-03,,,,,,,,,,2003-03-28,,
18,16,2003-03,,,,,,,,,,2003-03-29,,
21,21,2003-03,,,,,,,,,,2003-03-30,,
24,16,2003-03,,,,,,,,,,2003-03-31,,
15,15,2003-04,,,,,,,,,,2003-04-01,,
16,16,2003-04,,,,,,,,,,2003-04-02,,
9,9,2003-04,,,,,,,,,,2003-04-03,,
25,21,2003-04,,,,,,,,,,2003-04-04,,
17,14,2003-04,,,,,,,,,,2003-04-05,,
30,26,2003-04,,,,,,,,,,2003-04-06,,
21,19,2003-04,,,,,,,,,,2003-04-07,,
55,14,2003-04,,,,,,,,,,2003-04-08,,
12,11,2003-04,,,,,,,,,,2003-04-09,,
18,14,2003-04,,,,,,,,,,2003-04-10,,
15,13,2003-04,,,,,,,,,,2003-04-11,,
28,26,2003-04,,,,,,,,,,2003-04-12,,
31,27,2003-04,,,,,,,,,,2003-04-13,,
20,15,2003-04,,,,,,,,,,2003-04-14,,
17,15,2003-04,,,,,,,,,,2003-04-15,,
26,20,2003-04,,,,,,,,,,2003-04-16,,
22,19,2003-04,,,,,,,,,,2003-04-17,,
22,17,2003-04,,,,,,,,,,2003-04-18,,
16,15,2003-04,,,,,,,,,,2003-04-19,,
22,22,2003-04,,,,,,,,,,2003-04-20,,
18,16,2003-04,,,,,,,,,,2003-04-21,,
8,8,2003-04,,,,,,,,,,2003-04-22,,
9,9,2003-04,,,,,,,,,,2003-04-23,,
14,14,2003-04,,,,,,,,,,2003-04-24,,
15,15,2003-04,,,,,,,,,,2003-04-25,,
18,18,2003-04,,,,,,,,,,2003-04-26,,
21,21,2003-04,,,,,,,,,,2003-04-27,,
16,16,2003-04,,,,,,,,,,2003-04-28,,
19,16,2003-04,,,,,,,,,,2003-04-29,,
20,20,2003-04,,,,,,,,,,2003-04-30,,
18,18,2003-05,,,,,,,,,,2003-05-01,,
22,18,2003-05,,,,,,,,,,2003-05-02,,
25,20,2003-05,,,,,,,,,,2003-05-03,,
23,23,2003-05,,,,,,,,,,2003-05-04,,
8,8,2003-05,,,,,,,,,,2003-05-05,,
12,10,2003-05,,,,,,,,,,2003-05-06,,
14,12,2003-05,,,,,,,,,,2003-05-07,,
18,14,2003-05,,,,,,,,,,2003-05-08,,
18,16,2003-05,,,,,,,,,,2003-05-09,,
16,14,2003-05,,,,,,,,,,2003-05-10,,
36,25,2003-05,,,,,,,,,,2003-05-11,,
21,21,2003-05,,,,,,,,,,2003-05-12,,
17,17,2003-05,,,,,,,,,,2003-05-13,,
14,14,2003-05,,,,,,,,,,2003-05-14,,
13,11,2003-05,,,,,,,,,,2003-05-15,,
14,12,2003-05,,,,,,,,,,2003-05-16,,
24,24,2003-05,,,,,,,,,,2003-05-17,,
15,15,2003-05,,,,,,,,,,2003-05-18,,
16,14,2003-05,,,,,,,,,,2003-05-19,,
9,9,2003-05,,,,,,,,,,2003-05-20,,
13,11,2003-05,,,,,,,,,,2003-05-21,,
11,11,2003-05,,,,,,,,,,2003-05-22,,
11,11,2003-05,,,,,,,,,,2003-05-23,,
16,14,2003-05,,,,,,,,,,2003-05-24,,
27,21,2003-05,,,,,,,,,,2003-05-25,,
17,17,2003-05,,,,,,,,,,2003-05-26,,
15,14,2003-05,,,,,,,,,,2003-05-27,,
14,14,2003-05,,,,,,,,,,2003-05-28,,
13,13,2003-05,,,,,,,,,,2003-05-29,,
14,13,2003-05,,,,,,,,,,2003-05-30,,
21,21,2003-05,,,,,,,,,,2003-05-31,,
29,19,2003-06,,,,,,,,,,2003-06-01,,
17,17,2003-06,,,,,,,,,,2003-06-02,,
9,9,2003-06,,,,,,,,,,2003-06-03,,
13,13,2003-06,,,,,,,,,,2003-06-04,,
13,13,2003-06,,,,,,,,,,2003-06-05,,
16,16,2003-06,,,,,,,,,,2003-06-06,,
19,16,2003-06,,,,,,,,,,2003-06-07,,
15,15,2003-06,,,,,,,,,,2003-06-08,,
12,12,2003-06,,,,,,,,,,2003-06-09,,
13,13,2003-06,,,,,,,,,,2003-06-10,,
16,12,2003-06,,,,,,,,,,2003-06-11,,
9,9,2003-06,,,,,,,,,,2003-06-12,,
9,9,2003-06,,,,,,,,,,2003-06-13,,
21,17,2003-06,,,,,,,,,,2003-06-14,,
20,20,2003-06,,,,,,,,,,2003-06-15,,
14,14,2003-06,,,,,,,,,,2003-06-16,,
16,16,2003-06,,,,,,,,,,2003-06-17,,
14,11,2003-06,,,,,,,,,,2003-06-18,,
9,8,2003-06,,,,,,,,,,2003-06-19,,
11,11,2003-06,,,,,,,,,,2003-06-20,,
24,23,2003-06,,,,,,,,,,2003-06-21,,
32,27,2003-06,,,,,,,,,,2003-06-22,,
12,12,2003-06,,,,,,,,,,2003-06-23,,
16,16,2003-06,,,,,,,,,,2003-06-24,,
13,13,2003-06,,,,,,,,,,2003-06-25,,
12,12,2003-06,,,,,,,,,,2003-06-26,,
12,11,2003-06,,,,,,,,,,2003-06-27,,
27,16,2003-06,,,,,,,,,,2003-06-28,,
29,26,2003-06,,,,,,,,,,2003-06-29,,
21,19,2003-06,,,,,,,,,,2003-06-30,,
17,12,2003-07,,,,,,,,,,2003-07-01,,
12,12,2003-07,,,,,,,,,,2003-07-02,,
12,11,2003-07,,,,,,,,,,2003-07-03,,
16,14,2003-07,,,,,,,,,,2003-07-04,,
17,17,2003-07,,,,,,,,,,2003-07-05,,
23,23,2003-07,,,,,,,,,,2003-07-06,,
18,12,2003-07,,,,,,,,,,2003-07-07,,
13,12,2003-07,,,,,,,,,,2003-07-08,,
20,14,2003-07,,,,,,,,,,2003-07-09,,
11,11,2003-07,,,,,,,,,,2003-07-10,,
31,13,2003-07,,,,,,,,,,2003-07-11,,
23,19,2003-07,,,,,,,,,,2003-07-12,,
20,19,2003-07,,,,,,,,,,2003-07-13,,
11,11,2003-07,,,,,,,,,,2003-07-14,,
11,11,2003-07,,,,,,,,,,2003-07-15,,
13,13,2003-07,,,,,,,,,,2003-07-16,,
10,10,2003-07,,,,,,,,,,2003-07-17,,
12,12,2003-07,,,,,,,,,,2003-07-18,,
17,15,2003-07,,,,,,,,,,2003-07-19,,
20,18,2003-07,,,,,,,,,,2003-07-20,,
13,13,2003-07,,,,,,,,,,2003-07-21,,
6,6,2003-07,,,,,,,,,,2003-07-22,,
11,11,2003-07,,,,,,,,,,2003-07-23,,
17,16,2003-07,,,,,,,,,,2003-07-24,,
15,15,2003-07,,,,,,,,,,2003-07-25,,
23,19,2003-07,,,,,,,,,,2003-07-26,,
18,18,2003-07,,,,,,,,,,2003-07-27,,
35,12,2003-07,,,,,,,,,,2003-07-28,,
12,12,2003-07,,,,,,,,,,2003-07-29,,
7,7,2003-07,,,,,,,,,,2003-07-30,,
15,13,2003-07,,,,,,,,,,2003-07-31,,
17,16,2003-08,,,,,,,,,,2003-08-01,,
16,16,2003-08,,,,,,,,,,2003-08-02,,
25,23,2003-08,,,,,,,,,,2003-08-03,,
9,9,2003-08,,,,,,,,,,2003-08-04,,
13,13,2003-08,,,,,,,,,,2003-08-05,,
8,8,2003-08,,,,,,,,,,2003-08-06,,
17,16,2003-08,,,,,,,,,,2003-08-07,,
11,11,2003-08,,,,,,,,,,2003-08-08,,
10,10,2003-08,,,,,,,,,,2003-08-09,,
21,18,2003-08,,,,,,,,,,2003-08-10,,
20,17,2003-08,,,,,,,,,,2003-08-11,,
7,5,2003-08,,,,,,,,,,2003-08-12,,
32,13,2003-08,,,,,,,,,,2003-08-13,,
9,9,2003-08,,,,,,,,,,2003-08-14,,
28,16,2003-08,,,,,,,,,,2003-08-15,,
23,21,2003-08,,,,,,,,,,2003-08-16,,
27,24,2003-08,,,,,,,,,,2003-08-17,,
18,16,2003-08,,,,,,,,,,2003-08-18,,
10,8,2003-08,,,,,,,,,,2003-08-19,,
20,14,2003-08,,,,,,,,,,2003-08-20,,
7,7,2003-08,,,,,,,,,,2003-08-21,,
11,8,2003-08,,,,,,,,,,2003-08-22,,
21,16,2003-08,,,,,,,,,,2003-08-23,,
19,19,2003-08,,,,,,,,,,2003-08-24,,
7,7,2003-08,,,,,,,,,,2003-08-25,,
13,13,2003-08,,,,,,,,,,2003-08-26,,
11,11,2003-08,,,,,,,,,,2003-08-27,,
19,8,2003-08,,,,,,,,,,2003-08-28,,
10,10,2003-08,,,,,,,,,,2003-08-29,,
28,21,2003-08,,,,,,,,,,2003-08-30,,
27,23,2003-08,,,,,,,,,,2003-08-31,,
15,11,2003-09,,,,,,,,,,2003-09-01,,
19,14,2003-09,,,,,,,,,,2003-09-02,,
12,12,2003-09,,,,,,,,,,2003-09-03,,
12,12,2003-09,,,,,,,,,,2003-09-04,,
18,18,2003-09,,,,,,,,,,2003-09-05,,
20,17,2003-09,,,,,,,,,,2003-09-06,,
28,26,2003-09,,,,,,,,,,2003-09-07,,
16,16,2003-09,,,,,,,,,,2003-09-08,,
14,10,2003-09,,,,,,,,,,2003-09-09,,
17,15,2003-09,,,,,,,,,,2003-09-10,,
18,11,2003-09,,,,,,,,,,2003-09-11,,
17,15,2003-09,,,,,,,,,,2003-09-12,,
23,21,2003-09,,,,,,,,,,2003-09-13,,
24,24,2003-09,,,,,,,,,,2003-09-14,,
14,12,2003-09,,,,,,,,,,2003-09-15,,
15,13,2003-09,,,,,,,,,,2003-09-16,,
19,17,2003-09,,,,,,,,,,2003-09-17,,
9,9,2003-09,,,,,,,,,,2003-09-18,,
15,13,2003-09,,,,,,,,,,2003-09-19,,
17,17,2003-09,,,,,,,,,,2003-09-20,,
26,22,2003-09,,,,,,,,,,2003-09-21,,
15,15,2003-09,,,,,,,,,,2003-09-22,,
11,11,2003-09,,,,,,,,,,2003-09-23,,
16,13,2003-09,,,,,,,,,,2003-09-24,,
15,15,2003-09,,,,,,,,,,2003-09-25,,
13,11,2003-09,,,,,,,,,,2003-09-26,,
16,16,2003-09,,,,,,,,,,2003-09-27,,
21,19,2003-09,,,,,,,,,,2003-09-28,,
11,11,2003-09,,,,,,,,,,2003-09-29,,
10,8,2003-09,,,,,,,,,,2003-09-30,,
11,11,2003-10,,,,,,,,,,2003-10-01,,
8,8,2003-10,,,,,,,,,,2003-10-02,,
19,19,2003-10,,,,,,,,,,2003-10-03,,
28,20,2003-10,,,,,,,,,,2003-10-04,,
39,25,2003-10,,,,,,,,,,2003-10-05,,
15,14,2003-10,,,,,,,,,,2003-10-06,,
22,18,2003-10,,,,,,,,,,2003-10-07,,
19,15,2003-10,,,,,,,,,,2003-10-08,,
18,18,2003-10,,,,,,,,,,2003-10-09,,
20,16,2003-10,,,,,,,,,,2003-10-10,,
21,21,2003-10,,,,,,,,,,2003-10-11,,
29,28,2003-10,,,,,,,,,,2003-10-12,,
15,10,2003-10,,,,,,,,,,2003-10-13,,
11,11,2003-10,,,,,,,,,,2003-10-14,,
9,9,2003-10,,,,,,,,,,2003-10-15,,
11,9,2003-10,,,,,,,,,,2003-10-16,,
18,14,2003-10,,,,,,,,,,2003-10-17,,
19,19,2003-10,,,,,,,,,,2003-10-18,,
22,22,2003-10,,,,,,,,,,2003-10-19,,
13,13,2003-10,,,,,,,,,,2003-10-20,,
14,12,2003-10,,,,,,,,,,2003-10-21,,
14,9,2003-10,,,,,,,,,,2003-10-22,,
16,16,2003-10,,,,,,,,,,2003-10-23,,
16,16,2003-10,,,,,,,,,,2003-10-24,,
8,8,2003-10,,,,,,,,,,2003-10-25,,
16,13,2003-10,,,,,,,,,,2003-10-26,,
28,24,2003-10,,,,,,,,,,2003-10-27,,
15,13,2003-10,,,,,,,,,,2003-10-28,,
9,7,2003-10,,,,,,,,,,2003-10-29,,
18,9,2003-10,,,,,,,,,,2003-10-30,,
11,11,2003-10,,,,,,,,,,2003-10-31,,
17,17,2003-11,,,,,,,,,,2003-11-01,,
24,24,2003-11,,,,,,,,,,2003-11-02,,
16,14,2003-11,,,,,,,,,,2003-11-03,,
18,18,2003-11,,,,,,,,,,2003-11-04,,
16,16,2003-11,,,,,,,,,,2003-11-05,,
15,15,2003-11,,,,,,,,,,2003-11-06,,
15,15,2003-11,,,,,,,,,,2003-11-07,,
12,12,2003-11,,,,,,,,,,2003-11-08,,
20,20,2003-11,,,,,,,,,,2003-11-09,,
14,14,2003-11,,,,,,,,,,2003-11-10,,
17,14,2003-11,,,,,,,,,,2003-11-11,,
10,8,2003-11,,,,,,,,,,2003-11-12,,
11,11,2003-11,,,,,,,,,,2003-11-13,,
13,13,2003-11,,,,,,,,,,2003-11-14,,
15,15,2003-11,,,,,,,,,,2003-11-15,,
26,26,2003-11,,,,,,,,,,2003-11-16,,
21,20,2003-11,,,,,,,,,,2003-11-17,,
12,11,2003-11,,,,,,,,,,2003-11-18,,
11,11,2003-11,,,,,,,,,,2003-11-19,,
9,9,2003-11,,,,,,,,,,2003-11-20,,
19,19,2003-11,,,,,,,,,,2003-11-21,,
16,16,2003-11,,,,,,,,,,2003-11-22,,
21,16,2003-11,,,,,,,,,,2003-11-23,,
17,15,2003-11,,,,,,,,,,2003-11-24,,
10,10,2003-11,,,,,,,,,,2003-11-25,,
17,15,2003-11,,,,,,,,,,2003-11-26,,
10,10,2003-11,,,,,,,,,,2003-11-27,,
8,8,2003-11,,,,,,,,,,2003-11-28,,
8,8,2003-11,,,,,,,,,,2003-11-29,,
22,18,2003-11,,,,,,,,,,2003-11-30,,
13,13,2003-12,,,,,,,,,,2003-12-01,,
16,13,2003-12,,,,,,,,,,2003-12-02,,
14,12,2003-12,,,,,,,,,,2003-12-03,,
13,11,2003-12,,,,,,,,,,2003-12-04,,
16,13,2003-12,,,,,,,,,,2003-12-05,,
17,13,2003-12,,,,,,,,,,2003-12-06,,
20,16,2003-12,,,,,,,,,,2003-12-07,,
17,17,2003-12,,,,,,,,,,2003-12-08,,
10,10,2003-12,,,,,,,,,,2003-12-09,,
14,12,2003-12,,,,,,,,,,2003-12-10,,
7,7,2003-12,,,,,,,,,,2003-12-11,,
16,16,2003-12,,,,,,,,,,2003-12-12,,
16,16,2003-12,,,,,,,,,,2003-12-13,,
14,14,2003-12,,,,,,,,,,2003-12-14,,
12,12,2003-12,,,,,,,,,,2003-12-15,,
6,6,2003-12,,,,,,,,,,2003-12-16,,
7,7,2003-12,,,,,,,,,,2003-12-17,,
8,8,2003-12,,,,,,,,,,2003-12-18,,
13,10,2003-12,,,,,,,,,,2003-12-19,,
22,19,2003-12,,,,,,,,,,2003-12-20,,
29,27,2003-12,,,,,,,,,,2003-12-21,,
9,9,2003-12,,,,,,,,,,2003-12-22,,
23,21,2003-12,,,,,,,,,,2003-12-23,,
22,22,2003-12,,,,,,,,,,2003-12-24,,
21,21,2003-12,,,,,,,,,,2003-12-25,,
13,12,2003-12,,,,,,,,,,2003-12-26,,
18,18,2003-12,,,,,,,,,,2003-12-27,,
16,16,2003-12,,,,,,,,,,2003-12-28,,
4,4,2003-12,,,,,,,,,,2003-12-29,,
15,10,2003-12,,,,,,,,,,2003-12-30,,
32,22,2003-12,,,,,,,,,,2003-12-31,,
44,35,2004-01,,,,,,,,,,2004-01-01,,
24,19,2004-01,,,,,,,,,,2004-01-02,,
25,20,2004-01,,,,,,,,,,2004-01-03,,
20,18,2004-01,,,,,,,,,,2004-01-04,,
7,7,2004-01,,,,,,,,,,2004-01-05,,
15,13,2004-01,,,,,,,,,,2004-01-06,,
10,10,2004-01,,,,,,,,,,2004-01-07,,
11,11,2004-01,,,,,,,,,,2004-01-08,,
10,10,2004-01,,,,,,,,,,2004-01-09,,
14,12,2004-01,,,,,,,,,,2004-01-10,,
19,19,2004-01,,,,,,,,,,2004-01-11,,
18,17,2004-01,,,,,,,,,,2004-01-12,,
33,11,2004-01,,,,,,,,,,2004-01-13,,
7,5,2004-01,,,,,,,,,,2004-01-14,,
11,11,2004-01,,,,,,,,,,2004-01-15,,
22,16,2004-01,,,,,,,,,,2004-01-16,,
17,15,2004-01,,,,,,,,,,2004-01-17,,
18,18,2004-01,,,,,,,,,,2004-01-18,,
24,19,2004-01,,,,,,,,,,2004-01-19,,
12,9,2004-01,,,,,,,,,,2004-01-20,,
11,11,2004-01,,,,,,,,,,2004-01-21,,
9,9,2004-01,,,,,,,,,,2004-01-22,,
8,8,2004-01,,,,,,,,,,2004-01-23,,
20,13,2004-01,,,,,,,,,,2004-01-24,,
20,20,2004-01,,,,,,,,,,2004-01-25,,
14,14,2004-01,,,,,,,,,,2004-01-26,,
17,15,2004-01,,,,,,,,,,2004-01-27,,
13,11,2004-01,,,,,,,,,,2004-01-28,,
9,9,2004-01,,,,,,,,,,2004-01-29,,
13,13,2004-01,,,,,,,,,,2004-01-30,,
19,19,2004-01,,,,,,,,,,2004-01-31,,
17,17,2004-02,,,,,,,,,,2004-02-01,,
14,14,2004-02,,,,,,,,,,2004-02-02,,
14,14,2004-02,,,,,,,,,,2004-02-03,,
13,11,2004-02,,,,,,,,,,2004-02-04,,
11,11,2004-02,,,,,,,,,,2004-02-05,,
15,13,2004-02,,,,,,,,,,2004-02-06,,
10,10,2004-02,,,,,,,,,,2004-02-07,,
19,19,2004-02,,,,,,,,,,2004-02-08,,
12,12,2004-02,,,,,,,,,,2004-02-09,,
11,11,2004-02,,,,,,,,,,2004-02-10,,
12,10,2004-02,,,,,,,,,,2004-02-11,,
15,15,2004-02,,,,,,,,,,2004-02-12,,
14,12,2004-02,,,,,,,,,,2004-02-13,,
14,13,2004-02,,,,,,,,,,2004-02-14,,
27,17,2004-02,,,,,,,,,,2004-02-15,,
13,13,2004-02,,,,,,,,,,2004-02-16,,
15,13,2004-02,,,,,,,,,,2004-02-17,,
10,10,2004-02,,,,,,,,,,2004-02-18,,
8,7,2004-02,,,,,,,,,,2004-02-19,,
24,21,2004-02,,,,,,,,,,2004-02-20,,
19,18,2004-02,,,,,,,,,,2004-02-21,,
21,21,2004-02,,,,,,,,,,2004-02-22,,
14,13,2004-02,,,,,,,,,,2004-02-23,,
8,8,2004-02,,,,,,,,,,2004-02-24,,
12,10,2004-02,,,,,,,,,,2004-02-25,,
14,14,2004-02,,,,,,,,,,2004-02-26,,
10,8,2004-02,,,,,,,,,,2004-02-27,,
8,8,2004-02,,,,,,,,,,2004-02-28,,
8,8,2004-02,,,,,,,,,,2004-02-29,,
23,19,2004-03,,,,,,,,,,2004-03-01,,
11,9,2004-03,,,,,,,,,,2004-03-02,,
15,15,2004-03,,,,,,,,,,2004-03-03,,
18,13,2004-03,,,,,,,,,,2004-03-04,,
12,12,2004-03,,,,,,,,,,2004-03-05,,
19,17,2004-03,,,,,,,,,,2004-03-06,,
21,21,2004-03,,,,,,,,,,2004-03-07,,
19,17,2004-03,,,,,,,,,,2004-03-08,,
15,13,2004-03,,,,,,,,,,2004-03-09,,
11,8,2004-03,,,,,,,,,,2004-03-10,,
8,8,2004-03,,,,,,,,,,2004-03-11,,
32,19,2004-03,,,,,,,,,,2004-03-12,,
16,15,2004-03,,,,,,,,,,2004-03-13,,
24,24,2004-03,,,,,,,,,,2004-03-14,,
13,13,2004-03,,,,,,,,,,2004-03-15,,
10,10,2004-03,,,,,,,,,,2004-03-16,,
3,3,2004-03,,,,,,,,,,2004-03-17,,
11,11,2004-03,,,,,,,,,,2004-03-18,,
8,8,2004-03,,,,,,,,,,2004-03-19,,
20,19,2004-03,,,,,,,,,,2004-03-20,,
24,22,2004-03,,,,,,,,,,2004-03-21,,
18,18,2004-03,,,,,,,,,,2004-03-22,,
10,10,2004-03,,,,,,,,,,2004-03-23,,
16,14,2004-03,,,,,,,,,,2004-03-24,,
9,9,2004-03,,,,,,,,,,2004-03-25,,
14,14,2004-03,,,,,,,,,,2004-03-26,,
7,7,2004-03,,,,,,,,,,2004-03-27,,
20,20,2004-03,,,,,,,,,,2004-03-28,,
8,8,2004-03,,,,,,,,,,2004-03-29,,
14,12,2004-03,,,,,,,,,,2004-03-30,,
8,8,2004-03,,,,,,,,,,2004-03-31,,
7,7,2004-04,,,,,,,,,,2004-04-01,,
7,7,2004-04,,,,,,,,,,2004-04-02,,
16,16,2004-04,,,,,,,,,,2004-04-03,,
23,21,2004-04,,,,,,,,,,2004-04-04,,
19,17,2004-04,,,,,,,,,,2004-04-05,,
13,13,2004-04,,,,,,,,,,2004-04-06,,
15,15,2004-04,,,,,,,,,,2004-04-07,,
23,19,2004-04,,,,,,,,,,2004-04-08,,
15,13,2004-04,,,,,,,,,,2004-04-09,,
12,12,2004-04,,,,,,,,,,2004-04-10,,
28,25,2004-04,,,,,,,,,,2004-04-11,,
13,13,2004-04,,,,,,,,,,2004-04-12,,
8,8,2004-04,,,,,,,,,,2004-04-13,,
6,6,2004-04,,,,,,,,,,2004-04-14,,
11,11,2004-04,,,,,,,,,,2004-04-15,,
19,12,2004-04,,,,,,,,,,2004-04-16,,
23,23,2004-04,,,,,,,,,,2004-04-17,,
27,15,2004-04,,,,,,,,,,2004-04-18,,
7,7,2004-04,,,,,,,,,,2004-04-19,,
7,5,2004-04,,,,,,,,,,2004-04-20,,
19,15,2004-04,,,,,,,,,,2004-04-21,,
10,10,2004-04,,,,,,,,,,2004-04-22,,
21,11,2004-04,,,,,,,,,,2004-04-23,,
14,10,2004-04,,,,,,,,,,2004-04-24,,
19,17,2004-04,,,,,,,,,,2004-04-25,,
12,11,2004-04,,,,,,,,,,2004-04-26,,
12,12,2004-04,,,,,,,,,,2004-04-27,,
12,7,2004-04,,,,,,,,,,2004-04-28,,
29,15,2004-04,,,,,,,,,,2004-04-29,,
14,7,2004-04,,,,,,,,,,2004-04-30,,
13,11,2004-05,,,,,,,,,,2004-05-01,,
12,10,2004-05,,,,,,,,,,2004-05-02,,
9,9,2004-05,,,,,,,,,,2004-05-03,,
10,10,2004-05,,,,,,,,,,2004-05-04,,
6,6,2004-05,,,,,,,,,,2004-05-05,,
9,9,2004-05,,,,,,,,,,2004-05-06,,
7,7,2004-05,,,,,,,,,,2004-05-07,,
12,10,2004-05,,,,,,,,,,2004-05-08,,
17,15,2004-05,,,,,,,,,,2004-05-09,,
14,12,2004-05,,,,,,,,,,2004-05-10,,
10,10,2004-05,,,,,,,,,,2004-05-11,,
9,9,2004-05,,,,,,,,,,2004-05-12,,
12,12,2004-05,,,,,,,,,,2004-05-13,,
13,11,2004-05,,,,,,,,,,2004-05-14,,
10,10,2004-05,,,,,,,,,,2004-05-15,,
23,19,2004-05,,,,,,,,,,2004-05-16,,
13,11,2004-05,,,,,,,,,,2004-05-17,,
10,7,2004-05,,,,,,,,,,2004-05-18,,
19,14,2004-05,,,,,,,,,,2004-05-19,,
10,10,2004-05,,,,,,,,,,2004-05-20,,
7,7,2004-05,,,,,,,,,,2004-05-21,,
45,19,2004-05,,,,,,,,,,2004-05-22,,
17,17,2004-05,,,,,,,,,,2004-05-23,,
15,15,2004-05,,,,,,,,,,2004-05-24,,
13,11,2004-05,,,,,,,,,,2004-05-25,,
11,11,2004-05,,,,,,,,,,2004-05-26,,
7,7,2004-05,,,,,,,,,,2004-05-27,,
16,14,2004-05,,,,,,,,,,2004-05-28,,
16,16,2004-05,,,,,,,,,,2004-05-29,,
13,11,2004-05,,,,,,,,,,2004-05-30,,
17,13,2004-05,,,,,,,,,,2004-05-31,,
10,8,2004-06,,,,,,,,,,2004-06-01,,
14,12,2004-06,,,,,,,,,,2004-06-02,,
7,7,2004-06,,,,,,,,,,2004-06-03,,
22,18,2004-06,,,,,,,,,,2004-06-04,,
20,17,2004-06,,,,,,,,,,2004-06-05,,
9,7,2004-06,,,,,,,,,,2004-06-06,,
13,13,2004-06,,,,,,,,,,2004-06-07,,
9,9,2004-06,,,,,,,,,,2004-06-08,,
9,9,2004-06,,,,,,,,,,2004-06-09,,
14,14,2004-06,,,,,,,,,,2004-06-10,,
20,11,2004-06,,,,,,,,,,2004-06-11,,
24,18,2004-06,,,,,,,,,,2004-06-12,,
19,17,2004-06,,,,,,,,,,2004-06-13,,
18,18,2004-06,,,,,,,,,,2004-06-14,,
11,11,2004-06,,,,,,,,,,2004-06-15,,
17,12,2004-06,,,,,,,,,,2004-06-16,,
11,10,2004-06,,,,,,,,,,2004-06-17,,
16,16,2004-06,,,,,,,,,,2004-06-18,,
12,12,2004-06,,,,,,,,,,2004-06-19,,
27,23,2004-06,,,,,,,,,,2004-06-20,,
13,11,2004-06,,,,,,,,,,2004-06-21,,
18,10,2004-06,,,,,,,,,,2004-06-22,,
6,6,2004-06,,,,,,,,,,2004-06-23,,
11,9,2004-06,,,,,,,,,,2004-06-24,,
10,9,2004-06,,,,,,,,,,2004-06-25,,
15,15,2004-06,,,,,,,,,,2004-06-26,,
21,21,2004-06,,,,,,,,,,2004-06-27,,
4,4,2004-06,,,,,,,,,,2004-06-28,,
12,10,2004-06,,,,,,,,,,2004-06-29,,
8,8,2004-06,,,,,,,,,,2004-06-30,,
9,9,2004-07,,,,,,,,,,2004-07-01,,
9,9,2004-07,,,,,,,,,,2004-07-02,,
14,14,2004-07,,,,,,,,,,2004-07-03,,
26,20,2004-07,,,,,,,,,,2004-07-04,,
20,16,2004-07,,,,,,,,,,2004-07-05,,
6,6,2004-07,,,,,,,,,,2004-07-06,,
13,11,2004-07,,,,,,,,,,2004-07-07,,
5,5,2004-07,,,,,,,,,,2004-07-08,,
12,10,2004-07,,,,,,,,,,2004-07-09,,
10,8,2004-07,,,,,,,,,,2004-07-10,,
18,14,2004-07,,,,,,,,,,2004-07-11,,
15,13,2004-07,,,,,,,,,,2004-07-12,,
12,10,2004-07,,,,,,,,,,2004-07-13,,
13,11,2004-07,,,,,,,,,,2004-07-14,,
8,8,2004-07,,,,,,,,,,2004-07-15,,
6,6,2004-07,,,,,,,,,,2004-07-16,,
12,11,2004-07,,,,,,,,,,2004-07-17,,
21,17,2004-07,,,,,,,,,,2004-07-18,,
16,12,2004-07,,,,,,,,,,2004-07-19,,
11,11,2004-07,,,,,,,,,,2004-07-20,,
8,8,2004-07,,,,,,,,,,2004-07-21,,
9,7,2004-07,,,,,,,,,,2004-07-22,,
10,10,2004-07,,,,,,,,,,2004-07-23,,
9,9,2004-07,,,,,,,,,,2004-07-24,,
12,12,2004-07,,,,,,,,,,2004-07-25,,
14,14,2004-07,,,,,,,,,,2004-07-26,,
13,6,2004-07,,,,,,,,,,2004-07-27,,
8,8,2004-07,,,,,,,,,,2004-07-28,,
7,7,2004-07,,,,,,,,,,2004-07-29,,
8,8,2004-07,,,,,,,,,,2004-07-30,,
13,11,2004-07,,,,,,,,,,2004-07-31,,
11,11,2004-08,,,,,,,,,,2004-08-01,,
10,10,2004-08,,,,,,,,,,2004-08-02,,
7,7,2004-08,,,,,,,,,,2004-08-03,,
7,7,2004-08,,,,,,,,,,2004-08-04,,
5,5,2004-08,,,,,,,,,,2004-08-05,,
12,11,2004-08,,,,,,,,,,2004-08-06,,
11,11,2004-08,,,,,,,,,,2004-08-07,,
12,12,2004-08,,,,,,,,,,2004-08-08,,
15,15,2004-08,,,,,,,,,,2004-08-09,,
10,8,2004-08,,,,,,,,,,2004-08-10,,
12,10,2004-08,,,,,,,,,,2004-08-11,,
7,5,2004-08,,,,,,,,,,2004-08-12,,
13,13,2004-08,,,,,,,,,,2004-08-13,,
16,16,2004-08,,,,,,,,,,2004-08-14,,
21,17,2004-08,,,,,,,,,,2004-08-15,,
13,11,2004-08,,,,,,,,,,2004-08-16,,
12,12,2004-08,,,,,,,,,,2004-08-17,,
5,5,2004-08,,,,,,,,,,2004-08-18,,
5,5,2004-08,,,,,,,,,,2004-08-19,,
7,7,2004-08,,,,,,,,,,2004-08-20,,
19,12,2004-08,,,,,,,,,,2004-08-21,,
16,12,2004-08,,,,,,,,,,2004-08-22,,
15,10,2004-08,,,,,,,,,,2004-08-23,,
8,6,2004-08,,,,,,,,,,2004-08-24,,
8,6,2004-08,,,,,,,,,,2004-08-25,,
4,4,2004-08,,,,,,,,,,2004-08-26,,
6,6,2004-08,,,,,,,,,,2004-08-27,,
11,9,2004-08,,,,,,,,,,2004-08-28,,
10,10,2004-08,,,,,,,,,,2004-08-29,,
9,9,2004-08,,,,,,,,,,2004-08-30,,
8,8,2004-08,,,,,,,,,,2004-08-31,,
6,6,2004-09,,,,,,,,,,2004-09-01,,
15,12,2004-09,,,,,,,,,,2004-09-02,,
14,14,2004-09,,,,,,,,,,2004-09-03,,
10,10,2004-09,,,,,,,,,,2004-09-04,,
18,16,2004-09,,,,,,,,,,2004-09-05,,
18,12,2004-09,,,,,,,,,,2004-09-06,,
8,8,2004-09,,,,,,,,,,2004-09-07,,
10,8,2004-09,,,,,,,,,,2004-09-08,,
9,5,2004-09,,,,,,,,,,2004-09-09,,
14,12,2004-09,,,,,,,,,,2004-09-10,,
4,4,2004-09,,,,,,,,,,2004-09-11,,
13,13,2004-09,,,,,,,,,,2004-09-12,,
11,11,2004-09,,,,,,,,,,2004-09-13,,
10,9,2004-09,,,,,,,,,,2004-09-14,,
9,9,2004-09,,,,,,,,,,2004-09-15,,
11,11,2004-09,,,,,,,,,,2004-09-16,,
6,6,2004-09,,,,,,,,,,2004-09-17,,
15,13,2004-09,,,,,,,,,,2004-09-18,,
21,19,2004-09,,,,,,,,,,2004-09-19,,
7,7,2004-09,,,,,,,,,,2004-09-20,,
9,9,2004-09,,,,,,,,,,2004-09-21,,
13,13,2004-09,,,,,,,,,,2004-09-22,,
14,12,2004-09,,,,,,,,,,2004-09-23,,
6,6,2004-09,,,,,,,,,,2004-09-24,,
12,12,2004-09,,,,,,,,,,2004-09-25,,
14,14,2004-09,,,,,,,,,,2004-09-26,,
16,14,2004-09,,,,,,,,,,2004-09-27,,
7,7,2004-09,,,,,,,,,,2004-09-28,,
11,11,2004-09,,,,,,,,,,2004-09-29,,
3,3,2004-09,,,,,,,,,,2004-09-30,,
10,10,2004-10,,,,,,,,,,2004-10-01,,
9,9,2004-10,,,,,,,,,,2004-10-02,,
23,17,2004-10,,,,,,,,,,2004-10-03,,
10,10,2004-10,,,,,,,,,,2004-10-04,,
8,8,2004-10,,,,,,,,,,2004-10-05,,
13,7,2004-10,,,,,,,,,,2004-10-06,,
11,11,2004-10,,,,,,,,,,2004-10-07,,
13,13,2004-10,,,,,,,,,,2004-10-08,,
8,8,2004-10,,,,,,,,,,2004-10-09,,
12,12,2004-10,,,,,,,,,,2004-10-10,,
10,10,2004-10,,,,,,,,,,2004-10-11,,
10,10,2004-10,,,,,,,,,,2004-10-12,,
10,6,2004-10,,,,,,,,,,2004-10-13,,
20,12,2004-10,,,,,,,,,,2004-10-14,,
11,9,2004-10,,,,,,,,,,2004-10-15,,
13,13,2004-10,,,,,,,,,,2004-10-16,,
11,11,2004-10,,,,,,,,,,2004-10-17,,
17,12,2004-10,,,,,,,,,,2004-10-18,,
18,16,2004-10,,,,,,,,,,2004-10-19,,
4,4,2004-10,,,,,,,,,,2004-10-20,,
4,4,2004-10,,,,,,,,,,2004-10-21,,
10,10,2004-10,,,,,,,,,,2004-10-22,,
13,13,2004-10,,,,,,,,,,2004-10-23,,
13,13,2004-10,,,,,,,,,,2004-10-24,,
5,5,2004-10,,,,,,,,,,2004-10-25,,
7,7,2004-10,,,,,,,,,,2004-10-26,,
11,11,2004-10,,,,,,,,,,2004-10-27,,
3,3,2004-10,,,,,,,,,,2004-10-28,,
5,5,2004-10,,,,,,,,,,2004-10-29,,
11,11,2004-10,,,,,,,,,,2004-10-30,,
17,10,2004-10,,,,,,,,,,2004-10-31,,
22,22,2004-11,,,,,,,,,,2004-11-01,,
15,13,2004-11,,,,,,,,,,2004-11-02,,
6,6,2004-11,,,,,,,,,,2004-11-03,,
10,10,2004-11,,,,,,,,,,2004-11-04,,
9,9,2004-11,,,,,,,,,,2004-11-05,,
10,10,2004-11,,,,,,,,,,2004-11-06,,
13,12,2004-11,,,,,,,,,,2004-11-07,,
14,11,2004-11,,,,,,,,,,2004-11-08,,
11,11,2004-11,,,,,,,,,,2004-11-09,,
3,3,2004-11,,,,,,,,,,2004-11-10,,
7,7,2004-11,,,,,,,,,,2004-11-11,,
9,9,2004-11,,,,,,,,,,2004-11-12,,
10,9,2004-11,,,,,,,,,,2004-11-13,,
12,12,2004-11,,,,,,,,,,2004-11-14,,
12,12,2004-11,,,,,,,,,,2004-11-15,,
11,11,2004-11,,,,,,,,,,2004-11-16,,
5,5,2004-11,,,,,,,,,,2004-11-17,,
8,6,2004-11,,,,,,,,,,2004-11-18,,
10,10,2004-11,,,,,,,,,,2004-11-19,,
10,8,2004-11,,,,,,,,,,2004-11-20,,
16,15,2004-11,,,,,,,,,,2004-11-21,,
10,10,2004-11,,,,,,,,,,2004-11-22,,
8,8,2004-11,,,,,,,,,,2004-11-23,,
15,15,2004-11,,,,,,,,,,2004-11-24,,
7,7,2004-11,,,,,,,,,,2004-11-25,,
12,9,2004-11,,,,,,,,,,2004-11-26,,
7,7,2004-11,,,,,,,,,,2004-11-27,,
11,10,2004-11,,,,,,,,,,2004-11-28,,
12,12,2004-11,,,,,,,,,,2004-11-29,,
10,9,2004-11,,,,,,,,,,2004-11-30,,
12,12,2004-12,,,,,,,,,,2004-12-01,,
9,9,2004-12,,,,,,,,,,2004-12-02,,
12,12,2004-12,,,,,,,,,,2004-12-03,,
16,16,2004-12,,,,,,,,,,2004-12-04,,
11,11,2004-12,,,,,,,,,,2004-12-05,,
6,6,2004-12,,,,,,,,,,2004-12-06,,
7,7,2004-12,,,,,,,,,,2004-12-07,,
11,11,2004-12,,,,,,,,,,2004-12-08,,
9,9,2004-12,,,,,,,,,,2004-12-09,,
12,10,2004-12,,,,,,,,,,2004-12-10,,
10,9,2004-12,,,,,,,,,,2004-12-11,,
15,15,2004-12,,,,,,,,,,2004-12-12,,
13,13,2004-12,,,,,,,,,,2004-12-13,,
7,7,2004-12,,,,,,,,,,2004-12-14,,
16,8,2004-12,,,,,,,,,,2004-12-15,,
8,8,2004-12,,,,,,,,,,2004-12-16,,
9,9,2004-12,,,,,,,,,,2004-12-17,,
10,10,2004-12,,,,,,,,,,2004-12-18,,
20,17,2004-12,,,,,,,,,,2004-12-19,,
12,12,2004-12,,,,,,,,,,2004-12-20,,
6,4,2004-12,,,,,,,,,,2004-12-21,,
9,9,2004-12,,,,,,,,,,2004-12-22,,
10,10,2004-12,,,,,,,,,,2004-12-23,,
27,20,2004-12,,,,,,,,,,2004-12-24,,
27,25,2004-12,,,,,,,,,,2004-12-25,,
13,11,2004-12,,,,,,,,,,2004-12-26,,
22,10,2004-12,,,,,,,,,,2004-12-27,,
6,6,2004-12,,,,,,,,,,2004-12-28,,
9,9,2004-12,,,,,,,,,,2004-12-29,,
16,8,2004-12,,,,,,,,,,2004-12-30,,
17,17,2004-12,,,,,,,,,,2004-12-31,,
28,28,2005-01,,,,,,,,,,2005-01-01,,
9,9,2005-01,,,,,,,,,,2005-01-02,,
12,12,2005-01,,,,,,,,,,2005-01-03,,
11,11,2005-01,,,,,,,,,,2005-01-04,,
7,7,2005-01,,,,,,,,,,2005-01-05,,
10,10,2005-01,,,,,,,,,,2005-01-06,,
13,13,2005-01,,,,,,,,,,2005-01-07,,
16,16,2005-01,,,,,,,,,,2005-01-08,,
14,14,2005-01,,,,,,,,,,2005-01-09,,
12,12,2005-01,,,,,,,,,,2005-01-10,,
9,9,2005-01,,,,,,,,,,2005-01-11,,
9,9,2005-01,,,,,,,,,,2005-01-12,,
8,8,2005-01,,,,,,,,,,2005-01-13,,
10,10,2005-01,,,,,,,,,,2005-01-14,,
13,13,2005-01,,,,,,,,,,2005-01-15,,
18,18,2005-01,,,,,,,,,,2005-01-16,,
4,4,2005-01,,,,,,,,,,2005-01-17,,
8,8,2005-01,,,,,,,,,,2005-01-18,,
13,13,2005-01,,,,,,,,,,2005-01-19,,
11,11,2005-01,,,,,,,,,,2005-01-20,,
12,12,2005-01,,,,,,,,,,2005-01-21,,
11,11,2005-01,,,,,,,,,,2005-01-22,,
19,19,2005-01,,,,,,,,,,2005-01-23,,
14,14,2005-01,,,,,,,,,,2005-01-24,,
15,15,2005-01,,,,,,,,,,2005-01-25,,
16,16,2005-01,,,,,,,,,,2005-01-26,,
5,5,2005-01,,,,,,,,,,2005-01-27,,
9,9,2005-01,,,,,,,,,,2005-01-28,,
11,11,2005-01,,,,,,,,,,2005-01-29,,
14,14,2005-01,,,,,,,,,,2005-01-30,,
9,9,2005-01,,,,,,,,,,2005-01-31,,
13,13,2005-02,,,,,,,,,,2005-02-01,,
6,6,2005-02,,,,,,,,,,2005-02-02,,
10,10,2005-02,,,,,,,,,,2005-02-03,,
10,10,2005-02,,,,,,,,,,2005-02-04,,
15,15,2005-02,,,,,,,,,,2005-02-05,,
14,14,2005-02,,,,,,,,,,2005-02-06,,
18,18,2005-02,,,,,,,,,,2005-02-07,,
14,14,2005-02,,,,,,,,,,2005-02-08,,
8,8,2005-02,,,,,,,,,,2005-02-09,,
8,8,2005-02,,,,,,,,,,2005-02-10,,
10,10,2005-02,,,,,,,,,,2005-02-11,,
13,13,2005-02,,,,,,,,,,2005-02-12,,
15,15,2005-02,,,,,,,,,,2005-02-13,,
10,10,2005-02,,,,,,,,,,2005-02-14,,
11,11,2005-02,,,,,,,,,,2005-02-15,,
9,9,2005-02,,,,,,,,,,2005-02-16,,
11,11,2005-02,,,,,,,,,,2005-02-17,,
9,9,2005-02,,,,,,,,,,2005-02-18,,
12,12,2005-02,,,,,,,,,,2005-02-19,,
13,13,2005-02,,,,,,,,,,2005-02-20,,
13,13,2005-02,,,,,,,,,,2005-02-21,,
12,12,2005-02,,,,,,,,,,2005-02-22,,
11,11,2005-02,,,,,,,,,,2005-02-23,,
10,10,2005-02,,,,,,,,,,2005-02-24,,
12,12,2005-02,,,,,,,,,,2005-02-25,,
10,10,2005-02,,,,,,,,,,2005-02-26,,
12,12,2005-02,,,,,,,,,,2005-02-27,,
11,11,2005-02,,,,,,,,,,2005-02-28,,
10,10,2005-03,,,,,,,,,,2005-03-01,,
7,7,2005-03,,,,,,,,,,2005-03-02,,
5,5,2005-03,,,,,,,,,,2005-03-03,,
12,12,2005-03,,,,,,,,,,2005-03-04,,
20,20,2005-03,,,,,,,,,,2005-03-05,,
18,18,2005-03,,,,,,,,,,2005-03-06,,
12,12,2005-03,,,,,,,,,,2005-03-07,,
8,8,2005-03,,,,,,,,,,2005-03-08,,
9,9,2005-03,,,,,,,,,,2005-03-09,,
13,13,2005-03,,,,,,,,,,2005-03-10,,
11,11,2005-03,,,,,,,,,,2005-03-11,,
15,15,2005-03,,,,,,,,,,2005-03-12,,
14,14,2005-03,,,,,,,,,,2005-03-13,,
9,9,2005-03,,,,,,,,,,2005-03-14,,
5,5,2005-03,,,,,,,,,,2005-03-15,,
12,12,2005-03,,,,,,,,,,2005-03-16,,
10,10,2005-03,,,,,,,,,,2005-03-17,,
9,9,2005-03,,,,,,,,,,2005-03-18,,
7,7,2005-03,,,,,,,,,,2005-03-19,,
15,15,2005-03,,,,,,,,,,2005-03-20,,
14,14,2005-03,,,,,,,,,,2005-03-21,,
10,10,2005-03,,,,,,,,,,2005-03-22,,
9,9,2005-03,,,,,,,,,,2005-03-23,,
16,16,2005-03,,,,,,,,,,2005-03-24,,
9,9,2005-03,,,,,,,,,,2005-03-25,,
13,13,2005-03,,,,,,,,,,2005-03-26,,
9,9,2005-03,,,,,,,,,,2005-03-27,,
15,15,2005-03,,,,,,,,,,2005-03-28,,
10,10,2005-03,,,,,,,,,,2005-03-29,,
7,7,2005-03,,,,,,,,,,2005-03-30,,
7,7,2005-03,,,,,,,,,,2005-03-31,,
9,9,2005-04,,,,,,,,,,2005-04-01,,
15,15,2005-04,,,,,,,,,,2005-04-02,,
15,15,2005-04,,,,,,,,,,2005-04-03,,
16,16,2005-04,,,,,,,,,,2005-04-04,,
8,8,2005-04,,,,,,,,,,2005-04-05,,
3,3,2005-04,,,,,,,,,,2005-04-06,,
11,11,2005-04,,,,,,,,,,2005-04-07,,
10,10,2005-04,,,,,,,,,,2005-04-08,,
12,12,2005-04,,,,,,,,,,2005-04-09,,
12,12,2005-04,,,,,,,,,,2005-04-10,,
13,13,2005-04,,,,,,,,,,2005-04-11,,
4,4,2005-04,,,,,,,,,,2005-04-12,,
6,6,2005-04,,,,,,,,,,2005-04-13,,
8,8,2005-04,,,,,,,,,,2005-04-14,,
12,12,2005-04,,,,,,,,,,2005-04-15,,
12,12,2005-04,,,,,,,,,,2005-04-16,,
14,14,2005-04,,,,,,,,,,2005-04-17,,
6,6,2005-04,,,,,,,,,,2005-04-18,,
5,5,2005-04,,,,,,,,,,2005-04-19,,
9,9,2005-04,,,,,,,,,,2005-04-20,,
8,8,2005-04,,,,,,,,,,2005-04-21,,
10,10,2005-04,,,,,,,,,,2005-04-22,,
13,13,2005-04,,,,,,,,,,2005-04-23,,
14,14,2005-04,,,,,,,,,,2005-04-24,,
13,13,2005-04,,,,,,,,,,2005-04-25,,
6,6,2005-04,,,,,,,,,,2005-04-26,,
8,8,2005-04,,,,,,,,,,2005-04-27,,
8,8,2005-04,,,,,,,,,,2005-04-28,,
11,11,2005-04,,,,,,,,,,2005-04-29,,
9,9,2005-04,,,,,,,,,,2005-04-30,,
16,16,2005-05,,,,,,,,,,2005-05-01,,
14,14,2005-05,,,,,,,,,,2005-05-02,,
6,6,2005-05,,,,,,,,,,2005-05-03,,
11,11,2005-05,,,,,,,,,,2005-05-04,,
5,5,2005-05,,,,,,,,,,2005-05-05,,
12,12,2005-05,,,,,,,,,,2005-05-06,,
10,10,2005-05,,,,,,,,,,2005-05-07,,
18,18,2005-05,,,,,,,,,,2005-05-08,,
17,17,2005-05,,,,,,,,,,2005-05-09,,
8,8,2005-05,,,,,,,,,,2005-05-10,,
11,11,2005-05,,,,,,,,,,2005-05-11,,
9,9,2005-05,,,,,,,,,,2005-05-12,,
9,9,2005-05,,,,,,,,,,2005-05-13,,
10,10,2005-05,,,,,,,,,,2005-05-14,,
15,15,2005-05,,,,,,,,,,2005-05-15,,
10,10,2005-05,,,,,,,,,,2005-05-16,,
9,9,2005-05,,,,,,,,,,2005-05-17,,
10,10,2005-05,,,,,,,,,,2005-05-18,,
6,6,2005-05,,,,,,,,,,2005-05-19,,
8,8,2005-05,,,,,,,,,,2005-05-20,,
10,10,2005-05,,,,,,,,,,2005-05-21,,
13,13,2005-05,,,,,,,,,,2005-05-22,,
7,7,2005-05,,,,,,,,,,2005-05-23,,
9,9,2005-05,,,,,,,,,,2005-05-24,,
7,7,2005-05,,,,,,,,,,2005-05-25,,
9,9,2005-05,,,,,,,,,,2005-05-26,,
15,15,2005-05,,,,,,,,,,2005-05-27,,
9,9,2005-05,,,,,,,,,,2005-05-28,,
13,13,2005-05,,,,,,,,,,2005-05-29,,
12,12,2005-05,,,,,,,,,,2005-05-30,,
9,9,2005-05,,,,,,,,,,2005-05-31,,
7,7,2005-06,,,,,,,,,,2005-06-01,,
5,5,2005-06,,,,,,,,,,2005-06-02,,
9,9,2005-06,,,,,,,,,,2005-06-03,,
8,8,2005-06,,,,,,,,,,2005-06-04,,
15,15,2005-06,,,,,,,,,,2005-06-05,,
11,11,2005-06,,,,,,,,,,2005-06-06,,
10,10,2005-06,,,,,,,,,,2005-06-07,,
4,4,2005-06,,,,,,,,,,2005-06-08,,
11,11,2005-06,,,,,,,,,,2005-06-09,,
8,8,2005-06,,,,,,,,,,2005-06-10,,
8,8,2005-06,,,,,,,,,,2005-06-11,,
11,11,2005-06,,,,,,,,,,2005-06-12,,
8,8,2005-06,,,,,,,,,,2005-06-13,,
9,9,2005-06,,,,,,,,,,2005-06-14,,
9,9,2005-06,,,,,,,,,,2005-06-15,,
9,9,2005-06,,,,,,,,,,2005-06-16,,
8,8,2005-06,,,,,,,,,,2005-06-17,,
13,13,2005-06,,,,,,,,,,2005-06-18,,
8,8,2005-06,,,,,,,,,,2005-06-19,,
18,18,2005-06,,,,,,,,,,2005-06-20,,
11,11,2005-06,,,,,,,,,,2005-06-21,,
6,6,2005-06,,,,,,,,,,2005-06-22,,
8,8,2005-06,,,,,,,,,,2005-06-23,,
13,13,2005-06,,,,,,,,,,2005-06-24,,
9,9,2005-06,,,,,,,,,,2005-06-25,,
12,12,2005-06,,,,,,,,,,2005-06-26,,
14,14,2005-06,,,,,,,,,,2005-06-27,,
8,8,2005-06,,,,,,,,,,2005-06-28,,
5,5,2005-06,,,,,,,,,,2005-06-29,,
7,7,2005-06,,,,,,,,,,2005-06-30,,
12,12,2005-07,,,,,,,,,,2005-07-01,,
22,22,2005-07,,,,,,,,,,2005-07-02,,
15,15,2005-07,,,,,,,,,,2005-07-03,,
19,19,2005-07,,,,,,,,,,2005-07-04,,
11,11,2005-07,,,,,,,,,,2005-07-05,,
7,7,2005-07,,,,,,,,,,2005-07-06,,
8,8,2005-07,,,,,,,,,,2005-07-07,,
14,14,2005-07,,,,,,,,,,2005-07-08,,
12,12,2005-07,,,,,,,,,,2005-07-09,,
11,11,2005-07,,,,,,,,,,2005-07-10,,
11,11,2005-07,,,,,,,,,,2005-07-11,,
9,9,2005-07,,,,,,,,,,2005-07-12,,
11,11,2005-07,,,,,,,,,,2005-07-13,,
12,12,2005-07,,,,,,,,,,2005-07-14,,
8,8,2005-07,,,,,,,,,,2005-07-15,,
14,14,2005-07,,,,,,,,,,2005-07-16,,
17,17,2005-07,,,,,,,,,,2005-07-17,,
15,15,2005-07,,,,,,,,,,2005-07-18,,
11,11,2005-07,,,,,,,,,,2005-07-19,,
12,12,2005-07,,,,,,,,,,2005-07-20,,
7,7,2005-07,,,,,,,,,,2005-07-21,,
10,10,2005-07,,,,,,,,,,2005-07-22,,
14,14,2005-07,,,,,,,,,,2005-07-23,,
14,14,2005-07,,,,,,,,,,2005-07-24,,
9,9,2005-07,,,,,,,,,,2005-07-25,,
13,13,2005-07,,,,,,,,,,2005-07-26,,
11,11,2005-07,,,,,,,,,,2005-07-27,,
8,8,2005-07,,,,,,,,,,2005-07-28,,
10,10,2005-07,,,,,,,,,,2005-07-29,,
14,14,2005-07,,,,,,,,,,2005-07-30,,
19,19,2005-07,,,,,,,,,,2005-07-31,,
15,15,2005-08,,,,,,,,,,2005-08-01,,
9,9,2005-08,,,,,,,,,,2005-08-02,,
11,11,2005-08,,,,,,,,,,2005-08-03,,
9,9,2005-08,,,,,,,,,,2005-08-04,,
14,14,2005-08,,,,,,,,,,2005-08-05,,
12,12,2005-08,,,,,,,,,,2005-08-06,,
9,9,2005-08,,,,,,,,,,2005-08-07,,
14,14,2005-08,,,,,,,,,,2005-08-08,,
6,6,2005-08,,,,,,,,,,2005-08-09,,
6,6,2005-08,,,,,,,,,,2005-08-10,,
9,9,2005-08,,,,,,,,,,2005-08-11,,
13,13,2005-08,,,,,,,,,,2005-08-12,,
11,11,2005-08,,,,,,,,,,2005-08-13,,
17,17,2005-08,,,,,,,,,,2005-08-14,,
14,14,2005-08,,,,,,,,,,2005-08-15,,
11,11,2005-08,,,,,,,,,,2005-08-16,,
3,3,2005-08,,,,,,,,,,2005-08-17,,
5,5,2005-08,,,,,,,,,,2005-08-18,,
8,8,2005-08,,,,,,,,,,2005-08-19,,
13,13,2005-08,,,,,,,,,,2005-08-20,,
8,8,2005-08,,,,,,,,,,2005-08-21,,
11,11,2005-08,,,,,,,,,,2005-08-22,,
8,8,2005-08,,,,,,,,,,2005-08-23,,
8,8,2005-08,,,,,,,,,,2005-08-24,,
11,11,2005-08,,,,,,,,,,2005-08-25,,
9,9,2005-08,,,,,,,,,,2005-08-26,,
12,12,2005-08,,,,,,,,,,2005-08-27,,
17,17,2005-08,,,,,,,,,,2005-08-28,,
9,9,2005-08,,,,,,,,,,2005-08-29,,
8,8,2005-08,,,,,,,,,,2005-08-30,,
5,5,2005-08,,,,,,,,,,2005-08-31,,
12,12,2005-09,,,,,,,,,,2005-09-01,,
10,10,2005-09,,,,,,,,,,2005-09-02,,
14,14,2005-09,,,,,,,,,,2005-09-03,,
19,19,2005-09,,,,,,,,,,2005-09-04,,
13,13,2005-09,,,,,,,,,,2005-09-05,,
12,12,2005-09,,,,,,,,,,2005-09-06,,
8,8,2005-09,,,,,,,,,,2005-09-07,,
7,7,2005-09,,,,,,,,,,2005-09-08,,
9,9,2005-09,,,,,,,,,,2005-09-09,,
14,14,2005-09,,,,,,,,,,2005-09-10,,
16,16,2005-09,,,,,,,,,,2005-09-11,,
13,13,2005-09,,,,,,,,,,2005-09-12,,
11,11,2005-09,,,,,,,,,,2005-09-13,,
8,8,2005-09,,,,,,,,,,2005-09-14,,
10,10,2005-09,,,,,,,,,,2005-09-15,,
12,12,2005-09,,,,,,,,,,2005-09-16,,
13,13,2005-09,,,,,,,,,,2005-09-17,,
23,23,2005-09,,,,,,,,,,2005-09-18,,
5,5,2005-09,,,,,,,,,,2005-09-19,,
10,10,2005-09,,,,,,,,,,2005-09-20,,
8,8,2005-09,,,,,,,,,,2005-09-21,,
8,8,2005-09,,,,,,,,,,2005-09-22,,
11,11,2005-09,,,,,,,,,,2005-09-23,,
17,17,2005-09,,,,,,,,,,2005-09-24,,
20,20,2005-09,,,,,,,,,,2005-09-25,,
9,9,2005-09,,,,,,,,,,2005-09-26,,
11,11,2005-09,,,,,,,,,,2005-09-27,,
7,7,2005-09,,,,,,,,,,2005-09-28,,
7,7,2005-09,,,,,,,,,,2005-09-29,,
10,10,2005-09,,,,,,,,,,2005-09-30,,
22,22,2005-10,,,,,,,,,,2005-10-01,,
15,15,2005-10,,,,,,,,,,2005-10-02,,
11,11,2005-10,,,,,,,,,,2005-10-03,,
5,5,2005-10,,,,,,,,,,2005-10-04,,
7,7,2005-10,,,,,,,,,,2005-10-05,,
10,10,2005-10,,,,,,,,,,2005-10-06,,
13,13,2005-10,,,,,,,,,,2005-10-07,,
23,23,2005-10,,,,,,,,,,2005-10-08,,
14,14,2005-10,,,,,,,,,,2005-10-09,,
11,11,2005-10,,,,,,,,,,2005-10-10,,
9,9,2005-10,,,,,,,,,,2005-10-11,,
9,9,2005-10,,,,,,,,,,2005-10-12,,
9,9,2005-10,,,,,,,,,,2005-10-13,,
9,9,2005-10,,,,,,,,,,2005-10-14,,
9,9,2005-10,,,,,,,,,,2005-10-15,,
6,6,2005-10,,,,,,,,,,2005-10-16,,
8,8,2005-10,,,,,,,,,,2005-10-17,,
11,11,2005-10,,,,,,,,,,2005-10-18,,
6,6,2005-10,,,,,,,,,,2005-10-19,,
9,9,2005-10,,,,,,,,,,2005-10-20,,
11,11,2005-10,,,,,,,,,,2005-10-21,,
9,9,2005-10,,,,,,,,,,2005-10-22,,
7,7,2005-10,,,,,,,,,,2005-10-23,,
8,8,2005-10,,,,,,,,,,2005-10-24,,
8,8,2005-10,,,,,,,,,,2005-10-25,,
11,11,2005-10,,,,,,,,,,2005-10-26,,
9,9,2005-10,,,,,,,,,,2005-10-27,,
11,11,2005-10,,,,,,,,,,2005-10-28,,
16,15,2005-10,,,,,,,,,,2005-10-29,,
17,17,2005-10,,,,,,,,,,2005-10-30,,
16,16,2005-10,,,,,,,,,,2005-10-31,,
12,12,2005-11,,,,,,,,,,2005-11-01,,
13,13,2005-11,,,,,,,,,,2005-11-02,,
10,10,2005-11,,,,,,,,,,2005-11-03,,
8,8,2005-11,,,,,,,,,,2005-11-04,,
10,10,2005-11,,,,,,,,,,2005-11-05,,
18,18,2005-11,,,,,,,,,,2005-11-06,,
11,11,2005-11,,,,,,,,,,2005-11-07,,
10,10,2005-11,,,,,,,,,,2005-11-08,,
8,8,2005-11,,,,,,,,,,2005-11-09,,
10,10,2005-11,,,,,,,,,,2005-11-10,,
8,8,2005-11,,,,,,,,,,2005-11-11,,
5,5,2005-11,,,,,,,,,,2005-11-12,,
17,17,2005-11,,,,,,,,,,2005-11-13,,
15,15,2005-11,,,,,,,,,,2005-11-14,,
7,7,2005-11,,,,,,,,,,2005-11-15,,
13,13,2005-11,,,,,,,,,,2005-11-16,,
13,13,2005-11,,,,,,,,,,2005-11-17,,
12,12,2005-11,,,,,,,,,,2005-11-18,,
16,16,2005-11,,,,,,,,,,2005-11-19,,
21,21,2005-11,,,,,,,,,,2005-11-20,,
15,15,2005-11,,,,,,,,,,2005-11-21,,
10,10,2005-11,,,,,,,,,,2005-11-22,,
11,11,2005-11,,,,,,,,,,2005-11-23,,
19,19,2005-11,,,,,,,,,,2005-11-24,,
16,16,2005-11,,,,,,,,,,2005-11-25,,
17,17,2005-11,,,,,,,,,,2005-11-26,,
14,14,2005-11,,,,,,,,,,2005-11-27,,
15,15,2005-11,,,,,,,,,,2005-11-28,,
9,9,2005-11,,,,,,,,,,2005-11-29,,
10,10,2005-11,,,,,,,,,,2005-11-30,,
11,11,2005-12,,,,,,,,,,2005-12-01,,
13,13,2005-12,,,,,,,,,,2005-12-02,,
16,16,2005-12,,,,,,,,,,2005-12-03,,
17,17,2005-12,,,,,,,,,,2005-12-04,,
13,13,2005-12,,,,,,,,,,2005-12-05,,
10,10,2005-12,,,,,,,,,,2005-12-06,,
13,13,2005-12,,,,,,,,,,2005-12-07,,
13,13,2005-12,,,,,,,,,,2005-12-08,,
14,14,2005-12,,,,,,,,,,2005-12-09,,
14,14,2005-12,,,,,,,,,,2005-12-10,,
17,17,2005-12,,,,,,,,,,2005-12-11,,
14,14,2005-12,,,,,,,,,,2005-12-12,,
11,11,2005-12,,,,,,,,,,2005-12-13,,
12,12,2005-12,,,,,,,,,,2005-12-14,,
13,13,2005-12,,,,,,,,,,2005-12-15,,
15,15,2005-12,,,,,,,,,,2005-12-16,,
11,11,2005-12,,,,,,,,,,2005-12-17,,
16,16,2005-12,,,,,,,,,,2005-12-18,,
12,12,2005-12,,,,,,,,,,2005-12-19,,
13,13,2005-12,,,,,,,,,,2005-12-20,,
10,10,2005-12,,,,,,,,,,2005-12-21,,
11,11,2005-12,,,,,,,,,,2005-12-22,,
13,13,2005-12,,,,,,,,,,2005-12-23,,
31,31,2005-12,,,,,,,,,,2005-12-24,,
36,36,2005-12,,,,,,,,,,2005-12-25,,
12,12,2005-12,,,,,,,,,,2005-12-26,,
12,12,2005-12,,,,,,,,,,2005-12-27,,
10,10,2005-12,,,,,,,,,,2005-12-28,,
15,15,2005-12,,,,,,,,,,2005-12-29,,
16,16,2005-12,,,,,,,,,,2005-12-30,,
20,20,2005-12,,,,,,,,,,2005-12-31,,
55,55,2006-01,,,,,,,,,,2006-01-01,,
26,26,2006-01,,,,,,,,,,2006-01-02,,
35,35,2006-01,,,,,,,,,,2006-01-03,,
18,18,2006-01,,,,,,,,,,2006-01-04,,
21,21,2006-01,,,,,,,,,,2006-01-05,,
18,18,2006-01,,,,,,,,,,2006-01-06,,
31,31,2006-01,,,,,,,,,,2006-01-07,,
27,27,2006-01,,,,,,,,,,2006-01-08,,
24,24,2006-01,,,,,,,,,,2006-01-09,,
23,23,2006-01,,,,,,,,,,2006-01-10,,
14,14,2006-01,,,,,,,,,,2006-01-11,,
19,19,2006-01,,,,,,,,,,2006-01-12,,
16,16,2006-01,,,,,,,,,,2006-01-13,,
27,27,2006-01,,,,,,,,,,2006-01-14,,
27,27,2006-01,,,,,,,,,,2006-01-15,,
17,17,2006-01,,,,,,,,,,2006-01-16,,
17,17,2006-01,,,,,,,,,,2006-01-17,,
12,12,2006-01,,,,,,,,,,2006-01-18,,
15,15,2006-01,,,,,,,,,,2006-01-19,,
18,18,2006-01,,,,,,,,,,2006-01-20,,
31,31,2006-01,,,,,,,,,,2006-01-21,,
24,24,2006-01,,,,,,,,,,2006-01-22,,
18,18,2006-01,,,,,,,,,,2006-01-23,,
15,15,2006-01,,,,,,,,,,2006-01-24,,
19,19,2006-01,,,,,,,,,,2006-01-25,,
17,17,2006-01,,,,,,,,,,2006-01-26,,
21,21,2006-01,,,,,,,,,,2006-01-27,,
17,17,2006-01,,,,,,,,,,2006-01-28,,
23,23,2006-01,,,,,,,,,,2006-01-29,,
27,27,2006-01,,,,,,,,,,2006-01-30,,
18,18,2006-01,,,,,,,,,,2006-01-31,,
20,20,2006-02,,,,,,,,,,2006-02-01,,
22,22,2006-02,,,,,,,,,,2006-02-02,,
15,15,2006-02,,,,,,,,,,2006-02-03,,
24,24,2006-02,,,,,,,,,,2006-02-04,,
22,22,2006-02,,,,,,,,,,2006-02-05,,
26,26,2006-02,,,,,,,,,,2006-02-06,,
16,16,2006-02,,,,,,,,,,2006-02-07,,
17,17,2006-02,,,,,,,,,,2006-02-08,,
15,15,2006-02,,,,,,,,,,2006-02-09,,
11,11,2006-02,,,,,,,,,,2006-02-10,,
26,26,2006-02,,,,,,,,,,2006-02-11,,
23,23,2006-02,,,,,,,,,,2006-02-12,,
24,24,2006-02,,,,,,,,,,2006-02-13,,
20,20,2006-02,,,,,,,,,,2006-02-14,,
23,23,2006-02,,,,,,,,,,2006-02-15,,
20,20,2006-02,,,,,,,,,,2006-02-16,,
19,19,2006-02,,,,,,,,,,2006-02-17,,
16,16,2006-02,,,,,,,,,,2006-02-18,,
23,23,2006-02,,,,,,,,,,2006-02-19,,
20,20,2006-02,,,,,,,,,,2006-02-20,,
10,10,2006-02,,,,,,,,,,2006-02-21,,
14,14,2006-02,,,,,,,,,,2006-02-22,,
13,13,2006-02,,,,,,,,,,2006-02-23,,
17,17,2006-02,,,,,,,,,,2006-02-24,,
21,21,2006-02,,,,,,,,,,2006-02-25,,
21,21,2006-02,,,,,,,,,,2006-02-26,,
22,22,2006-02,,,,,,,,,,2006-02-27,,
14,14,2006-02,,,,,,,,,,2006-02-28,,
10,10,2006-03,,,,,,,,,,2006-03-01,,
10,10,2006-03,,,,,,,,,,2006-03-02,,
15,15,2006-03,,,,,,,,,,2006-03-03,,
17,17,2006-03,,,,,,,,,,2006-03-04,,
18,18,2006-03,,,,,,,,,,2006-03-05,,
21,21,2006-03,,,,,,,,,,2006-03-06,,
21,21,2006-03,,,,,,,,,,2006-03-07,,
16,16,2006-03,,,,,,,,,,2006-03-08,,
19,19,2006-03,,,,,,,,,,2006-03-09,,
11,11,2006-03,,,,,,,,,,2006-03-10,,
14,14,2006-03,,,,,,,,,,2006-03-11,,
12,12,2006-03,,,,,,,,,,2006-03-12,,
16,16,2006-03,,,,,,,,,,2006-03-13,,
24,24,2006-03,,,,,,,,,,2006-03-14,,
20,20,2006-03,,,,,,,,,,2006-03-15,,
21,21,2006-03,,,,,,,,,,2006-03-16,,
23,23,2006-03,,,,,,,,,,2006-03-17,,
30,30,2006-03,,,,,,,,,,2006-03-18,,
26,26,2006-03,,,,,,,,,,2006-03-19,,
17,17,2006-03,,,,,,,,,,2006-03-20,,
17,17,2006-03,,,,,,,,,,2006-03-21,,
15,15,2006-03,,,,,,,,,,2006-03-22,,
19,19,2006-03,,,,,,,,,,2006-03-23,,
18,18,2006-03,,,,,,,,,,2006-03-24,,
19,19,2006-03,,,,,,,,,,2006-03-25,,
15,15,2006-03,,,,,,,,,,2006-03-26,,
15,15,2006-03,,,,,,,,,,2006-03-27,,
17,17,2006-03,,,,,,,,,,2006-03-28,,
18,18,2006-03,,,,,,,,,,2006-03-29,,
12,12,2006-03,,,,,,,,,,2006-03-30,,
18,18,2006-03,,,,,,,,,,2006-03-31,,
26,26,2006-04,,,,,,,,,,2006-04-01,,
20,20,2006-04,,,,,,,,,,2006-04-02,,
18,18,2006-04,,,,,,,,,,2006-04-03,,
10,10,2006-04,,,,,,,,,,2006-04-04,,
12,12,2006-04,,,,,,,,,,2006-04-05,,
11,11,2006-04,,,,,,,,,,2006-04-06,,
12,12,2006-04,,,,,,,,,,2006-04-07,,
17,17,2006-04,,,,,,,,,,2006-04-08,,
25,25,2006-04,,,,,,,,,,2006-04-09,,
19,19,2006-04,,,,,,,,,,2006-04-10,,
13,13,2006-04,,,,,,,,,,2006-04-11,,
18,18,2006-04,,,,,,,,,,2006-04-12,,
18,18,2006-04,,,,,,,,,,2006-04-13,,
10,10,2006-04,,,,,,,,,,2006-04-14,,
14,14,2006-04,,,,,,,,,,2006-04-15,,
26,26,2006-04,,,,,,,,,,2006-04-16,,
20,20,2006-04,,,,,,,,,,2006-04-17,,
16,16,2006-04,,,,,,,,,,2006-04-18,,
14,14,2006-04,,,,,,,,,,2006-04-19,,
16,16,2006-04,,,,,,,,,,2006-04-20,,
16,16,2006-04,,,,,,,,,,2006-04-21,,
25,25,2006-04,,,,,,,,,,2006-04-22,,
20,20,2006-04,,,,,,,,,,2006-04-23,,
14,14,2006-04,,,,,,,,,,2006-04-24,,
25,25,2006-04,,,,,,,,,,2006-04-25,,
18,18,2006-04,,,,,,,,,,2006-04-26,,
15,15,2006-04,,,,,,,,,,2006-04-27,,
19,19,2006-04,,,,,,,,,,2006-04-28,,
23,23,2006-04,,,,,,,,,,2006-04-29,,
22,22,2006-04,,,,,,,,,,2006-04-30,,
16,16,2006-05,,,,,,,,,,2006-05-01,,
19,19,2006-05,,,,,,,,,,2006-05-02,,
15,15,2006-05,,,,,,,,,,2006-05-03,,
12,12,2006-05,,,,,,,,,,2006-05-04,,
18,18,2006-05,,,,,,,,,,2006-05-05,,
20,20,2006-05,,,,,,,,,,2006-05-06,,
23,23,2006-05,,,,,,,,,,2006-05-07,,
20,20,2006-05,,,,,,,,,,2006-05-08,,
11,11,2006-05,,,,,,,,,,2006-05-09,,
13,13,2006-05,,,,,,,,,,2006-05-10,,
11,11,2006-05,,,,,,,,,,2006-05-11,,
12,12,2006-05,,,,,,,,,,2006-05-12,,
15,15,2006-05,,,,,,,,,,2006-05-13,,
27,27,2006-05,,,,,,,,,,2006-05-14,,
20,20,2006-05,,,,,,,,,,2006-05-15,,
17,17,2006-05,,,,,,,,,,2006-05-16,,
13,13,2006-05,,,,,,,,,,2006-05-17,,
12,12,2006-05,,,,,,,,,,2006-05-18,,
12,12,2006-05,,,,,,,,,,2006-05-19,,
15,15,2006-05,,,,,,,,,,2006-05-20,,
21,21,2006-05,,,,,,,,,,2006-05-21,,
15,15,2006-05,,,,,,,,,,2006-05-22,,
15,15,2006-05,,,,,,,,,,2006-05-23,,
11,11,2006-05,,,,,,,,,,2006-05-24,,
7,7,2006-05,,,,,,,,,,2006-05-25,,
15,15,2006-05,,,,,,,,,,2006-05-26,,
9,9,2006-05,,,,,,,,,,2006-05-27,,
12,12,2006-05,,,,,,,,,,2006-05-28,,
9,9,2006-05,,,,,,,,,,2006-05-29,,
14,14,2006-05,,,,,,,,,,2006-05-30,,
15,15,2006-05,,,,,,,,,,2006-05-31,,
17,17,2006-06,,,,,,,,,,2006-06-01,,
15,15,2006-06,,,,,,,,,,2006-06-02,,
16,16,2006-06,,,,,,,,,,2006-06-03,,
24,24,2006-06,,,,,,,,,,2006-06-04,,
14,14,2006-06,,,,,,,,,,2006-06-05,,
13,13,2006-06,,,,,,,,,,2006-06-06,,
11,11,2006-06,,,,,,,,,,2006-06-07,,
16,16,2006-06,,,,,,,,,,2006-06-08,,
15,15,2006-06,,,,,,,,,,2006-06-09,,
22,22,2006-06,,,,,,,,,,2006-06-10,,
19,19,2006-06,,,,,,,,,,2006-06-11,,
15,15,2006-06,,,,,,,,,,2006-06-12,,
8,8,2006-06,,,,,,,,,,2006-06-13,,
12,12,2006-06,,,,,,,,,,2006-06-14,,
12,12,2006-06,,,,,,,,,,2006-06-15,,
17,17,2006-06,,,,,,,,,,2006-06-16,,
18,18,2006-06,,,,,,,,,,2006-06-17,,
25,25,2006-06,,,,,,,,,,2006-06-18,,
19,19,2006-06,,,,,,,,,,2006-06-19,,
21,21,2006-06,,,,,,,,,,2006-06-20,,
12,12,2006-06,,,,,,,,,,2006-06-21,,
11,11,2006-06,,,,,,,,,,2006-06-22,,
15,15,2006-06,,,,,,,,,,2006-06-23,,
18,18,2006-06,,,,,,,,,,2006-06-24,,
18,18,2006-06,,,,,,,,,,2006-06-25,,
20,20,2006-06,,,,,,,,,,2006-06-26,,
13,13,2006-06,,,,,,,,,,2006-06-27,,
14,14,2006-06,,,,,,,,,,2006-06-28,,
16,16,2006-06,,,,,,,,,,2006-06-29,,
17,17,2006-06,,,,,,,,,,2006-06-30,,
16,16,2006-07,,,,,,,,,,2006-07-01,,
26,26,2006-07,,,,,,,,,,2006-07-02,,
20,20,2006-07,,,,,,,,,,2006-07-03,,
18,18,2006-07,,,,,,,,,,2006-07-04,,
13,13,2006-07,,,,,,,,,,2006-07-05,,
16,16,2006-07,,,,,,,,,,2006-07-06,,
20,20,2006-07,,,,,,,,,,2006-07-07,,
17,17,2006-07,,,,,,,,,,2006-07-08,,
23,23,2006-07,,,,,,,,,,2006-07-09,,
10,10,2006-07,,,,,,,,,,2006-07-10,,
19,19,2006-07,,,,,,,,,,2006-07-11,,
15,15,2006-07,,,,,,,,,,2006-07-12,,
11,11,2006-07,,,,,,,,,,2006-07-13,,
18,18,2006-07,,,,,,,,,,2006-07-14,,
17,17,2006-07,,,,,,,,,,2006-07-15,,
20,20,2006-07,,,,,,,,,,2006-07-16,,
17,17,2006-07,,,,,,,,,,2006-07-17,,
13,13,2006-07,,,,,,,,,,2006-07-18,,
15,15,2006-07,,,,,,,,,,2006-07-19,,
11,11,2006-07,,,,,,,,,,2006-07-20,,
12,12,2006-07,,,,,,,,,,2006-07-21,,
16,16,2006-07,,,,,,,,,,2006-07-22,,
17,17,2006-07,,,,,,,,,,2006-07-23,,
17,17,2006-07,,,,,,,,,,2006-07-24,,
10,10,2006-07,,,,,,,,,,2006-07-25,,
17,17,2006-07,,,,,,,,,,2006-07-26,,
14,14,2006-07,,,,,,,,,,2006-07-27,,
13,13,2006-07,,,,,,,,,,2006-07-28,,
15,15,2006-07,,,,,,,,,,2006-07-29,,
23,23,2006-07,,,,,,,,,,2006-07-30,,
22,22,2006-07,,,,,,,,,,2006-07-31,,
18,18,2006-08,,,,,,,,,,2006-08-01,,
16,16,2006-08,,,,,,,,,,2006-08-02,,
15,15,2006-08,,,,,,,,,,2006-08-03,,
19,19,2006-08,,,,,,,,,,2006-08-04,,
18,18,2006-08,,,,,,,,,,2006-08-05,,
18,18,2006-08,,,,,,,,,,2006-08-06,,
14,14,2006-08,,,,,,,,,,2006-08-07,,
22,22,2006-08,,,,,,,,,,2006-08-08,,
14,14,2006-08,,,,,,,,,,2006-08-09,,
14,14,2006-08,,,,,,,,,,2006-08-10,,
9,9,2006-08,,,,,,,,,,2006-08-11,,
17,17,2006-08,,,,,,,,,,2006-08-12,,
14,14,2006-08,,,,,,,,,,2006-08-13,,
16,16,2006-08,,,,,,,,,,2006-08-14,,
14,14,2006-08,,,,,,,,,,2006-08-15,,
12,12,2006-08,,,,,,,,,,2006-08-16,,
13,13,2006-08,,,,,,,,,,2006-08-17,,
20,20,2006-08,,,,,,,,,,2006-08-18,,
29,29,2006-08,,,,,,,,,,2006-08-19,,
25,25,2006-08,,,,,,,,,,2006-08-20,,
20,20,2006-08,,,,,,,,,,2006-08-21,,
13,13,2006-08,,,,,,,,,,2006-08-22,,
18,18,2006-08,,,,,,,,,,2006-08-23,,
11,11,2006-08,,,,,,,,,,2006-08-24,,
14,14,2006-08,,,,,,,,,,2006-08-25,,
22,22,2006-08,,,,,,,,,,2006-08-26,,
22,22,2006-08,,,,,,,,,,2006-08-27,,
24,24,2006-08,,,,,,,,,,2006-08-28,,
16,16,2006-08,,,,,,,,,,2006-08-29,,
15,15,2006-08,,,,,,,,,,2006-08-30,,
8,8,2006-08,,,,,,,,,,2006-08-31,,
17,17,2006-09,,,,,,,,,,2006-09-01,,
18,18,2006-09,,,,,,,,,,2006-09-02,,
15,15,2006-09,,,,,,,,,,2006-09-03,,
20,20,2006-09,,,,,,,,,,2006-09-04,,
13,13,2006-09,,,,,,,,,,2006-09-05,,
13,13,2006-09,,,,,,,,,,2006-09-06,,
13,13,2006-09,,,,,,,,,,2006-09-07,,
14,14,2006-09,,,,,,,,,,2006-09-08,,
20,20,2006-09,,,,,,,,,,2006-09-09,,
23,23,2006-09,,,,,,,,,,2006-09-10,,
14,14,2006-09,,,,,,,,,,2006-09-11,,
17,17,2006-09,,,,,,,,,,2006-09-12,,
17,17,2006-09,,,,,,,,,,2006-09-13,,
13,13,2006-09,,,,,,,,,,2006-09-14,,
11,11,2006-09,,,,,,,,,,2006-09-15,,
20,20,2006-09,,,,,,,,,,2006-09-16,,
23,23,2006-09,,,,,,,,,,2006-09-17,,
14,14,2006-09,,,,,,,,,,2006-09-18,,
12,12,2006-09,,,,,,,,,,2006-09-19,,
17,17,2006-09,,,,,,,,,,2006-09-20,,
10,10,2006-09,,,,,,,,,,2006-09-21,,
9,9,2006-09,,,,,,,,,,2006-09-22,,
23,23,2006-09,,,,,,,,,,2006-09-23,,
23,23,2006-09,,,,,,,,,,2006-09-24,,
15,15,2006-09,,,,,,,,,,2006-09-25,,
12,12,2006-09,,,,,,,,,,2006-09-26,,
18,18,2006-09,,,,,,,,,,2006-09-27,,
17,17,2006-09,,,,,,,,,,2006-09-28,,
14,14,2006-09,,,,,,,,,,2006-09-29,,
19,19,2006-09,,,,,,,,,,2006-09-30,,
16,16,2006-10,,,,,,,,,,2006-10-01,,
20,20,2006-10,,,,,,,,,,2006-10-02,,
20,20,2006-10,,,,,,,,,,2006-10-03,,
13,13,2006-10,,,,,,,,,,2006-10-04,,
16,16,2006-10,,,,,,,,,,2006-10-05,,
11,11,2006-10,,,,,,,,,,2006-10-06,,
17,17,2006-10,,,,,,,,,,2006-10-07,,
26,26,2006-10,,,,,,,,,,2006-10-08,,
19,19,2006-10,,,,,,,,,,2006-10-09,,
12,12,2006-10,,,,,,,,,,2006-10-10,,
11,11,2006-10,,,,,,,,,,2006-10-11,,
16,16,2006-10,,,,,,,,,,2006-10-12,,
18,18,2006-10,,,,,,,,,,2006-10-13,,
25,25,2006-10,,,,,,,,,,2006-10-14,,
23,23,2006-10,,,,,,,,,,2006-10-15,,
16,16,2006-10,,,,,,,,,,2006-10-16,,
17,17,2006-10,,,,,,,,,,2006-10-17,,
18,18,2006-10,,,,,,,,,,2006-10-18,,
17,17,2006-10,,,,,,,,,,2006-10-19,,
8,8,2006-10,,,,,,,,,,2006-10-20,,
21,21,2006-10,,,,,,,,,,2006-10-21,,
16,16,2006-10,,,,,,,,,,2006-10-22,,
11,11,2006-10,,,,,,,,,,2006-10-23,,
13,13,2006-10,,,,,,,,,,2006-10-24,,
17,17,2006-10,,,,,,,,,,2006-10-25,,
9,9,2006-10,,,,,,,,,,2006-10-26,,
17,17,2006-10,,,,,,,,,,2006-10-27,,
24,24,2006-10,,,,,,,,,,2006-10-28,,
20,20,2006-10,,,,,,,,,,2006-10-29,,
15,15,2006-10,,,,,,,,,,2006-10-30,,
15,15,2006-10,,,,,,,,,,2006-10-31,,
11,11,2006-11,,,,,,,,,,2006-11-01,,
17,17,2006-11,,,,,,,,,,2006-11-02,,
13,13,2006-11,,,,,,,,,,2006-11-03,,
20,20,2006-11,,,,,,,,,,2006-11-04,,
23,23,2006-11,,,,,,,,,,2006-11-05,,
16,16,2006-11,,,,,,,,,,2006-11-06,,
18,18,2006-11,,,,,,,,,,2006-11-07,,
16,16,2006-11,,,,,,,,,,2006-11-08,,
18,18,2006-11,,,,,,,,,,2006-11-09,,
18,18,2006-11,,,,,,,,,,2006-11-10,,
25,25,2006-11,,,,,,,,,,2006-11-11,,
24,24,2006-11,,,,,,,,,,2006-11-12,,
13,13,2006-11,,,,,,,,,,2006-11-13,,
16,16,2006-11,,,,,,,,,,2006-11-14,,
14,14,2006-11,,,,,,,,,,2006-11-15,,
13,13,2006-11,,,,,,,,,,2006-11-16,,
18,18,2006-11,,,,,,,,,,2006-11-17,,
20,20,2006-11,,,,,,,,,,2006-11-18,,
22,22,2006-11,,,,,,,,,,2006-11-19,,
13,13,2006-11,,,,,,,,,,2006-11-20,,
8,8,2006-11,,,,,,,,,,2006-11-21,,
13,13,2006-11,,,,,,,,,,2006-11-22,,
15,15,2006-11,,,,,,,,,,2006-11-23,,
14,14,2006-11,,,,,,,,,,2006-11-24,,
24,24,2006-11,,,,,,,,,,2006-11-25,,
22,22,2006-11,,,,,,,,,,2006-11-26,,
13,13,2006-11,,,,,,,,,,2006-11-27,,
7,7,2006-11,,,,,,,,,,2006-11-28,,
15,15,2006-11,,,,,,,,,,2006-11-29,,
14,14,2006-11,,,,,,,,,,2006-11-30,,
15,15,2006-12,,,,,,,,,,2006-12-01,,
20,20,2006-12,,,,,,,,,,2006-12-02,,
23,23,2006-12,,,,,,,,,,2006-12-03,,
15,15,2006-12,,,,,,,,,,2006-12-04,,
13,13,2006-12,,,,,,,,,,2006-12-05,,
11,11,2006-12,,,,,,,,,,2006-12-06,,
19,19,2006-12,,,,,,,,,,2006-12-07,,
25,25,2006-12,,,,,,,,,,2006-12-08,,
16,16,2006-12,,,,,,,,,,2006-12-09,,
30,30,2006-12,,,,,,,,,,2006-12-10,,
11,11,2006-12,,,,,,,,,,2006-12-11,,
11,11,2006-12,,,,,,,,,,2006-12-12,,
12,12,2006-12,,,,,,,,,,2006-12-13,,
11,11,2006-12,,,,,,,,,,2006-12-14,,
12,12,2006-12,,,,,,,,,,2006-12-15,,
19,19,2006-12,,,,,,,,,,2006-12-16,,
22,22,2006-12,,,,,,,,,,2006-12-17,,
18,18,2006-12,,,,,,,,,,2006-12-18,,
18,18,2006-12,,,,,,,,,,2006-12-19,,
15,15,2006-12,,,,,,,,,,2006-12-20,,
15,15,2006-12,,,,,,,,,,2006-12-21,,
20,20,2006-12,,,,,,,,,,2006-12-22,,
28,28,2006-12,,,,,,,,,,2006-12-23,,
21,21,2006-12,,,,,,,,,,2006-12-24,,
29,29,2006-12,,,,,,,,,,2006-12-25,,
13,13,2006-12,,,,,,,,,,2006-12-26,,
10,10,2006-12,,,,,,,,,,2006-12-27,,
10,10,2006-12,,,,,,,,,,2006-12-28,,
16,16,2006-12,,,,,,,,,,2006-12-29,,
24,24,2006-12,,,,,,,,,,2006-12-30,,
17,17,2006-12,,,,,,,,,,2006-12-31,,
48,48,2007-01,,,,,,,,,,2007-01-01,,
37,37,2007-01,,,,,,,,,,2007-01-02,,
30,30,2007-01,,,,,,,,,,2007-01-03,,
30,30,2007-01,,,,,,,,,,2007-01-04,,
30,30,2007-01,,,,,,,,,,2007-01-05,,
37,37,2007-01,,,,,,,,,,2007-01-06,,
38,38,2007-01,,,,,,,,,,2007-01-07,,
33,33,2007-01,,,,,,,,,,2007-01-08,,
33,33,2007-01,,,,,,,,,,2007-01-09,,
31,31,2007-01,,,,,,,,,,2007-01-10,,
23,23,2007-01,,,,,,,,,,2007-01-11,,
31,31,2007-01,,,,,,,,,,2007-01-12,,
25,25,2007-01,,,,,,,,,,2007-01-13,,
39,39,2007-01,,,,,,,,,,2007-01-14,,
29,29,2007-01,,,,,,,,,,2007-01-15,,
28,28,2007-01,,,,,,,,,,2007-01-16,,
24,24,2007-01,,,,,,,,,,2007-01-17,,
26,26,2007-01,,,,,,,,,,2007-01-18,,
25,25,2007-01,,,,,,,,,,2007-01-19,,
25,25,2007-01,,,,,,,,,,2007-01-20,,
30,30,2007-01,,,,,,,,,,2007-01-21,,
24,24,2007-01,,,,,,,,,,2007-01-22,,
20,20,2007-01,,,,,,,,,,2007-01-23,,
20,20,2007-01,,,,,,,,,,2007-01-24,,
19,19,2007-01,,,,,,,,,,2007-01-25,,
22,22,2007-01,,,,,,,,,,2007-01-26,,
22,22,2007-01,,,,,,,,,,2007-01-27,,
36,36,2007-01,,,,,,,,,,2007-01-28,,
20,20,2007-01,,,,,,,,,,2007-01-29,,
17,17,2007-01,,,,,,,,,,2007-01-30,,
18,18,2007-01,,,,,,,,,,2007-01-31,,
23,23,2007-02,,,,,,,,,,2007-02-01,,
26,26,2007-02,,,,,,,,,,2007-02-02,,
23,23,2007-02,,,,,,,,,,2007-02-03,,
36,36,2007-02,,,,,,,,,,2007-02-04,,
30,30,2007-02,,,,,,,,,,2007-02-05,,
22,22,2007-02,,,,,,,,,,2007-02-06,,
14,14,2007-02,,,,,,,,,,2007-02-07,,
18,18,2007-02,,,,,,,,,,2007-02-08,,
23,23,2007-02,,,,,,,,,,2007-02-09,,
32,32,2007-02,,,,,,,,,,2007-02-10,,
36,36,2007-02,,,,,,,,,,2007-02-11,,
17,17,2007-02,,,,,,,,,,2007-02-12,,
26,26,2007-02,,,,,,,,,,2007-02-13,,
19,19,2007-02,,,,,,,,,,2007-02-14,,
22,22,2007-02,,,,,,,,,,2007-02-15,,
29,29,2007-02,,,,,,,,,,2007-02-16,,
35,35,2007-02,,,,,,,,,,2007-02-17,,
32,32,2007-02,,,,,,,,,,2007-02-18,,
25,25,2007-02,,,,,,,,,,2007-02-19,,
18,18,2007-02,,,,,,,,,,2007-02-20,,
15,15,2007-02,,,,,,,,,,2007-02-21,,
22,22,2007-02,,,,,,,,,,2007-02-22,,
26,26,2007-02,,,,,,,,,,2007-02-23,,
26,26,2007-02,,,,,,,,,,2007-02-24,,
23,23,2007-02,,,,,,,,,,2007-02-25,,
22,22,2007-02,,,,,,,,,,2007-02-26,,
20,20,2007-02,,,,,,,,,,2007-02-27,,
19,19,2007-02,,,,,,,,,,2007-02-28,,
18,18,2007-03,,,,,,,,,,2007-03-01,,
19,19,2007-03,,,,,,,,,,2007-03-02,,
31,31,2007-03,,,,,,,,,,2007-03-03,,
25,25,2007-03,,,,,,,,,,2007-03-04,,
18,18,2007-03,,,,,,,,,,2007-03-05,,
21,21,2007-03,,,,,,,,,,2007-03-06,,
24,24,2007-03,,,,,,,,,,2007-03-07,,
12,12,2007-03,,,,,,,,,,2007-03-08,,
20,20,2007-03,,,,,,,,,,2007-03-09,,
24,24,2007-03,,,,,,,,,,2007-03-10,,
23,23,2007-03,,,,,,,,,,2007-03-11,,
24,24,2007-03,,,,,,,,,,2007-03-12,,
18,18,2007-03,,,,,,,,,,2007-03-13,,
17,17,2007-03,,,,,,,,,,2007-03-14,,
16,16,2007-03,,,,,,,,,,2007-03-15,,
21,21,2007-03,,,,,,,,,,2007-03-16,,
33,33,2007-03,,,,,,,,,,2007-03-17,,
33,33,2007-03,,,,,,,,,,2007-03-18,,
34,34,2007-03,,,,,,,,,,2007-03-19,,
22,22,2007-03,,,,,,,,,,2007-03-20,,
14,14,2007-03,,,,,,,,,,2007-03-21,,
21,21,2007-03,,,,,,,,,,2007-03-22,,
29,29,2007-03,,,,,,,,,,2007-03-23,,
29,29,2007-03,,,,,,,,,,2007-03-24,,
20,20,2007-03,,,,,,,,,,2007-03-25,,
17,17,2007-03,,,,,,,,,,2007-03-26,,
13,13,2007-03,,,,,,,,,,2007-03-27,,
18,18,2007-03,,,,,,,,,,2007-03-28,,
17,17,2007-03,,,,,,,,,,2007-03-29,,
26,26,2007-03,,,,,,,,,,2007-03-30,,
29,29,2007-03,,,,,,,,,,2007-03-31,,
24,24,2007-04,,,,,,,,,,2007-04-01,,
19,19,2007-04,,,,,,,,,,2007-04-02,,
14,14,2007-04,,,,,,,,,,2007-04-03,,
12,12,2007-04,,,,,,,,,,2007-04-04,,
18,18,2007-04,,,,,,,,,,2007-04-05,,
16,16,2007-04,,,,,,,,,,2007-04-06,,
17,17,2007-04,,,,,,,,,,2007-04-07,,
19,19,2007-04,,,,,,,,,,2007-04-08,,
25,25,2007-04,,,,,,,,,,2007-04-09,,
15,15,2007-04,,,,,,,,,,2007-04-10,,
20,20,2007-04,,,,,,,,,,2007-04-11,,
14,14,2007-04,,,,,,,,,,2007-04-12,,
21,21,2007-04,,,,,,,,,,2007-04-13,,
26,26,2007-04,,,,,,,,,,2007-04-14,,
21,21,2007-04,,,,,,,,,,2007-04-15,,
20,20,2007-04,,,,,,,,,,2007-04-16,,
23,23,2007-04,,,,,,,,,,2007-04-17,,
20,20,2007-04,,,,,,,,,,2007-04-18,,
21,21,2007-04,,,,,,,,,,2007-04-19,,
14,14,2007-04,,,,,,,,,,2007-04-20,,
27,27,2007-04,,,,,,,,,,2007-04-21,,
21,21,2007-04,,,,,,,,,,2007-04-22,,
14,14,2007-04,,,,,,,,,,2007-04-23,,
18,18,2007-04,,,,,,,,,,2007-04-24,,
17,17,2007-04,,,,,,,,,,2007-04-25,,
14,14,2007-04,,,,,,,,,,2007-04-26,,
15,15,2007-04,,,,,,,,,,2007-04-27,,
26,26,2007-04,,,,,,,,,,2007-04-28,,
40,40,2007-04,,,,,,,,,,2007-04-29,,
13,13,2007-04,,,,,,,,,,2007-04-30,,
11,11,2007-05,,,,,,,,,,2007-05-01,,
22,22,2007-05,,,,,,,,,,2007-05-02,,
15,15,2007-05,,,,,,,,,,2007-05-03,,
27,27,2007-05,,,,,,,,,,2007-05-04,,
25,25,2007-05,,,,,,,,,,2007-05-05,,
28,28,2007-05,,,,,,,,,,2007-05-06,,
21,21,2007-05,,,,,,,,,,2007-05-07,,
21,21,2007-05,,,,,,,,,,2007-05-08,,
20,20,2007-05,,,,,,,,,,2007-05-09,,
16,16,2007-05,,,,,,,,,,2007-05-10,,
15,15,2007-05,,,,,,,,,,2007-05-11,,
21,21,2007-05,,,,,,,,,,2007-05-12,,
27,27,2007-05,,,,,,,,,,2007-05-13,,
24,24,2007-05,,,,,,,,,,2007-05-14,,
21,21,2007-05,,,,,,,,,,2007-05-15,,
19,19,2007-05,,,,,,,,,,2007-05-16,,
18,18,2007-05,,,,,,,,,,2007-05-17,,
23,23,2007-05,,,,,,,,,,2007-05-18,,
26,26,2007-05,,,,,,,,,,2007-05-19,,
28,28,2007-05,,,,,,,,,,2007-05-20,,
17,17,2007-05,,,,,,,,,,2007-05-21,,
12,12,2007-05,,,,,,,,,,2007-05-22,,
16,16,2007-05,,,,,,,,,,2007-05-23,,
17,17,2007-05,,,,,,,,,,2007-05-24,,
15,15,2007-05,,,,,,,,,,2007-05-25,,
25,25,2007-05,,,,,,,,,,2007-05-26,,
24,24,2007-05,,,,,,,,,,2007-05-27,,
15,15,2007-05,,,,,,,,,,2007-05-28,,
20,20,2007-05,,,,,,,,,,2007-05-29,,
14,14,2007-05,,,,,,,,,,2007-05-30,,
19,19,2007-05,,,,,,,,,,2007-05-31,,
14,14,2007-06,,,,,,,,,,2007-06-01,,
23,23,2007-06,,,,,,,,,,2007-06-02,,
25,25,2007-06,,,,,,,,,,2007-06-03,,
18,18,2007-06,,,,,,,,,,2007-06-04,,
17,17,2007-06,,,,,,,,,,2007-06-05,,
26,26,2007-06,,,,,,,,,,2007-06-06,,
19,19,2007-06,,,,,,,,,,2007-06-07,,
20,20,2007-06,,,,,,,,,,2007-06-08,,
31,31,2007-06,,,,,,,,,,2007-06-09,,
26,26,2007-06,,,,,,,,,,2007-06-10,,
24,24,2007-06,,,,,,,,,,2007-06-11,,
18,18,2007-06,,,,,,,,,,2007-06-12,,
13,13,2007-06,,,,,,,,,,2007-06-13,,
13,13,2007-06,,,,,,,,,,2007-06-14,,
17,17,2007-06,,,,,,,,,,2007-06-15,,
28,28,2007-06,,,,,,,,,,2007-06-16,,
36,36,2007-06,,,,,,,,,,2007-06-17,,
33,33,2007-06,,,,,,,,,,2007-06-18,,
24,24,2007-06,,,,,,,,,,2007-06-19,,
25,25,2007-06,,,,,,,,,,2007-06-20,,
16,16,2007-06,,,,,,,,,,2007-06-21,,
14,14,2007-06,,,,,,,,,,2007-06-22,,
17,17,2007-06,,,,,,,,,,2007-06-23,,
30,30,2007-06,,,,,,,,,,2007-06-24,,
27,27,2007-06,,,,,,,,,,2007-06-25,,
14,14,2007-06,,,,,,,,,,2007-06-26,,
16,16,2007-06,,,,,,,,,,2007-06-27,,
14,14,2007-06,,,,,,,,,,2007-06-28,,
16,16,2007-06,,,,,,,,,,2007-06-29,,
37,37,2007-06,,,,,,,,,,2007-06-30,,
27,27,2007-07,,,,,,,,,,2007-07-01,,
29,29,2007-07,,,,,,,,,,2007-07-02,,
18,18,2007-07,,,,,,,,,,2007-07-03,,
15,15,2007-07,,,,,,,,,,2007-07-04,,
20,20,2007-07,,,,,,,,,,2007-07-05,,
16,16,2007-07,,,,,,,,,,2007-07-06,,
25,25,2007-07,,,,,,,,,,2007-07-07,,
18,18,2007-07,,,,,,,,,,2007-07-08,,
27,27,2007-07,,,,,,,,,,2007-07-09,,
19,19,2007-07,,,,,,,,,,2007-07-10,,
27,27,2007-07,,,,,,,,,,2007-07-11,,
18,18,2007-07,,,,,,,,,,2007-07-12,,
22,22,2007-07,,,,,,,,,,2007-07-13,,
30,30,2007-07,,,,,,,,,,2007-07-14,,
40,40,2007-07,,,,,,,,,,2007-07-15,,
16,16,2007-07,,,,,,,,,,2007-07-16,,
22,22,2007-07,,,,,,,,,,2007-07-17,,
19,19,2007-07,,,,,,,,,,2007-07-18,,
15,15,2007-07,,,,,,,,,,2007-07-19,,
21,21,2007-07,,,,,,,,,,2007-07-20,,
25,25,2007-07,,,,,,,,,,2007-07-21,,
28,28,2007-07,,,,,,,,,,2007-07-22,,
19,19,2007-07,,,,,,,,,,2007-07-23,,
16,16,2007-07,,,,,,,,,,2007-07-24,,
19,19,2007-07,,,,,,,,,,2007-07-25,,
22,22,2007-07,,,,,,,,,,2007-07-26,,
25,25,2007-07,,,,,,,,,,2007-07-27,,
16,16,2007-07,,,,,,,,,,2007-07-28,,
34,34,2007-07,,,,,,,,,,2007-07-29,,
21,21,2007-07,,,,,,,,,,2007-07-30,,
19,19,2007-07,,,,,,,,,,2007-07-31,,
13,13,2007-08,,,,,,,,,,2007-08-01,,
18,18,2007-08,,,,,,,,,,2007-08-02,,
19,19,2007-08,,,,,,,,,,2007-08-03,,
25,25,2007-08,,,,,,,,,,2007-08-04,,
18,18,2007-08,,,,,,,,,,2007-08-05,,
22,22,2007-08,,,,,,,,,,2007-08-06,,
13,13,2007-08,,,,,,,,,,2007-08-07,,
22,22,2007-08,,,,,,,,,,2007-08-08,,
17,17,2007-08,,,,,,,,,,2007-08-09,,
18,18,2007-08,,,,,,,,,,2007-08-10,,
20,20,2007-08,,,,,,,,,,2007-08-11,,
26,26,2007-08,,,,,,,,,,2007-08-12,,
12,12,2007-08,,,,,,,,,,2007-08-13,,
15,15,2007-08,,,,,,,,,,2007-08-14,,
12,12,2007-08,,,,,,,,,,2007-08-15,,
24,24,2007-08,,,,,,,,,,2007-08-16,,
18,18,2007-08,,,,,,,,,,2007-08-17,,
25,25,2007-08,,,,,,,,,,2007-08-18,,
36,36,2007-08,,,,,,,,,,2007-08-19,,
25,25,2007-08,,,,,,,,,,2007-08-20,,
15,15,2007-08,,,,,,,,,,2007-08-21,,
16,16,2007-08,,,,,,,,,,2007-08-22,,
14,14,2007-08,,,,,,,,,,2007-08-23,,
16,16,2007-08,,,,,,,,,,2007-08-24,,
24,24,2007-08,,,,,,,,,,2007-08-25,,
24,24,2007-08,,,,,,,,,,2007-08-26,,
21,21,2007-08,,,,,,,,,,2007-08-27,,
15,15,2007-08,,,,,,,,,,2007-08-28,,
18,18,2007-08,,,,,,,,,,2007-08-29,,
14,14,2007-08,,,,,,,,,,2007-08-30,,
24,24,2007-08,,,,,,,,,,2007-08-31,,
19,19,2007-09,,,,,,,,,,2007-09-01,,
32,32,2007-09,,,,,,,,,,2007-09-02,,
24,24,2007-09,,,,,,,,,,2007-09-03,,
18,18,2007-09,,,,,,,,,,2007-09-04,,
19,19,2007-09,,,,,,,,,,2007-09-05,,
20,20,2007-09,,,,,,,,,,2007-09-06,,
21,21,2007-09,,,,,,,,,,2007-09-07,,
26,26,2007-09,,,,,,,,,,2007-09-08,,
29,29,2007-09,,,,,,,,,,2007-09-09,,
21,21,2007-09,,,,,,,,,,2007-09-10,,
16,16,2007-09,,,,,,,,,,2007-09-11,,
17,17,2007-09,,,,,,,,,,2007-09-12,,
21,21,2007-09,,,,,,,,,,2007-09-13,,
25,25,2007-09,,,,,,,,,,2007-09-14,,
27,27,2007-09,,,,,,,,,,2007-09-15,,
22,22,2007-09,,,,,,,,,,2007-09-16,,
20,20,2007-09,,,,,,,,,,2007-09-17,,
17,17,2007-09,,,,,,,,,,2007-09-18,,
22,22,2007-09,,,,,,,,,,2007-09-19,,
10,10,2007-09,,,,,,,,,,2007-09-20,,
17,17,2007-09,,,,,,,,,,2007-09-21,,
33,33,2007-09,,,,,,,,,,2007-09-22,,
20,20,2007-09,,,,,,,,,,2007-09-23,,
21,21,2007-09,,,,,,,,,,2007-09-24,,
18,18,2007-09,,,,,,,,,,2007-09-25,,
19,19,2007-09,,,,,,,,,,2007-09-26,,
17,17,2007-09,,,,,,,,,,2007-09-27,,
20,20,2007-09,,,,,,,,,,2007-09-28,,
25,25,2007-09,,,,,,,,,,2007-09-29,,
27,27,2007-09,,,,,,,,,,2007-09-30,,
20,20,2007-10,,,,,,,,,,2007-10-01,,
13,13,2007-10,,,,,,,,,,2007-10-02,,
14,14,2007-10,,,,,,,,,,2007-10-03,,
20,20,2007-10,,,,,,,,,,2007-10-04,,
18,18,2007-10,,,,,,,,,,2007-10-05,,
28,28,2007-10,,,,,,,,,,2007-10-06,,
28,28,2007-10,,,,,,,,,,2007-10-07,,
20,20,2007-10,,,,,,,,,,2007-10-08,,
20,20,2007-10,,,,,,,,,,2007-10-09,,
14,14,2007-10,,,,,,,,,,2007-10-10,,
13,13,2007-10,,,,,,,,,,2007-10-11,,
20,20,2007-10,,,,,,,,,,2007-10-12,,
27,27,2007-10,,,,,,,,,,2007-10-13,,
24,24,2007-10,,,,,,,,,,2007-10-14,,
23,23,2007-10,,,,,,,,,,2007-10-15,,
18,18,2007-10,,,,,,,,,,2007-10-16,,
16,16,2007-10,,,,,,,,,,2007-10-17,,
11,11,2007-10,,,,,,,,,,2007-10-18,,
19,19,2007-10,,,,,,,,,,2007-10-19,,
25,25,2007-10,,,,,,,,,,2007-10-20,,
28,28,2007-10,,,,,,,,,,2007-10-21,,
13,13,2007-10,,,,,,,,,,2007-10-22,,
20,20,2007-10,,,,,,,,,,2007-10-23,,
16,16,2007-10,,,,,,,,,,2007-10-24,,
15,15,2007-10,,,,,,,,,,2007-10-25,,
15,15,2007-10,,,,,,,,,,2007-10-26,,
21,21,2007-10,,,,,,,,,,2007-10-27,,
19,19,2007-10,,,,,,,,,,2007-10-28,,
12,12,2007-10,,,,,,,,,,2007-10-29,,
17,17,2007-10,,,,,,,,,,2007-10-30,,
17,17,2007-10,,,,,,,,,,2007-10-31,,
19,19,2007-11,,,,,,,,,,2007-11-01,,
18,18,2007-11,,,,,,,,,,2007-11-02,,
30,30,2007-11,,,,,,,,,,2007-11-03,,
27,27,2007-11,,,,,,,,,,2007-11-04,,
18,18,2007-11,,,,,,,,,,2007-11-05,,
20,20,2007-11,,,,,,,,,,2007-11-06,,
15,15,2007-11,,,,,,,,,,2007-11-07,,
15,15,2007-11,,,,,,,,,,2007-11-08,,
21,21,2007-11,,,,,,,,,,2007-11-09,,
22,22,2007-11,,,,,,,,,,2007-11-10,,
28,28,2007-11,,,,,,,,,,2007-11-11,,
23,23,2007-11,,,,,,,,,,2007-11-12,,
16,16,2007-11,,,,,,,,,,2007-11-13,,
12,12,2007-11,,,,,,,,,,2007-11-14,,
15,15,2007-11,,,,,,,,,,2007-11-15,,
16,16,2007-11,,,,,,,,,,2007-11-16,,
25,25,2007-11,,,,,,,,,,2007-11-17,,
23,23,2007-11,,,,,,,,,,2007-11-18,,
21,21,2007-11,,,,,,,,,,2007-11-19,,
14,14,2007-11,,,,,,,,,,2007-11-20,,
15,15,2007-11,,,,,,,,,,2007-11-21,,
21,21,2007-11,,,,,,,,,,2007-11-22,,
21,21,2007-11,,,,,,,,,,2007-11-23,,
20,20,2007-11,,,,,,,,,,2007-11-24,,
23,23,2007-11,,,,,,,,,,2007-11-25,,
12,12,2007-11,,,,,,,,,,2007-11-26,,
12,12,2007-11,,,,,,,,,,2007-11-27,,
12,12,2007-11,,,,,,,,,,2007-11-28,,
10,10,2007-11,,,,,,,,,,2007-11-29,,
13,13,2007-11,,,,,,,,,,2007-11-30,,
19,19,2007-12,,,,,,,,,,2007-12-01,,
26,26,2007-12,,,,,,,,,,2007-12-02,,
16,16,2007-12,,,,,,,,,,2007-12-03,,
10,10,2007-12,,,,,,,,,,2007-12-04,,
16,16,2007-12,,,,,,,,,,2007-12-05,,
23,23,2007-12,,,,,,,,,,2007-12-06,,
25,25,2007-12,,,,,,,,,,2007-12-07,,
25,25,2007-12,,,,,,,,,,2007-12-08,,
27,27,2007-12,,,,,,,,,,2007-12-09,,
18,18,2007-12,,,,,,,,,,2007-12-10,,
13,13,2007-12,,,,,,,,,,2007-12-11,,
16,16,2007-12,,,,,,,,,,2007-12-12,,
17,17,2007-12,,,,,,,,,,2007-12-13,,
17,17,2007-12,,,,,,,,,,2007-12-14,,
20,20,2007-12,,,,,,,,,,2007-12-15,,
23,23,2007-12,,,,,,,,,,2007-12-16,,
26,26,2007-12,,,,,,,,,,2007-12-17,,
9,9,2007-12,,,,,,,,,,2007-12-18,,
15,15,2007-12,,,,,,,,,,2007-12-19,,
19,19,2007-12,,,,,,,,,,2007-12-20,,
21,21,2007-12,,,,,,,,,,2007-12-21,,
21,21,2007-12,,,,,,,,,,2007-12-22,,
18,18,2007-12,,,,,,,,,,2007-12-23,,
17,17,2007-12,,,,,,,,,,2007-12-24,,
14,14,2007-12,,,,,,,,,,2007-12-25,,
15,15,2007-12,,,,,,,,,,2007-12-26,,
13,13,2007-12,,,,,,,,,,2007-12-27,,
10,10,2007-12,,,,,,,,,,2007-12-28,,
13,13,2007-12,,,,,,,,,,2007-12-29,,
21,21,2007-12,,,,,,,,,,2007-12-30,,
9,9,2007-12,,,,,,,,,,2007-12-31,,
63,63,2008-01,,,,,,,,,,2008-01-01,,
21,21,2008-01,,,,,,,,,,2008-01-02,,
26,26,2008-01,,,,,,,,,,2008-01-03,,
22,22,2008-01,,,,,,,,,,2008-01-04,,
35,35,2008-01,,,,,,,,,,2008-01-05,,
28,28,2008-01,,,,,,,,,,2008-01-06,,
28,28,2008-01,,,,,,,,,,2008-01-07,,
32,32,2008-01,,,,,,,,,,2008-01-08,,
27,27,2008-01,,,,,,,,,,2008-01-09,,
25,25,2008-01,,,,,,,,,,2008-01-10,,
35,35,2008-01,,,,,,,,,,2008-01-11,,
41,41,2008-01,,,,,,,,,,2008-01-12,,
39,39,2008-01,,,,,,,,,,2008-01-13,,
34,34,2008-01,,,,,,,,,,2008-01-14,,
33,33,2008-01,,,,,,,,,,2008-01-15,,
21,21,2008-01,,,,,,,,,,2008-01-16,,
24,24,2008-01,,,,,,,,,,2008-01-17,,
36,36,2008-01,,,,,,,,,,2008-01-18,,
36,36,2008-01,,,,,,,,,,2008-01-19,,
48,48,2008-01,,,,,,,,,,2008-01-20,,
31,31,2008-01,,,,,,,,,,2008-01-21,,
22,22,2008-01,,,,,,,,,,2008-01-22,,
33,33,2008-01,,,,,,,,,,2008-01-23,,
25,25,2008-01,,,,,,,,,,2008-01-24,,
27,27,2008-01,,,,,,,,,,2008-01-25,,
32,32,2008-01,,,,,,,,,,2008-01-26,,
40,40,2008-01,,,,,,,,,,2008-01-27,,
29,29,2008-01,,,,,,,,,,2008-01-28,,
34,34,2008-01,,,,,,,,,,2008-01-29,,
27,27,2008-01,,,,,,,,,,2008-01-30,,
25,25,2008-01,,,,,,,,,,2008-01-31,,
23,23,2008-02,,,,,,,,,,2008-02-01,,
29,29,2008-02,,,,,,,,,,2008-02-02,,
44,44,2008-02,,,,,,,,,,2008-02-03,,
20,20,2008-02,,,,,,,,,,2008-02-04,,
22,22,2008-02,,,,,,,,,,2008-02-05,,
19,19,2008-02,,,,,,,,,,2008-02-06,,
18,18,2008-02,,,,,,,,,,2008-02-07,,
29,29,2008-02,,,,,,,,,,2008-02-08,,
29,29,2008-02,,,,,,,,,,2008-02-09,,
29,29,2008-02,,,,,,,,,,2008-02-10,,
21,21,2008-02,,,,,,,,,,2008-02-11,,
25,25,2008-02,,,,,,,,,,2008-02-12,,
17,17,2008-02,,,,,,,,,,2008-02-13,,
30,30,2008-02,,,,,,,,,,2008-02-14,,
27,27,2008-02,,,,,,,,,,2008-02-15,,
19,19,2008-02,,,,,,,,,,2008-02-16,,
28,28,2008-02,,,,,,,,,,2008-02-17,,
23,23,2008-02,,,,,,,,,,2008-02-18,,
17,17,2008-02,,,,,,,,,,2008-02-19,,
19,19,2008-02,,,,,,,,,,2008-02-20,,
19,19,2008-02,,,,,,,,,,2008-02-21,,
12,12,2008-02,,,,,,,,,,2008-02-22,,
29,29,2008-02,,,,,,,,,,2008-02-23,,
26,26,2008-02,,,,,,,,,,2008-02-24,,
18,18,2008-02,,,,,,,,,,2008-02-25,,
21,21,2008-02,,,,,,,,,,2008-02-26,,
13,13,2008-02,,,,,,,,,,2008-02-27,,
13,13,2008-02,,,,,,,,,,2008-02-28,,
30,30,2008-02,,,,,,,,,,2008-02-29,,
21,21,2008-03,,,,,,,,,,2008-03-01,,
33,33,2008-03,,,,,,,,,,2008-03-02,,
25,25,2008-03,,,,,,,,,,2008-03-03,,
26,26,2008-03,,,,,,,,,,2008-03-04,,
16,16,2008-03,,,,,,,,,,2008-03-05,,
17,17,2008-03,,,,,,,,,,2008-03-06,,
22,22,2008-03,,,,,,,,,,2008-03-07,,
22,22,2008-03,,,,,,,,,,2008-03-08,,
29,29,2008-03,,,,,,,,,,2008-03-09,,
18,18,2008-03,,,,,,,,,,2008-03-10,,
23,23,2008-03,,,,,,,,,,2008-03-11,,
15,15,2008-03,,,,,,,,,,2008-03-12,,
18,18,2008-03,,,,,,,,,,2008-03-13,,
21,21,2008-03,,,,,,,,,,2008-03-14,,
21,21,2008-03,,,,,,,,,,2008-03-15,,
26,26,2008-03,,,,,,,,,,2008-03-16,,
23,23,2008-03,,,,,,,,,,2008-03-17,,
25,25,2008-03,,,,,,,,,,2008-03-18,,
25,25,2008-03,,,,,,,,,,2008-03-19,,
23,23,2008-03,,,,,,,,,,2008-03-20,,
14,14,2008-03,,,,,,,,,,2008-03-21,,
22,22,2008-03,,,,,,,,,,2008-03-22,,
23,23,2008-03,,,,,,,,,,2008-03-23,,
17,17,2008-03,,,,,,,,,,2008-03-24,,
21,21,2008-03,,,,,,,,,,2008-03-25,,
17,17,2008-03,,,,,,,,,,2008-03-26,,
14,14,2008-03,,,,,,,,,,2008-03-27,,
15,15,2008-03,,,,,,,,,,2008-03-28,,
26,26,2008-03,,,,,,,,,,2008-03-29,,
20,20,2008-03,,,,,,,,,,2008-03-30,,
25,25,2008-03,,,,,,,,,,2008-03-31,,
18,18,2008-04,,,,,,,,,,2008-04-01,,
21,21,2008-04,,,,,,,,,,2008-04-02,,
20,20,2008-04,,,,,,,,,,2008-04-03,,
20,20,2008-04,,,,,,,,,,2008-04-04,,
16,16,2008-04,,,,,,,,,,2008-04-05,,
28,28,2008-04,,,,,,,,,,2008-04-06,,
18,18,2008-04,,,,,,,,,,2008-04-07,,
17,17,2008-04,,,,,,,,,,2008-04-08,,
15,15,2008-04,,,,,,,,,,2008-04-09,,
10,10,2008-04,,,,,,,,,,2008-04-10,,
14,14,2008-04,,,,,,,,,,2008-04-11,,
19,19,2008-04,,,,,,,,,,2008-04-12,,
21,21,2008-04,,,,,,,,,,2008-04-13,,
15,15,2008-04,,,,,,,,,,2008-04-14,,
16,16,2008-04,,,,,,,,,,2008-04-15,,
15,15,2008-04,,,,,,,,,,2008-04-16,,
19,19,2008-04,,,,,,,,,,2008-04-17,,
21,21,2008-04,,,,,,,,,,2008-04-18,,
30,30,2008-04,,,,,,,,,,2008-04-19,,
38,37,2008-04,,,,,,,,,,2008-04-20,,
17,17,2008-04,,,,,,,,,,2008-04-21,,
13,13,2008-04,,,,,,,,,,2008-04-22,,
15,15,2008-04,,,,,,,,,,2008-04-23,,
17,17,2008-04,,,,,,,,,,2008-04-24,,
15,15,2008-04,,,,,,,,,,2008-04-25,,
29,29,2008-04,,,,,,,,,,2008-04-26,,
25,25,2008-04,,,,,,,,,,2008-04-27,,
15,15,2008-04,,,,,,,,,,2008-04-28,,
13,13,2008-04,,,,,,,,,,2008-04-29,,
18,18,2008-04,,,,,,,,,,2008-04-30,,
23,23,2008-05,,,,,,,,,,2008-05-01,,
21,21,2008-05,,,,,,,,,,2008-05-02,,
21,21,2008-05,,,,,,,,,,2008-05-03,,
25,25,2008-05,,,,,,,,,,2008-05-04,,
19,19,2008-05,,,,,,,,,,2008-05-05,,
18,18,2008-05,,,,,,,,,,2008-05-06,,
19,19,2008-05,,,,,,,,,,2008-05-07,,
13,13,2008-05,,,,,,,,,,2008-05-08,,
17,17,2008-05,,,,,,,,,,2008-05-09,,
21,21,2008-05,,,,,,,,,,2008-05-10,,
29,29,2008-05,,,,,,,,,,2008-05-11,,
20,20,2008-05,,,,,,,,,,2008-05-12,,
20,20,2008-05,,,,,,,,,,2008-05-13,,
15,15,2008-05,,,,,,,,,,2008-05-14,,
19,19,2008-05,,,,,,,,,,2008-05-15,,
14,14,2008-05,,,,,,,,,,2008-05-16,,
16,16,2008-05,,,,,,,,,,2008-05-17,,
27,27,2008-05,,,,,,,,,,2008-05-18,,
13,13,2008-05,,,,,,,,,,2008-05-19,,
16,16,2008-05,,,,,,,,,,2008-05-20,,
16,16,2008-05,,,,,,,,,,2008-05-21,,
10,10,2008-05,,,,,,,,,,2008-05-22,,
19,19,2008-05,,,,,,,,,,2008-05-23,,
22,22,2008-05,,,,,,,,,,2008-05-24,,
30,30,2008-05,,,,,,,,,,2008-05-25,,
16,16,2008-05,,,,,,,,,,2008-05-26,,
11,11,2008-05,,,,,,,,,,2008-05-27,,
13,13,2008-05,,,,,,,,,,2008-05-28,,
16,16,2008-05,,,,,,,,,,2008-05-29,,
26,26,2008-05,,,,,,,,,,2008-05-30,,
19,19,2008-05,,,,,,,,,,2008-05-31,,
27,27,2008-06,,,,,,,,,,2008-06-01,,
13,13,2008-06,,,,,,,,,,2008-06-02,,
13,13,2008-06,,,,,,,,,,2008-06-03,,
16,16,2008-06,,,,,,,,,,2008-06-04,,
19,19,2008-06,,,,,,,,,,2008-06-05,,
16,16,2008-06,,,,,,,,,,2008-06-06,,
20,20,2008-06,,,,,,,,,,2008-06-07,,
24,24,2008-06,,,,,,,,,,2008-06-08,,
11,11,2008-06,,,,,,,,,,2008-06-09,,
16,16,2008-06,,,,,,,,,,2008-06-10,,
18,18,2008-06,,,,,,,,,,2008-06-11,,
16,16,2008-06,,,,,,,,,,2008-06-12,,
17,17,2008-06,,,,,,,,,,2008-06-13,,
22,22,2008-06,,,,,,,,,,2008-06-14,,
16,16,2008-06,,,,,,,,,,2008-06-15,,
18,18,2008-06,,,,,,,,,,2008-06-16,,
19,19,2008-06,,,,,,,,,,2008-06-17,,
14,14,2008-06,,,,,,,,,,2008-06-18,,
15,15,2008-06,,,,,,,,,,2008-06-19,,
16,16,2008-06,,,,,,,,,,2008-06-20,,
29,29,2008-06,,,,,,,,,,2008-06-21,,
22,22,2008-06,,,,,,,,,,2008-06-22,,
15,15,2008-06,,,,,,,,,,2008-06-23,,
16,16,2008-06,,,,,,,,,,2008-06-24,,
12,12,2008-06,,,,,,,,,,2008-06-25,,
10,10,2008-06,,,,,,,,,,2008-06-26,,
19,19,2008-06,,,,,,,,,,2008-06-27,,
23,23,2008-06,,,,,,,,,,2008-06-28,,
25,25,2008-06,,,,,,,,,,2008-06-29,,
19,19,2008-06,,,,,,,,,,2008-06-30,,
17,17,2008-07,,,,,,,,,,2008-07-01,,
17,17,2008-07,,,,,,,,,,2008-07-02,,
10,10,2008-07,,,,,,,,,,2008-07-03,,
12,12,2008-07,,,,,,,,,,2008-07-04,,
18,18,2008-07,,,,,,,,,,2008-07-05,,
21,21,2008-07,,,,,,,,,,2008-07-06,,
15,15,2008-07,,,,,,,,,,2008-07-07,,
13,13,2008-07,,,,,,,,,,2008-07-08,,
14,14,2008-07,,,,,,,,,,2008-07-09,,
17,17,2008-07,,,,,,,,,,2008-07-10,,
24,24,2008-07,,,,,,,,,,2008-07-11,,
17,17,2008-07,,,,,,,,,,2008-07-12,,
20,20,2008-07,,,,,,,,,,2008-07-13,,
15,15,2008-07,,,,,,,,,,2008-07-14,,
15,15,2008-07,,,,,,,,,,2008-07-15,,
10,10,2008-07,,,,,,,,,,2008-07-16,,
17,17,2008-07,,,,,,,,,,2008-07-17,,
18,18,2008-07,,,,,,,,,,2008-07-18,,
16,16,2008-07,,,,,,,,,,2008-07-19,,
28,28,2008-07,,,,,,,,,,2008-07-20,,
17,17,2008-07,,,,,,,,,,2008-07-21,,
12,12,2008-07,,,,,,,,,,2008-07-22,,
19,19,2008-07,,,,,,,,,,2008-07-23,,
13,13,2008-07,,,,,,,,,,2008-07-24,,
14,14,2008-07,,,,,,,,,,2008-07-25,,
20,20,2008-07,,,,,,,,,,2008-07-26,,
21,21,2008-07,,,,,,,,,,2008-07-27,,
16,16,2008-07,,,,,,,,,,2008-07-28,,
13,13,2008-07,,,,,,,,,,2008-07-29,,
13,13,2008-07,,,,,,,,,,2008-07-30,,
15,15,2008-07,,,,,,,,,,2008-07-31,,
17,17,2008-08,,,,,,,,,,2008-08-01,,
23,23,2008-08,,,,,,,,,,2008-08-02,,
23,23,2008-08,,,,,,,,,,2008-08-03,,
25,25,2008-08,,,,,,,,,,2008-08-04,,
13,13,2008-08,,,,,,,,,,2008-08-05,,
15,15,2008-08,,,,,,,,,,2008-08-06,,
22,22,2008-08,,,,,,,,,,2008-08-07,,
21,21,2008-08,,,,,,,,,,2008-08-08,,
20,20,2008-08,,,,,,,,,,2008-08-09,,
22,22,2008-08,,,,,,,,,,2008-08-10,,
14,14,2008-08,,,,,,,,,,2008-08-11,,
20,20,2008-08,,,,,,,,,,2008-08-12,,
13,13,2008-08,,,,,,,,,,2008-08-13,,
18,18,2008-08,,,,,,,,,,2008-08-14,,
11,11,2008-08,,,,,,,,,,2008-08-15,,
19,19,2008-08,,,,,,,,,,2008-08-16,,
23,23,2008-08,,,,,,,,,,2008-08-17,,
21,21,2008-08,,,,,,,,,,2008-08-18,,
16,15,2008-08,,,,,,,,,,2008-08-19,,
11,11,2008-08,,,,,,,,,,2008-08-20,,
18,18,2008-08,,,,,,,,,,2008-08-21,,
21,21,2008-08,,,,,,,,,,2008-08-22,,
22,22,2008-08,,,,,,,,,,2008-08-23,,
20,20,2008-08,,,,,,,,,,2008-08-24,,
16,16,2008-08,,,,,,,,,,2008-08-25,,
8,8,2008-08,,,,,,,,,,2008-08-26,,
8,8,2008-08,,,,,,,,,,2008-08-27,,
14,14,2008-08,,,,,,,,,,2008-08-28,,
13,13,2008-08,,,,,,,,,,2008-08-29,,
17,17,2008-08,,,,,,,,,,2008-08-30,,
18,18,2008-08,,,,,,,,,,2008-08-31,,
20,20,2008-09,,,,,,,,,,2008-09-01,,
14,14,2008-09,,,,,,,,,,2008-09-02,,
17,17,2008-09,,,,,,,,,,2008-09-03,,
16,16,2008-09,,,,,,,,,,2008-09-04,,
19,19,2008-09,,,,,,,,,,2008-09-05,,
28,28,2008-09,,,,,,,,,,2008-09-06,,
19,19,2008-09,,,,,,,,,,2008-09-07,,
15,15,2008-09,,,,,,,,,,2008-09-08,,
20,20,2008-09,,,,,,,,,,2008-09-09,,
18,18,2008-09,,,,,,,,,,2008-09-10,,
19,19,2008-09,,,,,,,,,,2008-09-11,,
19,19,2008-09,,,,,,,,,,2008-09-12,,
22,22,2008-09,,,,,,,,,,2008-09-13,,
36,36,2008-09,,,,,,,,,,2008-09-14,,
31,31,2008-09,,,,,,,,,,2008-09-15,,
31,31,2008-09,,,,,,,,,,2008-09-16,,
20,20,2008-09,,,,,,,,,,2008-09-17,,
23,23,2008-09,,,,,,,,,,2008-09-18,,
23,23,2008-09,,,,,,,,,,2008-09-19,,
22,22,2008-09,,,,,,,,,,2008-09-20,,
31,31,2008-09,,,,,,,,,,2008-09-21,,
20,20,2008-09,,,,,,,,,,2008-09-22,,
21,21,2008-09,,,,,,,,,,2008-09-23,,
25,25,2008-09,,,,,,,,,,2008-09-24,,
12,12,2008-09,,,,,,,,,,2008-09-25,,
21,21,2008-09,,,,,,,,,,2008-09-26,,
31,31,2008-09,,,,,,,,,,2008-09-27,,
30,30,2008-09,,,,,,,,,,2008-09-28,,
18,18,2008-09,,,,,,,,,,2008-09-29,,
25,25,2008-09,,,,,,,,,,2008-09-30,,
17,17,2008-10,,,,,,,,,,2008-10-01,,
22,22,2008-10,,,,,,,,,,2008-10-02,,
19,19,2008-10,,,,,,,,,,2008-10-03,,
25,25,2008-10,,,,,,,,,,2008-10-04,,
32,32,2008-10,,,,,,,,,,2008-10-05,,
22,22,2008-10,,,,,,,,,,2008-10-06,,
15,15,2008-10,,,,,,,,,,2008-10-07,,
17,17,2008-10,,,,,,,,,,2008-10-08,,
14,14,2008-10,,,,,,,,,,2008-10-09,,
21,21,2008-10,,,,,,,,,,2008-10-10,,
29,29,2008-10,,,,,,,,,,2008-10-11,,
36,36,2008-10,,,,,,,,,,2008-10-12,,
26,26,2008-10,,,,,,,,,,2008-10-13,,
16,16,2008-10,,,,,,,,,,2008-10-14,,
21,21,2008-10,,,,,,,,,,2008-10-15,,
18,18,2008-10,,,,,,,,,,2008-10-16,,
18,18,2008-10,,,,,,,,,,2008-10-17,,
31,31,2008-10,,,,,,,,,,2008-10-18,,
30,30,2008-10,,,,,,,,,,2008-10-19,,
15,15,2008-10,,,,,,,,,,2008-10-20,,
16,16,2008-10,,,,,,,,,,2008-10-21,,
20,20,2008-10,,,,,,,,,,2008-10-22,,
18,18,2008-10,,,,,,,,,,2008-10-23,,
20,20,2008-10,,,,,,,,,,2008-10-24,,
15,15,2008-10,,,,,,,,,,2008-10-25,,
24,24,2008-10,,,,,,,,,,2008-10-26,,
26,26,2008-10,,,,,,,,,,2008-10-27,,
17,17,2008-10,,,,,,,,,,2008-10-28,,
19,19,2008-10,,,,,,,,,,2008-10-29,,
24,24,2008-10,,,,,,,,,,2008-10-30,,
27,27,2008-10,,,,,,,,,,2008-10-31,,
21,21,2008-11,,,,,,,,,,2008-11-01,,
36,36,2008-11,,,,,,,,,,2008-11-02,,
24,24,2008-11,,,,,,,,,,2008-11-03,,
22,22,2008-11,,,,,,,,,,2008-11-04,,
21,21,2008-11,,,,,,,,,,2008-11-05,,
17,17,2008-11,,,,,,,,,,2008-11-06,,
19,19,2008-11,,,,,,,,,,2008-11-07,,
22,22,2008-11,,,,,,,,,,2008-11-08,,
21,21,2008-11,,,,,,,,,,2008-11-09,,
21,21,2008-11,,,,,,,,,,2008-11-10,,
18,18,2008-11,,,,,,,,,,2008-11-11,,
24,24,2008-11,,,,,,,,,,2008-11-12,,
27,27,2008-11,,,,,,,,,,2008-11-13,,
27,27,2008-11,,,,,,,,,,2008-11-14,,
22,22,2008-11,,,,,,,,,,2008-11-15,,
35,35,2008-11,,,,,,,,,,2008-11-16,,
23,23,2008-11,,,,,,,,,,2008-11-17,,
15,15,2008-11,,,,,,,,,,2008-11-18,,
17,17,2008-11,,,,,,,,,,2008-11-19,,
16,16,2008-11,,,,,,,,,,2008-11-20,,
18,18,2008-11,,,,,,,,,,2008-11-21,,
18,18,2008-11,,,,,,,,,,2008-11-22,,
20,20,2008-11,,,,,,,,,,2008-11-23,,
20,20,2008-11,,,,,,,,,,2008-11-24,,
12,12,2008-11,,,,,,,,,,2008-11-25,,
16,16,2008-11,,,,,,,,,,2008-11-26,,
18,18,2008-11,,,,,,,,,,2008-11-27,,
17,17,2008-11,,,,,,,,,,2008-11-28,,
30,30,2008-11,,,,,,,,,,2008-11-29,,
29,29,2008-11,,,,,,,,,,2008-11-30,,
19,19,2008-12,,,,,,,,,,2008-12-01,,
13,13,2008-12,,,,,,,,,,2008-12-02,,
19,19,2008-12,,,,,,,,,,2008-12-03,,
14,14,2008-12,,,,,,,,,,2008-12-04,,
20,20,2008-12,,,,,,,,,,2008-12-05,,
21,21,2008-12,,,,,,,,,,2008-12-06,,
26,26,2008-12,,,,,,,,,,2008-12-07,,
23,23,2008-12,,,,,,,,,,2008-12-08,,
25,25,2008-12,,,,,,,,,,2008-12-09,,
18,18,2008-12,,,,,,,,,,2008-12-10,,
16,16,2008-12,,,,,,,,,,2008-12-11,,
23,23,2008-12,,,,,,,,,,2008-12-12,,
23,23,2008-12,,,,,,,,,,2008-12-13,,
22,22,2008-12,,,,,,,,,,2008-12-14,,
19,19,2008-12,,,,,,,,,,2008-12-15,,
24,24,2008-12,,,,,,,,,,2008-12-16,,
17,17,2008-12,,,,,,,,,,2008-12-17,,
22,22,2008-12,,,,,,,,,,2008-12-18,,
22,22,2008-12,,,,,,,,,,2008-12-19,,
34,34,2008-12,,,,,,,,,,2008-12-20,,
29,29,2008-12,,,,,,,,,,2008-12-21,,
15,15,2008-12,,,,,,,,,,2008-12-22,,
14,14,2008-12,,,,,,,,,,2008-12-23,,
20,20,2008-12,,,,,,,,,,2008-12-24,,
31,31,2008-12,,,,,,,,,,2008-12-25,,
14,14,2008-12,,,,,,,,,,2008-12-26,,
14,14,2008-12,,,,,,,,,,2008-12-27,,
14,14,2008-12,,,,,,,,,,2008-12-28,,
9,9,2008-12,,,,,,,,,,2008-12-29,,
16,16,2008-12,,,,,,,,,,2008-12-30,,
7,7,2008-12,,,,,,,,,,2008-12-31,,
66,66,2009-01,,,,,,,,,,2009-01-01,,
42,42,2009-01,,,,,,,,,,2009-01-02,,
46,46,2009-01,,,,,,,,,,2009-01-03,,
42,42,2009-01,,,,,,,,,,2009-01-04,,
31,31,2009-01,,,,,,,,,,2009-01-05,,
26,26,2009-01,,,,,,,,,,2009-01-06,,
29,29,2009-01,,,,,,,,,,2009-01-07,,
31,31,2009-01,,,,,,,,,,2009-01-08,,
33,33,2009-01,,,,,,,,,,2009-01-09,,
46,46,2009-01,,,,,,,,,,2009-01-10,,
52,52,2009-01,,,,,,,,,,2009-01-11,,
47,47,2009-01,,,,,,,,,,2009-01-12,,
41,41,2009-01,,,,,,,,,,2009-01-13,,
29,29,2009-01,,,,,,,,,,2009-01-14,,
42,42,2009-01,,,,,,,,,,2009-01-15,,
41,41,2009-01,,,,,,,,,,2009-01-16,,
45,45,2009-01,,,,,,,,,,2009-01-17,,
49,49,2009-01,,,,,,,,,,2009-01-18,,
45,45,2009-01,,,,,,,,,,2009-01-19,,
31,31,2009-01,,,,,,,,,,2009-01-20,,
34,34,2009-01,,,,,,,,,,2009-01-21,,
30,30,2009-01,,,,,,,,,,2009-01-22,,
45,45,2009-01,,,,,,,,,,2009-01-23,,
38,38,2009-01,,,,,,,,,,2009-01-24,,
52,52,2009-01,,,,,,,,,,2009-01-25,,
34,34,2009-01,,,,,,,,,,2009-01-26,,
21,21,2009-01,,,,,,,,,,2009-01-27,,
32,32,2009-01,,,,,,,,,,2009-01-28,,
31,31,2009-01,,,,,,,,,,2009-01-29,,
29,29,2009-01,,,,,,,,,,2009-01-30,,
35,35,2009-01,,,,,,,,,,2009-01-31,,
55,55,2009-02,,,,,,,,,,2009-02-01,,
35,35,2009-02,,,,,,,,,,2009-02-02,,
44,44,2009-02,,,,,,,,,,2009-02-03,,
37,37,2009-02,,,,,,,,,,2009-02-04,,
34,34,2009-02,,,,,,,,,,2009-02-05,,
42,42,2009-02,,,,,,,,,,2009-02-06,,
48,48,2009-02,,,,,,,,,,2009-02-07,,
47,47,2009-02,,,,,,,,,,2009-02-08,,
39,39,2009-02,,,,,,,,,,2009-02-09,,
28,28,2009-02,,,,,,,,,,2009-02-10,,
42,42,2009-02,,,,,,,,,,2009-02-11,,
40,40,2009-02,,,,,,,,,,2009-02-12,,
44,44,2009-02,,,,,,,,,,2009-02-13,,
41,41,2009-02,,,,,,,,,,2009-02-14,,
50,50,2009-02,,,,,,,,,,2009-02-15,,
36,36,2009-02,,,,,,,,,,2009-02-16,,
33,33,2009-02,,,,,,,,,,2009-02-17,,
37,37,2009-02,,,,,,,,,,2009-02-18,,
36,36,2009-02,,,,,,,,,,2009-02-19,,
43,43,2009-02,,,,,,,,,,2009-02-20,,
46,46,2009-02,,,,,,,,,,2009-02-21,,
55,54,2009-02,,,,,,,,,,2009-02-22,,
37,37,2009-02,,,,,,,,,,2009-02-23,,
33,33,2009-02,,,,,,,,,,2009-02-24,,
31,31,2009-02,,,,,,,,,,2009-02-25,,
48,48,2009-02,,,,,,,,,,2009-02-26,,
39,39,2009-02,,,,,,,,,,2009-02-27,,
44,44,2009-02,,,,,,,,,,2009-02-28,,
55,55,2009-03,,,,,,,,,,2009-03-01,,
33,33,2009-03,,,,,,,,,,2009-03-02,,
41,41,2009-03,,,,,,,,,,2009-03-03,,
36,36,2009-03,,,,,,,,,,2009-03-04,,
46,46,2009-03,,,,,,,,,,2009-03-05,,
36,36,2009-03,,,,,,,,,,2009-03-06,,
48,48,2009-03,,,,,,,,,,2009-03-07,,
54,54,2009-03,,,,,,,,,,2009-03-08,,
32,32,2009-03,,,,,,,,,,2009-03-09,,
40,40,2009-03,,,,,,,,,,2009-03-10,,
33,33,2009-03,,,,,,,,,,2009-03-11,,
31,31,2009-03,,,,,,,,,,2009-03-12,,
41,41,2009-03,,,,,,,,,,2009-03-13,,
35,35,2009-03,,,,,,,,,,2009-03-14,,
51,51,2009-03,,,,,,,,,,2009-03-15,,
36,36,2009-03,,,,,,,,,,2009-03-16,,
40,40,2009-03,,,,,,,,,,2009-03-17,,
31,31,2009-03,,,,,,,,,,2009-03-18,,
40,40,2009-03,,,,,,,,,,2009-03-19,,
38,38,2009-03,,,,,,,,,,2009-03-20,,
46,46,2009-03,,,,,,,,,,2009-03-21,,
45,45,2009-03,,,,,,,,,,2009-03-22,,
43,43,2009-03,,,,,,,,,,2009-03-23,,
34,34,2009-03,,,,,,,,,,2009-03-24,,
27,27,2009-03,,,,,,,,,,2009-03-25,,
35,35,2009-03,,,,,,,,,,2009-03-26,,
32,32,2009-03,,,,,,,,,,2009-03-27,,
42,42,2009-03,,,,,,,,,,2009-03-28,,
36,36,2009-03,,,,,,,,,,2009-03-29,,
38,38,2009-03,,,,,,,,,,2009-03-30,,
30,30,2009-03,,,,,,,,,,2009-03-31,,
34,34,2009-04,,,,,,,,,,2009-04-01,,
40,40,2009-04,,,,,,,,,,2009-04-02,,
37,37,2009-04,,,,,,,,,,2009-04-03,,
59,59,2009-04,,,,,,,,,,2009-04-04,,
51,51,2009-04,,,,,,,,,,2009-04-05,,
47,47,2009-04,,,,,,,,,,2009-04-06,,
41,41,2009-04,,,,,,,,,,2009-04-07,,
45,45,2009-04,,,,,,,,,,2009-04-08,,
35,35,2009-04,,,,,,,,,,2009-04-09,,
34,34,2009-04,,,,,,,,,,2009-04-10,,
43,43,2009-04,,,,,,,,,,2009-04-11,,
34,34,2009-04,,,,,,,,,,2009-04-12,,
32,32,2009-04,,,,,,,,,,2009-04-13,,
34,34,2009-04,,,,,,,,,,2009-04-14,,
35,35,2009-04,,,,,,,,,,2009-04-15,,
32,32,2009-04,,,,,,,,,,2009-04-16,,
38,38,2009-04,,,,,,,,,,2009-04-17,,
50,50,2009-04,,,,,,,,,,2009-04-18,,
59,59,2009-04,,,,,,,,,,2009-04-19,,
46,46,2009-04,,,,,,,,,,2009-04-20,,
36,36,2009-04,,,,,,,,,,2009-04-21,,
38,38,2009-04,,,,,,,,,,2009-04-22,,
40,40,2009-04,,,,,,,,,,2009-04-23,,
43,43,2009-04,,,,,,,,,,2009-04-24,,
49,49,2009-04,,,,,,,,,,2009-04-25,,
52,52,2009-04,,,,,,,,,,2009-04-26,,
45,45,2009-04,,,,,,,,,,2009-04-27,,
35,35,2009-04,,,,,,,,,,2009-04-28,,
37,37,2009-04,,,,,,,,,,2009-04-29,,
34,34,2009-04,,,,,,,,,,2009-04-30,,
49,49,2009-05,,,,,,,,,,2009-05-01,,
38,38,2009-05,,,,,,,,,,2009-05-02,,
48,48,2009-05,,,,,,,,,,2009-05-03,,
38,38,2009-05,,,,,,,,,,2009-05-04,,
38,38,2009-05,,,,,,,,,,2009-05-05,,
35,35,2009-05,,,,,,,,,,2009-05-06,,
30,30,2009-05,,,,,,,,,,2009-05-07,,
30,30,2009-05,,,,,,,,,,2009-05-08,,
50,50,2009-05,,,,,,,,,,2009-05-09,,
64,63,2009-05,,,,,,,,,,2009-05-10,,
40,40,2009-05,,,,,,,,,,2009-05-11,,
38,38,2009-05,,,,,,,,,,2009-05-12,,
32,32,2009-05,,,,,,,,,,2009-05-13,,
30,30,2009-05,,,,,,,,,,2009-05-14,,
40,40,2009-05,,,,,,,,,,2009-05-15,,
51,51,2009-05,,,,,,,,,,2009-05-16,,
59,59,2009-05,,,,,,,,,,2009-05-17,,
45,45,2009-05,,,,,,,,,,2009-05-18,,
36,36,2009-05,,,,,,,,,,2009-05-19,,
47,47,2009-05,,,,,,,,,,2009-05-20,,
41,41,2009-05,,,,,,,,,,2009-05-21,,
35,35,2009-05,,,,,,,,,,2009-05-22,,
43,43,2009-05,,,,,,,,,,2009-05-23,,
55,55,2009-05,,,,,,,,,,2009-05-24,,
43,43,2009-05,,,,,,,,,,2009-05-25,,
37,37,2009-05,,,,,,,,,,2009-05-26,,
27,27,2009-05,,,,,,,,,,2009-05-27,,
38,38,2009-05,,,,,,,,,,2009-05-28,,
33,33,2009-05,,,,,,,,,,2009-05-29,,
44,44,2009-05,,,,,,,,,,2009-05-30,,
53,53,2009-05,,,,,,,,,,2009-05-31,,
40,40,2009-06,,,,,,,,,,2009-06-01,,
37,37,2009-06,,,,,,,,,,2009-06-02,,
31,31,2009-06,,,,,,,,,,2009-06-03,,
34,34,2009-06,,,,,,,,,,2009-06-04,,
39,39,2009-06,,,,,,,,,,2009-06-05,,
38,38,2009-06,,,,,,,,,,2009-06-06,,
48,48,2009-06,,,,,,,,,,2009-06-07,,
42,42,2009-06,,,,,,,,,,2009-06-08,,
39,39,2009-06,,,,,,,,,,2009-06-09,,
25,25,2009-06,,,,,,,,,,2009-06-10,,
40,40,2009-06,,,,,,,,,,2009-06-11,,
41,41,2009-06,,,,,,,,,,2009-06-12,,
35,35,2009-06,,,,,,,,,,2009-06-13,,
51,51,2009-06,,,,,,,,,,2009-06-14,,
36,36,2009-06,,,,,,,,,,2009-06-15,,
35,35,2009-06,,,,,,,,,,2009-06-16,,
41,41,2009-06,,,,,,,,,,2009-06-17,,
25,25,2009-06,,,,,,,,,,2009-06-18,,
33,33,2009-06,,,,,,,,,,2009-06-19,,
39,39,2009-06,,,,,,,,,,2009-06-20,,
44,44,2009-06,,,,,,,,,,2009-06-21,,
36,36,2009-06,,,,,,,,,,2009-06-22,,
35,35,2009-06,,,,,,,,,,2009-06-23,,
34,34,2009-06,,,,,,,,,,2009-06-24,,
33,33,2009-06,,,,,,,,,,2009-06-25,,
32,32,2009-06,,,,,,,,,,2009-06-26,,
56,56,2009-06,,,,,,,,,,2009-06-27,,
56,56,2009-06,,,,,,,,,,2009-06-28,,
37,37,2009-06,,,,,,,,,,2009-06-29,,
40,40,2009-06,,,,,,,,,,2009-06-30,,
33,33,2009-07,,,,,,,,,,2009-07-01,,
35,35,2009-07,,,,,,,,,,2009-07-02,,
35,35,2009-07,,,,,,,,,,2009-07-03,,
50,50,2009-07,,,,,,,,,,2009-07-04,,
39,39,2009-07,,,,,,,,,,2009-07-05,,
31,31,2009-07,,,,,,,,,,2009-07-06,,
27,27,2009-07,,,,,,,,,,2009-07-07,,
28,28,2009-07,,,,,,,,,,2009-07-08,,
33,33,2009-07,,,,,,,,,,2009-07-09,,
34,34,2009-07,,,,,,,,,,2009-07-10,,
55,55,2009-07,,,,,,,,,,2009-07-11,,
51,51,2009-07,,,,,,,,,,2009-07-12,,
42,42,2009-07,,,,,,,,,,2009-07-13,,
28,28,2009-07,,,,,,,,,,2009-07-14,,
38,38,2009-07,,,,,,,,,,2009-07-15,,
46,46,2009-07,,,,,,,,,,2009-07-16,,
47,47,2009-07,,,,,,,,,,2009-07-17,,
57,57,2009-07,,,,,,,,,,2009-07-18,,
68,68,2009-07,,,,,,,,,,2009-07-19,,
40,40,2009-07,,,,,,,,,,2009-07-20,,
39,39,2009-07,,,,,,,,,,2009-07-21,,
41,41,2009-07,,,,,,,,,,2009-07-22,,
35,35,2009-07,,,,,,,,,,2009-07-23,,
40,40,2009-07,,,,,,,,,,2009-07-24,,
46,46,2009-07,,,,,,,,,,2009-07-25,,
50,50,2009-07,,,,,,,,,,2009-07-26,,
44,44,2009-07,,,,,,,,,,2009-07-27,,
38,38,2009-07,,,,,,,,,,2009-07-28,,
45,45,2009-07,,,,,,,,,,2009-07-29,,
41,41,2009-07,,,,,,,,,,2009-07-30,,
40,40,2009-07,,,,,,,,,,2009-07-31,,
49,49,2009-08,,,,,,,,,,2009-08-01,,
54,54,2009-08,,,,,,,,,,2009-08-02,,
34,34,2009-08,,,,,,,,,,2009-08-03,,
39,39,2009-08,,,,,,,,,,2009-08-04,,
35,35,2009-08,,,,,,,,,,2009-08-05,,
38,38,2009-08,,,,,,,,,,2009-08-06,,
35,35,2009-08,,,,,,,,,,2009-08-07,,
44,44,2009-08,,,,,,,,,,2009-08-08,,
50,50,2009-08,,,,,,,,,,2009-08-09,,
38,38,2009-08,,,,,,,,,,2009-08-10,,
41,41,2009-08,,,,,,,,,,2009-08-11,,
30,30,2009-08,,,,,,,,,,2009-08-12,,
32,32,2009-08,,,,,,,,,,2009-08-13,,
39,39,2009-08,,,,,,,,,,2009-08-14,,
61,61,2009-08,,,,,,,,,,2009-08-15,,
53,53,2009-08,,,,,,,,,,2009-08-16,,
46,46,2009-08,,,,,,,,,,2009-08-17,,
39,39,2009-08,,,,,,,,,,2009-08-18,,
39,39,2009-08,,,,,,,,,,2009-08-19,,
45,45,2009-08,,,,,,,,,,2009-08-20,,
36,36,2009-08,,,,,,,,,,2009-08-21,,
41,41,2009-08,,,,,,,,,,2009-08-22,,
49,49,2009-08,,,,,,,,,,2009-08-23,,
43,43,2009-08,,,,,,,,,,2009-08-24,,
36,36,2009-08,,,,,,,,,,2009-08-25,,
34,34,2009-08,,,,,,,,,,2009-08-26,,
34,34,2009-08,,,,,,,,,,2009-08-27,,
35,35,2009-08,,,,,,,,,,2009-08-28,,
50,50,2009-08,,,,,,,,,,2009-08-29,,
49,49,2009-08,,,,,,,,,,2009-08-30,,
48,48,2009-08,,,,,,,,,,2009-08-31,,
46,46,2009-09,,,,,,,,,,2009-09-01,,
42,42,2009-09,,,,,,,,,,2009-09-02,,
42,42,2009-09,,,,,,,,,,2009-09-03,,
46,46,2009-09,,,,,,,,,,2009-09-04,,
46,46,2009-09,,,,,,,,,,2009-09-05,,
45,45,2009-09,,,,,,,,,,2009-09-06,,
37,37,2009-09,,,,,,,,,,2009-09-07,,
33,33,2009-09,,,,,,,,,,2009-09-08,,
33,33,2009-09,,,,,,,,,,2009-09-09,,
46,46,2009-09,,,,,,,,,,2009-09-10,,
41,41,2009-09,,,,,,,,,,2009-09-11,,
49,49,2009-09,,,,,,,,,,2009-09-12,,
41,41,2009-09,,,,,,,,,,2009-09-13,,
35,35,2009-09,,,,,,,,,,2009-09-14,,
36,36,2009-09,,,,,,,,,,2009-09-15,,
33,33,2009-09,,,,,,,,,,2009-09-16,,
33,33,2009-09,,,,,,,,,,2009-09-17,,
48,48,2009-09,,,,,,,,,,2009-09-18,,
47,47,2009-09,,,,,,,,,,2009-09-19,,
45,45,2009-09,,,,,,,,,,2009-09-20,,
46,46,2009-09,,,,,,,,,,2009-09-21,,
40,40,2009-09,,,,,,,,,,2009-09-22,,
34,34,2009-09,,,,,,,,,,2009-09-23,,
34,33,2009-09,,,,,,,,,,2009-09-24,,
42,42,2009-09,,,,,,,,,,2009-09-25,,
46,46,2009-09,,,,,,,,,,2009-09-26,,
39,39,2009-09,,,,,,,,,,2009-09-27,,
36,36,2009-09,,,,,,,,,,2009-09-28,,
36,36,2009-09,,,,,,,,,,2009-09-29,,
37,37,2009-09,,,,,,,,,,2009-09-30,,
36,36,2009-10,,,,,,,,,,2009-10-01,,
47,47,2009-10,,,,,,,,,,2009-10-02,,
41,41,2009-10,,,,,,,,,,2009-10-03,,
56,56,2009-10,,,,,,,,,,2009-10-04,,
31,31,2009-10,,,,,,,,,,2009-10-05,,
36,36,2009-10,,,,,,,,,,2009-10-06,,
30,30,2009-10,,,,,,,,,,2009-10-07,,
27,27,2009-10,,,,,,,,,,2009-10-08,,
42,42,2009-10,,,,,,,,,,2009-10-09,,
50,50,2009-10,,,,,,,,,,2009-10-10,,
52,52,2009-10,,,,,,,,,,2009-10-11,,
44,44,2009-10,,,,,,,,,,2009-10-12,,
43,43,2009-10,,,,,,,,,,2009-10-13,,
34,34,2009-10,,,,,,,,,,2009-10-14,,
28,28,2009-10,,,,,,,,,,2009-10-15,,
36,36,2009-10,,,,,,,,,,2009-10-16,,
60,60,2009-10,,,,,,,,,,2009-10-17,,
42,42,2009-10,,,,,,,,,,2009-10-18,,
35,35,2009-10,,,,,,,,,,2009-10-19,,
44,44,2009-10,,,,,,,,,,2009-10-20,,
54,54,2009-10,,,,,,,,,,2009-10-21,,
33,33,2009-10,,,,,,,,,,2009-10-22,,
36,36,2009-10,,,,,,,,,,2009-10-23,,
38,38,2009-10,,,,,,,,,,2009-10-24,,
52,52,2009-10,,,,,,,,,,2009-10-25,,
28,28,2009-10,,,,,,,,,,2009-10-26,,
38,38,2009-10,,,,,,,,,,2009-10-27,,
49,49,2009-10,,,,,,,,,,2009-10-28,,
40,40,2009-10,,,,,,,,,,2009-10-29,,
38,38,2009-10,,,,,,,,,,2009-10-30,,
42,42,2009-10,,,,,,,,,,2009-10-31,,
48,48,2009-11,,,,,,,,,,2009-11-01,,
43,43,2009-11,,,,,,,,,,2009-11-02,,
36,36,2009-11,,,,,,,,,,2009-11-03,,
32,32,2009-11,,,,,,,,,,2009-11-04,,
39,39,2009-11,,,,,,,,,,2009-11-05,,
40,40,2009-11,,,,,,,,,,2009-11-06,,
41,41,2009-11,,,,,,,,,,2009-11-07,,
51,51,2009-11,,,,,,,,,,2009-11-08,,
38,38,2009-11,,,,,,,,,,2009-11-09,,
40,40,2009-11,,,,,,,,,,2009-11-10,,
31,31,2009-11,,,,,,,,,,2009-11-11,,
36,36,2009-11,,,,,,,,,,2009-11-12,,
40,40,2009-11,,,,,,,,,,2009-11-13,,
49,49,2009-11,,,,,,,,,,2009-11-14,,
52,52,2009-11,,,,,,,,,,2009-11-15,,
42,42,2009-11,,,,,,,,,,2009-11-16,,
40,40,2009-11,,,,,,,,,,2009-11-17,,
39,39,2009-11,,,,,,,,,,2009-11-18,,
43,43,2009-11,,,,,,,,,,2009-11-19,,
36,36,2009-11,,,,,,,,,,2009-11-20,,
44,44,2009-11,,,,,,,,,,2009-11-21,,
51,51,2009-11,,,,,,,,,,2009-11-22,,
40,40,2009-11,,,,,,,,,,2009-11-23,,
26,26,2009-11,,,,,,,,,,2009-11-24,,
33,33,2009-11,,,,,,,,,,2009-11-25,,
30,30,2009-11,,,,,,,,,,2009-11-26,,
43,43,2009-11,,,,,,,,,,2009-11-27,,
44,44,2009-11,,,,,,,,,,2009-11-28,,
43,43,2009-11,,,,,,,,,,2009-11-29,,
31,31,2009-11,,,,,,,,,,2009-11-30,,
47,47,2009-12,,,,,,,,,,2009-12-01,,
40,40,2009-12,,,,,,,,,,2009-12-02,,
33,32,2009-12,,,,,,,,,,2009-12-03,,
43,43,2009-12,,,,,,,,,,2009-12-04,,
42,42,2009-12,,,,,,,,,,2009-12-05,,
54,54,2009-12,,,,,,,,,,2009-12-06,,
48,48,2009-12,,,,,,,,,,2009-12-07,,
46,46,2009-12,,,,,,,,,,2009-12-08,,
40,40,2009-12,,,,,,,,,,2009-12-09,,
29,29,2009-12,,,,,,,,,,2009-12-10,,
24,24,2009-12,,,,,,,,,,2009-12-11,,
43,43,2009-12,,,,,,,,,,2009-12-12,,
52,52,2009-12,,,,,,,,,,2009-12-13,,
41,41,2009-12,,,,,,,,,,2009-12-14,,
37,37,2009-12,,,,,,,,,,2009-12-15,,
37,37,2009-12,,,,,,,,,,2009-12-16,,
27,27,2009-12,,,,,,,,,,2009-12-17,,
36,36,2009-12,,,,,,,,,,2009-12-18,,
48,48,2009-12,,,,,,,,,,2009-12-19,,
49,49,2009-12,,,,,,,,,,2009-12-20,,
29,29,2009-12,,,,,,,,,,2009-12-21,,
45,45,2009-12,,,,,,,,,,2009-12-22,,
41,41,2009-12,,,,,,,,,,2009-12-23,,
48,48,2009-12,,,,,,,,,,2009-12-24,,
50,50,2009-12,,,,,,,,,,2009-12-25,,
27,27,2009-12,,,,,,,,,,2009-12-26,,
35,35,2009-12,,,,,,,,,,2009-12-27,,
32,32,2009-12,,,,,,,,,,2009-12-28,,
28,28,2009-12,,,,,,,,,,2009-12-29,,
39,39,2009-12,,,,,,,,,,2009-12-30,,
27,27,2009-12,,,,,,,,,,2009-12-31,,
190,67,2010-01,,,,,,,,,,2010-01-01,,
94,43,2010-01,,,,,,,,,,2010-01-02,,
110,48,2010-01,,,,,,,,,,2010-01-03,,
90,44,2010-01,,,,,,,,,,2010-01-04,,
87,37,2010-01,,,,,,,,,,2010-01-05,,
76,37,2010-01,,,,,,,,,,2010-01-06,,
70,34,2010-01,,,,,,,,,,2010-01-07,,
86,35,2010-01,,,,,,,,,,2010-01-08,,
125,60,2010-01,,,,,,,,,,2010-01-09,,
128,55,2010-01,,,,,,,,,,2010-01-10,,
79,41,2010-01,,,,,,,,,,2010-01-11,,
89,38,2010-01,,,,,,,,,,2010-01-12,,
105,40,2010-01,,,,,,,,,,2010-01-13,,
92,39,2010-01,,,,,,,,,,2010-01-14,,
120,37,2010-01,,,,,,,,,,2010-01-15,,
78,35,2010-01,,,,,,,,,,2010-01-16,,
93,43,2010-01,,,,,,,,,,2010-01-17,,
105,46,2010-01,,,,,,,,,,2010-01-18,,
111,40,2010-01,,,,,,,,,,2010-01-19,,
98,40,2010-01,,,,,,,,,,2010-01-20,,
72,33,2010-01,,,,,,,,,,2010-01-21,,
107,39,2010-01,,,,,,,,,,2010-01-22,,
93,38,2010-01,,,,,,,,,,2010-01-23,,
106,44,2010-01,,,,,,,,,,2010-01-24,,
74,39,2010-01,,,,,,,,,,2010-01-25,,
87,39,2010-01,,,,,,,,,,2010-01-26,,
84,35,2010-01,,,,,,,,,,2010-01-27,,
71,35,2010-01,,,,,,,,,,2010-01-28,,
81,34,2010-01,,,,,,,,,,2010-01-29,,
122,56,2010-01,,,,,,,,,,2010-01-30,,
115,48,2010-01,,,,,,,,,,2010-01-31,,
140,49,2010-02,,,,,,,,,,2010-02-01,,
93,34,2010-02,,,,,,,,,,2010-02-02,,
91,34,2010-02,,,,,,,,,,2010-02-03,,
82,36,2010-02,,,,,,,,,,2010-02-04,,
115,40,2010-02,,,,,,,,,,2010-02-05,,
107,43,2010-02,,,,,,,,,,2010-02-06,,
117,47,2010-02,,,,,,,,,,2010-02-07,,
120,40,2010-02,,,,,,,,,,2010-02-08,,
106,29,2010-02,,,,,,,,,,2010-02-09,,
106,39,2010-02,,,,,,,,,,2010-02-10,,
104,39,2010-02,,,,,,,,,,2010-02-11,,
100,41,2010-02,,,,,,,,,,2010-02-12,,
109,42,2010-02,,,,,,,,,,2010-02-13,,
135,53,2010-02,,,,,,,,,,2010-02-14,,
127,45,2010-02,,,,,,,,,,2010-02-15,,
113,34,2010-02,,,,,,,,,,2010-02-16,,
77,35,2010-02,,,,,,,,,,2010-02-17,,
92,38,2010-02,,,,,,,,,,2010-02-18,,
106,34,2010-02,,,,,,,,,,2010-02-19,,
115,46,2010-02,,,,,,,,,,2010-02-20,,
116,54,2010-02,,,,,,,,,,2010-02-21,,
97,47,2010-02,,,,,,,,,,2010-02-22,,
94,42,2010-02,,,,,,,,,,2010-02-23,,
84,37,2010-02,,,,,,,,,,2010-02-24,,
105,34,2010-02,,,,,,,,,,2010-02-25,,
103,41,2010-02,,,,,,,,,,2010-02-26,,
113,50,2010-02,,,,,,,,,,2010-02-27,,
118,38,2010-02,,,,,,,,,,2010-02-28,,
93,36,2010-03,,,,,,,,,,2010-03-01,,
90,32,2010-03,,,,,,,,,,2010-03-02,,
92,37,2010-03,,,,,,,,,,2010-03-03,,
79,37,2010-03,,,,,,,,,,2010-03-04,,
116,41,2010-03,,,,,,,,,,2010-03-05,,
129,44,2010-03,,,,,,,,,,2010-03-06,,
88,35,2010-03,,,,,,,,,,2010-03-07,,
101,35,2010-03,,,,,,,,,,2010-03-08,,
102,37,2010-03,,,,,,,,,,2010-03-09,,
100,36,2010-03,,,,,,,,,,2010-03-10,,
92,30,2010-03,,,,,,,,,,2010-03-11,,
80,32,2010-03,,,,,,,,,,2010-03-12,,
93,38,2010-03,,,,,,,,,,2010-03-13,,
115,47,2010-03,,,,,,,,,,2010-03-14,,
135,41,2010-03,,,,,,,,,,2010-03-15,,
112,42,2010-03,,,,,,,,,,2010-03-16,,
107,31,2010-03,,,,,,,,,,2010-03-17,,
117,37,2010-03,,,,,,,,,,2010-03-18,,
106,43,2010-03,,,,,,,,,,2010-03-19,,
135,54,2010-03,,,,,,,,,,2010-03-20,,
166,56,2010-03,,,,,,,,,,2010-03-21,,
93,38,2010-03,,,,,,,,,,2010-03-22,,
97,31,2010-03,,,,,,,,,,2010-03-23,,
104,42,2010-03,,,,,,,,,,2010-03-24,,
88,38,2010-03,,,,,,,,,,2010-03-25,,
91,35,2010-03,,,,,,,,,,2010-03-26,,
103,37,2010-03,,,,,,,,,,2010-03-27,,
132,54,2010-03,,,,,,,,,,2010-03-28,,
102,39,2010-03,,,,,,,,,,2010-03-29,,
80,34,2010-03,,,,,,,,,,2010-03-30,,
104,33,2010-03,,,,,,,,,,2010-03-31,,
123,51,2010-04,,,,,,,,,,2010-04-01,,
66,28,2010-04,,,,,,,,,,2010-04-02,,
127,41,2010-04,,,,,,,,,,2010-04-03,,
155,52,2010-04,,,,,,,,,,2010-04-04,,
96,43,2010-04,,,,,,,,,,2010-04-05,,
89,31,2010-04,,,,,,,,,,2010-04-06,,
73,32,2010-04,,,,,,,,,,2010-04-07,,
126,43,2010-04,,,,,,,,,,2010-04-08,,
83,37,2010-04,,,,,,,,,,2010-04-09,,
146,44,2010-04,,,,,,,,,,2010-04-10,,
102,45,2010-04,,,,,,,,,,2010-04-11,,
122,41,2010-04,,,,,,,,,,2010-04-12,,
96,40,2010-04,,,,,,,,,,2010-04-13,,
109,46,2010-04,,,,,,,,,,2010-04-14,,
98,32,2010-04,,,,,,,,,,2010-04-15,,
112,35,2010-04,,,,,,,,,,2010-04-16,,
119,48,2010-04,,,,,,,,,,2010-04-17,,
130,55,2010-04,,,,,,,,,,2010-04-18,,
80,33,2010-04,,,,,,,,,,2010-04-19,,
101,44,2010-04,,,,,,,,,,2010-04-20,,
78,31,2010-04,,,,,,,,,,2010-04-21,,
83,35,2010-04,,,,,,,,,,2010-04-22,,
84,33,2010-04,,,,,,,,,,2010-04-23,,
118,43,2010-04,,,,,,,,,,2010-04-24,,
132,64,2010-04,,,,,,,,,,2010-04-25,,
80,33,2010-04,,,,,,,,,,2010-04-26,,
72,27,2010-04,,,,,,,,,,2010-04-27,,
73,33,2010-04,,,,,,,,,,2010-04-28,,
97,40,2010-04,,,,,,,,,,2010-04-29,,
96,36,2010-04,,,,,,,,,,2010-04-30,,
126,47,2010-05,,,,,,,,,,2010-05-01,,
119,46,2010-05,,,,,,,,,,2010-05-02,,
87,33,2010-05,,,,,,,,,,2010-05-03,,
84,32,2010-05,,,,,,,,,,2010-05-04,,
94,27,2010-05,,,,,,,,,,2010-05-05,,
106,37,2010-05,,,,,,,,,,2010-05-06,,
127,39,2010-05,,,,,,,,,,2010-05-07,,
121,40,2010-05,,,,,,,,,,2010-05-08,,
108,53,2010-05,,,,,,,,,,2010-05-09,,
101,47,2010-05,,,,,,,,,,2010-05-10,,
69,29,2010-05,,,,,,,,,,2010-05-11,,
81,32,2010-05,,,,,,,,,,2010-05-12,,
95,34,2010-05,,,,,,,,,,2010-05-13,,
90,42,2010-05,,,,,,,,,,2010-05-14,,
117,50,2010-05,,,,,,,,,,2010-05-15,,
113,48,2010-05,,,,,,,,,,2010-05-16,,
138,44,2010-05,,,,,,,,,,2010-05-17,,
121,45,2010-05,,,,,,,,,,2010-05-18,,
87,32,2010-05,,,,,,,,,,2010-05-19,,
73,32,2010-05,,,,,,,,,,2010-05-20,,
87,37,2010-05,,,,,,,,,,2010-05-21,,
102,41,2010-05,,,,,,,,,,2010-05-22,,
95,44,2010-05,,,,,,,,,,2010-05-23,,
82,39,2010-05,,,,,,,,,,2010-05-24,,
78,36,2010-05,,,,,,,,,,2010-05-25,,
102,41,2010-05,,,,,,,,,,2010-05-26,,
74,31,2010-05,,,,,,,,,,2010-05-27,,
97,41,2010-05,,,,,,,,,,2010-05-28,,
94,41,2010-05,,,,,,,,,,2010-05-29,,
62,23,2010-05,,,,,,,,,,2010-05-30,,
90,36,2010-05,,,,,,,,,,2010-05-31,,
91,28,2010-06,,,,,,,,,,2010-06-01,,
106,45,2010-06,,,,,,,,,,2010-06-02,,
59,27,2010-06,,,,,,,,,,2010-06-03,,
88,32,2010-06,,,,,,,,,,2010-06-04,,
138,40,2010-06,,,,,,,,,,2010-06-05,,
167,57,2010-06,,,,,,,,,,2010-06-06,,
99,31,2010-06,,,,,,,,,,2010-06-07,,
100,35,2010-06,,,,,,,,,,2010-06-08,,
83,35,2010-06,,,,,,,,,,2010-06-09,,
96,33,2010-06,,,,,,,,,,2010-06-10,,
67,34,2010-06,,,,,,,,,,2010-06-11,,
115,47,2010-06,,,,,,,,,,2010-06-12,,
111,51,2010-06,,,,,,,,,,2010-06-13,,
86,35,2010-06,,,,,,,,,,2010-06-14,,
111,40,2010-06,,,,,,,,,,2010-06-15,,
78,39,2010-06,,,,,,,,,,2010-06-16,,
106,43,2010-06,,,,,,,,,,2010-06-17,,
69,26,2010-06,,,,,,,,,,2010-06-18,,
80,33,2010-06,,,,,,,,,,2010-06-19,,
89,27,2010-06,,,,,,,,,,2010-06-20,,
90,30,2010-06,,,,,,,,,,2010-06-21,,
60,30,2010-06,,,,,,,,,,2010-06-22,,
100,40,2010-06,,,,,,,,,,2010-06-23,,
83,34,2010-06,,,,,,,,,,2010-06-24,,
73,34,2010-06,,,,,,,,,,2010-06-25,,
123,47,2010-06,,,,,,,,,,2010-06-26,,
115,47,2010-06,,,,,,,,,,2010-06-27,,
74,37,2010-06,,,,,,,,,,2010-06-28,,
74,36,2010-06,,,,,,,,,,2010-06-29,,
64,28,2010-06,,,,,,,,,,2010-06-30,,
106,36,2010-07,,,,,,,,,,2010-07-01,,
104,36,2010-07,,,,,,,,,,2010-07-02,,
133,45,2010-07,,,,,,,,,,2010-07-03,,
123,48,2010-07,,,,,,,,,,2010-07-04,,
81,40,2010-07,,,,,,,,,,2010-07-05,,
70,34,2010-07,,,,,,,,,,2010-07-06,,
114,37,2010-07,,,,,,,,,,2010-07-07,,
76,34,2010-07,,,,,,,,,,2010-07-08,,
76,33,2010-07,,,,,,,,,,2010-07-09,,
106,41,2010-07,,,,,,,,,,2010-07-10,,
94,38,2010-07,,,,,,,,,,2010-07-11,,
98,42,2010-07,,,,,,,,,,2010-07-12,,
79,38,2010-07,,,,,,,,,,2010-07-13,,
89,36,2010-07,,,,,,,,,,2010-07-14,,
79,33,2010-07,,,,,,,,,,2010-07-15,,
90,40,2010-07,,,,,,,,,,2010-07-16,,
124,46,2010-07,,,,,,,,,,2010-07-17,,
109,44,2010-07,,,,,,,,,,2010-07-18,,
103,34,2010-07,,,,,,,,,,2010-07-19,,
110,40,2010-07,,,,,,,,,,2010-07-20,,
79,37,2010-07,,,,,,,,,,2010-07-21,,
89,35,2010-07,,,,,,,,,,2010-07-22,,
106,37,2010-07,,,,,,,,,,2010-07-23,,
115,45,2010-07,,,,,,,,,,2010-07-24,,
119,51,2010-07,,,,,,,,,,2010-07-25,,
107,41,2010-07,,,,,,,,,,2010-07-26,,
101,37,2010-07,,,,,,,,,,2010-07-27,,
86,28,2010-07,,,,,,,,,,2010-07-28,,
95,38,2010-07,,,,,,,,,,2010-07-29,,
80,31,2010-07,,,,,,,,,,2010-07-30,,
106,43,2010-07,,,,,,,,,,2010-07-31,,
119,47,2010-08,,,,,,,,,,2010-08-01,,
101,41,2010-08,,,,,,,,,,2010-08-02,,
90,33,2010-08,,,,,,,,,,2010-08-03,,
84,31,2010-08,,,,,,,,,,2010-08-04,,
102,38,2010-08,,,,,,,,,,2010-08-05,,
95,36,2010-08,,,,,,,,,,2010-08-06,,
94,44,2010-08,,,,,,,,,,2010-08-07,,
128,55,2010-08,,,,,,,,,,2010-08-08,,
118,44,2010-08,,,,,,,,,,2010-08-09,,
95,38,2010-08,,,,,,,,,,2010-08-10,,
116,43,2010-08,,,,,,,,,,2010-08-11,,
87,36,2010-08,,,,,,,,,,2010-08-12,,
105,38,2010-08,,,,,,,,,,2010-08-13,,
129,41,2010-08,,,,,,,,,,2010-08-14,,
134,56,2010-08,,,,,,,,,,2010-08-15,,
76,36,2010-08,,,,,,,,,,2010-08-16,,
116,41,2010-08,,,,,,,,,,2010-08-17,,
112,34,2010-08,,,,,,,,,,2010-08-18,,
94,33,2010-08,,,,,,,,,,2010-08-19,,
104,40,2010-08,,,,,,,,,,2010-08-20,,
127,40,2010-08,,,,,,,,,,2010-08-21,,
93,39,2010-08,,,,,,,,,,2010-08-22,,
88,40,2010-08,,,,,,,,,,2010-08-23,,
88,35,2010-08,,,,,,,,,,2010-08-24,,
86,30,2010-08,,,,,,,,,,2010-08-25,,
67,31,2010-08,,,,,,,,,,2010-08-26,,
73,31,2010-08,,,,,,,,,,2010-08-27,,
137,48,2010-08,,,,,,,,,,2010-08-28,,
97,44,2010-08,,,,,,,,,,2010-08-29,,
93,35,2010-08,,,,,,,,,,2010-08-30,,
98,43,2010-08,,,,,,,,,,2010-08-31,,
89,31,2010-09,,,,,,,,,,2010-09-01,,
67,35,2010-09,,,,,,,,,,2010-09-02,,
117,32,2010-09,,,,,,,,,,2010-09-03,,
136,45,2010-09,,,,,,,,,,2010-09-04,,
119,48,2010-09,,,,,,,,,,2010-09-05,,
102,44,2010-09,,,,,,,,,,2010-09-06,,
91,33,2010-09,,,,,,,,,,2010-09-07,,
94,39,2010-09,,,,,,,,,,2010-09-08,,
87,36,2010-09,,,,,,,,,,2010-09-09,,
100,40,2010-09,,,,,,,,,,2010-09-10,,
105,44,2010-09,,,,,,,,,,2010-09-11,,
162,46,2010-09,,,,,,,,,,2010-09-12,,
87,36,2010-09,,,,,,,,,,2010-09-13,,
87,28,2010-09,,,,,,,,,,2010-09-14,,
76,37,2010-09,,,,,,,,,,2010-09-15,,
86,34,2010-09,,,,,,,,,,2010-09-16,,
87,40,2010-09,,,,,,,,,,2010-09-17,,
143,47,2010-09,,,,,,,,,,2010-09-18,,
125,52,2010-09,,,,,,,,,,2010-09-19,,
73,37,2010-09,,,,,,,,,,2010-09-20,,
55,27,2010-09,,,,,,,,,,2010-09-21,,
61,33,2010-09,,,,,,,,,,2010-09-22,,
125,35,2010-09,,,,,,,,,,2010-09-23,,
95,31,2010-09,,,,,,,,,,2010-09-24,,
83,37,2010-09,,,,,,,,,,2010-09-25,,
104,45,2010-09,,,,,,,,,,2010-09-26,,
120,47,2010-09,,,,,,,,,,2010-09-27,,
81,35,2010-09,,,,,,,,,,2010-09-28,,
87,34,2010-09,,,,,,,,,,2010-09-29,,
109,46,2010-09,,,,,,,,,,2010-09-30,,
109,32,2010-10,,,,,,,,,,2010-10-01,,
93,39,2010-10,,,,,,,,,,2010-10-02,,
148,64,2010-10,,,,,,,,,,2010-10-03,,
82,31,2010-10,,,,,,,,,,2010-10-04,,
90,34,2010-10,,,,,,,,,,2010-10-05,,
108,40,2010-10,,,,,,,,,,2010-10-06,,
110,40,2010-10,,,,,,,,,,2010-10-07,,
87,38,2010-10,,,,,,,,,,2010-10-08,,
101,37,2010-10,,,,,,,,,,2010-10-09,,
115,46,2010-10,,,,,,,,,,2010-10-10,,
87,38,2010-10,,,,,,,,,,2010-10-11,,
89,37,2010-10,,,,,,,,,,2010-10-12,,
75,29,2010-10,,,,,,,,,,2010-10-13,,
80,27,2010-10,,,,,,,,,,2010-10-14,,
102,37,2010-10,,,,,,,,,,2010-10-15,,
126,40,2010-10,,,,,,,,,,2010-10-16,,
112,51,2010-10,,,,,,,,,,2010-10-17,,
83,38,2010-10,,,,,,,,,,2010-10-18,,
91,31,2010-10,,,,,,,,,,2010-10-19,,
106,37,2010-10,,,,,,,,,,2010-10-20,,
91,35,2010-10,,,,,,,,,,2010-10-21,,
82,31,2010-10,,,,,,,,,,2010-10-22,,
117,41,2010-10,,,,,,,,,,2010-10-23,,
107,46,2010-10,,,,,,,,,,2010-10-24,,
89,33,2010-10,,,,,,,,,,2010-10-25,,
82,33,2010-10,,,,,,,,,,2010-10-26,,
87,30,2010-10,,,,,,,,,,2010-10-27,,
84,30,2010-10,,,,,,,,,,2010-10-28,,
90,45,2010-10,,,,,,,,,,2010-10-29,,
128,47,2010-10,,,,,,,,,,2010-10-30,,
126,53,2010-10,,,,,,,,,,2010-10-31,,
71,34,2010-11,,,,,,,,,,2010-11-01,,
81,33,2010-11,,,,,,,,,,2010-11-02,,
101,46,2010-11,,,,,,,,,,2010-11-03,,
79,35,2010-11,,,,,,,,,,2010-11-04,,
91,30,2010-11,,,,,,,,,,2010-11-05,,
89,44,2010-11,,,,,,,,,,2010-11-06,,
87,38,2010-11,,,,,,,,,,2010-11-07,,
92,33,2010-11,,,,,,,,,,2010-11-08,,
83,29,2010-11,,,,,,,,,,2010-11-09,,
92,36,2010-11,,,,,,,,,,2010-11-10,,
56,27,2010-11,,,,,,,,,,2010-11-11,,
148,41,2010-11,,,,,,,,,,2010-11-12,,
109,41,2010-11,,,,,,,,,,2010-11-13,,
104,44,2010-11,,,,,,,,,,2010-11-14,,
72,31,2010-11,,,,,,,,,,2010-11-15,,
66,27,2010-11,,,,,,,,,,2010-11-16,,
55,28,2010-11,,,,,,,,,,2010-11-17,,
60,29,2010-11,,,,,,,,,,2010-11-18,,
89,33,2010-11,,,,,,,,,,2010-11-19,,
74,33,2010-11,,,,,,,,,,2010-11-20,,
75,31,2010-11,,,,,,,,,,2010-11-21,,
94,38,2010-11,,,,,,,,,,2010-11-22,,
69,29,2010-11,,,,,,,,,,2010-11-23,,
93,32,2010-11,,,,,,,,,,2010-11-24,,
70,29,2010-11,,,,,,,,,,2010-11-25,,
64,26,2010-11,,,,,,,,,,2010-11-26,,
86,32,2010-11,,,,,,,,,,2010-11-27,,
100,43,2010-11,,,,,,,,,,2010-11-28,,
115,40,2010-11,,,,,,,,,,2010-11-29,,
85,30,2010-11,,,,,,,,,,2010-11-30,,
99,35,2010-12,,,,,,,,,,2010-12-01,,
85,32,2010-12,,,,,,,,,,2010-12-02,,
64,28,2010-12,,,,,,,,,,2010-12-03,,
129,37,2010-12,,,,,,,,,,2010-12-04,,
77,29,2010-12,,,,,,,,,,2010-12-05,,
101,32,2010-12,,,,,,,,,,2010-12-06,,
114,30,2010-12,,,,,,,,,,2010-12-07,,
89,30,2010-12,,,,,,,,,,2010-12-08,,
103,36,2010-12,,,,,,,,,,2010-12-09,,
66,23,2010-12,,,,,,,,,,2010-12-10,,
105,45,2010-12,,,,,,,,,,2010-12-11,,
115,33,2010-12,,,,,,,,,,2010-12-12,,
60,25,2010-12,,,,,,,,,,2010-12-13,,
72,22,2010-12,,,,,,,,,,2010-12-14,,
74,25,2010-12,,,,,,,,,,2010-12-15,,
81,26,2010-12,,,,,,,,,,2010-12-16,,
98,44,2010-12,,,,,,,,,,2010-12-17,,
125,42,2010-12,,,,,,,,,,2010-12-18,,
125,45,2010-12,,,,,,,,,,2010-12-19,,
96,34,2010-12,,,,,,,,,,2010-12-20,,
69,26,2010-12,,,,,,,,,,2010-12-21,,
62,30,2010-12,,,,,,,,,,2010-12-22,,
96,29,2010-12,,,,,,,,,,2010-12-23,,
121,35,2010-12,,,,,,,,,,2010-12-24,,
175,56,2010-12,,,,,,,,,,2010-12-25,,
74,29,2010-12,,,,,,,,,,2010-12-26,,
85,31,2010-12,,,,,,,,,,2010-12-27,,
75,29,2010-12,,,,,,,,,,2010-12-28,,
63,28,2010-12,,,,,,,,,,2010-12-29,,
64,29,2010-12,,,,,,,,,,2010-12-30,,
71,30,2010-12,,,,,,,,,,2010-12-31,,
256,67,2011-01,,,,,,,,,,2011-01-01,,
157,52,2011-01,,,,,,,,,,2011-01-02,,
116,41,2011-01,,,,,,,,,,2011-01-03,,
106,43,2011-01,,,,,,,,,,2011-01-04,,
93,33,2011-01,,,,,,,,,,2011-01-05,,
99,40,2011-01,,,,,,,,,,2011-01-06,,
156,39,2011-01,,,,,,,,,,2011-01-07,,
158,50,2011-01,,,,,,,,,,2011-01-08,,
163,58,2011-01,,,,,,,,,,2011-01-09,,
135,40,2011-01,,,,,,,,,,2011-01-10,,
136,46,2011-01,,,,,,,,,,2011-01-11,,
127,42,2011-01,,,,,,,,,,2011-01-12,,
78,38,2011-01,,,,,,,,,,2011-01-13,,
87,35,2011-01,,,,,,,,,,2011-01-14,,
178,62,2011-01,,,,,,,,,,2011-01-15,,
134,54,2011-01,,,,,,,,,,2011-01-16,,
117,39,2011-01,,,,,,,,,,2011-01-17,,
108,43,2011-01,,,,,,,,,,2011-01-18,,
111,43,2011-01,,,,,,,,,,2011-01-19,,
90,46,2011-01,,,,,,,,,,2011-01-20,,
123,44,2011-01,,,,,,,,,,2011-01-21,,
123,50,2011-01,,,,,,,,,,2011-01-22,,
138,56,2011-01,,,,,,,,,,2011-01-23,,
101,40,2011-01,,,,,,,,,,2011-01-24,,
63,30,2011-01,,,,,,,,,,2011-01-25,,
110,46,2011-01,,,,,,,,,,2011-01-26,,
87,42,2011-01,,,,,,,,,,2011-01-27,,
115,40,2011-01,,,,,,,,,,2011-01-28,,
124,48,2011-01,,,,,,,,,,2011-01-29,,
160,57,2011-01,,,,,,,,,,2011-01-30,,
105,51,2011-01,,,,,,,,,,2011-01-31,,
78,31,2011-02,,,,,,,,,,2011-02-01,,
104,46,2011-02,,,,,,,,,,2011-02-02,,
119,44,2011-02,,,,,,,,,,2011-02-03,,
96,44,2011-02,,,,,,,,,,2011-02-04,,
144,60,2011-02,,,,,,,,,,2011-02-05,,
139,56,2011-02,,,,,,,,,,2011-02-06,,
126,53,2011-02,,,,,,,,,,2011-02-07,,
116,44,2011-02,,,,,,,,,,2011-02-08,,
91,30,2011-02,,,,,,,,,,2011-02-09,,
79,33,2011-02,,,,,,,,,,2011-02-10,,
106,47,2011-02,,,,,,,,,,2011-02-11,,
105,42,2011-02,,,,,,,,,,2011-02-12,,
145,52,2011-02,,,,,,,,,,2011-02-13,,
123,51,2011-02,,,,,,,,,,2011-02-14,,
101,36,2011-02,,,,,,,,,,2011-02-15,,
91,39,2011-02,,,,,,,,,,2011-02-16,,
77,30,2011-02,,,,,,,,,,2011-02-17,,
115,44,2011-02,,,,,,,,,,2011-02-18,,
156,59,2011-02,,,,,,,,,,2011-02-19,,
150,65,2011-02,,,,,,,,,,2011-02-20,,
123,48,2011-02,,,,,,,,,,2011-02-21,,
134,46,2011-02,,,,,,,,,,2011-02-22,,
123,43,2011-02,,,,,,,,,,2011-02-23,,
109,41,2011-02,,,,,,,,,,2011-02-24,,
95,40,2011-02,,,,,,,,,,2011-02-25,,
130,45,2011-02,,,,,,,,,,2011-02-26,,
123,56,2011-02,,,,,,,,,,2011-02-27,,
110,44,2011-02,,,,,,,,,,2011-02-28,,
117,43,2011-03,,,,,,,,,,2011-03-01,,
111,46,2011-03,,,,,,,,,,2011-03-02,,
97,36,2011-03,,,,,,,,,,2011-03-03,,
126,47,2011-03,,,,,,,,,,2011-03-04,,
138,51,2011-03,,,,,,,,,,2011-03-05,,
128,43,2011-03,,,,,,,,,,2011-03-06,,
120,48,2011-03,,,,,,,,,,2011-03-07,,
110,41,2011-03,,,,,,,,,,2011-03-08,,
135,46,2011-03,,,,,,,,,,2011-03-09,,
92,34,2011-03,,,,,,,,,,2011-03-10,,
119,41,2011-03,,,,,,,,,,2011-03-11,,
137,49,2011-03,,,,,,,,,,2011-03-12,,
124,56,2011-03,,,,,,,,,,2011-03-13,,
122,39,2011-03,,,,,,,,,,2011-03-14,,
97,37,2011-03,,,,,,,,,,2011-03-15,,
116,43,2011-03,,,,,,,,,,2011-03-16,,
116,39,2011-03,,,,,,,,,,2011-03-17,,
109,48,2011-03,,,,,,,,,,2011-03-18,,
133,52,2011-03,,,,,,,,,,2011-03-19,,
155,59,2011-03,,,,,,,,,,2011-03-20,,
96,42,2011-03,,,,,,,,,,2011-03-21,,
100,41,2011-03,,,,,,,,,,2011-03-22,,
82,30,2011-03,,,,,,,,,,2011-03-23,,
109,47,2011-03,,,,,,,,,,2011-03-24,,
120,40,2011-03,,,,,,,,,,2011-03-25,,
101,46,2011-03,,,,,,,,,,2011-03-26,,
139,50,2011-03,,,,,,,,,,2011-03-27,,
117,44,2011-03,,,,,,,,,,2011-03-28,,
137,42,2011-03,,,,,,,,,,2011-03-29,,
104,36,2011-03,,,,,,,,,,2011-03-30,,
91,35,2011-03,,,,,,,,,,2011-03-31,,
105,36,2011-04,,,,,,,,,,2011-04-01,,
168,55,2011-04,,,,,,,,,,2011-04-02,,
129,59,2011-04,,,,,,,,,,2011-04-03,,
101,39,2011-04,,,,,,,,,,2011-04-04,,
121,40,2011-04,,,,,,,,,,2011-04-05,,
92,47,2011-04,,,,,,,,,,2011-04-06,,
91,33,2011-04,,,,,,,,,,2011-04-07,,
85,37,2011-04,,,,,,,,,,2011-04-08,,
116,48,2011-04,,,,,,,,,,2011-04-09,,
114,43,2011-04,,,,,,,,,,2011-04-10,,
115,46,2011-04,,,,,,,,,,2011-04-11,,
79,41,2011-04,,,,,,,,,,2011-04-12,,
61,30,2011-04,,,,,,,,,,2011-04-13,,
87,35,2011-04,,,,,,,,,,2011-04-14,,
94,33,2011-04,,,,,,,,,,2011-04-15,,
103,39,2011-04,,,,,,,,,,2011-04-16,,
103,48,2011-04,,,,,,,,,,2011-04-17,,
115,48,2011-04,,,,,,,,,,2011-04-18,,
88,39,2011-04,,,,,,,,,,2011-04-19,,
97,41,2011-04,,,,,,,,,,2011-04-20,,
129,42,2011-04,,,,,,,,,,2011-04-21,,
80,34,2011-04,,,,,,,,,,2011-04-22,,
85,34,2011-04,,,,,,,,,,2011-04-23,,
105,41,2011-04,,,,,,,,,,2011-04-24,,
91,53,2011-04,,,,,,,,,,2011-04-25,,
84,27,2011-04,,,,,,,,,,2011-04-26,,
94,36,2011-04,,,,,,,,,,2011-04-27,,
118,38,2011-04,,,,,,,,,,2011-04-28,,
119,50,2011-04,,,,,,,,,,2011-04-29,,
135,41,2011-04,,,,,,,,,,2011-04-30,,
150,51,2011-05,,,,,,,,,,2011-05-01,,
84,26,2011-05,,,,,,,,,,2011-05-02,,
90,28,2011-05,,,,,,,,,,2011-05-03,,
106,41,2011-05,,,,,,,,,,2011-05-04,,
85,32,2011-05,,,,,,,,,,2011-05-05,,
105,41,2011-05,,,,,,,,,,2011-05-06,,
128,42,2011-05,,,,,,,,,,2011-05-07,,
157,55,2011-05,,,,,,,,,,2011-05-08,,
109,45,2011-05,,,,,,,,,,2011-05-09,,
100,44,2011-05,,,,,,,,,,2011-05-10,,
82,29,2011-05,,,,,,,,,,2011-05-11,,
110,38,2011-05,,,,,,,,,,2011-05-12,,
124,41,2011-05,,,,,,,,,,2011-05-13,,
150,44,2011-05,,,,,,,,,,2011-05-14,,
144,54,2011-05,,,,,,,,,,2011-05-15,,
92,34,2011-05,,,,,,,,,,2011-05-16,,
89,31,2011-05,,,,,,,,,,2011-05-17,,
107,38,2011-05,,,,,,,,,,2011-05-18,,
66,29,2011-05,,,,,,,,,,2011-05-19,,
116,38,2011-05,,,,,,,,,,2011-05-20,,
126,50,2011-05,,,,,,,,,,2011-05-21,,
110,49,2011-05,,,,,,,,,,2011-05-22,,
77,29,2011-05,,,,,,,,,,2011-05-23,,
75,34,2011-05,,,,,,,,,,2011-05-24,,
85,31,2011-05,,,,,,,,,,2011-05-25,,
86,38,2011-05,,,,,,,,,,2011-05-26,,
94,37,2011-05,,,,,,,,,,2011-05-27,,
114,41,2011-05,,,,,,,,,,2011-05-28,,
121,45,2011-05,,,,,,,,,,2011-05-29,,
78,33,2011-05,,,,,,,,,,2011-05-30,,
85,33,2011-05,,,,,,,,,,2011-05-31,,
90,33,2011-06,,,,,,,,,,2011-06-01,,
82,32,2011-06,,,,,,,,,,2011-06-02,,
94,40,2011-06,,,,,,,,,,2011-06-03,,
105,36,2011-06,,,,,,,,,,2011-06-04,,
115,41,2011-06,,,,,,,,,,2011-06-05,,
96,36,2011-06,,,,,,,,,,2011-06-06,,
113,32,2011-06,,,,,,,,,,2011-06-07,,
94,37,2011-06,,,,,,,,,,2011-06-08,,
123,39,2011-06,,,,,,,,,,2011-06-09,,
97,37,2011-06,,,,,,,,,,2011-06-10,,
112,45,2011-06,,,,,,,,,,2011-06-11,,
108,46,2011-06,,,,,,,,,,2011-06-12,,
108,40,2011-06,,,,,,,,,,2011-06-13,,
77,37,2011-06,,,,,,,,,,2011-06-14,,
63,29,2011-06,,,,,,,,,,2011-06-15,,
139,41,2011-06,,,,,,,,,,2011-06-16,,
98,38,2011-06,,,,,,,,,,2011-06-17,,
111,46,2011-06,,,,,,,,,,2011-06-18,,
125,51,2011-06,,,,,,,,,,2011-06-19,,
100,38,2011-06,,,,,,,,,,2011-06-20,,
94,30,2011-06,,,,,,,,,,2011-06-21,,
92,37,2011-06,,,,,,,,,,2011-06-22,,
91,41,2011-06,,,,,,,,,,2011-06-23,,
99,39,2011-06,,,,,,,,,,2011-06-24,,
117,38,2011-06,,,,,,,,,,2011-06-25,,
102,46,2011-06,,,,,,,,,,2011-06-26,,
93,41,2011-06,,,,,,,,,,2011-06-27,,
80,31,2011-06,,,,,,,,,,2011-06-28,,
58,29,2011-06,,,,,,,,,,2011-06-29,,
90,39,2011-06,,,,,,,,,,2011-06-30,,
100,34,2011-07,,,,,,,,,,2011-07-01,,
113,43,2011-07,,,,,,,,,,2011-07-02,,
147,54,2011-07,,,,,,,,,,2011-07-03,,
115,46,2011-07,,,,,,,,,,2011-07-04,,
96,36,2011-07,,,,,,,,,,2011-07-05,,
69,34,2011-07,,,,,,,,,,2011-07-06,,
93,34,2011-07,,,,,,,,,,2011-07-07,,
93,39,2011-07,,,,,,,,,,2011-07-08,,
96,44,2011-07,,,,,,,,,,2011-07-09,,
110,40,2011-07,,,,,,,,,,2011-07-10,,
79,38,2011-07,,,,,,,,,,2011-07-11,,
78,31,2011-07,,,,,,,,,,2011-07-12,,
84,31,2011-07,,,,,,,,,,2011-07-13,,
71,34,2011-07,,,,,,,,,,2011-07-14,,
62,30,2011-07,,,,,,,,,,2011-07-15,,
107,47,2011-07,,,,,,,,,,2011-07-16,,
98,47,2011-07,,,,,,,,,,2011-07-17,,
96,40,2011-07,,,,,,,,,,2011-07-18,,
96,38,2011-07,,,,,,,,,,2011-07-19,,
103,39,2011-07,,,,,,,,,,2011-07-20,,
61,28,2011-07,,,,,,,,,,2011-07-21,,
111,42,2011-07,,,,,,,,,,2011-07-22,,
101,43,2011-07,,,,,,,,,,2011-07-23,,
89,42,2011-07,,,,,,,,,,2011-07-24,,
80,34,2011-07,,,,,,,,,,2011-07-25,,
92,34,2011-07,,,,,,,,,,2011-07-26,,
81,37,2011-07,,,,,,,,,,2011-07-27,,
70,29,2011-07,,,,,,,,,,2011-07-28,,
114,41,2011-07,,,,,,,,,,2011-07-29,,
119,43,2011-07,,,,,,,,,,2011-07-30,,
116,49,2011-07,,,,,,,,,,2011-07-31,,
102,43,2011-08,,,,,,,,,,2011-08-01,,
81,30,2011-08,,,,,,,,,,2011-08-02,,
98,33,2011-08,,,,,,,,,,2011-08-03,,
96,46,2011-08,,,,,,,,,,2011-08-04,,
118,44,2011-08,,,,,,,,,,2011-08-05,,
137,52,2011-08,,,,,,,,,,2011-08-06,,
137,46,2011-08,,,,,,,,,,2011-08-07,,
117,45,2011-08,,,,,,,,,,2011-08-08,,
88,37,2011-08,,,,,,,,,,2011-08-09,,
86,34,2011-08,,,,,,,,,,2011-08-10,,
90,28,2011-08,,,,,,,,,,2011-08-11,,
121,40,2011-08,,,,,,,,,,2011-08-12,,
121,49,2011-08,,,,,,,,,,2011-08-13,,
115,48,2011-08,,,,,,,,,,2011-08-14,,
113,39,2011-08,,,,,,,,,,2011-08-15,,
66,33,2011-08,,,,,,,,,,2011-08-16,,
83,34,2011-08,,,,,,,,,,2011-08-17,,
75,33,2011-08,,,,,,,,,,2011-08-18,,
128,42,2011-08,,,,,,,,,,2011-08-19,,
95,37,2011-08,,,,,,,,,,2011-08-20,,
122,40,2011-08,,,,,,,,,,2011-08-21,,
88,34,2011-08,,,,,,,,,,2011-08-22,,
80,32,2011-08,,,,,,,,,,2011-08-23,,
96,30,2011-08,,,,,,,,,,2011-08-24,,
95,38,2011-08,,,,,,,,,,2011-08-25,,
85,29,2011-08,,,,,,,,,,2011-08-26,,
117,45,2011-08,,,,,,,,,,2011-08-27,,
97,44,2011-08,,,,,,,,,,2011-08-28,,
86,35,2011-08,,,,,,,,,,2011-08-29,,
90,36,2011-08,,,,,,,,,,2011-08-30,,
77,32,2011-08,,,,,,,,,,2011-08-31,,
87,31,2011-09,,,,,,,,,,2011-09-01,,
106,39,2011-09,,,,,,,,,,2011-09-02,,
119,48,2011-09,,,,,,,,,,2011-09-03,,
119,52,2011-09,,,,,,,,,,2011-09-04,,
97,41,2011-09,,,,,,,,,,2011-09-05,,
91,31,2011-09,,,,,,,,,,2011-09-06,,
93,41,2011-09,,,,,,,,,,2011-09-07,,
106,39,2011-09,,,,,,,,,,2011-09-08,,
127,43,2011-09,,,,,,,,,,2011-09-09,,
120,44,2011-09,,,,,,,,,,2011-09-10,,
140,58,2011-09,,,,,,,,,,2011-09-11,,
106,44,2011-09,,,,,,,,,,2011-09-12,,
107,32,2011-09,,,,,,,,,,2011-09-13,,
98,34,2011-09,,,,,,,,,,2011-09-14,,
101,41,2011-09,,,,,,,,,,2011-09-15,,
104,39,2011-09,,,,,,,,,,2011-09-16,,
115,39,2011-09,,,,,,,,,,2011-09-17,,
151,56,2011-09,,,,,,,,,,2011-09-18,,
111,45,2011-09,,,,,,,,,,2011-09-19,,
73,32,2011-09,,,,,,,,,,2011-09-20,,
62,26,2011-09,,,,,,,,,,2011-09-21,,
120,34,2011-09,,,,,,,,,,2011-09-22,,
96,34,2011-09,,,,,,,,,,2011-09-23,,
104,37,2011-09,,,,,,,,,,2011-09-24,,
120,52,2011-09,,,,,,,,,,2011-09-25,,
76,33,2011-09,,,,,,,,,,2011-09-26,,
103,40,2011-09,,,,,,,,,,2011-09-27,,
86,34,2011-09,,,,,,,,,,2011-09-28,,
74,36,2011-09,,,,,,,,,,2011-09-29,,
85,33,2011-09,,,,,,,,,,2011-09-30,,
106,45,2011-10,,,,,,,,,,2011-10-01,,
121,43,2011-10,,,,,,,,,,2011-10-02,,
91,41,2011-10,,,,,,,,,,2011-10-03,,
100,34,2011-10,,,,,,,,,,2011-10-04,,
100,41,2011-10,,,,,,,,,,2011-10-05,,
100,42,2011-10,,,,,,,,,,2011-10-06,,
110,36,2011-10,,,,,,,,,,2011-10-07,,
111,43,2011-10,,,,,,,,,,2011-10-08,,
131,51,2011-10,,,,,,,,,,2011-10-09,,
70,29,2011-10,,,,,,,,,,2011-10-10,,
85,33,2011-10,,,,,,,,,,2011-10-11,,
95,35,2011-10,,,,,,,,,,2011-10-12,,
83,30,2011-10,,,,,,,,,,2011-10-13,,
76,29,2011-10,,,,,,,,,,2011-10-14,,
124,51,2011-10,,,,,,,,,,2011-10-15,,
132,55,2011-10,,,,,,,,,,2011-10-16,,
101,37,2011-10,,,,,,,,,,2011-10-17,,
93,33,2011-10,,,,,,,,,,2011-10-18,,
63,28,2011-10,,,,,,,,,,2011-10-19,,
68,32,2011-10,,,,,,,,,,2011-10-20,,
93,37,2011-10,,,,,,,,,,2011-10-21,,
100,44,2011-10,,,,,,,,,,2011-10-22,,
125,50,2011-10,,,,,,,,,,2011-10-23,,
87,39,2011-10,,,,,,,,,,2011-10-24,,
88,36,2011-10,,,,,,,,,,2011-10-25,,
92,31,2011-10,,,,,,,,,,2011-10-26,,
83,37,2011-10,,,,,,,,,,2011-10-27,,
59,29,2011-10,,,,,,,,,,2011-10-28,,
65,32,2011-10,,,,,,,,,,2011-10-29,,
69,33,2011-10,,,,,,,,,,2011-10-30,,
110,23,2011-10,,,,,,,,,,2011-10-31,,
78,37,2011-11,,,,,,,,,,2011-11-01,,
71,31,2011-11,,,,,,,,,,2011-11-02,,
99,40,2011-11,,,,,,,,,,2011-11-03,,
77,36,2011-11,,,,,,,,,,2011-11-04,,
125,43,2011-11,,,,,,,,,,2011-11-05,,
133,55,2011-11,,,,,,,,,,2011-11-06,,
63,32,2011-11,,,,,,,,,,2011-11-07,,
73,27,2011-11,,,,,,,,,,2011-11-08,,
57,20,2011-11,,,,,,,,,,2011-11-09,,
81,36,2011-11,,,,,,,,,,2011-11-10,,
66,26,2011-11,,,,,,,,,,2011-11-11,,
105,38,2011-11,,,,,,,,,,2011-11-12,,
95,41,2011-11,,,,,,,,,,2011-11-13,,
92,32,2011-11,,,,,,,,,,2011-11-14,,
73,30,2011-11,,,,,,,,,,2011-11-15,,
64,28,2011-11,,,,,,,,,,2011-11-16,,
76,31,2011-11,,,,,,,,,,2011-11-17,,
72,28,2011-11,,,,,,,,,,2011-11-18,,
112,40,2011-11,,,,,,,,,,2011-11-19,,
97,48,2011-11,,,,,,,,,,2011-11-20,,
87,34,2011-11,,,,,,,,,,2011-11-21,,
70,26,2011-11,,,,,,,,,,2011-11-22,,
100,35,2011-11,,,,,,,,,,2011-11-23,,
59,25,2011-11,,,,,,,,,,2011-11-24,,
81,31,2011-11,,,,,,,,,,2011-11-25,,
93,38,2011-11,,,,,,,,,,2011-11-26,,
89,40,2011-11,,,,,,,,,,2011-11-27,,
68,28,2011-11,,,,,,,,,,2011-11-28,,
74,27,2011-11,,,,,,,,,,2011-11-29,,
63,22,2011-11,,,,,,,,,,2011-11-30,,
66,26,2011-12,,,,,,,,,,2011-12-01,,
79,34,2011-12,,,,,,,,,,2011-12-02,,
67,29,2011-12,,,,,,,,,,2011-12-03,,
95,37,2011-12,,,,,,,,,,2011-12-04,,
75,27,2011-12,,,,,,,,,,2011-12-05,,
60,28,2011-12,,,,,,,,,,2011-12-06,,
80,31,2011-12,,,,,,,,,,2011-12-07,,
83,31,2011-12,,,,,,,,,,2011-12-08,,
73,27,2011-12,,,,,,,,,,2011-12-09,,
86,37,2011-12,,,,,,,,,,2011-12-10,,
88,33,2011-12,,,,,,,,,,2011-12-11,,
99,33,2011-12,,,,,,,,,,2011-12-12,,
63,27,2011-12,,,,,,,,,,2011-12-13,,
57,22,2011-12,,,,,,,,,,2011-12-14,,
54,22,2011-12,,,,,,,,,,2011-12-15,,
80,31,2011-12,,,,,,,,,,2011-12-16,,
105,36,2011-12,,,,,,,,,,2011-12-17,,
102,36,2011-12,,,,,,,,,,2011-12-18,,
54,28,2011-12,,,,,,,,,,2011-12-19,,
51,18,2011-12,,,,,,,,,,2011-12-20,,
69,32,2011-12,,,,,,,,,,2011-12-21,,
60,27,2011-12,,,,,,,,,,2011-12-22,,
97,31,2011-12,,,,,,,,,,2011-12-23,,
105,37,2011-12,,,,,,,,,,2011-12-24,,
94,36,2011-12,,,,,,,,,,2011-12-25,,
86,37,2011-12,,,,,,,,,,2011-12-26,,
63,27,2011-12,,,,,,,,,,2011-12-27,,
51,28,2011-12,,,,,,,,,,2011-12-28,,
40,18,2011-12,,,,,,,,,,2011-12-29,,
51,23,2011-12,,,,,,,,,,2011-12-30,,
108,27,2011-12,,,,,,,,,,2011-12-31,,
240,88,2012-01,,,,,,,,,,2012-01-01,,
127,49,2012-01,,,,,,,,,,2012-01-02,,
89,40,2012-01,,,,,,,,,,2012-01-03,,
106,38,2012-01,,,,,,,,,,2012-01-04,,
125,50,2012-01,,,,,,,,,,2012-01-05,,
102,46,2012-01,,,,,,,,,,2012-01-06,,
119,53,2012-01,,,,,,,,,,2012-01-07,,
120,49,2012-01,,,,,,,,,,2012-01-08,,
133,45,2012-01,,,,,,,,,,2012-01-09,,
139,46,2012-01,,,,,,,,,,2012-01-10,,
110,40,2012-01,,,,,,,,,,2012-01-11,,
108,39,2012-01,,,,,,,,,,2012-01-12,,
120,53,2012-01,,,,,,,,,,2012-01-13,,
127,46,2012-01,,,,,,,,,,2012-01-14,,
135,45,2012-01,,,,,,,,,,2012-01-15,,
121,43,2012-01,,,,,,,,,,2012-01-16,,
96,37,2012-01,,,,,,,,,,2012-01-17,,
117,39,2012-01,,,,,,,,,,2012-01-18,,
91,34,2012-01,,,,,,,,,,2012-01-19,,
94,39,2012-01,,,,,,,,,,2012-01-20,,
137,54,2012-01,,,,,,,,,,2012-01-21,,
122,48,2012-01,,,,,,,,,,2012-01-22,,
128,53,2012-01,,,,,,,,,,2012-01-23,,
98,35,2012-01,,,,,,,,,,2012-01-24,,
87,38,2012-01,,,,,,,,,,2012-01-25,,
116,46,2012-01,,,,,,,,,,2012-01-26,,
79,40,2012-01,,,,,,,,,,2012-01-27,,
146,50,2012-01,,,,,,,,,,2012-01-28,,
153,63,2012-01,,,,,,,,,,2012-01-29,,
107,35,2012-01,,,,,,,,,,2012-01-30,,
88,42,2012-01,,,,,,,,,,2012-01-31,,
95,38,2012-02,,,,,,,,,,2012-02-01,,
107,42,2012-02,,,,,,,,,,2012-02-02,,
128,47,2012-02,,,,,,,,,,2012-02-03,,
157,54,2012-02,,,,,,,,,,2012-02-04,,
140,54,2012-02,,,,,,,,,,2012-02-05,,
139,52,2012-02,,,,,,,,,,2012-02-06,,
131,45,2012-02,,,,,,,,,,2012-02-07,,
102,39,2012-02,,,,,,,,,,2012-02-08,,
94,32,2012-02,,,,,,,,,,2012-02-09,,
93,40,2012-02,,,,,,,,,,2012-02-10,,
138,48,2012-02,,,,,,,,,,2012-02-11,,
171,57,2012-02,,,,,,,,,,2012-02-12,,
129,47,2012-02,,,,,,,,,,2012-02-13,,
98,34,2012-02,,,,,,,,,,2012-02-14,,
115,42,2012-02,,,,,,,,,,2012-02-15,,
101,40,2012-02,,,,,,,,,,2012-02-16,,
149,46,2012-02,,,,,,,,,,2012-02-17,,
141,46,2012-02,,,,,,,,,,2012-02-18,,
139,53,2012-02,,,,,,,,,,2012-02-19,,
130,48,2012-02,,,,,,,,,,2012-02-20,,
112,45,2012-02,,,,,,,,,,2012-02-21,,
122,46,2012-02,,,,,,,,,,2012-02-22,,
84,28,2012-02,,,,,,,,,,2012-02-23,,
124,44,2012-02,,,,,,,,,,2012-02-24,,
112,47,2012-02,,,,,,,,,,2012-02-25,,
102,44,2012-02,,,,,,,,,,2012-02-26,,
139,47,2012-02,,,,,,,,,,2012-02-27,,
118,40,2012-02,,,,,,,,,,2012-02-28,,
112,48,2012-02,,,,,,,,,,2012-02-29,,
110,40,2012-03,,,,,,,,,,2012-03-01,,
143,43,2012-03,,,,,,,,,,2012-03-02,,
171,57,2012-03,,,,,,,,,,2012-03-03,,
170,66,2012-03,,,,,,,,,,2012-03-04,,
129,47,2012-03,,,,,,,,,,2012-03-05,,
123,43,2012-03,,,,,,,,,,2012-03-06,,
125,37,2012-03,,,,,,,,,,2012-03-07,,
118,38,2012-03,,,,,,,,,,2012-03-08,,
114,38,2012-03,,,,,,,,,,2012-03-09,,
94,39,2012-03,,,,,,,,,,2012-03-10,,
141,54,2012-03,,,,,,,,,,2012-03-11,,
110,46,2012-03,,,,,,,,,,2012-03-12,,
107,41,2012-03,,,,,,,,,,2012-03-13,,
128,43,2012-03,,,,,,,,,,2012-03-14,,
126,44,2012-03,,,,,,,,,,2012-03-15,,
101,42,2012-03,,,,,,,,,,2012-03-16,,
148,49,2012-03,,,,,,,,,,2012-03-17,,
152,52,2012-03,,,,,,,,,,2012-03-18,,
117,44,2012-03,,,,,,,,,,2012-03-19,,
135,44,2012-03,,,,,,,,,,2012-03-20,,
115,43,2012-03,,,,,,,,,,2012-03-21,,
80,38,2012-03,,,,,,,,,,2012-03-22,,
104,40,2012-03,,,,,,,,,,2012-03-23,,
134,42,2012-03,,,,,,,,,,2012-03-24,,
121,50,2012-03,,,,,,,,,,2012-03-25,,
116,36,2012-03,,,,,,,,,,2012-03-26,,
93,35,2012-03,,,,,,,,,,2012-03-27,,
70,36,2012-03,,,,,,,,,,2012-03-28,,
80,33,2012-03,,,,,,,,,,2012-03-29,,
107,37,2012-03,,,,,,,,,,2012-03-30,,
128,51,2012-03,,,,,,,,,,2012-03-31,,
163,57,2012-04,,,,,,,,,,2012-04-01,,
109,45,2012-04,,,,,,,,,,2012-04-02,,
90,35,2012-04,,,,,,,,,,2012-04-03,,
119,57,2012-04,,,,,,,,,,2012-04-04,,
94,39,2012-04,,,,,,,,,,2012-04-05,,
80,38,2012-04,,,,,,,,,,2012-04-06,,
91,44,2012-04,,,,,,,,,,2012-04-07,,
107,43,2012-04,,,,,,,,,,2012-04-08,,
113,45,2012-04,,,,,,,,,,2012-04-09,,
99,43,2012-04,,,,,,,,,,2012-04-10,,
103,42,2012-04,,,,,,,,,,2012-04-11,,
100,35,2012-04,,,,,,,,,,2012-04-12,,
116,39,2012-04,,,,,,,,,,2012-04-13,,
118,56,2012-04,,,,,,,,,,2012-04-14,,
140,63,2012-04,,,,,,,,,,2012-04-15,,
88,41,2012-04,,,,,,,,,,2012-04-16,,
99,41,2012-04,,,,,,,,,,2012-04-17,,
96,34,2012-04,,,,,,,,,,2012-04-18,,
96,42,2012-04,,,,,,,,,,2012-04-19,,
125,46,2012-04,,,,,,,,,,2012-04-20,,
114,40,2012-04,,,,,,,,,,2012-04-21,,
147,56,2012-04,,,,,,,,,,2012-04-22,,
103,35,2012-04,,,,,,,,,,2012-04-23,,
89,35,2012-04,,,,,,,,,,2012-04-24,,
122,37,2012-04,,,,,,,,,,2012-04-25,,
85,36,2012-04,,,,,,,,,,2012-04-26,,
90,36,2012-04,,,,,,,,,,2012-04-27,,
117,49,2012-04,,,,,,,,,,2012-04-28,,
113,53,2012-04,,,,,,,,,,2012-04-29,,
126,47,2012-04,,,,,,,,,,2012-04-30,,
94,30,2012-05,,,,,,,,,,2012-05-01,,
113,38,2012-05,,,,,,,,,,2012-05-02,,
101,39,2012-05,,,,,,,,,,2012-05-03,,
99,44,2012-05,,,,,,,,,,2012-05-04,,
128,54,2012-05,,,,,,,,,,2012-05-05,,
122,50,2012-05,,,,,,,,,,2012-05-06,,
103,43,2012-05,,,,,,,,,,2012-05-07,,
94,41,2012-05,,,,,,,,,,2012-05-08,,
107,43,2012-05,,,,,,,,,,2012-05-09,,
123,48,2012-05,,,,,,,,,,2012-05-10,,
99,37,2012-05,,,,,,,,,,2012-05-11,,
135,43,2012-05,,,,,,,,,,2012-05-12,,
141,46,2012-05,,,,,,,,,,2012-05-13,,
123,50,2012-05,,,,,,,,,,2012-05-14,,
121,40,2012-05,,,,,,,,,,2012-05-15,,
109,35,2012-05,,,,,,,,,,2012-05-16,,
100,39,2012-05,,,,,,,,,,2012-05-17,,
95,37,2012-05,,,,,,,,,,2012-05-18,,
152,44,2012-05,,,,,,,,,,2012-05-19,,
125,57,2012-05,,,,,,,,,,2012-05-20,,
108,45,2012-05,,,,,,,,,,2012-05-21,,
91,31,2012-05,,,,,,,,,,2012-05-22,,
105,38,2012-05,,,,,,,,,,2012-05-23,,
100,31,2012-05,,,,,,,,,,2012-05-24,,
106,33,2012-05,,,,,,,,,,2012-05-25,,
120,39,2012-05,,,,,,,,,,2012-05-26,,
106,43,2012-05,,,,,,,,,,2012-05-27,,
88,29,2012-05,,,,,,,,,,2012-05-28,,
76,28,2012-05,,,,,,,,,,2012-05-29,,
77,27,2012-05,,,,,,,,,,2012-05-30,,
79,29,2012-05,,,,,,,,,,2012-05-31,,
128,45,2012-06,,,,,,,,,,2012-06-01,,
117,41,2012-06,,,,,,,,,,2012-06-02,,
125,55,2012-06,,,,,,,,,,2012-06-03,,
97,39,2012-06,,,,,,,,,,2012-06-04,,
96,30,2012-06,,,,,,,,,,2012-06-05,,
66,28,2012-06,,,,,,,,,,2012-06-06,,
94,37,2012-06,,,,,,,,,,2012-06-07,,
102,39,2012-06,,,,,,,,,,2012-06-08,,
144,56,2012-06,,,,,,,,,,2012-06-09,,
111,51,2012-06,,,,,,,,,,2012-06-10,,
99,34,2012-06,,,,,,,,,,2012-06-11,,
108,42,2012-06,,,,,,,,,,2012-06-12,,
100,31,2012-06,,,,,,,,,,2012-06-13,,
87,35,2012-06,,,,,,,,,,2012-06-14,,
103,42,2012-06,,,,,,,,,,2012-06-15,,
99,36,2012-06,,,,,,,,,,2012-06-16,,
147,44,2012-06,,,,,,,,,,2012-06-17,,
106,44,2012-06,,,,,,,,,,2012-06-18,,
119,43,2012-06,,,,,,,,,,2012-06-19,,
100,37,2012-06,,,,,,,,,,2012-06-20,,
71,32,2012-06,,,,,,,,,,2012-06-21,,
111,43,2012-06,,,,,,,,,,2012-06-22,,
96,38,2012-06,,,,,,,,,,2012-06-23,,
117,46,2012-06,,,,,,,,,,2012-06-24,,
72,36,2012-06,,,,,,,,,,2012-06-25,,
99,33,2012-06,,,,,,,,,,2012-06-26,,
79,35,2012-06,,,,,,,,,,2012-06-27,,
87,29,2012-06,,,,,,,,,,2012-06-28,,
104,41,2012-06,,,,,,,,,,2012-06-29,,
138,53,2012-06,,,,,,,,,,2012-06-30,,
130,53,2012-07,,,,,,,,,,2012-07-01,,
106,42,2012-07,,,,,,,,,,2012-07-02,,
73,27,2012-07,,,,,,,,,,2012-07-03,,
144,38,2012-07,,,,,,,,,,2012-07-04,,
95,32,2012-07,,,,,,,,,,2012-07-05,,
79,31,2012-07,,,,,,,,,,2012-07-06,,
120,45,2012-07,,,,,,,,,,2012-07-07,,
108,40,2012-07,,,,,,,,,,2012-07-08,,
108,38,2012-07,,,,,,,,,,2012-07-09,,
105,35,2012-07,,,,,,,,,,2012-07-10,,
94,36,2012-07,,,,,,,,,,2012-07-11,,
85,34,2012-07,,,,,,,,,,2012-07-12,,
108,42,2012-07,,,,,,,,,,2012-07-13,,
115,42,2012-07,,,,,,,,,,2012-07-14,,
129,53,2012-07,,,,,,,,,,2012-07-15,,
105,44,2012-07,,,,,,,,,,2012-07-16,,
96,42,2012-07,,,,,,,,,,2012-07-17,,
96,35,2012-07,,,,,,,,,,2012-07-18,,
87,34,2012-07,,,,,,,,,,2012-07-19,,
120,39,2012-07,,,,,,,,,,2012-07-20,,
93,38,2012-07,,,,,,,,,,2012-07-21,,
143,55,2012-07,,,,,,,,,,2012-07-22,,
99,31,2012-07,,,,,,,,,,2012-07-23,,
85,34,2012-07,,,,,,,,,,2012-07-24,,
98,35,2012-07,,,,,,,,,,2012-07-25,,
97,33,2012-07,,,,,,,,,,2012-07-26,,
87,36,2012-07,,,,,,,,,,2012-07-27,,
96,40,2012-07,,,,,,,,,,2012-07-28,,
120,43,2012-07,,,,,,,,,,2012-07-29,,
66,34,2012-07,,,,,,,,,,2012-07-30,,
75,33,2012-07,,,,,,,,,,2012-07-31,,
86,37,2012-08,,,,,,,,,,2012-08-01,,
74,29,2012-08,,,,,,,,,,2012-08-02,,
103,38,2012-08,,,,,,,,,,2012-08-03,,
118,41,2012-08,,,,,,,,,,2012-08-04,,
123,53,2012-08,,,,,,,,,,2012-08-05,,
103,39,2012-08,,,,,,,,,,2012-08-06,,
91,36,2012-08,,,,,,,,,,2012-08-07,,
89,31,2012-08,,,,,,,,,,2012-08-08,,
89,32,2012-08,,,,,,,,,,2012-08-09,,
105,38,2012-08,,,,,,,,,,2012-08-10,,
97,45,2012-08,,,,,,,,,,2012-08-11,,
95,44,2012-08,,,,,,,,,,2012-08-12,,
92,37,2012-08,,,,,,,,,,2012-08-13,,
72,30,2012-08,,,,,,,,,,2012-08-14,,
93,38,2012-08,,,,,,,,,,2012-08-15,,
108,31,2012-08,,,,,,,,,,2012-08-16,,
81,27,2012-08,,,,,,,,,,2012-08-17,,
129,47,2012-08,,,,,,,,,,2012-08-18,,
140,56,2012-08,,,,,,,,,,2012-08-19,,
83,42,2012-08,,,,,,,,,,2012-08-20,,
84,33,2012-08,,,,,,,,,,2012-08-21,,
103,37,2012-08,,,,,,,,,,2012-08-22,,
84,34,2012-08,,,,,,,,,,2012-08-23,,
83,34,2012-08,,,,,,,,,,2012-08-24,,
122,47,2012-08,,,,,,,,,,2012-08-25,,
119,43,2012-08,,,,,,,,,,2012-08-26,,
99,39,2012-08,,,,,,,,,,2012-08-27,,
101,34,2012-08,,,,,,,,,,2012-08-28,,
77,33,2012-08,,,,,,,,,,2012-08-29,,
83,33,2012-08,,,,,,,,,,2012-08-30,,
99,29,2012-08,,,,,,,,,,2012-08-31,,
119,48,2012-09,,,,,,,,,,2012-09-01,,
112,45,2012-09,,,,,,,,,,2012-09-02,,
90,34,2012-09,,,,,,,,,,2012-09-03,,
87,34,2012-09,,,,,,,,,,2012-09-04,,
108,39,2012-09,,,,,,,,,,2012-09-05,,
120,45,2012-09,,,,,,,,,,2012-09-06,,
102,35,2012-09,,,,,,,,,,2012-09-07,,
115,41,2012-09,,,,,,,,,,2012-09-08,,
129,48,2012-09,,,,,,,,,,2012-09-09,,
109,50,2012-09,,,,,,,,,,2012-09-10,,
103,34,2012-09,,,,,,,,,,2012-09-11,,
74,26,2012-09,,,,,,,,,,2012-09-12,,
82,32,2012-09,,,,,,,,,,2012-09-13,,
111,43,2012-09,,,,,,,,,,2012-09-14,,
138,42,2012-09,,,,,,,,,,2012-09-15,,
115,42,2012-09,,,,,,,,,,2012-09-16,,
111,40,2012-09,,,,,,,,,,2012-09-17,,
113,37,2012-09,,,,,,,,,,2012-09-18,,
111,37,2012-09,,,,,,,,,,2012-09-19,,
82,38,2012-09,,,,,,,,,,2012-09-20,,
91,38,2012-09,,,,,,,,,,2012-09-21,,
131,41,2012-09,,,,,,,,,,2012-09-22,,
111,47,2012-09,,,,,,,,,,2012-09-23,,
87,37,2012-09,,,,,,,,,,2012-09-24,,
95,36,2012-09,,,,,,,,,,2012-09-25,,
50,28,2012-09,,,,,,,,,,2012-09-26,,
96,33,2012-09,,,,,,,,,,2012-09-27,,
112,40,2012-09,,,,,,,,,,2012-09-28,,
96,44,2012-09,,,,,,,,,,2012-09-29,,
97,37,2012-09,,,,,,,,,,2012-09-30,,
83,30,2012-10,,,,,,,,,,2012-10-01,,
87,36,2012-10,,,,,,,,,,2012-10-02,,
75,37,2012-10,,,,,,,,,,2012-10-03,,
91,34,2012-10,,,,,,,,,,2012-10-04,,
114,40,2012-10,,,,,,,,,,2012-10-05,,
148,51,2012-10,,,,,,,,,,2012-10-06,,
113,47,2012-10,,,,,,,,,,2012-10-07,,
85,27,2012-10,,,,,,,,,,2012-10-08,,
81,36,2012-10,,,,,,,,,,2012-10-09,,
93,34,2012-10,,,,,,,,,,2012-10-10,,
75,31,2012-10,,,,,,,,,,2012-10-11,,
91,40,2012-10,,,,,,,,,,2012-10-12,,
106,44,2012-10,,,,,,,,,,2012-10-13,,
98,44,2012-10,,,,,,,,,,2012-10-14,,
74,36,2012-10,,,,,,,,,,2012-10-15,,
64,27,2012-10,,,,,,,,,,2012-10-16,,
92,35,2012-10,,,,,,,,,,2012-10-17,,
74,33,2012-10,,,,,,,,,,2012-10-18,,
65,29,2012-10,,,,,,,,,,2012-10-19,,
136,43,2012-10,,,,,,,,,,2012-10-20,,
114,45,2012-10,,,,,,,,,,2012-10-21,,
91,41,2012-10,,,,,,,,,,2012-10-22,,
67,25,2012-10,,,,,,,,,,2012-10-23,,
58,30,2012-10,,,,,,,,,,2012-10-24,,
82,26,2012-10,,,,,,,,,,2012-10-25,,
92,31,2012-10,,,,,,,,,,2012-10-26,,
89,42,2012-10,,,,,,,,,,2012-10-27,,
91,41,2012-10,,,,,,,,,,2012-10-28,,
113,45,2012-10,,,,,,,,,,2012-10-29,,
57,28,2012-10,,,,,,,,,,2012-10-30,,
82,36,2012-10,,,,,,,,,,2012-10-31,,
101,40,2012-11,,,,,,,,,,2012-11-01,,
72,35,2012-11,,,,,,,,,,2012-11-02,,
136,45,2012-11,,,,,,,,,,2012-11-03,,
149,51,2012-11,,,,,,,,,,2012-11-04,,
79,39,2012-11,,,,,,,,,,2012-11-05,,
92,30,2012-11,,,,,,,,,,2012-11-06,,
84,34,2012-11,,,,,,,,,,2012-11-07,,
69,29,2012-11,,,,,,,,,,2012-11-08,,
77,36,2012-11,,,,,,,,,,2012-11-09,,
114,47,2012-11,,,,,,,,,,2012-11-10,,
123,54,2012-11,,,,,,,,,,2012-11-11,,
81,36,2012-11,,,,,,,,,,2012-11-12,,
97,41,2012-11,,,,,,,,,,2012-11-13,,
57,31,2012-11,,,,,,,,,,2012-11-14,,
67,27,2012-11,,,,,,,,,,2012-11-15,,
82,37,2012-11,,,,,,,,,,2012-11-16,,
94,42,2012-11,,,,,,,,,,2012-11-17,,
109,37,2012-11,,,,,,,,,,2012-11-18,,
100,35,2012-11,,,,,,,,,,2012-11-19,,
72,27,2012-11,,,,,,,,,,2012-11-20,,
80,27,2012-11,,,,,,,,,,2012-11-21,,
64,29,2012-11,,,,,,,,,,2012-11-22,,
72,26,2012-11,,,,,,,,,,2012-11-23,,
121,43,2012-11,,,,,,,,,,2012-11-24,,
115,47,2012-11,,,,,,,,,,2012-11-25,,
59,31,2012-11,,,,,,,,,,2012-11-26,,
89,30,2012-11,,,,,,,,,,2012-11-27,,
76,29,2012-11,,,,,,,,,,2012-11-28,,
63,25,2012-11,,,,,,,,,,2012-11-29,,
75,30,2012-11,,,,,,,,,,2012-11-30,,
112,46,2012-12,,,,,,,,,,2012-12-01,,
127,48,2012-12,,,,,,,,,,2012-12-02,,
73,32,2012-12,,,,,,,,,,2012-12-03,,
69,29,2012-12,,,,,,,,,,2012-12-04,,
70,32,2012-12,,,,,,,,,,2012-12-05,,
77,36,2012-12,,,,,,,,,,2012-12-06,,
95,33,2012-12,,,,,,,,,,2012-12-07,,
123,43,2012-12,,,,,,,,,,2012-12-08,,
96,43,2012-12,,,,,,,,,,2012-12-09,,
130,37,2012-12,,,,,,,,,,2012-12-10,,
86,35,2012-12,,,,,,,,,,2012-12-11,,
57,25,2012-12,,,,,,,,,,2012-12-12,,
67,29,2012-12,,,,,,,,,,2012-12-13,,
106,39,2012-12,,,,,,,,,,2012-12-14,,
106,35,2012-12,,,,,,,,,,2012-12-15,,
91,38,2012-12,,,,,,,,,,2012-12-16,,
77,33,2012-12,,,,,,,,,,2012-12-17,,
84,30,2012-12,,,,,,,,,,2012-12-18,,
69,33,2012-12,,,,,,,,,,2012-12-19,,
75,37,2012-12,,,,,,,,,,2012-12-20,,
74,30,2012-12,,,,,,,,,,2012-12-21,,
109,37,2012-12,,,,,,,,,,2012-12-22,,
108,50,2012-12,,,,,,,,,,2012-12-23,,
78,38,2012-12,,,,,,,,,,2012-12-24,,
115,34,2012-12,,,,,,,,,,2012-12-25,,
63,28,2012-12,,,,,,,,,,2012-12-26,,
77,34,2012-12,,,,,,,,,,2012-12-27,,
36,18,2012-12,,,,,,,,,,2012-12-28,,
69,36,2012-12,,,,,,,,,,2012-12-29,,
88,47,2012-12,,,,,,,,,,2012-12-30,,
78,36,2012-12,,,,,,,,,,2012-12-31,,
213,82,2013-01,,,,,,,,,,2013-01-01,,
100,47,2013-01,,,,,,,,,,2013-01-02,,
104,43,2013-01,,,,,,,,,,2013-01-03,,
99,43,2013-01,,,,,,,,,,2013-01-04,,
149,44,2013-01,,,,,,,,,,2013-01-05,,
131,62,2013-01,,,,,,,,,,2013-01-06,,
155,62,2013-01,,,,,,,,,,2013-01-07,,
119,46,2013-01,,,,,,,,,,2013-01-08,,
72,39,2013-01,,,,,,,,,,2013-01-09,,
108,38,2013-01,,,,,,,,,,2013-01-10,,
94,37,2013-01,,,,,,,,,,2013-01-11,,
144,52,2013-01,,,,,,,,,,2013-01-12,,
167,47,2013-01,,,,,,,,,,2013-01-13,,
150,50,2013-01,,,,,,,,,,2013-01-14,,
106,35,2013-01,,,,,,,,,,2013-01-15,,
100,32,2013-01,,,,,,,,,,2013-01-16,,
91,32,2013-01,,,,,,,,,,2013-01-17,,
108,44,2013-01,,,,,,,,,,2013-01-18,,
145,61,2013-01,,,,,,,,,,2013-01-19,,
137,54,2013-01,,,,,,,,,,2013-01-20,,
102,38,2013-01,,,,,,,,,,2013-01-21,,
112,40,2013-01,,,,,,,,,,2013-01-22,,
96,35,2013-01,,,,,,,,,,2013-01-23,,
103,41,2013-01,,,,,,,,,,2013-01-24,,
96,38,2013-01,,,,,,,,,,2013-01-25,,
98,37,2013-01,,,,,,,,,,2013-01-26,,
120,52,2013-01,,,,,,,,,,2013-01-27,,
127,44,2013-01,,,,,,,,,,2013-01-28,,
109,39,2013-01,,,,,,,,,,2013-01-29,,
111,37,2013-01,,,,,,,,,,2013-01-30,,
129,51,2013-01,,,,,,,,,,2013-01-31,,
108,47,2013-02,,,,,,,,,,2013-02-01,,
133,53,2013-02,,,,,,,,,,2013-02-02,,
147,61,2013-02,,,,,,,,,,2013-02-03,,
130,47,2013-02,,,,,,,,,,2013-02-04,,
93,39,2013-02,,,,,,,,,,2013-02-05,,
109,43,2013-02,,,,,,,,,,2013-02-06,,
97,38,2013-02,,,,,,,,,,2013-02-07,,
110,47,2013-02,,,,,,,,,,2013-02-08,,
114,44,2013-02,,,,,,,,,,2013-02-09,,
151,59,2013-02,,,,,,,,,,2013-02-10,,
133,45,2013-02,,,,,,,,,,2013-02-11,,
114,44,2013-02,,,,,,,,,,2013-02-12,,
125,38,2013-02,,,,,,,,,,2013-02-13,,
85,31,2013-02,,,,,,,,,,2013-02-14,,
137,49,2013-02,,,,,,,,,,2013-02-15,,
168,54,2013-02,,,,,,,,,,2013-02-16,,
131,49,2013-02,,,,,,,,,,2013-02-17,,
133,47,2013-02,,,,,,,,,,2013-02-18,,
100,43,2013-02,,,,,,,,,,2013-02-19,,
123,42,2013-02,,,,,,,,,,2013-02-20,,
107,40,2013-02,,,,,,,,,,2013-02-21,,
89,34,2013-02,,,,,,,,,,2013-02-22,,
135,59,2013-02,,,,,,,,,,2013-02-23,,
129,48,2013-02,,,,,,,,,,2013-02-24,,
97,38,2013-02,,,,,,,,,,2013-02-25,,
116,35,2013-02,,,,,,,,,,2013-02-26,,
98,35,2013-02,,,,,,,,,,2013-02-27,,
138,44,2013-02,,,,,,,,,,2013-02-28,,
137,51,2013-03,,,,,,,,,,2013-03-01,,
177,59,2013-03,,,,,,,,,,2013-03-02,,
119,50,2013-03,,,,,,,,,,2013-03-03,,
114,42,2013-03,,,,,,,,,,2013-03-04,,
112,42,2013-03,,,,,,,,,,2013-03-05,,
129,39,2013-03,,,,,,,,,,2013-03-06,,
141,51,2013-03,,,,,,,,,,2013-03-07,,
121,48,2013-03,,,,,,,,,,2013-03-08,,
113,46,2013-03,,,,,,,,,,2013-03-09,,
142,48,2013-03,,,,,,,,,,2013-03-10,,
142,50,2013-03,,,,,,,,,,2013-03-11,,
128,46,2013-03,,,,,,,,,,2013-03-12,,
150,47,2013-03,,,,,,,,,,2013-03-13,,
109,40,2013-03,,,,,,,,,,2013-03-14,,
139,47,2013-03,,,,,,,,,,2013-03-15,,
130,46,2013-03,,,,,,,,,,2013-03-16,,
133,62,2013-03,,,,,,,,,,2013-03-17,,
117,52,2013-03,,,,,,,,,,2013-03-18,,
106,42,2013-03,,,,,,,,,,2013-03-19,,
92,36,2013-03,,,,,,,,,,2013-03-20,,
104,38,2013-03,,,,,,,,,,2013-03-21,,
146,49,2013-03,,,,,,,,,,2013-03-22,,
152,47,2013-03,,,,,,,,,,2013-03-23,,
178,56,2013-03,,,,,,,,,,2013-03-24,,
103,45,2013-03,,,,,,,,,,2013-03-25,,
103,39,2013-03,,,,,,,,,,2013-03-26,,
144,53,2013-03,,,,,,,,,,2013-03-27,,
112,51,2013-03,,,,,,,,,,2013-03-28,,
85,36,2013-03,,,,,,,,,,2013-03-29,,
119,54,2013-03,,,,,,,,,,2013-03-30,,
144,54,2013-03,,,,,,,,,,2013-03-31,,
136,41,2013-04,,,,,,,,,,2013-04-01,,
96,35,2013-04,,,,,,,,,,2013-04-02,,
106,44,2013-04,,,,,,,,,,2013-04-03,,
128,39,2013-04,,,,,,,,,,2013-04-04,,
109,40,2013-04,,,,,,,,,,2013-04-05,,
151,60,2013-04,,,,,,,,,,2013-04-06,,
159,55,2013-04,,,,,,,,,,2013-04-07,,
127,52,2013-04,,,,,,,,,,2013-04-08,,
86,30,2013-04,,,,,,,,,,2013-04-09,,
143,54,2013-04,,,,,,,,,,2013-04-10,,
107,38,2013-04,,,,,,,,,,2013-04-11,,
114,39,2013-04,,,,,,,,,,2013-04-12,,
112,40,2013-04,,,,,,,,,,2013-04-13,,
129,47,2013-04,,,,,,,,,,2013-04-14,,
123,48,2013-04,,,,,,,,,,2013-04-15,,
120,34,2013-04,,,,,,,,,,2013-04-16,,
88,31,2013-04,,,,,,,,,,2013-04-17,,
108,43,2013-04,,,,,,,,,,2013-04-18,,
116,36,2013-04,,,,,,,,,,2013-04-19,,
142,43,2013-04,,,,,,,,,,2013-04-20,,
113,50,2013-04,,,,,,,,,,2013-04-21,,
133,51,2013-04,,,,,,,,,,2013-04-22,,
105,41,2013-04,,,,,,,,,,2013-04-23,,
95,40,2013-04,,,,,,,,,,2013-04-24,,
104,36,2013-04,,,,,,,,,,2013-04-25,,
94,45,2013-04,,,,,,,,,,2013-04-26,,
125,51,2013-04,,,,,,,,,,2013-04-27,,
99,43,2013-04,,,,,,,,,,2013-04-28,,
115,45,2013-04,,,,,,,,,,2013-04-29,,
80,38,2013-04,,,,,,,,,,2013-04-30,,
92,43,2013-05,,,,,,,,,,2013-05-01,,
120,38,2013-05,,,,,,,,,,2013-05-02,,
124,46,2013-05,,,,,,,,,,2013-05-03,,
115,49,2013-05,,,,,,,,,,2013-05-04,,
116,47,2013-05,,,,,,,,,,2013-05-05,,
115,42,2013-05,,,,,,,,,,2013-05-06,,
116,44,2013-05,,,,,,,,,,2013-05-07,,
84,39,2013-05,,,,,,,,,,2013-05-08,,
102,38,2013-05,,,,,,,,,,2013-05-09,,
134,43,2013-05,,,,,,,,,,2013-05-10,,
176,56,2013-05,,,,,,,,,,2013-05-11,,
184,55,2013-05,,,,,,,,,,2013-05-12,,
122,46,2013-05,,,,,,,,,,2013-05-13,,
98,40,2013-05,,,,,,,,,,2013-05-14,,
122,34,2013-05,,,,,,,,,,2013-05-15,,
94,33,2013-05,,,,,,,,,,2013-05-16,,
96,38,2013-05,,,,,,,,,,2013-05-17,,
152,50,2013-05,,,,,,,,,,2013-05-18,,
107,44,2013-05,,,,,,,,,,2013-05-19,,
84,35,2013-05,,,,,,,,,,2013-05-20,,
86,39,2013-05,,,,,,,,,,2013-05-21,,
83,33,2013-05,,,,,,,,,,2013-05-22,,
91,35,2013-05,,,,,,,,,,2013-05-23,,
106,38,2013-05,,,,,,,,,,2013-05-24,,
142,53,2013-05,,,,,,,,,,2013-05-25,,
104,43,2013-05,,,,,,,,,,2013-05-26,,
91,38,2013-05,,,,,,,,,,2013-05-27,,
83,29,2013-05,,,,,,,,,,2013-05-28,,
87,31,2013-05,,,,,,,,,,2013-05-29,,
78,32,2013-05,,,,,,,,,,2013-05-30,,
87,40,2013-05,,,,,,,,,,2013-05-31,,
127,49,2013-06,,,,,,,,,,2013-06-01,,
155,58,2013-06,,,,,,,,,,2013-06-02,,
108,40,2013-06,,,,,,,,,,2013-06-03,,
101,31,2013-06,,,,,,,,,,2013-06-04,,
123,35,2013-06,,,,,,,,,,2013-06-05,,
105,31,2013-06,,,,,,,,,,2013-06-06,,
146,43,2013-06,,,,,,,,,,2013-06-07,,
121,53,2013-06,,,,,,,,,,2013-06-08,,
140,54,2013-06,,,,,,,,,,2013-06-09,,
86,32,2013-06,,,,,,,,,,2013-06-10,,
117,47,2013-06,,,,,,,,,,2013-06-11,,
101,37,2013-06,,,,,,,,,,2013-06-12,,
114,43,2013-06,,,,,,,,,,2013-06-13,,
126,32,2013-06,,,,,,,,,,2013-06-14,,
114,40,2013-06,,,,,,,,,,2013-06-15,,
170,61,2013-06,,,,,,,,,,2013-06-16,,
115,47,2013-06,,,,,,,,,,2013-06-17,,
88,36,2013-06,,,,,,,,,,2013-06-18,,
93,37,2013-06,,,,,,,,,,2013-06-19,,
92,41,2013-06,,,,,,,,,,2013-06-20,,
125,38,2013-06,,,,,,,,,,2013-06-21,,
114,45,2013-06,,,,,,,,,,2013-06-22,,
180,59,2013-06,,,,,,,,,,2013-06-23,,
135,47,2013-06,,,,,,,,,,2013-06-24,,
93,43,2013-06,,,,,,,,,,2013-06-25,,
85,33,2013-06,,,,,,,,,,2013-06-26,,
104,45,2013-06,,,,,,,,,,2013-06-27,,
91,44,2013-06,,,,,,,,,,2013-06-28,,
158,65,2013-06,,,,,,,,,,2013-06-29,,
113,60,2013-06,,,,,,,,,,2013-06-30,,
142,47,2013-07,,,,,,,,,,2013-07-01,,
130,44,2013-07,,,,,,,,,,2013-07-02,,
126,41,2013-07,,,,,,,,,,2013-07-03,,
99,45,2013-07,,,,,,,,,,2013-07-04,,
142,45,2013-07,,,,,,,,,,2013-07-05,,
169,50,2013-07,,,,,,,,,,2013-07-06,,
159,59,2013-07,,,,,,,,,,2013-07-07,,
117,45,2013-07,,,,,,,,,,2013-07-08,,
98,38,2013-07,,,,,,,,,,2013-07-09,,
109,41,2013-07,,,,,,,,,,2013-07-10,,
101,38,2013-07,,,,,,,,,,2013-07-11,,
123,42,2013-07,,,,,,,,,,2013-07-12,,
135,49,2013-07,,,,,,,,,,2013-07-13,,
123,53,2013-07,,,,,,,,,,2013-07-14,,
126,43,2013-07,,,,,,,,,,2013-07-15,,
107,44,2013-07,,,,,,,,,,2013-07-16,,
114,38,2013-07,,,,,,,,,,2013-07-17,,
113,43,2013-07,,,,,,,,,,2013-07-18,,
103,42,2013-07,,,,,,,,,,2013-07-19,,
131,39,2013-07,,,,,,,,,,2013-07-20,,
161,57,2013-07,,,,,,,,,,2013-07-21,,
107,44,2013-07,,,,,,,,,,2013-07-22,,
115,37,2013-07,,,,,,,,,,2013-07-23,,
115,36,2013-07,,,,,,,,,,2013-07-24,,
100,40,2013-07,,,,,,,,,,2013-07-25,,
110,43,2013-07,,,,,,,,,,2013-07-26,,
135,41,2013-07,,,,,,,,,,2013-07-27,,
132,59,2013-07,,,,,,,,,,2013-07-28,,
109,45,2013-07,,,,,,,,,,2013-07-29,,
83,38,2013-07,,,,,,,,,,2013-07-30,,
96,34,2013-07,,,,,,,,,,2013-07-31,,
86,37,2013-08,,,,,,,,,,2013-08-01,,
108,42,2013-08,,,,,,,,,,2013-08-02,,
158,50,2013-08,,,,,,,,,,2013-08-03,,
119,45,2013-08,,,,,,,,,,2013-08-04,,
99,41,2013-08,,,,,,,,,,2013-08-05,,
91,38,2013-08,,,,,,,,,,2013-08-06,,
111,33,2013-08,,,,,,,,,,2013-08-07,,
88,39,2013-08,,,,,,,,,,2013-08-08,,
114,39,2013-08,,,,,,,,,,2013-08-09,,
112,46,2013-08,,,,,,,,,,2013-08-10,,
160,58,2013-08,,,,,,,,,,2013-08-11,,
117,47,2013-08,,,,,,,,,,2013-08-12,,
75,32,2013-08,,,,,,,,,,2013-08-13,,
83,30,2013-08,,,,,,,,,,2013-08-14,,
88,39,2013-08,,,,,,,,,,2013-08-15,,
141,47,2013-08,,,,,,,,,,2013-08-16,,
140,50,2013-08,,,,,,,,,,2013-08-17,,
193,59,2013-08,,,,,,,,,,2013-08-18,,
100,39,2013-08,,,,,,,,,,2013-08-19,,
122,41,2013-08,,,,,,,,,,2013-08-20,,
98,34,2013-08,,,,,,,,,,2013-08-21,,
109,38,2013-08,,,,,,,,,,2013-08-22,,
86,33,2013-08,,,,,,,,,,2013-08-23,,
93,39,2013-08,,,,,,,,,,2013-08-24,,
81,37,2013-08,,,,,,,,,,2013-08-25,,
91,35,2013-08,,,,,,,,,,2013-08-26,,
97,30,2013-08,,,,,,,,,,2013-08-27,,
80,30,2013-08,,,,,,,,,,2013-08-28,,
94,34,2013-08,,,,,,,,,,2013-08-29,,
82,35,2013-08,,,,,,,,,,2013-08-30,,
115,39,2013-08,,,,,,,,,,2013-08-31,,
143,52,2013-09,,,,,,,,,,2013-09-01,,
112,41,2013-09,,,,,,,,,,2013-09-02,,
141,52,2013-09,,,,,,,,,,2013-09-03,,
89,31,2013-09,,,,,,,,,,2013-09-04,,
98,41,2013-09,,,,,,,,,,2013-09-05,,
146,50,2013-09,,,,,,,,,,2013-09-06,,
94,36,2013-09,,,,,,,,,,2013-09-07,,
141,52,2013-09,,,,,,,,,,2013-09-08,,
109,43,2013-09,,,,,,,,,,2013-09-09,,
108,35,2013-09,,,,,,,,,,2013-09-10,,
127,42,2013-09,,,,,,,,,,2013-09-11,,
123,42,2013-09,,,,,,,,,,2013-09-12,,
141,53,2013-09,,,,,,,,,,2013-09-13,,
140,45,2013-09,,,,,,,,,,2013-09-14,,
157,52,2013-09,,,,,,,,,,2013-09-15,,
142,48,2013-09,,,,,,,,,,2013-09-16,,
102,40,2013-09,,,,,,,,,,2013-09-17,,
102,40,2013-09,,,,,,,,,,2013-09-18,,
118,36,2013-09,,,,,,,,,,2013-09-19,,
107,45,2013-09,,,,,,,,,,2013-09-20,,
166,51,2013-09,,,,,,,,,,2013-09-21,,
132,51,2013-09,,,,,,,,,,2013-09-22,,
106,39,2013-09,,,,,,,,,,2013-09-23,,
104,39,2013-09,,,,,,,,,,2013-09-24,,
110,37,2013-09,,,,,,,,,,2013-09-25,,
95,37,2013-09,,,,,,,,,,2013-09-26,,
137,40,2013-09,,,,,,,,,,2013-09-27,,
132,33,2013-09,,,,,,,,,,2013-09-28,,
139,47,2013-09,,,,,,,,,,2013-09-29,,
123,50,2013-09,,,,,,,,,,2013-09-30,,
98,37,2013-10,,,,,,,,,,2013-10-01,,
114,39,2013-10,,,,,,,,,,2013-10-02,,
125,39,2013-10,,,,,,,,,,2013-10-03,,
134,43,2013-10,,,,,,,,,,2013-10-04,,
131,42,2013-10,,,,,,,,,,2013-10-05,,
148,51,2013-10,,,,,,,,,,2013-10-06,,
107,39,2013-10,,,,,,,,,,2013-10-07,,
125,38,2013-10,,,,,,,,,,2013-10-08,,
83,29,2013-10,,,,,,,,,,2013-10-09,,
112,32,2013-10,,,,,,,,,,2013-10-10,,
124,37,2013-10,,,,,,,,,,2013-10-11,,
154,49,2013-10,,,,,,,,,,2013-10-12,,
139,52,2013-10,,,,,,,,,,2013-10-13,,
94,36,2013-10,,,,,,,,,,2013-10-14,,
113,42,2013-10,,,,,,,,,,2013-10-15,,
118,42,2013-10,,,,,,,,,,2013-10-16,,
74,32,2013-10,,,,,,,,,,2013-10-17,,
101,42,2013-10,,,,,,,,,,2013-10-18,,
119,49,2013-10,,,,,,,,,,2013-10-19,,
114,45,2013-10,,,,,,,,,,2013-10-20,,
108,37,2013-10,,,,,,,,,,2013-10-21,,
94,34,2013-10,,,,,,,,,,2013-10-22,,
88,34,2013-10,,,,,,,,,,2013-10-23,,
93,35,2013-10,,,,,,,,,,2013-10-24,,
105,38,2013-10,,,,,,,,,,2013-10-25,,
96,41,2013-10,,,,,,,,,,2013-10-26,,
130,51,2013-10,,,,,,,,,,2013-10-27,,
71,35,2013-10,,,,,,,,,,2013-10-28,,
88,35,2013-10,,,,,,,,,,2013-10-29,,
94,32,2013-10,,,,,,,,,,2013-10-30,,
71,33,2013-10,,,,,,,,,,2013-10-31,,
108,35,2013-11,,,,,,,,,,2013-11-01,,
104,33,2013-11,,,,,,,,,,2013-11-02,,
167,57,2013-11,,,,,,,,,,2013-11-03,,
81,28,2013-11,,,,,,,,,,2013-11-04,,
110,39,2013-11,,,,,,,,,,2013-11-05,,
98,30,2013-11,,,,,,,,,,2013-11-06,,
76,27,2013-11,,,,,,,,,,2013-11-07,,
78,32,2013-11,,,,,,,,,,2013-11-08,,
111,40,2013-11,,,,,,,,,,2013-11-09,,
113,46,2013-11,,,,,,,,,,2013-11-10,,
77,33,2013-11,,,,,,,,,,2013-11-11,,
78,36,2013-11,,,,,,,,,,2013-11-12,,
84,29,2013-11,,,,,,,,,,2013-11-13,,
93,34,2013-11,,,,,,,,,,2013-11-14,,
99,35,2013-11,,,,,,,,,,2013-11-15,,
116,39,2013-11,,,,,,,,,,2013-11-16,,
133,47,2013-11,,,,,,,,,,2013-11-17,,
116,39,2013-11,,,,,,,,,,2013-11-18,,
111,42,2013-11,,,,,,,,,,2013-11-19,,
88,35,2013-11,,,,,,,,,,2013-11-20,,
69,26,2013-11,,,,,,,,,,2013-11-21,,
90,30,2013-11,,,,,,,,,,2013-11-22,,
74,25,2013-11,,,,,,,,,,2013-11-23,,
99,47,2013-11,,,,,,,,,,2013-11-24,,
68,31,2013-11,,,,,,,,,,2013-11-25,,
90,31,2013-11,,,,,,,,,,2013-11-26,,
68,30,2013-11,,,,,,,,,,2013-11-27,,
80,35,2013-11,,,,,,,,,,2013-11-28,,
83,37,2013-11,,,,,,,,,,2013-11-29,,
99,36,2013-11,,,,,,,,,,2013-11-30,,
122,44,2013-12,,,,,,,,,,2013-12-01,,
117,45,2013-12,,,,,,,,,,2013-12-02,,
80,35,2013-12,,,,,,,,,,2013-12-03,,
93,42,2013-12,,,,,,,,,,2013-12-04,,
114,35,2013-12,,,,,,,,,,2013-12-05,,
97,34,2013-12,,,,,,,,,,2013-12-06,,
102,38,2013-12,,,,,,,,,,2013-12-07,,
125,51,2013-12,,,,,,,,,,2013-12-08,,
99,37,2013-12,,,,,,,,,,2013-12-09,,
79,30,2013-12,,,,,,,,,,2013-12-10,,
107,31,2013-12,,,,,,,,,,2013-12-11,,
95,36,2013-12,,,,,,,,,,2013-12-12,,
101,36,2013-12,,,,,,,,,,2013-12-13,,
127,46,2013-12,,,,,,,,,,2013-12-14,,
125,45,2013-12,,,,,,,,,,2013-12-15,,
85,29,2013-12,,,,,,,,,,2013-12-16,,
83,29,2013-12,,,,,,,,,,2013-12-17,,
81,31,2013-12,,,,,,,,,,2013-12-18,,
73,34,2013-12,,,,,,,,,,2013-12-19,,
81,27,2013-12,,,,,,,,,,2013-12-20,,
82,33,2013-12,,,,,,,,,,2013-12-21,,
90,41,2013-12,,,,,,,,,,2013-12-22,,
78,30,2013-12,,,,,,,,,,2013-12-23,,
93,41,2013-12,,,,,,,,,,2013-12-24,,
106,44,2013-12,,,,,,,,,,2013-12-25,,
68,32,2013-12,,,,,,,,,,2013-12-26,,
65,29,2013-12,,,,,,,,,,2013-12-27,,
82,28,2013-12,,,,,,,,,,2013-12-28,,
61,21,2013-12,,,,,,,,,,2013-12-29,,
66,25,2013-12,,,,,,,,,,2013-12-30,,
42,21,2013-12,,,,,,,,,,2013-12-31,,
152,51,2014-01,,,,,20193725.0,32.0,161367.0,88.0,14545.8940397351,2014-01-01,,
149,48,2014-01,,,,,20193725.0,32.0,161367.0,88.0,14545.8940397351,2014-01-02,,
79,36,2014-01,,,,,20193725.0,32.0,161367.0,88.0,14545.8940397351,2014-01-03,,
111,48,2014-01,,,,,20193725.0,32.0,161367.0,88.0,14545.8940397351,2014-01-04,,
120,51,2014-01,,,,,20193725.0,32.0,161367.0,88.0,14545.8940397351,2014-01-05,,
59,30,2014-01,,,,,20193725.0,32.0,161367.0,88.0,14545.8940397351,2014-01-06,,
99,39,2014-01,,,,,20193725.0,32.0,161367.0,88.0,14545.8940397351,2014-01-07,,
84,41,2014-01,,,,,20193725.0,32.0,161367.0,88.0,14545.8940397351,2014-01-08,,
89,37,2014-01,,,,,20193725.0,32.0,161367.0,88.0,14545.8940397351,2014-01-09,,
59,27,2014-01,,,,,20193725.0,32.0,161367.0,88.0,14545.8940397351,2014-01-10,,
128,44,2014-01,,,,,20193725.0,32.0,161367.0,88.0,14545.8940397351,2014-01-11,,
117,47,2014-01,,,,,20193725.0,32.0,161367.0,88.0,14545.8940397351,2014-01-12,,
90,40,2014-01,,,,,20193725.0,32.0,161367.0,88.0,14545.8940397351,2014-01-13,,
76,33,2014-01,,,,,20193725.0,32.0,161367.0,88.0,14545.8940397351,2014-01-14,,
83,37,2014-01,,,,,20193725.0,32.0,161367.0,88.0,14545.8940397351,2014-01-15,,
83,36,2014-01,,,,,20193725.0,32.0,161367.0,88.0,14545.8940397351,2014-01-16,,
112,36,2014-01,,,,,20193725.0,32.0,161367.0,88.0,14545.8940397351,2014-01-17,,
130,51,2014-01,,,,,20193725.0,32.0,161367.0,88.0,14545.8940397351,2014-01-18,,
89,40,2014-01,,,,,20193725.0,32.0,161367.0,88.0,14545.8940397351,2014-01-19,,
111,37,2014-01,,,,,20193725.0,32.0,161367.0,88.0,14545.8940397351,2014-01-20,,
83,37,2014-01,,,,,20193725.0,32.0,161367.0,88.0,14545.8940397351,2014-01-21,,
77,36,2014-01,,,,,20193725.0,32.0,161367.0,88.0,14545.8940397351,2014-01-22,,
90,38,2014-01,,,,,20193725.0,32.0,161367.0,88.0,14545.8940397351,2014-01-23,,
80,32,2014-01,,,,,20193725.0,32.0,161367.0,88.0,14545.8940397351,2014-01-24,,
91,34,2014-01,,,,,20193725.0,32.0,161367.0,88.0,14545.8940397351,2014-01-25,,
109,43,2014-01,,,,,20193725.0,32.0,161367.0,88.0,14545.8940397351,2014-01-26,,
102,36,2014-01,,,,,20193725.0,32.0,161367.0,88.0,14545.8940397351,2014-01-27,,
100,41,2014-01,,,,,20193725.0,32.0,161367.0,88.0,14545.8940397351,2014-01-28,,
93,37,2014-01,,,,,20193725.0,32.0,161367.0,88.0,14545.8940397351,2014-01-29,,
89,40,2014-01,,,,,20193725.0,32.0,161367.0,88.0,14545.8940397351,2014-01-30,,
78,30,2014-01,,,,,20193725.0,32.0,161367.0,88.0,14545.8940397351,2014-01-31,,
154,55,2014-02,,,,,15440249.0,30.0,156040.0,88.0,14477.212681638044,2014-02-01,,
122,48,2014-02,,,,,15440249.0,30.0,156040.0,88.0,14477.212681638044,2014-02-02,,
114,47,2014-02,,,,,15440249.0,30.0,156040.0,88.0,14477.212681638044,2014-02-03,,
99,36,2014-02,,,,,15440249.0,30.0,156040.0,88.0,14477.212681638044,2014-02-04,,
113,43,2014-02,,,,,15440249.0,30.0,156040.0,88.0,14477.212681638044,2014-02-05,,
90,39,2014-02,,,,,15440249.0,30.0,156040.0,88.0,14477.212681638044,2014-02-06,,
123,48,2014-02,,,,,15440249.0,30.0,156040.0,88.0,14477.212681638044,2014-02-07,,
104,38,2014-02,,,,,15440249.0,30.0,156040.0,88.0,14477.212681638044,2014-02-08,,
148,47,2014-02,,,,,15440249.0,30.0,156040.0,88.0,14477.212681638044,2014-02-09,,
97,41,2014-02,,,,,15440249.0,30.0,156040.0,88.0,14477.212681638044,2014-02-10,,
82,33,2014-02,,,,,15440249.0,30.0,156040.0,88.0,14477.212681638044,2014-02-11,,
93,38,2014-02,,,,,15440249.0,30.0,156040.0,88.0,14477.212681638044,2014-02-12,,
106,48,2014-02,,,,,15440249.0,30.0,156040.0,88.0,14477.212681638044,2014-02-13,,
120,40,2014-02,,,,,15440249.0,30.0,156040.0,88.0,14477.212681638044,2014-02-14,,
125,48,2014-02,,,,,15440249.0,30.0,156040.0,88.0,14477.212681638044,2014-02-15,,
111,50,2014-02,,,,,15440249.0,30.0,156040.0,88.0,14477.212681638044,2014-02-16,,
115,47,2014-02,,,,,15440249.0,30.0,156040.0,88.0,14477.212681638044,2014-02-17,,
79,36,2014-02,,,,,15440249.0,30.0,156040.0,88.0,14477.212681638044,2014-02-18,,
114,38,2014-02,,,,,15440249.0,30.0,156040.0,88.0,14477.212681638044,2014-02-19,,
92,41,2014-02,,,,,15440249.0,30.0,156040.0,88.0,14477.212681638044,2014-02-20,,
102,39,2014-02,,,,,15440249.0,30.0,156040.0,88.0,14477.212681638044,2014-02-21,,
108,47,2014-02,,,,,15440249.0,30.0,156040.0,88.0,14477.212681638044,2014-02-22,,
110,45,2014-02,,,,,15440249.0,30.0,156040.0,88.0,14477.212681638044,2014-02-23,,
82,38,2014-02,,,,,15440249.0,30.0,156040.0,88.0,14477.212681638044,2014-02-24,,
88,26,2014-02,,,,,15440249.0,30.0,156040.0,88.0,14477.212681638044,2014-02-25,,
100,38,2014-02,,,,,15440249.0,30.0,156040.0,88.0,14477.212681638044,2014-02-26,,
65,33,2014-02,,,,,15440249.0,30.0,156040.0,88.0,14477.212681638044,2014-02-27,,
72,27,2014-02,,,,,15440249.0,30.0,156040.0,88.0,14477.212681638044,2014-02-28,,
159,45,2014-03,,,,,17218754.0,32.0,174424.0,88.0,14425.164257555847,2014-03-01,,
166,57,2014-03,,,,,17218754.0,32.0,174424.0,88.0,14425.164257555847,2014-03-02,,
153,48,2014-03,,,,,17218754.0,32.0,174424.0,88.0,14425.164257555847,2014-03-03,,
130,45,2014-03,,,,,17218754.0,32.0,174424.0,88.0,14425.164257555847,2014-03-04,,
121,44,2014-03,,,,,17218754.0,32.0,174424.0,88.0,14425.164257555847,2014-03-05,,
107,36,2014-03,,,,,17218754.0,32.0,174424.0,88.0,14425.164257555847,2014-03-06,,
143,46,2014-03,,,,,17218754.0,32.0,174424.0,88.0,14425.164257555847,2014-03-07,,
118,48,2014-03,,,,,17218754.0,32.0,174424.0,88.0,14425.164257555847,2014-03-08,,
109,46,2014-03,,,,,17218754.0,32.0,174424.0,88.0,14425.164257555847,2014-03-09,,
113,41,2014-03,,,,,17218754.0,32.0,174424.0,88.0,14425.164257555847,2014-03-10,,
118,39,2014-03,,,,,17218754.0,32.0,174424.0,88.0,14425.164257555847,2014-03-11,,
112,43,2014-03,,,,,17218754.0,32.0,174424.0,88.0,14425.164257555847,2014-03-12,,
124,43,2014-03,,,,,17218754.0,32.0,174424.0,88.0,14425.164257555847,2014-03-13,,
134,46,2014-03,,,,,17218754.0,32.0,174424.0,88.0,14425.164257555847,2014-03-14,,
146,60,2014-03,,,,,17218754.0,32.0,174424.0,88.0,14425.164257555847,2014-03-15,,
139,57,2014-03,,,,,17218754.0,32.0,174424.0,88.0,14425.164257555847,2014-03-16,,
146,55,2014-03,,,,,17218754.0,32.0,174424.0,88.0,14425.164257555847,2014-03-17,,
127,43,2014-03,,,,,17218754.0,32.0,174424.0,88.0,14425.164257555847,2014-03-18,,
105,35,2014-03,,,,,17218754.0,32.0,174424.0,88.0,14425.164257555847,2014-03-19,,
86,31,2014-03,,,,,17218754.0,32.0,174424.0,88.0,14425.164257555847,2014-03-20,,
117,38,2014-03,,,,,17218754.0,32.0,174424.0,88.0,14425.164257555847,2014-03-21,,
142,56,2014-03,,,,,17218754.0,32.0,174424.0,88.0,14425.164257555847,2014-03-22,,
118,50,2014-03,,,,,17218754.0,32.0,174424.0,88.0,14425.164257555847,2014-03-23,,
148,54,2014-03,,,,,17218754.0,32.0,174424.0,88.0,14425.164257555847,2014-03-24,,
100,39,2014-03,,,,,17218754.0,32.0,174424.0,88.0,14425.164257555847,2014-03-25,,
99,42,2014-03,,,,,17218754.0,32.0,174424.0,88.0,14425.164257555847,2014-03-26,,
99,40,2014-03,,,,,17218754.0,32.0,174424.0,88.0,14425.164257555847,2014-03-27,,
92,34,2014-03,,,,,17218754.0,32.0,174424.0,88.0,14425.164257555847,2014-03-28,,
155,55,2014-03,,,,,17218754.0,32.0,174424.0,88.0,14425.164257555847,2014-03-29,,
112,46,2014-03,,,,,17218754.0,32.0,174424.0,88.0,14425.164257555847,2014-03-30,,
120,37,2014-03,,,,,17218754.0,32.0,174424.0,88.0,14425.164257555847,2014-03-31,,
109,41,2014-04,,,,,18157033.0,32.0,167009.0,88.0,14426.741130091985,2014-04-01,,
79,32,2014-04,,,,,18157033.0,32.0,167009.0,88.0,14426.741130091985,2014-04-02,,
144,46,2014-04,,,,,18157033.0,32.0,167009.0,88.0,14426.741130091985,2014-04-03,,
158,52,2014-04,,,,,18157033.0,32.0,167009.0,88.0,14426.741130091985,2014-04-04,,
126,52,2014-04,,,,,18157033.0,32.0,167009.0,88.0,14426.741130091985,2014-04-05,,
126,53,2014-04,,,,,18157033.0,32.0,167009.0,88.0,14426.741130091985,2014-04-06,,
142,49,2014-04,,,,,18157033.0,32.0,167009.0,88.0,14426.741130091985,2014-04-07,,
100,41,2014-04,,,,,18157033.0,32.0,167009.0,88.0,14426.741130091985,2014-04-08,,
102,41,2014-04,,,,,18157033.0,32.0,167009.0,88.0,14426.741130091985,2014-04-09,,
104,36,2014-04,,,,,18157033.0,32.0,167009.0,88.0,14426.741130091985,2014-04-10,,
116,43,2014-04,,,,,18157033.0,32.0,167009.0,88.0,14426.741130091985,2014-04-11,,
140,46,2014-04,,,,,18157033.0,32.0,167009.0,88.0,14426.741130091985,2014-04-12,,
152,53,2014-04,,,,,18157033.0,32.0,167009.0,88.0,14426.741130091985,2014-04-13,,
106,36,2014-04,,,,,18157033.0,32.0,167009.0,88.0,14426.741130091985,2014-04-14,,
89,40,2014-04,,,,,18157033.0,32.0,167009.0,88.0,14426.741130091985,2014-04-15,,
127,49,2014-04,,,,,18157033.0,32.0,167009.0,88.0,14426.741130091985,2014-04-16,,
92,43,2014-04,,,,,18157033.0,32.0,167009.0,88.0,14426.741130091985,2014-04-17,,
82,30,2014-04,,,,,18157033.0,32.0,167009.0,88.0,14426.741130091985,2014-04-18,,
95,41,2014-04,,,,,18157033.0,32.0,167009.0,88.0,14426.741130091985,2014-04-19,,
132,53,2014-04,,,,,18157033.0,32.0,167009.0,88.0,14426.741130091985,2014-04-20,,
115,49,2014-04,,,,,18157033.0,32.0,167009.0,88.0,14426.741130091985,2014-04-21,,
106,40,2014-04,,,,,18157033.0,32.0,167009.0,88.0,14426.741130091985,2014-04-22,,
98,40,2014-04,,,,,18157033.0,32.0,167009.0,88.0,14426.741130091985,2014-04-23,,
77,35,2014-04,,,,,18157033.0,32.0,167009.0,88.0,14426.741130091985,2014-04-24,,
97,36,2014-04,,,,,18157033.0,32.0,167009.0,88.0,14426.741130091985,2014-04-25,,
113,49,2014-04,,,,,18157033.0,32.0,167009.0,88.0,14426.741130091985,2014-04-26,,
120,54,2014-04,,,,,18157033.0,32.0,167009.0,88.0,14426.741130091985,2014-04-27,,
107,43,2014-04,,,,,18157033.0,32.0,167009.0,88.0,14426.741130091985,2014-04-28,,
90,36,2014-04,,,,,18157033.0,32.0,167009.0,88.0,14426.741130091985,2014-04-29,,
82,34,2014-04,,,,,18157033.0,32.0,167009.0,88.0,14426.741130091985,2014-04-30,,
109,40,2014-05,,,,,16965456.0,41.0,174638.0,88.0,14441.963109354414,2014-05-01,,
105,40,2014-05,,,,,16965456.0,41.0,174638.0,88.0,14441.963109354414,2014-05-02,,
120,41,2014-05,,,,,16965456.0,41.0,174638.0,88.0,14441.963109354414,2014-05-03,,
124,53,2014-05,,,,,16965456.0,41.0,174638.0,88.0,14441.963109354414,2014-05-04,,
117,41,2014-05,,,,,16965456.0,41.0,174638.0,88.0,14441.963109354414,2014-05-05,,
110,40,2014-05,,,,,16965456.0,41.0,174638.0,88.0,14441.963109354414,2014-05-06,,
91,37,2014-05,,,,,16965456.0,41.0,174638.0,88.0,14441.963109354414,2014-05-07,,
100,36,2014-05,,,,,16965456.0,41.0,174638.0,88.0,14441.963109354414,2014-05-08,,
75,40,2014-05,,,,,16965456.0,41.0,174638.0,88.0,14441.963109354414,2014-05-09,,
138,43,2014-05,,,,,16965456.0,41.0,174638.0,88.0,14441.963109354414,2014-05-10,,
149,46,2014-05,,,,,16965456.0,41.0,174638.0,88.0,14441.963109354414,2014-05-11,,
127,45,2014-05,,,,,16965456.0,41.0,174638.0,88.0,14441.963109354414,2014-05-12,,
110,39,2014-05,,,,,16965456.0,41.0,174638.0,88.0,14441.963109354414,2014-05-13,,
91,34,2014-05,,,,,16965456.0,41.0,174638.0,88.0,14441.963109354414,2014-05-14,,
101,40,2014-05,,,,,16965456.0,41.0,174638.0,88.0,14441.963109354414,2014-05-15,,
118,37,2014-05,,,,,16965456.0,41.0,174638.0,88.0,14441.963109354414,2014-05-16,,
105,44,2014-05,,,,,16965456.0,41.0,174638.0,88.0,14441.963109354414,2014-05-17,,
146,45,2014-05,,,,,16965456.0,41.0,174638.0,88.0,14441.963109354414,2014-05-18,,
139,39,2014-05,,,,,16965456.0,41.0,174638.0,88.0,14441.963109354414,2014-05-19,,
89,35,2014-05,,,,,16965456.0,41.0,174638.0,88.0,14441.963109354414,2014-05-20,,
87,41,2014-05,,,,,16965456.0,41.0,174638.0,88.0,14441.963109354414,2014-05-21,,
80,36,2014-05,,,,,16965456.0,41.0,174638.0,88.0,14441.963109354414,2014-05-22,,
111,43,2014-05,,,,,16965456.0,41.0,174638.0,88.0,14441.963109354414,2014-05-23,,
116,52,2014-05,,,,,16965456.0,41.0,174638.0,88.0,14441.963109354414,2014-05-24,,
82,35,2014-05,,,,,16965456.0,41.0,174638.0,88.0,14441.963109354414,2014-05-25,,
96,39,2014-05,,,,,16965456.0,41.0,174638.0,88.0,14441.963109354414,2014-05-26,,
97,41,2014-05,,,,,16965456.0,41.0,174638.0,88.0,14441.963109354414,2014-05-27,,
106,38,2014-05,,,,,16965456.0,41.0,174638.0,88.0,14441.963109354414,2014-05-28,,
81,32,2014-05,,,,,16965456.0,41.0,174638.0,88.0,14441.963109354414,2014-05-29,,
107,45,2014-05,,,,,16965456.0,41.0,174638.0,88.0,14441.963109354414,2014-05-30,,
118,46,2014-05,,,,,16965456.0,41.0,174638.0,88.0,14441.963109354414,2014-05-31,,
135,52,2014-06,,,,,17893188.0,36.0,165193.0,88.0,14408.0814717477,2014-06-01,,
98,46,2014-06,,,,,17893188.0,36.0,165193.0,88.0,14408.0814717477,2014-06-02,,
132,43,2014-06,,,,,17893188.0,36.0,165193.0,88.0,14408.0814717477,2014-06-03,,
143,51,2014-06,,,,,17893188.0,36.0,165193.0,88.0,14408.0814717477,2014-06-04,,
109,45,2014-06,,,,,17893188.0,36.0,165193.0,88.0,14408.0814717477,2014-06-05,,
129,48,2014-06,,,,,17893188.0,36.0,165193.0,88.0,14408.0814717477,2014-06-06,,
129,47,2014-06,,,,,17893188.0,36.0,165193.0,88.0,14408.0814717477,2014-06-07,,
105,55,2014-06,,,,,17893188.0,36.0,165193.0,88.0,14408.0814717477,2014-06-08,,
124,52,2014-06,,,,,17893188.0,36.0,165193.0,88.0,14408.0814717477,2014-06-09,,
126,51,2014-06,,,,,17893188.0,36.0,165193.0,88.0,14408.0814717477,2014-06-10,,
116,45,2014-06,,,,,17893188.0,36.0,165193.0,88.0,14408.0814717477,2014-06-11,,
76,40,2014-06,,,,,17893188.0,36.0,165193.0,88.0,14408.0814717477,2014-06-12,,
133,46,2014-06,,,,,17893188.0,36.0,165193.0,88.0,14408.0814717477,2014-06-13,,
189,61,2014-06,,,,,17893188.0,36.0,165193.0,88.0,14408.0814717477,2014-06-14,,
118,51,2014-06,,,,,17893188.0,36.0,165193.0,88.0,14408.0814717477,2014-06-15,,
116,36,2014-06,,,,,17893188.0,36.0,165193.0,88.0,14408.0814717477,2014-06-16,,
81,33,2014-06,,,,,17893188.0,36.0,165193.0,88.0,14408.0814717477,2014-06-17,,
81,27,2014-06,,,,,17893188.0,36.0,165193.0,88.0,14408.0814717477,2014-06-18,,
148,45,2014-06,,,,,17893188.0,36.0,165193.0,88.0,14408.0814717477,2014-06-19,,
110,41,2014-06,,,,,17893188.0,36.0,165193.0,88.0,14408.0814717477,2014-06-20,,
159,56,2014-06,,,,,17893188.0,36.0,165193.0,88.0,14408.0814717477,2014-06-21,,
169,67,2014-06,,,,,17893188.0,36.0,165193.0,88.0,14408.0814717477,2014-06-22,,
106,38,2014-06,,,,,17893188.0,36.0,165193.0,88.0,14408.0814717477,2014-06-23,,
105,39,2014-06,,,,,17893188.0,36.0,165193.0,88.0,14408.0814717477,2014-06-24,,
100,34,2014-06,,,,,17893188.0,36.0,165193.0,88.0,14408.0814717477,2014-06-25,,
117,42,2014-06,,,,,17893188.0,36.0,165193.0,88.0,14408.0814717477,2014-06-26,,
103,44,2014-06,,,,,17893188.0,36.0,165193.0,88.0,14408.0814717477,2014-06-27,,
117,47,2014-06,,,,,17893188.0,36.0,165193.0,88.0,14408.0814717477,2014-06-28,,
105,53,2014-06,,,,,17893188.0,36.0,165193.0,88.0,14408.0814717477,2014-06-29,,
97,37,2014-06,,,,,17893188.0,36.0,165193.0,88.0,14408.0814717477,2014-06-30,,
116,42,2014-07,,,,,18122000.0,40.0,174102.0,88.0,14455.138339920948,2014-07-01,,
87,39,2014-07,,,,,18122000.0,40.0,174102.0,88.0,14455.138339920948,2014-07-02,,
101,38,2014-07,,,,,18122000.0,40.0,174102.0,88.0,14455.138339920948,2014-07-03,,
122,41,2014-07,,,,,18122000.0,40.0,174102.0,88.0,14455.138339920948,2014-07-04,,
126,51,2014-07,,,,,18122000.0,40.0,174102.0,88.0,14455.138339920948,2014-07-05,,
110,43,2014-07,,,,,18122000.0,40.0,174102.0,88.0,14455.138339920948,2014-07-06,,
127,50,2014-07,,,,,18122000.0,40.0,174102.0,88.0,14455.138339920948,2014-07-07,,
125,48,2014-07,,,,,18122000.0,40.0,174102.0,88.0,14455.138339920948,2014-07-08,,
108,43,2014-07,,,,,18122000.0,40.0,174102.0,88.0,14455.138339920948,2014-07-09,,
115,40,2014-07,,,,,18122000.0,40.0,174102.0,88.0,14455.138339920948,2014-07-10,,
84,41,2014-07,,,,,18122000.0,40.0,174102.0,88.0,14455.138339920948,2014-07-11,,
139,45,2014-07,,,,,18122000.0,40.0,174102.0,88.0,14455.138339920948,2014-07-12,,
127,48,2014-07,,,,,18122000.0,40.0,174102.0,88.0,14455.138339920948,2014-07-13,,
140,47,2014-07,,,,,18122000.0,40.0,174102.0,88.0,14455.138339920948,2014-07-14,,
94,36,2014-07,,,,,18122000.0,40.0,174102.0,88.0,14455.138339920948,2014-07-15,,
99,42,2014-07,,,,,18122000.0,40.0,174102.0,88.0,14455.138339920948,2014-07-16,,
100,34,2014-07,,,,,18122000.0,40.0,174102.0,88.0,14455.138339920948,2014-07-17,,
120,44,2014-07,,,,,18122000.0,40.0,174102.0,88.0,14455.138339920948,2014-07-18,,
138,47,2014-07,,,,,18122000.0,40.0,174102.0,88.0,14455.138339920948,2014-07-19,,
148,58,2014-07,,,,,18122000.0,40.0,174102.0,88.0,14455.138339920948,2014-07-20,,
116,48,2014-07,,,,,18122000.0,40.0,174102.0,88.0,14455.138339920948,2014-07-21,,
106,36,2014-07,,,,,18122000.0,40.0,174102.0,88.0,14455.138339920948,2014-07-22,,
94,36,2014-07,,,,,18122000.0,40.0,174102.0,88.0,14455.138339920948,2014-07-23,,
145,45,2014-07,,,,,18122000.0,40.0,174102.0,88.0,14455.138339920948,2014-07-24,,
93,43,2014-07,,,,,18122000.0,40.0,174102.0,88.0,14455.138339920948,2014-07-25,,
105,41,2014-07,,,,,18122000.0,40.0,174102.0,88.0,14455.138339920948,2014-07-26,,
133,49,2014-07,,,,,18122000.0,40.0,174102.0,88.0,14455.138339920948,2014-07-27,,
115,47,2014-07,,,,,18122000.0,40.0,174102.0,88.0,14455.138339920948,2014-07-28,,
115,44,2014-07,,,,,18122000.0,40.0,174102.0,88.0,14455.138339920948,2014-07-29,,
87,37,2014-07,,,,,18122000.0,40.0,174102.0,88.0,14455.138339920948,2014-07-30,,
123,43,2014-07,,,,,18122000.0,40.0,174102.0,88.0,14455.138339920948,2014-07-31,,
121,44,2014-08,,,,,18424757.0,29.0,175942.0,88.0,14452.176781002638,2014-08-01,,
139,57,2014-08,,,,,18424757.0,29.0,175942.0,88.0,14452.176781002638,2014-08-02,,
130,63,2014-08,,,,,18424757.0,29.0,175942.0,88.0,14452.176781002638,2014-08-03,,
133,50,2014-08,,,,,18424757.0,29.0,175942.0,88.0,14452.176781002638,2014-08-04,,
123,41,2014-08,,,,,18424757.0,29.0,175942.0,88.0,14452.176781002638,2014-08-05,,
100,43,2014-08,,,,,18424757.0,29.0,175942.0,88.0,14452.176781002638,2014-08-06,,
86,29,2014-08,,,,,18424757.0,29.0,175942.0,88.0,14452.176781002638,2014-08-07,,
125,45,2014-08,,,,,18424757.0,29.0,175942.0,88.0,14452.176781002638,2014-08-08,,
150,54,2014-08,,,,,18424757.0,29.0,175942.0,88.0,14452.176781002638,2014-08-09,,
115,43,2014-08,,,,,18424757.0,29.0,175942.0,88.0,14452.176781002638,2014-08-10,,
104,47,2014-08,,,,,18424757.0,29.0,175942.0,88.0,14452.176781002638,2014-08-11,,
102,37,2014-08,,,,,18424757.0,29.0,175942.0,88.0,14452.176781002638,2014-08-12,,
111,41,2014-08,,,,,18424757.0,29.0,175942.0,88.0,14452.176781002638,2014-08-13,,
123,49,2014-08,,,,,18424757.0,29.0,175942.0,88.0,14452.176781002638,2014-08-14,,
131,46,2014-08,,,,,18424757.0,29.0,175942.0,88.0,14452.176781002638,2014-08-15,,
148,54,2014-08,,,,,18424757.0,29.0,175942.0,88.0,14452.176781002638,2014-08-16,,
192,63,2014-08,,,,,18424757.0,29.0,175942.0,88.0,14452.176781002638,2014-08-17,,
101,47,2014-08,,,,,18424757.0,29.0,175942.0,88.0,14452.176781002638,2014-08-18,,
125,46,2014-08,,,,,18424757.0,29.0,175942.0,88.0,14452.176781002638,2014-08-19,,
110,36,2014-08,,,,,18424757.0,29.0,175942.0,88.0,14452.176781002638,2014-08-20,,
128,51,2014-08,,,,,18424757.0,29.0,175942.0,88.0,14452.176781002638,2014-08-21,,
116,42,2014-08,,,,,18424757.0,29.0,175942.0,88.0,14452.176781002638,2014-08-22,,
137,40,2014-08,,,,,18424757.0,29.0,175942.0,88.0,14452.176781002638,2014-08-23,,
120,54,2014-08,,,,,18424757.0,29.0,175942.0,88.0,14452.176781002638,2014-08-24,,
120,48,2014-08,,,,,18424757.0,29.0,175942.0,88.0,14452.176781002638,2014-08-25,,
115,48,2014-08,,,,,18424757.0,29.0,175942.0,88.0,14452.176781002638,2014-08-26,,
115,41,2014-08,,,,,18424757.0,29.0,175942.0,88.0,14452.176781002638,2014-08-27,,
109,40,2014-08,,,,,18424757.0,29.0,175942.0,88.0,14452.176781002638,2014-08-28,,
123,43,2014-08,,,,,18424757.0,29.0,175942.0,88.0,14452.176781002638,2014-08-29,,
132,44,2014-08,,,,,18424757.0,29.0,175942.0,88.0,14452.176781002638,2014-08-30,,
128,65,2014-08,,,,,18424757.0,29.0,175942.0,88.0,14452.176781002638,2014-08-31,,
147,47,2014-09,,,,,16924609.0,25.0,169250.0,88.0,14501.256613756614,2014-09-01,,
95,35,2014-09,,,,,16924609.0,25.0,169250.0,88.0,14501.256613756614,2014-09-02,,
93,35,2014-09,,,,,16924609.0,25.0,169250.0,88.0,14501.256613756614,2014-09-03,,
119,45,2014-09,,,,,16924609.0,25.0,169250.0,88.0,14501.256613756614,2014-09-04,,
115,47,2014-09,,,,,16924609.0,25.0,169250.0,88.0,14501.256613756614,2014-09-05,,
121,45,2014-09,,,,,16924609.0,25.0,169250.0,88.0,14501.256613756614,2014-09-06,,
134,53,2014-09,,,,,16924609.0,25.0,169250.0,88.0,14501.256613756614,2014-09-07,,
105,42,2014-09,,,,,16924609.0,25.0,169250.0,88.0,14501.256613756614,2014-09-08,,
105,36,2014-09,,,,,16924609.0,25.0,169250.0,88.0,14501.256613756614,2014-09-09,,
63,32,2014-09,,,,,16924609.0,25.0,169250.0,88.0,14501.256613756614,2014-09-10,,
93,35,2014-09,,,,,16924609.0,25.0,169250.0,88.0,14501.256613756614,2014-09-11,,
107,45,2014-09,,,,,16924609.0,25.0,169250.0,88.0,14501.256613756614,2014-09-12,,
145,57,2014-09,,,,,16924609.0,25.0,169250.0,88.0,14501.256613756614,2014-09-13,,
151,57,2014-09,,,,,16924609.0,25.0,169250.0,88.0,14501.256613756614,2014-09-14,,
97,43,2014-09,,,,,16924609.0,25.0,169250.0,88.0,14501.256613756614,2014-09-15,,
83,41,2014-09,,,,,16924609.0,25.0,169250.0,88.0,14501.256613756614,2014-09-16,,
83,31,2014-09,,,,,16924609.0,25.0,169250.0,88.0,14501.256613756614,2014-09-17,,
87,38,2014-09,,,,,16924609.0,25.0,169250.0,88.0,14501.256613756614,2014-09-18,,
124,41,2014-09,,,,,16924609.0,25.0,169250.0,88.0,14501.256613756614,2014-09-19,,
122,56,2014-09,,,,,16924609.0,25.0,169250.0,88.0,14501.256613756614,2014-09-20,,
131,48,2014-09,,,,,16924609.0,25.0,169250.0,88.0,14501.256613756614,2014-09-21,,
127,47,2014-09,,,,,16924609.0,25.0,169250.0,88.0,14501.256613756614,2014-09-22,,
111,46,2014-09,,,,,16924609.0,25.0,169250.0,88.0,14501.256613756614,2014-09-23,,
96,33,2014-09,,,,,16924609.0,25.0,169250.0,88.0,14501.256613756614,2014-09-24,,
104,40,2014-09,,,,,16924609.0,25.0,169250.0,88.0,14501.256613756614,2014-09-25,,
114,40,2014-09,,,,,16924609.0,25.0,169250.0,88.0,14501.256613756614,2014-09-26,,
115,44,2014-09,,,,,16924609.0,25.0,169250.0,88.0,14501.256613756614,2014-09-27,,
142,50,2014-09,,,,,16924609.0,25.0,169250.0,88.0,14501.256613756614,2014-09-28,,
97,42,2014-09,,,,,16924609.0,25.0,169250.0,88.0,14501.256613756614,2014-09-29,,
97,39,2014-09,,,,,16924609.0,25.0,169250.0,88.0,14501.256613756614,2014-09-30,,
106,44,2014-10,,,,,18567727.0,45.0,177307.0,88.0,14467.87598944591,2014-10-01,,
123,50,2014-10,,,,,18567727.0,45.0,177307.0,88.0,14467.87598944591,2014-10-02,,
142,46,2014-10,,,,,18567727.0,45.0,177307.0,88.0,14467.87598944591,2014-10-03,,
157,53,2014-10,,,,,18567727.0,45.0,177307.0,88.0,14467.87598944591,2014-10-04,,
174,56,2014-10,,,,,18567727.0,45.0,177307.0,88.0,14467.87598944591,2014-10-05,,
102,46,2014-10,,,,,18567727.0,45.0,177307.0,88.0,14467.87598944591,2014-10-06,,
90,39,2014-10,,,,,18567727.0,45.0,177307.0,88.0,14467.87598944591,2014-10-07,,
89,33,2014-10,,,,,18567727.0,45.0,177307.0,88.0,14467.87598944591,2014-10-08,,
102,47,2014-10,,,,,18567727.0,45.0,177307.0,88.0,14467.87598944591,2014-10-09,,
125,43,2014-10,,,,,18567727.0,45.0,177307.0,88.0,14467.87598944591,2014-10-10,,
119,52,2014-10,,,,,18567727.0,45.0,177307.0,88.0,14467.87598944591,2014-10-11,,
121,52,2014-10,,,,,18567727.0,45.0,177307.0,88.0,14467.87598944591,2014-10-12,,
111,46,2014-10,,,,,18567727.0,45.0,177307.0,88.0,14467.87598944591,2014-10-13,,
88,38,2014-10,,,,,18567727.0,45.0,177307.0,88.0,14467.87598944591,2014-10-14,,
79,37,2014-10,,,,,18567727.0,45.0,177307.0,88.0,14467.87598944591,2014-10-15,,
111,41,2014-10,,,,,18567727.0,45.0,177307.0,88.0,14467.87598944591,2014-10-16,,
99,37,2014-10,,,,,18567727.0,45.0,177307.0,88.0,14467.87598944591,2014-10-17,,
131,43,2014-10,,,,,18567727.0,45.0,177307.0,88.0,14467.87598944591,2014-10-18,,
118,44,2014-10,,,,,18567727.0,45.0,177307.0,88.0,14467.87598944591,2014-10-19,,
99,38,2014-10,,,,,18567727.0,45.0,177307.0,88.0,14467.87598944591,2014-10-20,,
108,37,2014-10,,,,,18567727.0,45.0,177307.0,88.0,14467.87598944591,2014-10-21,,
103,33,2014-10,,,,,18567727.0,45.0,177307.0,88.0,14467.87598944591,2014-10-22,,
97,36,2014-10,,,,,18567727.0,45.0,177307.0,88.0,14467.87598944591,2014-10-23,,
103,44,2014-10,,,,,18567727.0,45.0,177307.0,88.0,14467.87598944591,2014-10-24,,
110,45,2014-10,,,,,18567727.0,45.0,177307.0,88.0,14467.87598944591,2014-10-25,,
79,36,2014-10,,,,,18567727.0,45.0,177307.0,88.0,14467.87598944591,2014-10-26,,
84,37,2014-10,,,,,18567727.0,45.0,177307.0,88.0,14467.87598944591,2014-10-27,,
91,41,2014-10,,,,,18567727.0,45.0,177307.0,88.0,14467.87598944591,2014-10-28,,
87,32,2014-10,,,,,18567727.0,45.0,177307.0,88.0,14467.87598944591,2014-10-29,,
100,40,2014-10,,,,,18567727.0,45.0,177307.0,88.0,14467.87598944591,2014-10-30,,
103,41,2014-10,,,,,18567727.0,45.0,177307.0,88.0,14467.87598944591,2014-10-31,,
132,42,2014-11,,,,,18369790.0,39.0,171887.0,92.0,14474.528301886792,2014-11-01,,
138,49,2014-11,,,,,18369790.0,39.0,171887.0,92.0,14474.528301886792,2014-11-02,,
90,43,2014-11,,,,,18369790.0,39.0,171887.0,92.0,14474.528301886792,2014-11-03,,
101,43,2014-11,,,,,18369790.0,39.0,171887.0,92.0,14474.528301886792,2014-11-04,,
98,37,2014-11,,,,,18369790.0,39.0,171887.0,92.0,14474.528301886792,2014-11-05,,
84,37,2014-11,,,,,18369790.0,39.0,171887.0,92.0,14474.528301886792,2014-11-06,,
136,43,2014-11,,,,,18369790.0,39.0,171887.0,92.0,14474.528301886792,2014-11-07,,
120,42,2014-11,,,,,18369790.0,39.0,171887.0,92.0,14474.528301886792,2014-11-08,,
117,43,2014-11,,,,,18369790.0,39.0,171887.0,92.0,14474.528301886792,2014-11-09,,
101,37,2014-11,,,,,18369790.0,39.0,171887.0,92.0,14474.528301886792,2014-11-10,,
107,39,2014-11,,,,,18369790.0,39.0,171887.0,92.0,14474.528301886792,2014-11-11,,
66,30,2014-11,,,,,18369790.0,39.0,171887.0,92.0,14474.528301886792,2014-11-12,,
68,29,2014-11,,,,,18369790.0,39.0,171887.0,92.0,14474.528301886792,2014-11-13,,
109,36,2014-11,,,,,18369790.0,39.0,171887.0,92.0,14474.528301886792,2014-11-14,,
84,42,2014-11,,,,,18369790.0,39.0,171887.0,92.0,14474.528301886792,2014-11-15,,
102,40,2014-11,,,,,18369790.0,39.0,171887.0,92.0,14474.528301886792,2014-11-16,,
100,35,2014-11,,,,,18369790.0,39.0,171887.0,92.0,14474.528301886792,2014-11-17,,
63,32,2014-11,,,,,18369790.0,39.0,171887.0,92.0,14474.528301886792,2014-11-18,,
94,36,2014-11,,,,,18369790.0,39.0,171887.0,92.0,14474.528301886792,2014-11-19,,
91,41,2014-11,,,,,18369790.0,39.0,171887.0,92.0,14474.528301886792,2014-11-20,,
74,28,2014-11,,,,,18369790.0,39.0,171887.0,92.0,14474.528301886792,2014-11-21,,
109,46,2014-11,,,,,18369790.0,39.0,171887.0,92.0,14474.528301886792,2014-11-22,,
100,45,2014-11,,,,,18369790.0,39.0,171887.0,92.0,14474.528301886792,2014-11-23,,
122,40,2014-11,,,,,18369790.0,39.0,171887.0,92.0,14474.528301886792,2014-11-24,,
82,41,2014-11,,,,,18369790.0,39.0,171887.0,92.0,14474.528301886792,2014-11-25,,
58,22,2014-11,,,,,18369790.0,39.0,171887.0,92.0,14474.528301886792,2014-11-26,,
76,31,2014-11,,,,,18369790.0,39.0,171887.0,92.0,14474.528301886792,2014-11-27,,
93,36,2014-11,,,,,18369790.0,39.0,171887.0,92.0,14474.528301886792,2014-11-28,,
112,44,2014-11,,,,,18369790.0,39.0,171887.0,92.0,14474.528301886792,2014-11-29,,
124,45,2014-11,,,,,18369790.0,39.0,171887.0,92.0,14474.528301886792,2014-11-30,,
107,45,2014-12,,,,,22199446.0,64.0,180660.0,96.0,14492.65776699029,2014-12-01,,
89,32,2014-12,,,,,22199446.0,64.0,180660.0,96.0,14492.65776699029,2014-12-02,,
102,37,2014-12,,,,,22199446.0,64.0,180660.0,96.0,14492.65776699029,2014-12-03,,
83,35,2014-12,,,,,22199446.0,64.0,180660.0,96.0,14492.65776699029,2014-12-04,,
86,37,2014-12,,,,,22199446.0,64.0,180660.0,96.0,14492.65776699029,2014-12-05,,
119,51,2014-12,,,,,22199446.0,64.0,180660.0,96.0,14492.65776699029,2014-12-06,,
111,40,2014-12,,,,,22199446.0,64.0,180660.0,96.0,14492.65776699029,2014-12-07,,
101,41,2014-12,,,,,22199446.0,64.0,180660.0,96.0,14492.65776699029,2014-12-08,,
116,41,2014-12,,,,,22199446.0,64.0,180660.0,96.0,14492.65776699029,2014-12-09,,
83,30,2014-12,,,,,22199446.0,64.0,180660.0,96.0,14492.65776699029,2014-12-10,,
96,40,2014-12,,,,,22199446.0,64.0,180660.0,96.0,14492.65776699029,2014-12-11,,
98,37,2014-12,,,,,22199446.0,64.0,180660.0,96.0,14492.65776699029,2014-12-12,,
87,39,2014-12,,,,,22199446.0,64.0,180660.0,96.0,14492.65776699029,2014-12-13,,
128,47,2014-12,,,,,22199446.0,64.0,180660.0,96.0,14492.65776699029,2014-12-14,,
78,36,2014-12,,,,,22199446.0,64.0,180660.0,96.0,14492.65776699029,2014-12-15,,
103,43,2014-12,,,,,22199446.0,64.0,180660.0,96.0,14492.65776699029,2014-12-16,,
86,37,2014-12,,,,,22199446.0,64.0,180660.0,96.0,14492.65776699029,2014-12-17,,
93,29,2014-12,,,,,22199446.0,64.0,180660.0,96.0,14492.65776699029,2014-12-18,,
81,36,2014-12,,,,,22199446.0,64.0,180660.0,96.0,14492.65776699029,2014-12-19,,
127,55,2014-12,,,,,22199446.0,64.0,180660.0,96.0,14492.65776699029,2014-12-20,,
134,48,2014-12,,,,,22199446.0,64.0,180660.0,96.0,14492.65776699029,2014-12-21,,
120,37,2014-12,,,,,22199446.0,64.0,180660.0,96.0,14492.65776699029,2014-12-22,,
92,31,2014-12,,,,,22199446.0,64.0,180660.0,96.0,14492.65776699029,2014-12-23,,
150,50,2014-12,,,,,22199446.0,64.0,180660.0,96.0,14492.65776699029,2014-12-24,,
121,48,2014-12,,,,,22199446.0,64.0,180660.0,96.0,14492.65776699029,2014-12-25,,
87,33,2014-12,,,,,22199446.0,64.0,180660.0,96.0,14492.65776699029,2014-12-26,,
93,38,2014-12,,,,,22199446.0,64.0,180660.0,96.0,14492.65776699029,2014-12-27,,
104,42,2014-12,,,,,22199446.0,64.0,180660.0,96.0,14492.65776699029,2014-12-28,,
95,31,2014-12,,,,,22199446.0,64.0,180660.0,96.0,14492.65776699029,2014-12-29,,
139,43,2014-12,,,,,22199446.0,64.0,180660.0,96.0,14492.65776699029,2014-12-30,,
133,55,2014-12,,,,,22199446.0,64.0,180660.0,96.0,14492.65776699029,2014-12-31,,
216,69,2015-01,,,,,22252383.0,137.0,162474.0,97.0,14923.988095238095,2015-01-01,,
139,50,2015-01,,,,,22252383.0,137.0,162474.0,97.0,14923.988095238095,2015-01-02,,
133,52,2015-01,,,,,22252383.0,137.0,162474.0,97.0,14923.988095238095,2015-01-03,,
118,47,2015-01,,,,,22252383.0,137.0,162474.0,97.0,14923.988095238095,2015-01-04,,
100,38,2015-01,,,,,22252383.0,137.0,162474.0,97.0,14923.988095238095,2015-01-05,,
123,45,2015-01,,,,,22252383.0,137.0,162474.0,97.0,14923.988095238095,2015-01-06,,
98,37,2015-01,,,,,22252383.0,137.0,162474.0,97.0,14923.988095238095,2015-01-07,,
94,42,2015-01,,,,,22252383.0,137.0,162474.0,97.0,14923.988095238095,2015-01-08,,
97,35,2015-01,,,,,22252383.0,137.0,162474.0,97.0,14923.988095238095,2015-01-09,,
102,43,2015-01,,,,,22252383.0,137.0,162474.0,97.0,14923.988095238095,2015-01-10,,
118,51,2015-01,,,,,22252383.0,137.0,162474.0,97.0,14923.988095238095,2015-01-11,,
94,42,2015-01,,,,,22252383.0,137.0,162474.0,97.0,14923.988095238095,2015-01-12,,
135,46,2015-01,,,,,22252383.0,137.0,162474.0,97.0,14923.988095238095,2015-01-13,,
102,37,2015-01,,,,,22252383.0,137.0,162474.0,97.0,14923.988095238095,2015-01-14,,
79,35,2015-01,,,,,22252383.0,137.0,162474.0,97.0,14923.988095238095,2015-01-15,,
102,41,2015-01,,,,,22252383.0,137.0,162474.0,97.0,14923.988095238095,2015-01-16,,
113,50,2015-01,,,,,22252383.0,137.0,162474.0,97.0,14923.988095238095,2015-01-17,,
146,57,2015-01,,,,,22252383.0,137.0,162474.0,97.0,14923.988095238095,2015-01-18,,
108,38,2015-01,,,,,22252383.0,137.0,162474.0,97.0,14923.988095238095,2015-01-19,,
120,45,2015-01,,,,,22252383.0,137.0,162474.0,97.0,14923.988095238095,2015-01-20,,
108,30,2015-01,,,,,22252383.0,137.0,162474.0,97.0,14923.988095238095,2015-01-21,,
105,37,2015-01,,,,,22252383.0,137.0,162474.0,97.0,14923.988095238095,2015-01-22,,
105,36,2015-01,,,,,22252383.0,137.0,162474.0,97.0,14923.988095238095,2015-01-23,,
109,45,2015-01,,,,,22252383.0,137.0,162474.0,97.0,14923.988095238095,2015-01-24,,
154,52,2015-01,,,,,22252383.0,137.0,162474.0,97.0,14923.988095238095,2015-01-25,,
99,38,2015-01,,,,,22252383.0,137.0,162474.0,97.0,14923.988095238095,2015-01-26,,
100,35,2015-01,,,,,22252383.0,137.0,162474.0,97.0,14923.988095238095,2015-01-27,,
119,38,2015-01,,,,,22252383.0,137.0,162474.0,97.0,14923.988095238095,2015-01-28,,
104,40,2015-01,,,,,22252383.0,137.0,162474.0,97.0,14923.988095238095,2015-01-29,,
108,42,2015-01,,,,,22252383.0,137.0,162474.0,97.0,14923.988095238095,2015-01-30,,
126,48,2015-01,,,,,22252383.0,137.0,162474.0,97.0,14923.988095238095,2015-01-31,,
170,57,2015-02,,,,,17002887.0,27.0,164844.0,96.0,14969.411057692309,2015-02-01,,
149,55,2015-02,,,,,17002887.0,27.0,164844.0,96.0,14969.411057692309,2015-02-02,,
119,37,2015-02,,,,,17002887.0,27.0,164844.0,96.0,14969.411057692309,2015-02-03,,
112,49,2015-02,,,,,17002887.0,27.0,164844.0,96.0,14969.411057692309,2015-02-04,,
107,42,2015-02,,,,,17002887.0,27.0,164844.0,96.0,14969.411057692309,2015-02-05,,
98,34,2015-02,,,,,17002887.0,27.0,164844.0,96.0,14969.411057692309,2015-02-06,,
122,47,2015-02,,,,,17002887.0,27.0,164844.0,96.0,14969.411057692309,2015-02-07,,
115,48,2015-02,,,,,17002887.0,27.0,164844.0,96.0,14969.411057692309,2015-02-08,,
110,40,2015-02,,,,,17002887.0,27.0,164844.0,96.0,14969.411057692309,2015-02-09,,
122,45,2015-02,,,,,17002887.0,27.0,164844.0,96.0,14969.411057692309,2015-02-10,,
115,35,2015-02,,,,,17002887.0,27.0,164844.0,96.0,14969.411057692309,2015-02-11,,
94,33,2015-02,,,,,17002887.0,27.0,164844.0,96.0,14969.411057692309,2015-02-12,,
107,45,2015-02,,,,,17002887.0,27.0,164844.0,96.0,14969.411057692309,2015-02-13,,
141,52,2015-02,,,,,17002887.0,27.0,164844.0,96.0,14969.411057692309,2015-02-14,,
145,54,2015-02,,,,,17002887.0,27.0,164844.0,96.0,14969.411057692309,2015-02-15,,
125,49,2015-02,,,,,17002887.0,27.0,164844.0,96.0,14969.411057692309,2015-02-16,,
133,49,2015-02,,,,,17002887.0,27.0,164844.0,96.0,14969.411057692309,2015-02-17,,
112,45,2015-02,,,,,17002887.0,27.0,164844.0,96.0,14969.411057692309,2015-02-18,,
106,41,2015-02,,,,,17002887.0,27.0,164844.0,96.0,14969.411057692309,2015-02-19,,
112,32,2015-02,,,,,17002887.0,27.0,164844.0,96.0,14969.411057692309,2015-02-20,,
166,57,2015-02,,,,,17002887.0,27.0,164844.0,96.0,14969.411057692309,2015-02-21,,
161,57,2015-02,,,,,17002887.0,27.0,164844.0,96.0,14969.411057692309,2015-02-22,,
131,45,2015-02,,,,,17002887.0,27.0,164844.0,96.0,14969.411057692309,2015-02-23,,
126,38,2015-02,,,,,17002887.0,27.0,164844.0,96.0,14969.411057692309,2015-02-24,,
113,43,2015-02,,,,,17002887.0,27.0,164844.0,96.0,14969.411057692309,2015-02-25,,
136,46,2015-02,,,,,17002887.0,27.0,164844.0,96.0,14969.411057692309,2015-02-26,,
123,36,2015-02,,,,,17002887.0,27.0,164844.0,96.0,14969.411057692309,2015-02-27,,
127,52,2015-02,,,,,17002887.0,27.0,164844.0,96.0,14969.411057692309,2015-02-28,,
150,62,2015-03,,,,,19160968.0,30.0,185111.0,97.0,14960.394265232975,2015-03-01,,
115,39,2015-03,,,,,19160968.0,30.0,185111.0,97.0,14960.394265232975,2015-03-02,,
113,45,2015-03,,,,,19160968.0,30.0,185111.0,97.0,14960.394265232975,2015-03-03,,
111,38,2015-03,,,,,19160968.0,30.0,185111.0,97.0,14960.394265232975,2015-03-04,,
97,41,2015-03,,,,,19160968.0,30.0,185111.0,97.0,14960.394265232975,2015-03-05,,
95,42,2015-03,,,,,19160968.0,30.0,185111.0,97.0,14960.394265232975,2015-03-06,,
118,43,2015-03,,,,,19160968.0,30.0,185111.0,97.0,14960.394265232975,2015-03-07,,
149,56,2015-03,,,,,19160968.0,30.0,185111.0,97.0,14960.394265232975,2015-03-08,,
89,36,2015-03,,,,,19160968.0,30.0,185111.0,97.0,14960.394265232975,2015-03-09,,
100,33,2015-03,,,,,19160968.0,30.0,185111.0,97.0,14960.394265232975,2015-03-10,,
84,38,2015-03,,,,,19160968.0,30.0,185111.0,97.0,14960.394265232975,2015-03-11,,
114,37,2015-03,,,,,19160968.0,30.0,185111.0,97.0,14960.394265232975,2015-03-12,,
93,39,2015-03,,,,,19160968.0,30.0,185111.0,97.0,14960.394265232975,2015-03-13,,
146,46,2015-03,,,,,19160968.0,30.0,185111.0,97.0,14960.394265232975,2015-03-14,,
146,46,2015-03,,,,,19160968.0,30.0,185111.0,97.0,14960.394265232975,2015-03-15,,
115,33,2015-03,,,,,19160968.0,30.0,185111.0,97.0,14960.394265232975,2015-03-16,,
98,37,2015-03,,,,,19160968.0,30.0,185111.0,97.0,14960.394265232975,2015-03-17,,
136,34,2015-03,,,,,19160968.0,30.0,185111.0,97.0,14960.394265232975,2015-03-18,,
87,33,2015-03,,,,,19160968.0,30.0,185111.0,97.0,14960.394265232975,2015-03-19,,
97,38,2015-03,,,,,19160968.0,30.0,185111.0,97.0,14960.394265232975,2015-03-20,,
126,42,2015-03,,,,,19160968.0,30.0,185111.0,97.0,14960.394265232975,2015-03-21,,
115,49,2015-03,,,,,19160968.0,30.0,185111.0,97.0,14960.394265232975,2015-03-22,,
101,40,2015-03,,,,,19160968.0,30.0,185111.0,97.0,14960.394265232975,2015-03-23,,
92,35,2015-03,,,,,19160968.0,30.0,185111.0,97.0,14960.394265232975,2015-03-24,,
81,31,2015-03,,,,,19160968.0,30.0,185111.0,97.0,14960.394265232975,2015-03-25,,
119,44,2015-03,,,,,19160968.0,30.0,185111.0,97.0,14960.394265232975,2015-03-26,,
81,30,2015-03,,,,,19160968.0,30.0,185111.0,97.0,14960.394265232975,2015-03-27,,
101,36,2015-03,,,,,19160968.0,30.0,185111.0,97.0,14960.394265232975,2015-03-28,,
83,37,2015-03,,,,,19160968.0,30.0,185111.0,97.0,14960.394265232975,2015-03-29,,
79,30,2015-03,,,,,19160968.0,30.0,185111.0,97.0,14960.394265232975,2015-03-30,,
116,39,2015-03,,,,,19160968.0,30.0,185111.0,97.0,14960.394265232975,2015-03-31,,
128,48,2015-04,,,,,19395934.0,40.0,178048.0,98.0,14897.579693034239,2015-04-01,,
115,46,2015-04,,,,,19395934.0,40.0,178048.0,98.0,14897.579693034239,2015-04-02,,
66,37,2015-04,,,,,19395934.0,40.0,178048.0,98.0,14897.579693034239,2015-04-03,,
82,39,2015-04,,,,,19395934.0,40.0,178048.0,98.0,14897.579693034239,2015-04-04,,
145,59,2015-04,,,,,19395934.0,40.0,178048.0,98.0,14897.579693034239,2015-04-05,,
149,57,2015-04,,,,,19395934.0,40.0,178048.0,98.0,14897.579693034239,2015-04-06,,
108,39,2015-04,,,,,19395934.0,40.0,178048.0,98.0,14897.579693034239,2015-04-07,,
83,41,2015-04,,,,,19395934.0,40.0,178048.0,98.0,14897.579693034239,2015-04-08,,
86,36,2015-04,,,,,19395934.0,40.0,178048.0,98.0,14897.579693034239,2015-04-09,,
95,29,2015-04,,,,,19395934.0,40.0,178048.0,98.0,14897.579693034239,2015-04-10,,
140,43,2015-04,,,,,19395934.0,40.0,178048.0,98.0,14897.579693034239,2015-04-11,,
138,50,2015-04,,,,,19395934.0,40.0,178048.0,98.0,14897.579693034239,2015-04-12,,
122,48,2015-04,,,,,19395934.0,40.0,178048.0,98.0,14897.579693034239,2015-04-13,,
85,38,2015-04,,,,,19395934.0,40.0,178048.0,98.0,14897.579693034239,2015-04-14,,
115,48,2015-04,,,,,19395934.0,40.0,178048.0,98.0,14897.579693034239,2015-04-15,,
113,38,2015-04,,,,,19395934.0,40.0,178048.0,98.0,14897.579693034239,2015-04-16,,
117,52,2015-04,,,,,19395934.0,40.0,178048.0,98.0,14897.579693034239,2015-04-17,,
146,46,2015-04,,,,,19395934.0,40.0,178048.0,98.0,14897.579693034239,2015-04-18,,
140,39,2015-04,,,,,19395934.0,40.0,178048.0,98.0,14897.579693034239,2015-04-19,,
97,47,2015-04,,,,,19395934.0,40.0,178048.0,98.0,14897.579693034239,2015-04-20,,
87,35,2015-04,,,,,19395934.0,40.0,178048.0,98.0,14897.579693034239,2015-04-21,,
103,41,2015-04,,,,,19395934.0,40.0,178048.0,98.0,14897.579693034239,2015-04-22,,
92,39,2015-04,,,,,19395934.0,40.0,178048.0,98.0,14897.579693034239,2015-04-23,,
85,38,2015-04,,,,,19395934.0,40.0,178048.0,98.0,14897.579693034239,2015-04-24,,
90,36,2015-04,,,,,19395934.0,40.0,178048.0,98.0,14897.579693034239,2015-04-25,,
142,52,2015-04,,,,,19395934.0,40.0,178048.0,98.0,14897.579693034239,2015-04-26,,
134,49,2015-04,,,,,19395934.0,40.0,178048.0,98.0,14897.579693034239,2015-04-27,,
70,29,2015-04,,,,,19395934.0,40.0,178048.0,98.0,14897.579693034239,2015-04-28,,
94,39,2015-04,,,,,19395934.0,40.0,178048.0,98.0,14897.579693034239,2015-04-29,,
112,41,2015-04,,,,,19395934.0,40.0,178048.0,98.0,14897.579693034239,2015-04-30,,
124,47,2015-05,,,,,19332054.0,39.0,179993.0,95.0,14931.227436823105,2015-05-01,,
141,51,2015-05,,,,,19332054.0,39.0,179993.0,95.0,14931.227436823105,2015-05-02,,
134,46,2015-05,,,,,19332054.0,39.0,179993.0,95.0,14931.227436823105,2015-05-03,,
97,36,2015-05,,,,,19332054.0,39.0,179993.0,95.0,14931.227436823105,2015-05-04,,
84,33,2015-05,,,,,19332054.0,39.0,179993.0,95.0,14931.227436823105,2015-05-05,,
70,29,2015-05,,,,,19332054.0,39.0,179993.0,95.0,14931.227436823105,2015-05-06,,
112,35,2015-05,,,,,19332054.0,39.0,179993.0,95.0,14931.227436823105,2015-05-07,,
95,37,2015-05,,,,,19332054.0,39.0,179993.0,95.0,14931.227436823105,2015-05-08,,
138,48,2015-05,,,,,19332054.0,39.0,179993.0,95.0,14931.227436823105,2015-05-09,,
163,58,2015-05,,,,,19332054.0,39.0,179993.0,95.0,14931.227436823105,2015-05-10,,
129,42,2015-05,,,,,19332054.0,39.0,179993.0,95.0,14931.227436823105,2015-05-11,,
85,26,2015-05,,,,,19332054.0,39.0,179993.0,95.0,14931.227436823105,2015-05-12,,
99,36,2015-05,,,,,19332054.0,39.0,179993.0,95.0,14931.227436823105,2015-05-13,,
105,38,2015-05,,,,,19332054.0,39.0,179993.0,95.0,14931.227436823105,2015-05-14,,
101,33,2015-05,,,,,19332054.0,39.0,179993.0,95.0,14931.227436823105,2015-05-15,,
129,48,2015-05,,,,,19332054.0,39.0,179993.0,95.0,14931.227436823105,2015-05-16,,
127,45,2015-05,,,,,19332054.0,39.0,179993.0,95.0,14931.227436823105,2015-05-17,,
99,44,2015-05,,,,,19332054.0,39.0,179993.0,95.0,14931.227436823105,2015-05-18,,
100,45,2015-05,,,,,19332054.0,39.0,179993.0,95.0,14931.227436823105,2015-05-19,,
80,35,2015-05,,,,,19332054.0,39.0,179993.0,95.0,14931.227436823105,2015-05-20,,
75,30,2015-05,,,,,19332054.0,39.0,179993.0,95.0,14931.227436823105,2015-05-21,,
91,39,2015-05,,,,,19332054.0,39.0,179993.0,95.0,14931.227436823105,2015-05-22,,
92,38,2015-05,,,,,19332054.0,39.0,179993.0,95.0,14931.227436823105,2015-05-23,,
109,40,2015-05,,,,,19332054.0,39.0,179993.0,95.0,14931.227436823105,2015-05-24,,
92,39,2015-05,,,,,19332054.0,39.0,179993.0,95.0,14931.227436823105,2015-05-25,,
127,38,2015-05,,,,,19332054.0,39.0,179993.0,95.0,14931.227436823105,2015-05-26,,
60,22,2015-05,,,,,19332054.0,39.0,179993.0,95.0,14931.227436823105,2015-05-27,,
95,36,2015-05,,,,,19332054.0,39.0,179993.0,95.0,14931.227436823105,2015-05-28,,
92,37,2015-05,,,,,19332054.0,39.0,179993.0,95.0,14931.227436823105,2015-05-29,,
91,37,2015-05,,,,,19332054.0,39.0,179993.0,95.0,14931.227436823105,2015-05-30,,
125,46,2015-05,,,,,19332054.0,39.0,179993.0,95.0,14931.227436823105,2015-05-31,,
154,50,2015-06,,,,,20254085.0,50.0,168964.0,95.0,14959.963985594237,2015-06-01,,
115,33,2015-06,,,,,20254085.0,50.0,168964.0,95.0,14959.963985594237,2015-06-02,,
113,35,2015-06,,,,,20254085.0,50.0,168964.0,95.0,14959.963985594237,2015-06-03,,
114,42,2015-06,,,,,20254085.0,50.0,168964.0,95.0,14959.963985594237,2015-06-04,,
103,41,2015-06,,,,,20254085.0,50.0,168964.0,95.0,14959.963985594237,2015-06-05,,
163,43,2015-06,,,,,20254085.0,50.0,168964.0,95.0,14959.963985594237,2015-06-06,,
146,44,2015-06,,,,,20254085.0,50.0,168964.0,95.0,14959.963985594237,2015-06-07,,
114,54,2015-06,,,,,20254085.0,50.0,168964.0,95.0,14959.963985594237,2015-06-08,,
137,47,2015-06,,,,,20254085.0,50.0,168964.0,95.0,14959.963985594237,2015-06-09,,
115,38,2015-06,,,,,20254085.0,50.0,168964.0,95.0,14959.963985594237,2015-06-10,,
108,43,2015-06,,,,,20254085.0,50.0,168964.0,95.0,14959.963985594237,2015-06-11,,
113,43,2015-06,,,,,20254085.0,50.0,168964.0,95.0,14959.963985594237,2015-06-12,,
139,52,2015-06,,,,,20254085.0,50.0,168964.0,95.0,14959.963985594237,2015-06-13,,
138,54,2015-06,,,,,20254085.0,50.0,168964.0,95.0,14959.963985594237,2015-06-14,,
101,42,2015-06,,,,,20254085.0,50.0,168964.0,95.0,14959.963985594237,2015-06-15,,
113,40,2015-06,,,,,20254085.0,50.0,168964.0,95.0,14959.963985594237,2015-06-16,,
137,40,2015-06,,,,,20254085.0,50.0,168964.0,95.0,14959.963985594237,2015-06-17,,
105,46,2015-06,,,,,20254085.0,50.0,168964.0,95.0,14959.963985594237,2015-06-18,,
122,44,2015-06,,,,,20254085.0,50.0,168964.0,95.0,14959.963985594237,2015-06-19,,
105,44,2015-06,,,,,20254085.0,50.0,168964.0,95.0,14959.963985594237,2015-06-20,,
166,53,2015-06,,,,,20254085.0,50.0,168964.0,95.0,14959.963985594237,2015-06-21,,
83,36,2015-06,,,,,20254085.0,50.0,168964.0,95.0,14959.963985594237,2015-06-22,,
98,41,2015-06,,,,,20254085.0,50.0,168964.0,95.0,14959.963985594237,2015-06-23,,
103,36,2015-06,,,,,20254085.0,50.0,168964.0,95.0,14959.963985594237,2015-06-24,,
101,40,2015-06,,,,,20254085.0,50.0,168964.0,95.0,14959.963985594237,2015-06-25,,
121,41,2015-06,,,,,20254085.0,50.0,168964.0,95.0,14959.963985594237,2015-06-26,,
146,48,2015-06,,,,,20254085.0,50.0,168964.0,95.0,14959.963985594237,2015-06-27,,
118,52,2015-06,,,,,20254085.0,50.0,168964.0,95.0,14959.963985594237,2015-06-28,,
106,42,2015-06,,,,,20254085.0,50.0,168964.0,95.0,14959.963985594237,2015-06-29,,
123,44,2015-06,,,,,20254085.0,50.0,168964.0,95.0,14959.963985594237,2015-06-30,,
120,54,2015-07,,,,,20543052.0,40.0,179684.0,95.0,15030.290205562273,2015-07-01,,
127,47,2015-07,,,,,20543052.0,40.0,179684.0,95.0,15030.290205562273,2015-07-02,,
128,54,2015-07,,,,,20543052.0,40.0,179684.0,95.0,15030.290205562273,2015-07-03,,
167,53,2015-07,,,,,20543052.0,40.0,179684.0,95.0,15030.290205562273,2015-07-04,,
158,60,2015-07,,,,,20543052.0,40.0,179684.0,95.0,15030.290205562273,2015-07-05,,
126,47,2015-07,,,,,20543052.0,40.0,179684.0,95.0,15030.290205562273,2015-07-06,,
117,38,2015-07,,,,,20543052.0,40.0,179684.0,95.0,15030.290205562273,2015-07-07,,
114,45,2015-07,,,,,20543052.0,40.0,179684.0,95.0,15030.290205562273,2015-07-08,,
125,49,2015-07,,,,,20543052.0,40.0,179684.0,95.0,15030.290205562273,2015-07-09,,
127,53,2015-07,,,,,20543052.0,40.0,179684.0,95.0,15030.290205562273,2015-07-10,,
137,48,2015-07,,,,,20543052.0,40.0,179684.0,95.0,15030.290205562273,2015-07-11,,
134,45,2015-07,,,,,20543052.0,40.0,179684.0,95.0,15030.290205562273,2015-07-12,,
111,45,2015-07,,,,,20543052.0,40.0,179684.0,95.0,15030.290205562273,2015-07-13,,
100,46,2015-07,,,,,20543052.0,40.0,179684.0,95.0,15030.290205562273,2015-07-14,,
99,47,2015-07,,,,,20543052.0,40.0,179684.0,95.0,15030.290205562273,2015-07-15,,
122,44,2015-07,,,,,20543052.0,40.0,179684.0,95.0,15030.290205562273,2015-07-16,,
107,42,2015-07,,,,,20543052.0,40.0,179684.0,95.0,15030.290205562273,2015-07-17,,
152,55,2015-07,,,,,20543052.0,40.0,179684.0,95.0,15030.290205562273,2015-07-18,,
182,73,2015-07,,,,,20543052.0,40.0,179684.0,95.0,15030.290205562273,2015-07-19,,
123,44,2015-07,,,,,20543052.0,40.0,179684.0,95.0,15030.290205562273,2015-07-20,,
133,51,2015-07,,,,,20543052.0,40.0,179684.0,95.0,15030.290205562273,2015-07-21,,
113,43,2015-07,,,,,20543052.0,40.0,179684.0,95.0,15030.290205562273,2015-07-22,,
111,42,2015-07,,,,,20543052.0,40.0,179684.0,95.0,15030.290205562273,2015-07-23,,
100,45,2015-07,,,,,20543052.0,40.0,179684.0,95.0,15030.290205562273,2015-07-24,,
174,58,2015-07,,,,,20543052.0,40.0,179684.0,95.0,15030.290205562273,2015-07-25,,
105,42,2015-07,,,,,20543052.0,40.0,179684.0,95.0,15030.290205562273,2015-07-26,,
124,47,2015-07,,,,,20543052.0,40.0,179684.0,95.0,15030.290205562273,2015-07-27,,
97,38,2015-07,,,,,20543052.0,40.0,179684.0,95.0,15030.290205562273,2015-07-28,,
100,41,2015-07,,,,,20543052.0,40.0,179684.0,95.0,15030.290205562273,2015-07-29,,
89,41,2015-07,,,,,20543052.0,40.0,179684.0,95.0,15030.290205562273,2015-07-30,,
126,43,2015-07,,,,,20543052.0,40.0,179684.0,95.0,15030.290205562273,2015-07-31,,
147,51,2015-08,,,,,20742757.0,51.0,189728.0,101.0,14792.066210045663,2015-08-01,,
126,54,2015-08,,,,,20742757.0,51.0,189728.0,101.0,14792.066210045663,2015-08-02,,
125,38,2015-08,,,,,20742757.0,51.0,189728.0,101.0,14792.066210045663,2015-08-03,,
92,34,2015-08,,,,,20742757.0,51.0,189728.0,101.0,14792.066210045663,2015-08-04,,
134,34,2015-08,,,,,20742757.0,51.0,189728.0,101.0,14792.066210045663,2015-08-05,,
114,44,2015-08,,,,,20742757.0,51.0,189728.0,101.0,14792.066210045663,2015-08-06,,
117,37,2015-08,,,,,20742757.0,51.0,189728.0,101.0,14792.066210045663,2015-08-07,,
114,40,2015-08,,,,,20742757.0,51.0,189728.0,101.0,14792.066210045663,2015-08-08,,
146,46,2015-08,,,,,20742757.0,51.0,189728.0,101.0,14792.066210045663,2015-08-09,,
99,37,2015-08,,,,,20742757.0,51.0,189728.0,101.0,14792.066210045663,2015-08-10,,
101,45,2015-08,,,,,20742757.0,51.0,189728.0,101.0,14792.066210045663,2015-08-11,,
113,45,2015-08,,,,,20742757.0,51.0,189728.0,101.0,14792.066210045663,2015-08-12,,
94,38,2015-08,,,,,20742757.0,51.0,189728.0,101.0,14792.066210045663,2015-08-13,,
96,40,2015-08,,,,,20742757.0,51.0,189728.0,101.0,14792.066210045663,2015-08-14,,
138,43,2015-08,,,,,20742757.0,51.0,189728.0,101.0,14792.066210045663,2015-08-15,,
153,49,2015-08,,,,,20742757.0,51.0,189728.0,101.0,14792.066210045663,2015-08-16,,
128,54,2015-08,,,,,20742757.0,51.0,189728.0,101.0,14792.066210045663,2015-08-17,,
106,40,2015-08,,,,,20742757.0,51.0,189728.0,101.0,14792.066210045663,2015-08-18,,
118,43,2015-08,,,,,20742757.0,51.0,189728.0,101.0,14792.066210045663,2015-08-19,,
108,40,2015-08,,,,,20742757.0,51.0,189728.0,101.0,14792.066210045663,2015-08-20,,
118,41,2015-08,,,,,20742757.0,51.0,189728.0,101.0,14792.066210045663,2015-08-21,,
111,41,2015-08,,,,,20742757.0,51.0,189728.0,101.0,14792.066210045663,2015-08-22,,
140,53,2015-08,,,,,20742757.0,51.0,189728.0,101.0,14792.066210045663,2015-08-23,,
105,38,2015-08,,,,,20742757.0,51.0,189728.0,101.0,14792.066210045663,2015-08-24,,
95,33,2015-08,,,,,20742757.0,51.0,189728.0,101.0,14792.066210045663,2015-08-25,,
90,33,2015-08,,,,,20742757.0,51.0,189728.0,101.0,14792.066210045663,2015-08-26,,
84,35,2015-08,,,,,20742757.0,51.0,189728.0,101.0,14792.066210045663,2015-08-27,,
98,39,2015-08,,,,,20742757.0,51.0,189728.0,101.0,14792.066210045663,2015-08-28,,
133,39,2015-08,,,,,20742757.0,51.0,189728.0,101.0,14792.066210045663,2015-08-29,,
146,55,2015-08,,,,,20742757.0,51.0,189728.0,101.0,14792.066210045663,2015-08-30,,
92,40,2015-08,,,,,20742757.0,51.0,189728.0,101.0,14792.066210045663,2015-08-31,,
150,55,2015-09,,,,,19426552.0,48.0,195321.0,104.0,14622.497249724973,2015-09-01,,
101,40,2015-09,,,,,19426552.0,48.0,195321.0,104.0,14622.497249724973,2015-09-02,,
126,48,2015-09,,,,,19426552.0,48.0,195321.0,104.0,14622.497249724973,2015-09-03,,
163,53,2015-09,,,,,19426552.0,48.0,195321.0,104.0,14622.497249724973,2015-09-04,,
133,52,2015-09,,,,,19426552.0,48.0,195321.0,104.0,14622.497249724973,2015-09-05,,
143,59,2015-09,,,,,19426552.0,48.0,195321.0,104.0,14622.497249724973,2015-09-06,,
149,51,2015-09,,,,,19426552.0,48.0,195321.0,104.0,14622.497249724973,2015-09-07,,
114,45,2015-09,,,,,19426552.0,48.0,195321.0,104.0,14622.497249724973,2015-09-08,,
107,44,2015-09,,,,,19426552.0,48.0,195321.0,104.0,14622.497249724973,2015-09-09,,
124,40,2015-09,,,,,19426552.0,48.0,195321.0,104.0,14622.497249724973,2015-09-10,,
100,38,2015-09,,,,,19426552.0,48.0,195321.0,104.0,14622.497249724973,2015-09-11,,
168,58,2015-09,,,,,19426552.0,48.0,195321.0,104.0,14622.497249724973,2015-09-12,,
196,60,2015-09,,,,,19426552.0,48.0,195321.0,104.0,14622.497249724973,2015-09-13,,
115,42,2015-09,,,,,19426552.0,48.0,195321.0,104.0,14622.497249724973,2015-09-14,,
117,43,2015-09,,,,,19426552.0,48.0,195321.0,104.0,14622.497249724973,2015-09-15,,
130,47,2015-09,,,,,19426552.0,48.0,195321.0,104.0,14622.497249724973,2015-09-16,,
110,42,2015-09,,,,,19426552.0,48.0,195321.0,104.0,14622.497249724973,2015-09-17,,
114,42,2015-09,,,,,19426552.0,48.0,195321.0,104.0,14622.497249724973,2015-09-18,,
139,54,2015-09,,,,,19426552.0,48.0,195321.0,104.0,14622.497249724973,2015-09-19,,
145,55,2015-09,,,,,19426552.0,48.0,195321.0,104.0,14622.497249724973,2015-09-20,,
103,47,2015-09,,,,,19426552.0,48.0,195321.0,104.0,14622.497249724973,2015-09-21,,
120,40,2015-09,,,,,19426552.0,48.0,195321.0,104.0,14622.497249724973,2015-09-22,,
134,44,2015-09,,,,,19426552.0,48.0,195321.0,104.0,14622.497249724973,2015-09-23,,
84,33,2015-09,,,,,19426552.0,48.0,195321.0,104.0,14622.497249724973,2015-09-24,,
129,40,2015-09,,,,,19426552.0,48.0,195321.0,104.0,14622.497249724973,2015-09-25,,
117,49,2015-09,,,,,19426552.0,48.0,195321.0,104.0,14622.497249724973,2015-09-26,,
161,54,2015-09,,,,,19426552.0,48.0,195321.0,104.0,14622.497249724973,2015-09-27,,
140,46,2015-09,,,,,19426552.0,48.0,195321.0,104.0,14622.497249724973,2015-09-28,,
91,39,2015-09,,,,,19426552.0,48.0,195321.0,104.0,14622.497249724973,2015-09-29,,
98,40,2015-09,,,,,19426552.0,48.0,195321.0,104.0,14622.497249724973,2015-09-30,,
120,58,2015-10,,,,,21883359.0,48.0,202980.0,106.0,14544.498381877023,2015-10-01,,
129,53,2015-10,,,,,21883359.0,48.0,202980.0,106.0,14544.498381877023,2015-10-02,,
157,52,2015-10,,,,,21883359.0,48.0,202980.0,106.0,14544.498381877023,2015-10-03,,
167,61,2015-10,,,,,21883359.0,48.0,202980.0,106.0,14544.498381877023,2015-10-04,,
149,42,2015-10,,,,,21883359.0,48.0,202980.0,106.0,14544.498381877023,2015-10-05,,
98,43,2015-10,,,,,21883359.0,48.0,202980.0,106.0,14544.498381877023,2015-10-06,,
96,44,2015-10,,,,,21883359.0,48.0,202980.0,106.0,14544.498381877023,2015-10-07,,
106,39,2015-10,,,,,21883359.0,48.0,202980.0,106.0,14544.498381877023,2015-10-08,,
117,47,2015-10,,,,,21883359.0,48.0,202980.0,106.0,14544.498381877023,2015-10-09,,
169,49,2015-10,,,,,21883359.0,48.0,202980.0,106.0,14544.498381877023,2015-10-10,,
170,60,2015-10,,,,,21883359.0,48.0,202980.0,106.0,14544.498381877023,2015-10-11,,
146,51,2015-10,,,,,21883359.0,48.0,202980.0,106.0,14544.498381877023,2015-10-12,,
102,38,2015-10,,,,,21883359.0,48.0,202980.0,106.0,14544.498381877023,2015-10-13,,
82,34,2015-10,,,,,21883359.0,48.0,202980.0,106.0,14544.498381877023,2015-10-14,,
88,44,2015-10,,,,,21883359.0,48.0,202980.0,106.0,14544.498381877023,2015-10-15,,
105,43,2015-10,,,,,21883359.0,48.0,202980.0,106.0,14544.498381877023,2015-10-16,,
121,42,2015-10,,,,,21883359.0,48.0,202980.0,106.0,14544.498381877023,2015-10-17,,
166,56,2015-10,,,,,21883359.0,48.0,202980.0,106.0,14544.498381877023,2015-10-18,,
110,41,2015-10,,,,,21883359.0,48.0,202980.0,106.0,14544.498381877023,2015-10-19,,
105,33,2015-10,,,,,21883359.0,48.0,202980.0,106.0,14544.498381877023,2015-10-20,,
132,46,2015-10,,,,,21883359.0,48.0,202980.0,106.0,14544.498381877023,2015-10-21,,
135,49,2015-10,,,,,21883359.0,48.0,202980.0,106.0,14544.498381877023,2015-10-22,,
106,41,2015-10,,,,,21883359.0,48.0,202980.0,106.0,14544.498381877023,2015-10-23,,
112,45,2015-10,,,,,21883359.0,48.0,202980.0,106.0,14544.498381877023,2015-10-24,,
105,41,2015-10,,,,,21883359.0,48.0,202980.0,106.0,14544.498381877023,2015-10-25,,
103,46,2015-10,,,,,21883359.0,48.0,202980.0,106.0,14544.498381877023,2015-10-26,,
102,41,2015-10,,,,,21883359.0,48.0,202980.0,106.0,14544.498381877023,2015-10-27,,
116,41,2015-10,,,,,21883359.0,48.0,202980.0,106.0,14544.498381877023,2015-10-28,,
94,36,2015-10,,,,,21883359.0,48.0,202980.0,106.0,14544.498381877023,2015-10-29,,
119,38,2015-10,,,,,21883359.0,48.0,202980.0,106.0,14544.498381877023,2015-10-30,,
138,62,2015-10,,,,,21883359.0,48.0,202980.0,106.0,14544.498381877023,2015-10-31,,
149,57,2015-11,,,,,21086750.0,114.0,191660.0,109.0,14500.990615224191,2015-11-01,,
109,50,2015-11,,,,,21086750.0,114.0,191660.0,109.0,14500.990615224191,2015-11-02,,
136,42,2015-11,,,,,21086750.0,114.0,191660.0,109.0,14500.990615224191,2015-11-03,,
112,38,2015-11,,,,,21086750.0,114.0,191660.0,109.0,14500.990615224191,2015-11-04,,
115,37,2015-11,,,,,21086750.0,114.0,191660.0,109.0,14500.990615224191,2015-11-05,,
124,39,2015-11,,,,,21086750.0,114.0,191660.0,109.0,14500.990615224191,2015-11-06,,
109,41,2015-11,,,,,21086750.0,114.0,191660.0,109.0,14500.990615224191,2015-11-07,,
124,47,2015-11,,,,,21086750.0,114.0,191660.0,109.0,14500.990615224191,2015-11-08,,
133,36,2015-11,,,,,21086750.0,114.0,191660.0,109.0,14500.990615224191,2015-11-09,,
104,42,2015-11,,,,,21086750.0,114.0,191660.0,109.0,14500.990615224191,2015-11-10,,
96,40,2015-11,,,,,21086750.0,114.0,191660.0,109.0,14500.990615224191,2015-11-11,,
117,37,2015-11,,,,,21086750.0,114.0,191660.0,109.0,14500.990615224191,2015-11-12,,
134,49,2015-11,,,,,21086750.0,114.0,191660.0,109.0,14500.990615224191,2015-11-13,,
130,53,2015-11,,,,,21086750.0,114.0,191660.0,109.0,14500.990615224191,2015-11-14,,
133,55,2015-11,,,,,21086750.0,114.0,191660.0,109.0,14500.990615224191,2015-11-15,,
91,40,2015-11,,,,,21086750.0,114.0,191660.0,109.0,14500.990615224191,2015-11-16,,
92,42,2015-11,,,,,21086750.0,114.0,191660.0,109.0,14500.990615224191,2015-11-17,,
86,32,2015-11,,,,,21086750.0,114.0,191660.0,109.0,14500.990615224191,2015-11-18,,
92,42,2015-11,,,,,21086750.0,114.0,191660.0,109.0,14500.990615224191,2015-11-19,,
87,31,2015-11,,,,,21086750.0,114.0,191660.0,109.0,14500.990615224191,2015-11-20,,
105,36,2015-11,,,,,21086750.0,114.0,191660.0,109.0,14500.990615224191,2015-11-21,,
111,43,2015-11,,,,,21086750.0,114.0,191660.0,109.0,14500.990615224191,2015-11-22,,
100,35,2015-11,,,,,21086750.0,114.0,191660.0,109.0,14500.990615224191,2015-11-23,,
102,38,2015-11,,,,,21086750.0,114.0,191660.0,109.0,14500.990615224191,2015-11-24,,
120,39,2015-11,,,,,21086750.0,114.0,191660.0,109.0,14500.990615224191,2015-11-25,,
77,38,2015-11,,,,,21086750.0,114.0,191660.0,109.0,14500.990615224191,2015-11-26,,
90,33,2015-11,,,,,21086750.0,114.0,191660.0,109.0,14500.990615224191,2015-11-27,,
99,41,2015-11,,,,,21086750.0,114.0,191660.0,109.0,14500.990615224191,2015-11-28,,
128,50,2015-11,,,,,21086750.0,114.0,191660.0,109.0,14500.990615224191,2015-11-29,,
82,38,2015-11,,,,,21086750.0,114.0,191660.0,109.0,14500.990615224191,2015-11-30,,
109,46,2015-12,,,,,25743055.0,57.0,203414.0,109.0,14523.347324239245,2015-12-01,,
113,43,2015-12,,,,,25743055.0,57.0,203414.0,109.0,14523.347324239245,2015-12-02,,
106,41,2015-12,,,,,25743055.0,57.0,203414.0,109.0,14523.347324239245,2015-12-03,,
91,45,2015-12,,,,,25743055.0,57.0,203414.0,109.0,14523.347324239245,2015-12-04,,
132,56,2015-12,,,,,25743055.0,57.0,203414.0,109.0,14523.347324239245,2015-12-05,,
207,60,2015-12,,,,,25743055.0,57.0,203414.0,109.0,14523.347324239245,2015-12-06,,
137,49,2015-12,,,,,25743055.0,57.0,203414.0,109.0,14523.347324239245,2015-12-07,,
114,40,2015-12,,,,,25743055.0,57.0,203414.0,109.0,14523.347324239245,2015-12-08,,
101,39,2015-12,,,,,25743055.0,57.0,203414.0,109.0,14523.347324239245,2015-12-09,,
97,39,2015-12,,,,,25743055.0,57.0,203414.0,109.0,14523.347324239245,2015-12-10,,
85,32,2015-12,,,,,25743055.0,57.0,203414.0,109.0,14523.347324239245,2015-12-11,,
114,45,2015-12,,,,,25743055.0,57.0,203414.0,109.0,14523.347324239245,2015-12-12,,
137,49,2015-12,,,,,25743055.0,57.0,203414.0,109.0,14523.347324239245,2015-12-13,,
82,35,2015-12,,,,,25743055.0,57.0,203414.0,109.0,14523.347324239245,2015-12-14,,
101,44,2015-12,,,,,25743055.0,57.0,203414.0,109.0,14523.347324239245,2015-12-15,,
88,37,2015-12,,,,,25743055.0,57.0,203414.0,109.0,14523.347324239245,2015-12-16,,
101,42,2015-12,,,,,25743055.0,57.0,203414.0,109.0,14523.347324239245,2015-12-17,,
110,40,2015-12,,,,,25743055.0,57.0,203414.0,109.0,14523.347324239245,2015-12-18,,
138,46,2015-12,,,,,25743055.0,57.0,203414.0,109.0,14523.347324239245,2015-12-19,,
156,58,2015-12,,,,,25743055.0,57.0,203414.0,109.0,14523.347324239245,2015-12-20,,
107,50,2015-12,,,,,25743055.0,57.0,203414.0,109.0,14523.347324239245,2015-12-21,,
110,38,2015-12,,,,,25743055.0,57.0,203414.0,109.0,14523.347324239245,2015-12-22,,
103,45,2015-12,,,,,25743055.0,57.0,203414.0,109.0,14523.347324239245,2015-12-23,,
144,54,2015-12,,,,,25743055.0,57.0,203414.0,109.0,14523.347324239245,2015-12-24,,
142,62,2015-12,,,,,25743055.0,57.0,203414.0,109.0,14523.347324239245,2015-12-25,,
85,43,2015-12,,,,,25743055.0,57.0,203414.0,109.0,14523.347324239245,2015-12-26,,
103,38,2015-12,,,,,25743055.0,57.0,203414.0,109.0,14523.347324239245,2015-12-27,,
100,39,2015-12,,,,,25743055.0,57.0,203414.0,109.0,14523.347324239245,2015-12-28,,
121,37,2015-12,,,,,25743055.0,57.0,203414.0,109.0,14523.347324239245,2015-12-29,,
95,48,2015-12,,,,,25743055.0,57.0,203414.0,109.0,14523.347324239245,2015-12-30,,
129,55,2015-12,,,,,25743055.0,57.0,203414.0,109.0,14523.347324239245,2015-12-31,,
268,107,2016-01,,,,,25385172.0,48.0,183861.0,109.0,15457.664233576643,2016-01-01,,
184,75,2016-01,,,,,25385172.0,48.0,183861.0,109.0,15457.664233576643,2016-01-02,,
175,63,2016-01,,,,,25385172.0,48.0,183861.0,109.0,15457.664233576643,2016-01-03,,
209,66,2016-01,,,,,25385172.0,48.0,183861.0,109.0,15457.664233576643,2016-01-04,,
168,56,2016-01,,,,,25385172.0,48.0,183861.0,109.0,15457.664233576643,2016-01-05,,
147,50,2016-01,,,,,25385172.0,48.0,183861.0,109.0,15457.664233576643,2016-01-06,,
186,65,2016-01,,,,,25385172.0,48.0,183861.0,109.0,15457.664233576643,2016-01-07,,
163,66,2016-01,,,,,25385172.0,48.0,183861.0,109.0,15457.664233576643,2016-01-08,,
187,70,2016-01,,,,,25385172.0,48.0,183861.0,109.0,15457.664233576643,2016-01-09,,
191,68,2016-01,,,,,25385172.0,48.0,183861.0,109.0,15457.664233576643,2016-01-10,,
123,62,2016-01,,,,,25385172.0,48.0,183861.0,109.0,15457.664233576643,2016-01-11,,
156,58,2016-01,,,,,25385172.0,48.0,183861.0,109.0,15457.664233576643,2016-01-12,,
171,51,2016-01,,,,,25385172.0,48.0,183861.0,109.0,15457.664233576643,2016-01-13,,
179,54,2016-01,,,,,25385172.0,48.0,183861.0,109.0,15457.664233576643,2016-01-14,,
176,60,2016-01,,,,,25385172.0,48.0,183861.0,109.0,15457.664233576643,2016-01-15,,
261,89,2016-01,,,,,25385172.0,48.0,183861.0,109.0,15457.664233576643,2016-01-16,,
204,70,2016-01,,,,,25385172.0,48.0,183861.0,109.0,15457.664233576643,2016-01-17,,
188,50,2016-01,,,,,25385172.0,48.0,183861.0,109.0,15457.664233576643,2016-01-18,,
203,56,2016-01,,,,,25385172.0,48.0,183861.0,109.0,15457.664233576643,2016-01-19,,
203,61,2016-01,,,,,25385172.0,48.0,183861.0,109.0,15457.664233576643,2016-01-20,,
160,55,2016-01,,,,,25385172.0,48.0,183861.0,109.0,15457.664233576643,2016-01-21,,
209,65,2016-01,,,,,25385172.0,48.0,183861.0,109.0,15457.664233576643,2016-01-22,,
197,66,2016-01,,,,,25385172.0,48.0,183861.0,109.0,15457.664233576643,2016-01-23,,
226,79,2016-01,,,,,25385172.0,48.0,183861.0,109.0,15457.664233576643,2016-01-24,,
201,61,2016-01,,,,,25385172.0,48.0,183861.0,109.0,15457.664233576643,2016-01-25,,
185,54,2016-01,,,,,25385172.0,48.0,183861.0,109.0,15457.664233576643,2016-01-26,,
221,65,2016-01,,,,,25385172.0,48.0,183861.0,109.0,15457.664233576643,2016-01-27,,
213,62,2016-01,,,,,25385172.0,48.0,183861.0,109.0,15457.664233576643,2016-01-28,,
194,56,2016-01,,,,,25385172.0,48.0,183861.0,109.0,15457.664233576643,2016-01-29,,
221,70,2016-01,,,,,25385172.0,48.0,183861.0,109.0,15457.664233576643,2016-01-30,,
210,81,2016-01,,,,,25385172.0,48.0,183861.0,109.0,15457.664233576643,2016-01-31,,
200,55,2016-02,,,,,19331479.0,52.0,180142.0,109.0,15525.104166666666,2016-02-01,,
237,63,2016-02,,,,,19331479.0,52.0,180142.0,109.0,15525.104166666666,2016-02-02,,
216,59,2016-02,,,,,19331479.0,52.0,180142.0,109.0,15525.104166666666,2016-02-03,,
210,51,2016-02,,,,,19331479.0,52.0,180142.0,109.0,15525.104166666666,2016-02-04,,
201,59,2016-02,,,,,19331479.0,52.0,180142.0,109.0,15525.104166666666,2016-02-05,,
246,77,2016-02,,,,,19331479.0,52.0,180142.0,109.0,15525.104166666666,2016-02-06,,
240,73,2016-02,,,,,19331479.0,52.0,180142.0,109.0,15525.104166666666,2016-02-07,,
212,55,2016-02,,,,,19331479.0,52.0,180142.0,109.0,15525.104166666666,2016-02-08,,
156,55,2016-02,,,,,19331479.0,52.0,180142.0,109.0,15525.104166666666,2016-02-09,,
179,54,2016-02,,,,,19331479.0,52.0,180142.0,109.0,15525.104166666666,2016-02-10,,
194,52,2016-02,,,,,19331479.0,52.0,180142.0,109.0,15525.104166666666,2016-02-11,,
225,64,2016-02,,,,,19331479.0,52.0,180142.0,109.0,15525.104166666666,2016-02-12,,
215,65,2016-02,,,,,19331479.0,52.0,180142.0,109.0,15525.104166666666,2016-02-13,,
263,74,2016-02,,,,,19331479.0,52.0,180142.0,109.0,15525.104166666666,2016-02-14,,
182,59,2016-02,,,,,19331479.0,52.0,180142.0,109.0,15525.104166666666,2016-02-15,,
209,64,2016-02,,,,,19331479.0,52.0,180142.0,109.0,15525.104166666666,2016-02-16,,
198,57,2016-02,,,,,19331479.0,52.0,180142.0,109.0,15525.104166666666,2016-02-17,,
249,63,2016-02,,,,,19331479.0,52.0,180142.0,109.0,15525.104166666666,2016-02-18,,
195,61,2016-02,,,,,19331479.0,52.0,180142.0,109.0,15525.104166666666,2016-02-19,,
236,68,2016-02,,,,,19331479.0,52.0,180142.0,109.0,15525.104166666666,2016-02-20,,
205,74,2016-02,,,,,19331479.0,52.0,180142.0,109.0,15525.104166666666,2016-02-21,,
189,59,2016-02,,,,,19331479.0,52.0,180142.0,109.0,15525.104166666666,2016-02-22,,
227,63,2016-02,,,,,19331479.0,52.0,180142.0,109.0,15525.104166666666,2016-02-23,,
207,67,2016-02,,,,,19331479.0,52.0,180142.0,109.0,15525.104166666666,2016-02-24,,
201,66,2016-02,,,,,19331479.0,52.0,180142.0,109.0,15525.104166666666,2016-02-25,,
224,65,2016-02,,,,,19331479.0,52.0,180142.0,109.0,15525.104166666666,2016-02-26,,
241,77,2016-02,,,,,19331479.0,52.0,180142.0,109.0,15525.104166666666,2016-02-27,,
255,84,2016-02,,,,,19331479.0,52.0,180142.0,109.0,15525.104166666666,2016-02-28,,
200,65,2016-02,,,,,19331479.0,52.0,180142.0,109.0,15525.104166666666,2016-02-29,,
193,59,2016-03,,,,,22756654.0,56.0,191497.0,109.0,15461.175236096537,2016-03-01,,
205,65,2016-03,,,,,22756654.0,56.0,191497.0,109.0,15461.175236096537,2016-03-02,,
273,71,2016-03,,,,,22756654.0,56.0,191497.0,109.0,15461.175236096537,2016-03-03,,
254,79,2016-03,,,,,22756654.0,56.0,191497.0,109.0,15461.175236096537,2016-03-04,,
253,82,2016-03,,,,,22756654.0,56.0,191497.0,109.0,15461.175236096537,2016-03-05,,
216,76,2016-03,,,,,22756654.0,56.0,191497.0,109.0,15461.175236096537,2016-03-06,,
228,72,2016-03,,,,,22756654.0,56.0,191497.0,109.0,15461.175236096537,2016-03-07,,
194,63,2016-03,,,,,22756654.0,56.0,191497.0,109.0,15461.175236096537,2016-03-08,,
244,61,2016-03,,,,,22756654.0,56.0,191497.0,109.0,15461.175236096537,2016-03-09,,
218,54,2016-03,,,,,22756654.0,56.0,191497.0,109.0,15461.175236096537,2016-03-10,,
214,61,2016-03,,,,,22756654.0,56.0,191497.0,109.0,15461.175236096537,2016-03-11,,
226,58,2016-03,,,,,22756654.0,56.0,191497.0,109.0,15461.175236096537,2016-03-12,,
243,84,2016-03,,,,,22756654.0,56.0,191497.0,109.0,15461.175236096537,2016-03-13,,
224,60,2016-03,,,,,22756654.0,56.0,191497.0,109.0,15461.175236096537,2016-03-14,,
170,63,2016-03,,,,,22756654.0,56.0,191497.0,109.0,15461.175236096537,2016-03-15,,
210,58,2016-03,,,,,22756654.0,56.0,191497.0,109.0,15461.175236096537,2016-03-16,,
186,47,2016-03,,,,,22756654.0,56.0,191497.0,109.0,15461.175236096537,2016-03-17,,
243,74,2016-03,,,,,22756654.0,56.0,191497.0,109.0,15461.175236096537,2016-03-18,,
275,89,2016-03,,,,,22756654.0,56.0,191497.0,109.0,15461.175236096537,2016-03-19,,
232,77,2016-03,,,,,22756654.0,56.0,191497.0,109.0,15461.175236096537,2016-03-20,,
190,60,2016-03,,,,,22756654.0,56.0,191497.0,109.0,15461.175236096537,2016-03-21,,
190,67,2016-03,,,,,22756654.0,56.0,191497.0,109.0,15461.175236096537,2016-03-22,,
205,75,2016-03,,,,,22756654.0,56.0,191497.0,109.0,15461.175236096537,2016-03-23,,
170,70,2016-03,,,,,22756654.0,56.0,191497.0,109.0,15461.175236096537,2016-03-24,,
144,57,2016-03,,,,,22756654.0,56.0,191497.0,109.0,15461.175236096537,2016-03-25,,
170,69,2016-03,,,,,22756654.0,56.0,191497.0,109.0,15461.175236096537,2016-03-26,,
181,72,2016-03,,,,,22756654.0,56.0,191497.0,109.0,15461.175236096537,2016-03-27,,
211,58,2016-03,,,,,22756654.0,56.0,191497.0,109.0,15461.175236096537,2016-03-28,,
195,52,2016-03,,,,,22756654.0,56.0,191497.0,109.0,15461.175236096537,2016-03-29,,
163,51,2016-03,,,,,22756654.0,56.0,191497.0,109.0,15461.175236096537,2016-03-30,,
173,52,2016-03,,,,,22756654.0,56.0,191497.0,109.0,15461.175236096537,2016-03-31,,
192,63,2016-04,,,,,19622488.0,44.0,189447.0,114.0,15431.362725450901,2016-04-01,,
206,76,2016-04,,,,,19622488.0,44.0,189447.0,114.0,15431.362725450901,2016-04-02,,
229,75,2016-04,,,,,19622488.0,44.0,189447.0,114.0,15431.362725450901,2016-04-03,,
198,53,2016-04,,,,,19622488.0,44.0,189447.0,114.0,15431.362725450901,2016-04-04,,
216,56,2016-04,,,,,19622488.0,44.0,189447.0,114.0,15431.362725450901,2016-04-05,,
180,51,2016-04,,,,,19622488.0,44.0,189447.0,114.0,15431.362725450901,2016-04-06,,
199,65,2016-04,,,,,19622488.0,44.0,189447.0,114.0,15431.362725450901,2016-04-07,,
232,65,2016-04,,,,,19622488.0,44.0,189447.0,114.0,15431.362725450901,2016-04-08,,
220,68,2016-04,,,,,19622488.0,44.0,189447.0,114.0,15431.362725450901,2016-04-09,,
282,74,2016-04,,,,,19622488.0,44.0,189447.0,114.0,15431.362725450901,2016-04-10,,
157,56,2016-04,,,,,19622488.0,44.0,189447.0,114.0,15431.362725450901,2016-04-11,,
165,50,2016-04,,,,,19622488.0,44.0,189447.0,114.0,15431.362725450901,2016-04-12,,
165,62,2016-04,,,,,19622488.0,44.0,189447.0,114.0,15431.362725450901,2016-04-13,,
190,61,2016-04,,,,,19622488.0,44.0,189447.0,114.0,15431.362725450901,2016-04-14,,
201,67,2016-04,,,,,19622488.0,44.0,189447.0,114.0,15431.362725450901,2016-04-15,,
280,76,2016-04,,,,,19622488.0,44.0,189447.0,114.0,15431.362725450901,2016-04-16,,
219,74,2016-04,,,,,19622488.0,44.0,189447.0,114.0,15431.362725450901,2016-04-17,,
213,61,2016-04,,,,,19622488.0,44.0,189447.0,114.0,15431.362725450901,2016-04-18,,
191,55,2016-04,,,,,19622488.0,44.0,189447.0,114.0,15431.362725450901,2016-04-19,,
206,62,2016-04,,,,,19622488.0,44.0,189447.0,114.0,15431.362725450901,2016-04-20,,
173,56,2016-04,,,,,19622488.0,44.0,189447.0,114.0,15431.362725450901,2016-04-21,,
235,73,2016-04,,,,,19622488.0,44.0,189447.0,114.0,15431.362725450901,2016-04-22,,
189,53,2016-04,,,,,19622488.0,44.0,189447.0,114.0,15431.362725450901,2016-04-23,,
207,80,2016-04,,,,,19622488.0,44.0,189447.0,114.0,15431.362725450901,2016-04-24,,
292,63,2016-04,,,,,19622488.0,44.0,189447.0,114.0,15431.362725450901,2016-04-25,,
214,67,2016-04,,,,,19622488.0,44.0,189447.0,114.0,15431.362725450901,2016-04-26,,
187,54,2016-04,,,,,19622488.0,44.0,189447.0,114.0,15431.362725450901,2016-04-27,,
180,69,2016-04,,,,,19622488.0,44.0,189447.0,114.0,15431.362725450901,2016-04-28,,
242,65,2016-04,,,,,19622488.0,44.0,189447.0,114.0,15431.362725450901,2016-04-29,,
208,70,2016-04,,,,,19622488.0,44.0,189447.0,114.0,15431.362725450901,2016-04-30,,
251,81,2016-05,,,,,19965053.0,33.0,186174.0,112.0,15536.34496919918,2016-05-01,,
221,54,2016-05,,,,,19965053.0,33.0,186174.0,112.0,15536.34496919918,2016-05-02,,
222,62,2016-05,,,,,19965053.0,33.0,186174.0,112.0,15536.34496919918,2016-05-03,,
234,60,2016-05,,,,,19965053.0,33.0,186174.0,112.0,15536.34496919918,2016-05-04,,
206,53,2016-05,,,,,19965053.0,33.0,186174.0,112.0,15536.34496919918,2016-05-05,,
211,61,2016-05,,,,,19965053.0,33.0,186174.0,112.0,15536.34496919918,2016-05-06,,
217,71,2016-05,,,,,19965053.0,33.0,186174.0,112.0,15536.34496919918,2016-05-07,,
231,70,2016-05,,,,,19965053.0,33.0,186174.0,112.0,15536.34496919918,2016-05-08,,
173,68,2016-05,,,,,19965053.0,33.0,186174.0,112.0,15536.34496919918,2016-05-09,,
204,64,2016-05,,,,,19965053.0,33.0,186174.0,112.0,15536.34496919918,2016-05-10,,
188,63,2016-05,,,,,19965053.0,33.0,186174.0,112.0,15536.34496919918,2016-05-11,,
195,60,2016-05,,,,,19965053.0,33.0,186174.0,112.0,15536.34496919918,2016-05-12,,
169,58,2016-05,,,,,19965053.0,33.0,186174.0,112.0,15536.34496919918,2016-05-13,,
227,69,2016-05,,,,,19965053.0,33.0,186174.0,112.0,15536.34496919918,2016-05-14,,
232,77,2016-05,,,,,19965053.0,33.0,186174.0,112.0,15536.34496919918,2016-05-15,,
241,63,2016-05,,,,,19965053.0,33.0,186174.0,112.0,15536.34496919918,2016-05-16,,
210,61,2016-05,,,,,19965053.0,33.0,186174.0,112.0,15536.34496919918,2016-05-17,,
213,55,2016-05,,,,,19965053.0,33.0,186174.0,112.0,15536.34496919918,2016-05-18,,
199,52,2016-05,,,,,19965053.0,33.0,186174.0,112.0,15536.34496919918,2016-05-19,,
206,51,2016-05,,,,,19965053.0,33.0,186174.0,112.0,15536.34496919918,2016-05-20,,
286,79,2016-05,,,,,19965053.0,33.0,186174.0,112.0,15536.34496919918,2016-05-21,,
262,85,2016-05,,,,,19965053.0,33.0,186174.0,112.0,15536.34496919918,2016-05-22,,
214,63,2016-05,,,,,19965053.0,33.0,186174.0,112.0,15536.34496919918,2016-05-23,,
195,65,2016-05,,,,,19965053.0,33.0,186174.0,112.0,15536.34496919918,2016-05-24,,
186,54,2016-05,,,,,19965053.0,33.0,186174.0,112.0,15536.34496919918,2016-05-25,,
183,66,2016-05,,,,,19965053.0,33.0,186174.0,112.0,15536.34496919918,2016-05-26,,
198,67,2016-05,,,,,19965053.0,33.0,186174.0,112.0,15536.34496919918,2016-05-27,,
272,82,2016-05,,,,,19965053.0,33.0,186174.0,112.0,15536.34496919918,2016-05-28,,
290,82,2016-05,,,,,19965053.0,33.0,186174.0,112.0,15536.34496919918,2016-05-29,,
235,71,2016-05,,,,,19965053.0,33.0,186174.0,112.0,15536.34496919918,2016-05-30,,
161,51,2016-05,,,,,19965053.0,33.0,186174.0,112.0,15536.34496919918,2016-05-31,,
200,58,2016-06,,,,,19646316.0,50.0,189468.0,113.0,15580.0,2016-06-01,,
183,60,2016-06,,,,,19646316.0,50.0,189468.0,113.0,15580.0,2016-06-02,,
215,62,2016-06,,,,,19646316.0,50.0,189468.0,113.0,15580.0,2016-06-03,,
272,73,2016-06,,,,,19646316.0,50.0,189468.0,113.0,15580.0,2016-06-04,,
245,77,2016-06,,,,,19646316.0,50.0,189468.0,113.0,15580.0,2016-06-05,,
167,68,2016-06,,,,,19646316.0,50.0,189468.0,113.0,15580.0,2016-06-06,,
201,55,2016-06,,,,,19646316.0,50.0,189468.0,113.0,15580.0,2016-06-07,,
213,61,2016-06,,,,,19646316.0,50.0,189468.0,113.0,15580.0,2016-06-08,,
189,62,2016-06,,,,,19646316.0,50.0,189468.0,113.0,15580.0,2016-06-09,,
219,65,2016-06,,,,,19646316.0,50.0,189468.0,113.0,15580.0,2016-06-10,,
262,62,2016-06,,,,,19646316.0,50.0,189468.0,113.0,15580.0,2016-06-11,,
236,82,2016-06,,,,,19646316.0,50.0,189468.0,113.0,15580.0,2016-06-12,,
192,63,2016-06,,,,,19646316.0,50.0,189468.0,113.0,15580.0,2016-06-13,,
169,60,2016-06,,,,,19646316.0,50.0,189468.0,113.0,15580.0,2016-06-14,,
193,57,2016-06,,,,,19646316.0,50.0,189468.0,113.0,15580.0,2016-06-15,,
214,55,2016-06,,,,,19646316.0,50.0,189468.0,113.0,15580.0,2016-06-16,,
201,61,2016-06,,,,,19646316.0,50.0,189468.0,113.0,15580.0,2016-06-17,,
232,69,2016-06,,,,,19646316.0,50.0,189468.0,113.0,15580.0,2016-06-18,,
253,84,2016-06,,,,,19646316.0,50.0,189468.0,113.0,15580.0,2016-06-19,,
198,55,2016-06,,,,,19646316.0,50.0,189468.0,113.0,15580.0,2016-06-20,,
199,60,2016-06,,,,,19646316.0,50.0,189468.0,113.0,15580.0,2016-06-21,,
184,63,2016-06,,,,,19646316.0,50.0,189468.0,113.0,15580.0,2016-06-22,,
158,47,2016-06,,,,,19646316.0,50.0,189468.0,113.0,15580.0,2016-06-23,,
203,62,2016-06,,,,,19646316.0,50.0,189468.0,113.0,15580.0,2016-06-24,,
201,70,2016-06,,,,,19646316.0,50.0,189468.0,113.0,15580.0,2016-06-25,,
223,74,2016-06,,,,,19646316.0,50.0,189468.0,113.0,15580.0,2016-06-26,,
210,65,2016-06,,,,,19646316.0,50.0,189468.0,113.0,15580.0,2016-06-27,,
174,68,2016-06,,,,,19646316.0,50.0,189468.0,113.0,15580.0,2016-06-28,,
207,55,2016-06,,,,,19646316.0,50.0,189468.0,113.0,15580.0,2016-06-29,,
183,55,2016-06,,,,,19646316.0,50.0,189468.0,113.0,15580.0,2016-06-30,,
182,59,2016-07,,,,,20975784.0,33.0,184869.0,117.0,15599.806763285023,2016-07-01,,
260,80,2016-07,,,,,20975784.0,33.0,184869.0,117.0,15599.806763285023,2016-07-02,,
247,83,2016-07,,,,,20975784.0,33.0,184869.0,117.0,15599.806763285023,2016-07-03,,
208,76,2016-07,,,,,20975784.0,33.0,184869.0,117.0,15599.806763285023,2016-07-04,,
200,66,2016-07,,,,,20975784.0,33.0,184869.0,117.0,15599.806763285023,2016-07-05,,
142,48,2016-07,,,,,20975784.0,33.0,184869.0,117.0,15599.806763285023,2016-07-06,,
184,55,2016-07,,,,,20975784.0,33.0,184869.0,117.0,15599.806763285023,2016-07-07,,
209,67,2016-07,,,,,20975784.0,33.0,184869.0,117.0,15599.806763285023,2016-07-08,,
220,67,2016-07,,,,,20975784.0,33.0,184869.0,117.0,15599.806763285023,2016-07-09,,
217,78,2016-07,,,,,20975784.0,33.0,184869.0,117.0,15599.806763285023,2016-07-10,,
175,59,2016-07,,,,,20975784.0,33.0,184869.0,117.0,15599.806763285023,2016-07-11,,
188,58,2016-07,,,,,20975784.0,33.0,184869.0,117.0,15599.806763285023,2016-07-12,,
163,48,2016-07,,,,,20975784.0,33.0,184869.0,117.0,15599.806763285023,2016-07-13,,
225,66,2016-07,,,,,20975784.0,33.0,184869.0,117.0,15599.806763285023,2016-07-14,,
240,61,2016-07,,,,,20975784.0,33.0,184869.0,117.0,15599.806763285023,2016-07-15,,
213,72,2016-07,,,,,20975784.0,33.0,184869.0,117.0,15599.806763285023,2016-07-16,,
249,77,2016-07,,,,,20975784.0,33.0,184869.0,117.0,15599.806763285023,2016-07-17,,
213,56,2016-07,,,,,20975784.0,33.0,184869.0,117.0,15599.806763285023,2016-07-18,,
183,57,2016-07,,,,,20975784.0,33.0,184869.0,117.0,15599.806763285023,2016-07-19,,
137,48,2016-07,,,,,20975784.0,33.0,184869.0,117.0,15599.806763285023,2016-07-20,,
152,56,2016-07,,,,,20975784.0,33.0,184869.0,117.0,15599.806763285023,2016-07-21,,
182,68,2016-07,,,,,20975784.0,33.0,184869.0,117.0,15599.806763285023,2016-07-22,,
181,69,2016-07,,,,,20975784.0,33.0,184869.0,117.0,15599.806763285023,2016-07-23,,
219,78,2016-07,,,,,20975784.0,33.0,184869.0,117.0,15599.806763285023,2016-07-24,,
203,69,2016-07,,,,,20975784.0,33.0,184869.0,117.0,15599.806763285023,2016-07-25,,
223,69,2016-07,,,,,20975784.0,33.0,184869.0,117.0,15599.806763285023,2016-07-26,,
191,63,2016-07,,,,,20975784.0,33.0,184869.0,117.0,15599.806763285023,2016-07-27,,
184,61,2016-07,,,,,20975784.0,33.0,184869.0,117.0,15599.806763285023,2016-07-28,,
205,59,2016-07,,,,,20975784.0,33.0,184869.0,117.0,15599.806763285023,2016-07-29,,
232,82,2016-07,,,,,20975784.0,33.0,184869.0,117.0,15599.806763285023,2016-07-30,,
269,87,2016-07,,,,,20975784.0,33.0,184869.0,117.0,15599.806763285023,2016-07-31,,
263,85,2016-08,,,,,21614821.0,34.0,190112.0,117.0,15918.164251207729,2016-08-01,,
206,62,2016-08,,,,,21614821.0,34.0,190112.0,117.0,15918.164251207729,2016-08-02,,
198,57,2016-08,,,,,21614821.0,34.0,190112.0,117.0,15918.164251207729,2016-08-03,,
181,58,2016-08,,,,,21614821.0,34.0,190112.0,117.0,15918.164251207729,2016-08-04,,
221,64,2016-08,,,,,21614821.0,34.0,190112.0,117.0,15918.164251207729,2016-08-05,,
234,60,2016-08,,,,,21614821.0,34.0,190112.0,117.0,15918.164251207729,2016-08-06,,
235,83,2016-08,,,,,21614821.0,34.0,190112.0,117.0,15918.164251207729,2016-08-07,,
212,72,2016-08,,,,,21614821.0,34.0,190112.0,117.0,15918.164251207729,2016-08-08,,
205,50,2016-08,,,,,21614821.0,34.0,190112.0,117.0,15918.164251207729,2016-08-09,,
202,53,2016-08,,,,,21614821.0,34.0,190112.0,117.0,15918.164251207729,2016-08-10,,
196,55,2016-08,,,,,21614821.0,34.0,190112.0,117.0,15918.164251207729,2016-08-11,,
217,60,2016-08,,,,,21614821.0,34.0,190112.0,117.0,15918.164251207729,2016-08-12,,
251,77,2016-08,,,,,21614821.0,34.0,190112.0,117.0,15918.164251207729,2016-08-13,,
219,82,2016-08,,,,,21614821.0,34.0,190112.0,117.0,15918.164251207729,2016-08-14,,
214,78,2016-08,,,,,21614821.0,34.0,190112.0,117.0,15918.164251207729,2016-08-15,,
198,60,2016-08,,,,,21614821.0,34.0,190112.0,117.0,15918.164251207729,2016-08-16,,
225,72,2016-08,,,,,21614821.0,34.0,190112.0,117.0,15918.164251207729,2016-08-17,,
178,55,2016-08,,,,,21614821.0,34.0,190112.0,117.0,15918.164251207729,2016-08-18,,
232,66,2016-08,,,,,21614821.0,34.0,190112.0,117.0,15918.164251207729,2016-08-19,,
222,74,2016-08,,,,,21614821.0,34.0,190112.0,117.0,15918.164251207729,2016-08-20,,
185,70,2016-08,,,,,21614821.0,34.0,190112.0,117.0,15918.164251207729,2016-08-21,,
207,59,2016-08,,,,,21614821.0,34.0,190112.0,117.0,15918.164251207729,2016-08-22,,
230,65,2016-08,,,,,21614821.0,34.0,190112.0,117.0,15918.164251207729,2016-08-23,,
196,65,2016-08,,,,,21614821.0,34.0,190112.0,117.0,15918.164251207729,2016-08-24,,
215,61,2016-08,,,,,21614821.0,34.0,190112.0,117.0,15918.164251207729,2016-08-25,,
186,58,2016-08,,,,,21614821.0,34.0,190112.0,117.0,15918.164251207729,2016-08-26,,
182,63,2016-08,,,,,21614821.0,34.0,190112.0,117.0,15918.164251207729,2016-08-27,,
258,86,2016-08,,,,,21614821.0,34.0,190112.0,117.0,15918.164251207729,2016-08-28,,
196,51,2016-08,,,,,21614821.0,34.0,190112.0,117.0,15918.164251207729,2016-08-29,,
195,46,2016-08,,,,,21614821.0,34.0,190112.0,117.0,15918.164251207729,2016-08-30,,
197,64,2016-08,,,,,21614821.0,34.0,190112.0,117.0,15918.164251207729,2016-08-31,,
176,54,2016-09,,,,,20057718.0,101.0,191315.0,118.0,16101.258470474346,2016-09-01,,
216,57,2016-09,,,,,20057718.0,101.0,191315.0,118.0,16101.258470474346,2016-09-02,,
275,82,2016-09,,,,,20057718.0,101.0,191315.0,118.0,16101.258470474346,2016-09-03,,
216,67,2016-09,,,,,20057718.0,101.0,191315.0,118.0,16101.258470474346,2016-09-04,,
237,67,2016-09,,,,,20057718.0,101.0,191315.0,118.0,16101.258470474346,2016-09-05,,
227,56,2016-09,,,,,20057718.0,101.0,191315.0,118.0,16101.258470474346,2016-09-06,,
173,57,2016-09,,,,,20057718.0,101.0,191315.0,118.0,16101.258470474346,2016-09-07,,
223,56,2016-09,,,,,20057718.0,101.0,191315.0,118.0,16101.258470474346,2016-09-08,,
247,64,2016-09,,,,,20057718.0,101.0,191315.0,118.0,16101.258470474346,2016-09-09,,
221,65,2016-09,,,,,20057718.0,101.0,191315.0,118.0,16101.258470474346,2016-09-10,,
220,76,2016-09,,,,,20057718.0,101.0,191315.0,118.0,16101.258470474346,2016-09-11,,
235,68,2016-09,,,,,20057718.0,101.0,191315.0,118.0,16101.258470474346,2016-09-12,,
146,53,2016-09,,,,,20057718.0,101.0,191315.0,118.0,16101.258470474346,2016-09-13,,
188,59,2016-09,,,,,20057718.0,101.0,191315.0,118.0,16101.258470474346,2016-09-14,,
213,60,2016-09,,,,,20057718.0,101.0,191315.0,118.0,16101.258470474346,2016-09-15,,
237,73,2016-09,,,,,20057718.0,101.0,191315.0,118.0,16101.258470474346,2016-09-16,,
241,74,2016-09,,,,,20057718.0,101.0,191315.0,118.0,16101.258470474346,2016-09-17,,
229,70,2016-09,,,,,20057718.0,101.0,191315.0,118.0,16101.258470474346,2016-09-18,,
209,68,2016-09,,,,,20057718.0,101.0,191315.0,118.0,16101.258470474346,2016-09-19,,
198,53,2016-09,,,,,20057718.0,101.0,191315.0,118.0,16101.258470474346,2016-09-20,,
209,61,2016-09,,,,,20057718.0,101.0,191315.0,118.0,16101.258470474346,2016-09-21,,
222,70,2016-09,,,,,20057718.0,101.0,191315.0,118.0,16101.258470474346,2016-09-22,,
229,67,2016-09,,,,,20057718.0,101.0,191315.0,118.0,16101.258470474346,2016-09-23,,
209,68,2016-09,,,,,20057718.0,101.0,191315.0,118.0,16101.258470474346,2016-09-24,,
249,89,2016-09,,,,,20057718.0,101.0,191315.0,118.0,16101.258470474346,2016-09-25,,
201,65,2016-09,,,,,20057718.0,101.0,191315.0,118.0,16101.258470474346,2016-09-26,,
181,49,2016-09,,,,,20057718.0,101.0,191315.0,118.0,16101.258470474346,2016-09-27,,
207,58,2016-09,,,,,20057718.0,101.0,191315.0,118.0,16101.258470474346,2016-09-28,,
219,59,2016-09,,,,,20057718.0,101.0,191315.0,118.0,16101.258470474346,2016-09-29,,
251,66,2016-09,,,,,20057718.0,101.0,191315.0,118.0,16101.258470474346,2016-09-30,,
254,75,2016-10,,,,,21704102.0,47.0,198690.0,118.0,16006.442307692309,2016-10-01,,
172,52,2016-10,,,,,21704102.0,47.0,198690.0,118.0,16006.442307692309,2016-10-02,,
198,59,2016-10,,,,,21704102.0,47.0,198690.0,118.0,16006.442307692309,2016-10-03,,
234,67,2016-10,,,,,21704102.0,47.0,198690.0,118.0,16006.442307692309,2016-10-04,,
216,71,2016-10,,,,,21704102.0,47.0,198690.0,118.0,16006.442307692309,2016-10-05,,
236,67,2016-10,,,,,21704102.0,47.0,198690.0,118.0,16006.442307692309,2016-10-06,,
183,54,2016-10,,,,,21704102.0,47.0,198690.0,118.0,16006.442307692309,2016-10-07,,
231,73,2016-10,,,,,21704102.0,47.0,198690.0,118.0,16006.442307692309,2016-10-08,,
207,74,2016-10,,,,,21704102.0,47.0,198690.0,118.0,16006.442307692309,2016-10-09,,
207,67,2016-10,,,,,21704102.0,47.0,198690.0,118.0,16006.442307692309,2016-10-10,,
212,58,2016-10,,,,,21704102.0,47.0,198690.0,118.0,16006.442307692309,2016-10-11,,
205,52,2016-10,,,,,21704102.0,47.0,198690.0,118.0,16006.442307692309,2016-10-12,,
211,52,2016-10,,,,,21704102.0,47.0,198690.0,118.0,16006.442307692309,2016-10-13,,
205,59,2016-10,,,,,21704102.0,47.0,198690.0,118.0,16006.442307692309,2016-10-14,,
189,67,2016-10,,,,,21704102.0,47.0,198690.0,118.0,16006.442307692309,2016-10-15,,
268,87,2016-10,,,,,21704102.0,47.0,198690.0,118.0,16006.442307692309,2016-10-16,,
158,70,2016-10,,,,,21704102.0,47.0,198690.0,118.0,16006.442307692309,2016-10-17,,
195,62,2016-10,,,,,21704102.0,47.0,198690.0,118.0,16006.442307692309,2016-10-18,,
187,65,2016-10,,,,,21704102.0,47.0,198690.0,118.0,16006.442307692309,2016-10-19,,
178,54,2016-10,,,,,21704102.0,47.0,198690.0,118.0,16006.442307692309,2016-10-20,,
235,71,2016-10,,,,,21704102.0,47.0,198690.0,118.0,16006.442307692309,2016-10-21,,
237,75,2016-10,,,,,21704102.0,47.0,198690.0,118.0,16006.442307692309,2016-10-22,,
176,61,2016-10,,,,,21704102.0,47.0,198690.0,118.0,16006.442307692309,2016-10-23,,
157,56,2016-10,,,,,21704102.0,47.0,198690.0,118.0,16006.442307692309,2016-10-24,,
194,56,2016-10,,,,,21704102.0,47.0,198690.0,118.0,16006.442307692309,2016-10-25,,
244,66,2016-10,,,,,21704102.0,47.0,198690.0,118.0,16006.442307692309,2016-10-26,,
190,66,2016-10,,,,,21704102.0,47.0,198690.0,118.0,16006.442307692309,2016-10-27,,
173,60,2016-10,,,,,21704102.0,47.0,198690.0,118.0,16006.442307692309,2016-10-28,,
173,57,2016-10,,,,,21704102.0,47.0,198690.0,118.0,16006.442307692309,2016-10-29,,
241,89,2016-10,,,,,21704102.0,47.0,198690.0,118.0,16006.442307692309,2016-10-30,,
229,72,2016-10,,,,,21704102.0,47.0,198690.0,118.0,16006.442307692309,2016-10-31,,
213,48,2016-11,,,,,20969850.0,40.0,194745.0,118.0,16063.950143815915,2016-11-01,,
197,66,2016-11,,,,,20969850.0,40.0,194745.0,118.0,16063.950143815915,2016-11-02,,
182,58,2016-11,,,,,20969850.0,40.0,194745.0,118.0,16063.950143815915,2016-11-03,,
200,58,2016-11,,,,,20969850.0,40.0,194745.0,118.0,16063.950143815915,2016-11-04,,
249,81,2016-11,,,,,20969850.0,40.0,194745.0,118.0,16063.950143815915,2016-11-05,,
251,80,2016-11,,,,,20969850.0,40.0,194745.0,118.0,16063.950143815915,2016-11-06,,
199,66,2016-11,,,,,20969850.0,40.0,194745.0,118.0,16063.950143815915,2016-11-07,,
174,65,2016-11,,,,,20969850.0,40.0,194745.0,118.0,16063.950143815915,2016-11-08,,
175,51,2016-11,,,,,20969850.0,40.0,194745.0,118.0,16063.950143815915,2016-11-09,,
177,54,2016-11,,,,,20969850.0,40.0,194745.0,118.0,16063.950143815915,2016-11-10,,
189,57,2016-11,,,,,20969850.0,40.0,194745.0,118.0,16063.950143815915,2016-11-11,,
209,74,2016-11,,,,,20969850.0,40.0,194745.0,118.0,16063.950143815915,2016-11-12,,
220,75,2016-11,,,,,20969850.0,40.0,194745.0,118.0,16063.950143815915,2016-11-13,,
178,61,2016-11,,,,,20969850.0,40.0,194745.0,118.0,16063.950143815915,2016-11-14,,
211,58,2016-11,,,,,20969850.0,40.0,194745.0,118.0,16063.950143815915,2016-11-15,,
177,50,2016-11,,,,,20969850.0,40.0,194745.0,118.0,16063.950143815915,2016-11-16,,
190,66,2016-11,,,,,20969850.0,40.0,194745.0,118.0,16063.950143815915,2016-11-17,,
188,62,2016-11,,,,,20969850.0,40.0,194745.0,118.0,16063.950143815915,2016-11-18,,
204,70,2016-11,,,,,20969850.0,40.0,194745.0,118.0,16063.950143815915,2016-11-19,,
240,69,2016-11,,,,,20969850.0,40.0,194745.0,118.0,16063.950143815915,2016-11-20,,
216,59,2016-11,,,,,20969850.0,40.0,194745.0,118.0,16063.950143815915,2016-11-21,,
235,53,2016-11,,,,,20969850.0,40.0,194745.0,118.0,16063.950143815915,2016-11-22,,
207,65,2016-11,,,,,20969850.0,40.0,194745.0,118.0,16063.950143815915,2016-11-23,,
197,58,2016-11,,,,,20969850.0,40.0,194745.0,118.0,16063.950143815915,2016-11-24,,
185,65,2016-11,,,,,20969850.0,40.0,194745.0,118.0,16063.950143815915,2016-11-25,,
239,75,2016-11,,,,,20969850.0,40.0,194745.0,118.0,16063.950143815915,2016-11-26,,
220,69,2016-11,,,,,20969850.0,40.0,194745.0,118.0,16063.950143815915,2016-11-27,,
181,64,2016-11,,,,,20969850.0,40.0,194745.0,118.0,16063.950143815915,2016-11-28,,
168,42,2016-11,,,,,20969850.0,40.0,194745.0,118.0,16063.950143815915,2016-11-29,,
240,70,2016-11,,,,,20969850.0,40.0,194745.0,118.0,16063.950143815915,2016-11-30,,
162,62,2016-12,,,,,26422391.0,39.0,212833.0,120.0,16084.817244611058,2016-12-01,,
193,56,2016-12,,,,,26422391.0,39.0,212833.0,120.0,16084.817244611058,2016-12-02,,
207,59,2016-12,,,,,26422391.0,39.0,212833.0,120.0,16084.817244611058,2016-12-03,,
213,77,2016-12,,,,,26422391.0,39.0,212833.0,120.0,16084.817244611058,2016-12-04,,
206,55,2016-12,,,,,26422391.0,39.0,212833.0,120.0,16084.817244611058,2016-12-05,,
198,61,2016-12,,,,,26422391.0,39.0,212833.0,120.0,16084.817244611058,2016-12-06,,
193,65,2016-12,,,,,26422391.0,39.0,212833.0,120.0,16084.817244611058,2016-12-07,,
176,62,2016-12,,,,,26422391.0,39.0,212833.0,120.0,16084.817244611058,2016-12-08,,
147,52,2016-12,,,,,26422391.0,39.0,212833.0,120.0,16084.817244611058,2016-12-09,,
231,78,2016-12,,,,,26422391.0,39.0,212833.0,120.0,16084.817244611058,2016-12-10,,
181,67,2016-12,,,,,26422391.0,39.0,212833.0,120.0,16084.817244611058,2016-12-11,,
204,62,2016-12,,,,,26422391.0,39.0,212833.0,120.0,16084.817244611058,2016-12-12,,
147,58,2016-12,,,,,26422391.0,39.0,212833.0,120.0,16084.817244611058,2016-12-13,,
182,60,2016-12,,,,,26422391.0,39.0,212833.0,120.0,16084.817244611058,2016-12-14,,
189,67,2016-12,,,,,26422391.0,39.0,212833.0,120.0,16084.817244611058,2016-12-15,,
222,69,2016-12,,,,,26422391.0,39.0,212833.0,120.0,16084.817244611058,2016-12-16,,
186,73,2016-12,,,,,26422391.0,39.0,212833.0,120.0,16084.817244611058,2016-12-17,,
226,71,2016-12,,,,,26422391.0,39.0,212833.0,120.0,16084.817244611058,2016-12-18,,
208,67,2016-12,,,,,26422391.0,39.0,212833.0,120.0,16084.817244611058,2016-12-19,,
167,62,2016-12,,,,,26422391.0,39.0,212833.0,120.0,16084.817244611058,2016-12-20,,
197,65,2016-12,,,,,26422391.0,39.0,212833.0,120.0,16084.817244611058,2016-12-21,,
186,63,2016-12,,,,,26422391.0,39.0,212833.0,120.0,16084.817244611058,2016-12-22,,
197,70,2016-12,,,,,26422391.0,39.0,212833.0,120.0,16084.817244611058,2016-12-23,,
243,94,2016-12,,,,,26422391.0,39.0,212833.0,120.0,16084.817244611058,2016-12-24,,
260,95,2016-12,,,,,26422391.0,39.0,212833.0,120.0,16084.817244611058,2016-12-25,,
146,53,2016-12,,,,,26422391.0,39.0,212833.0,120.0,16084.817244611058,2016-12-26,,
167,56,2016-12,,,,,26422391.0,39.0,212833.0,120.0,16084.817244611058,2016-12-27,,
174,66,2016-12,,,,,26422391.0,39.0,212833.0,120.0,16084.817244611058,2016-12-28,,
198,63,2016-12,,,,,26422391.0,39.0,212833.0,120.0,16084.817244611058,2016-12-29,,
231,74,2016-12,,,,,26422391.0,39.0,212833.0,120.0,16084.817244611058,2016-12-30,,
270,89,2016-12,,,,,26422391.0,39.0,212833.0,120.0,16084.817244611058,2016-12-31,,
351,120,2017-01,,,,,26096144.0,44.0,195614.0,121.0,17032.865168539327,2017-01-01,,
200,69,2017-01,,,,,26096144.0,44.0,195614.0,121.0,17032.865168539327,2017-01-02,,
194,64,2017-01,,,,,26096144.0,44.0,195614.0,121.0,17032.865168539327,2017-01-03,,
180,60,2017-01,,,,,26096144.0,44.0,195614.0,121.0,17032.865168539327,2017-01-04,,
123,54,2017-01,,,,,26096144.0,44.0,195614.0,121.0,17032.865168539327,2017-01-05,,
167,57,2017-01,,,,,26096144.0,44.0,195614.0,121.0,17032.865168539327,2017-01-06,,
179,78,2017-01,,,,,26096144.0,44.0,195614.0,121.0,17032.865168539327,2017-01-07,,
146,57,2017-01,,,,,26096144.0,44.0,195614.0,121.0,17032.865168539327,2017-01-08,,
151,55,2017-01,,,,,26096144.0,44.0,195614.0,121.0,17032.865168539327,2017-01-09,,
166,55,2017-01,,,,,26096144.0,44.0,195614.0,121.0,17032.865168539327,2017-01-10,,
176,64,2017-01,,,,,26096144.0,44.0,195614.0,121.0,17032.865168539327,2017-01-11,,
145,61,2017-01,,,,,26096144.0,44.0,195614.0,121.0,17032.865168539327,2017-01-12,,
153,56,2017-01,,,,,26096144.0,44.0,195614.0,121.0,17032.865168539327,2017-01-13,,
179,77,2017-01,,,,,26096144.0,44.0,195614.0,121.0,17032.865168539327,2017-01-14,,
209,83,2017-01,,,,,26096144.0,44.0,195614.0,121.0,17032.865168539327,2017-01-15,,
219,65,2017-01,,,,,26096144.0,44.0,195614.0,121.0,17032.865168539327,2017-01-16,,
181,59,2017-01,,,,,26096144.0,44.0,195614.0,121.0,17032.865168539327,2017-01-17,,
163,49,2017-01,,,,,26096144.0,44.0,195614.0,121.0,17032.865168539327,2017-01-18,,
156,53,2017-01,,,,,26096144.0,44.0,195614.0,121.0,17032.865168539327,2017-01-19,,
175,65,2017-01,,,,,26096144.0,44.0,195614.0,121.0,17032.865168539327,2017-01-20,,
228,65,2017-01,,,,,26096144.0,44.0,195614.0,121.0,17032.865168539327,2017-01-21,,
183,66,2017-01,,,,,26096144.0,44.0,195614.0,121.0,17032.865168539327,2017-01-22,,
207,61,2017-01,,,,,26096144.0,44.0,195614.0,121.0,17032.865168539327,2017-01-23,,
166,57,2017-01,,,,,26096144.0,44.0,195614.0,121.0,17032.865168539327,2017-01-24,,
171,56,2017-01,,,,,26096144.0,44.0,195614.0,121.0,17032.865168539327,2017-01-25,,
164,56,2017-01,,,,,26096144.0,44.0,195614.0,121.0,17032.865168539327,2017-01-26,,
204,56,2017-01,,,,,26096144.0,44.0,195614.0,121.0,17032.865168539327,2017-01-27,,
204,76,2017-01,,,,,26096144.0,44.0,195614.0,121.0,17032.865168539327,2017-01-28,,
195,71,2017-01,,,,,26096144.0,44.0,195614.0,121.0,17032.865168539327,2017-01-29,,
166,55,2017-01,,,,,26096144.0,44.0,195614.0,121.0,17032.865168539327,2017-01-30,,
189,57,2017-01,,,,,26096144.0,44.0,195614.0,121.0,17032.865168539327,2017-01-31,,
187,63,2017-02,,,,,19790337.0,49.0,192697.0,121.0,16684.962406015038,2017-02-01,,
194,62,2017-02,,,,,19790337.0,49.0,192697.0,121.0,16684.962406015038,2017-02-02,,
198,64,2017-02,,,,,19790337.0,49.0,192697.0,121.0,16684.962406015038,2017-02-03,,
226,77,2017-02,,,,,19790337.0,49.0,192697.0,121.0,16684.962406015038,2017-02-04,,
209,75,2017-02,,,,,19790337.0,49.0,192697.0,121.0,16684.962406015038,2017-02-05,,
246,61,2017-02,,,,,19790337.0,49.0,192697.0,121.0,16684.962406015038,2017-02-06,,
204,58,2017-02,,,,,19790337.0,49.0,192697.0,121.0,16684.962406015038,2017-02-07,,
212,67,2017-02,,,,,19790337.0,49.0,192697.0,121.0,16684.962406015038,2017-02-08,,
187,53,2017-02,,,,,19790337.0,49.0,192697.0,121.0,16684.962406015038,2017-02-09,,
218,57,2017-02,,,,,19790337.0,49.0,192697.0,121.0,16684.962406015038,2017-02-10,,
203,69,2017-02,,,,,19790337.0,49.0,192697.0,121.0,16684.962406015038,2017-02-11,,
195,67,2017-02,,,,,19790337.0,49.0,192697.0,121.0,16684.962406015038,2017-02-12,,
246,70,2017-02,,,,,19790337.0,49.0,192697.0,121.0,16684.962406015038,2017-02-13,,
195,59,2017-02,,,,,19790337.0,49.0,192697.0,121.0,16684.962406015038,2017-02-14,,
186,58,2017-02,,,,,19790337.0,49.0,192697.0,121.0,16684.962406015038,2017-02-15,,
220,59,2017-02,,,,,19790337.0,49.0,192697.0,121.0,16684.962406015038,2017-02-16,,
185,61,2017-02,,,,,19790337.0,49.0,192697.0,121.0,16684.962406015038,2017-02-17,,
257,81,2017-02,,,,,19790337.0,49.0,192697.0,121.0,16684.962406015038,2017-02-18,,
251,76,2017-02,,,,,19790337.0,49.0,192697.0,121.0,16684.962406015038,2017-02-19,,
223,75,2017-02,,,,,19790337.0,49.0,192697.0,121.0,16684.962406015038,2017-02-20,,
212,61,2017-02,,,,,19790337.0,49.0,192697.0,121.0,16684.962406015038,2017-02-21,,
168,52,2017-02,,,,,19790337.0,49.0,192697.0,121.0,16684.962406015038,2017-02-22,,
201,55,2017-02,,,,,19790337.0,49.0,192697.0,121.0,16684.962406015038,2017-02-23,,
192,73,2017-02,,,,,19790337.0,49.0,192697.0,121.0,16684.962406015038,2017-02-24,,
197,70,2017-02,,,,,19790337.0,49.0,192697.0,121.0,16684.962406015038,2017-02-25,,
211,71,2017-02,,,,,19790337.0,49.0,192697.0,121.0,16684.962406015038,2017-02-26,,
201,63,2017-02,,,,,19790337.0,49.0,192697.0,121.0,16684.962406015038,2017-02-27,,
169,48,2017-02,,,,,19790337.0,49.0,192697.0,121.0,16684.962406015038,2017-02-28,,
171,54,2017-03,,,,,21987943.0,48.0,215800.0,121.0,16766.22765757291,2017-03-01,,
197,55,2017-03,,,,,21987943.0,48.0,215800.0,121.0,16766.22765757291,2017-03-02,,
233,70,2017-03,,,,,21987943.0,48.0,215800.0,121.0,16766.22765757291,2017-03-03,,
198,74,2017-03,,,,,21987943.0,48.0,215800.0,121.0,16766.22765757291,2017-03-04,,
304,82,2017-03,,,,,21987943.0,48.0,215800.0,121.0,16766.22765757291,2017-03-05,,
167,57,2017-03,,,,,21987943.0,48.0,215800.0,121.0,16766.22765757291,2017-03-06,,
215,65,2017-03,,,,,21987943.0,48.0,215800.0,121.0,16766.22765757291,2017-03-07,,
160,53,2017-03,,,,,21987943.0,48.0,215800.0,121.0,16766.22765757291,2017-03-08,,
195,60,2017-03,,,,,21987943.0,48.0,215800.0,121.0,16766.22765757291,2017-03-09,,
241,55,2017-03,,,,,21987943.0,48.0,215800.0,121.0,16766.22765757291,2017-03-10,,
180,61,2017-03,,,,,21987943.0,48.0,215800.0,121.0,16766.22765757291,2017-03-11,,
148,62,2017-03,,,,,21987943.0,48.0,215800.0,121.0,16766.22765757291,2017-03-12,,
217,58,2017-03,,,,,21987943.0,48.0,215800.0,121.0,16766.22765757291,2017-03-13,,
184,54,2017-03,,,,,21987943.0,48.0,215800.0,121.0,16766.22765757291,2017-03-14,,
168,55,2017-03,,,,,21987943.0,48.0,215800.0,121.0,16766.22765757291,2017-03-15,,
202,60,2017-03,,,,,21987943.0,48.0,215800.0,121.0,16766.22765757291,2017-03-16,,
196,65,2017-03,,,,,21987943.0,48.0,215800.0,121.0,16766.22765757291,2017-03-17,,
186,70,2017-03,,,,,21987943.0,48.0,215800.0,121.0,16766.22765757291,2017-03-18,,
200,65,2017-03,,,,,21987943.0,48.0,215800.0,121.0,16766.22765757291,2017-03-19,,
182,64,2017-03,,,,,21987943.0,48.0,215800.0,121.0,16766.22765757291,2017-03-20,,
235,64,2017-03,,,,,21987943.0,48.0,215800.0,121.0,16766.22765757291,2017-03-21,,
155,51,2017-03,,,,,21987943.0,48.0,215800.0,121.0,16766.22765757291,2017-03-22,,
152,49,2017-03,,,,,21987943.0,48.0,215800.0,121.0,16766.22765757291,2017-03-23,,
184,67,2017-03,,,,,21987943.0,48.0,215800.0,121.0,16766.22765757291,2017-03-24,,
190,63,2017-03,,,,,21987943.0,48.0,215800.0,121.0,16766.22765757291,2017-03-25,,
146,63,2017-03,,,,,21987943.0,48.0,215800.0,121.0,16766.22765757291,2017-03-26,,
188,56,2017-03,,,,,21987943.0,48.0,215800.0,121.0,16766.22765757291,2017-03-27,,
190,62,2017-03,,,,,21987943.0,48.0,215800.0,121.0,16766.22765757291,2017-03-28,,
166,52,2017-03,,,,,21987943.0,48.0,215800.0,121.0,16766.22765757291,2017-03-29,,
162,60,2017-03,,,,,21987943.0,48.0,215800.0,121.0,16766.22765757291,2017-03-30,,
178,63,2017-03,,,,,21987943.0,48.0,215800.0,121.0,16766.22765757291,2017-03-31,,
154,60,2017-04,,,,,23270641.0,34.0,202502.0,121.0,16750.283018867925,2017-04-01,,
241,85,2017-04,,,,,23270641.0,34.0,202502.0,121.0,16750.283018867925,2017-04-02,,
206,71,2017-04,,,,,23270641.0,34.0,202502.0,121.0,16750.283018867925,2017-04-03,,
168,57,2017-04,,,,,23270641.0,34.0,202502.0,121.0,16750.283018867925,2017-04-04,,
165,60,2017-04,,,,,23270641.0,34.0,202502.0,121.0,16750.283018867925,2017-04-05,,
142,52,2017-04,,,,,23270641.0,34.0,202502.0,121.0,16750.283018867925,2017-04-06,,
200,69,2017-04,,,,,23270641.0,34.0,202502.0,121.0,16750.283018867925,2017-04-07,,
196,61,2017-04,,,,,23270641.0,34.0,202502.0,121.0,16750.283018867925,2017-04-08,,
157,54,2017-04,,,,,23270641.0,34.0,202502.0,121.0,16750.283018867925,2017-04-09,,
178,52,2017-04,,,,,23270641.0,34.0,202502.0,121.0,16750.283018867925,2017-04-10,,
153,57,2017-04,,,,,23270641.0,34.0,202502.0,121.0,16750.283018867925,2017-04-11,,
164,53,2017-04,,,,,23270641.0,34.0,202502.0,121.0,16750.283018867925,2017-04-12,,
201,63,2017-04,,,,,23270641.0,34.0,202502.0,121.0,16750.283018867925,2017-04-13,,
97,43,2017-04,,,,,23270641.0,34.0,202502.0,121.0,16750.283018867925,2017-04-14,,
132,57,2017-04,,,,,23270641.0,34.0,202502.0,121.0,16750.283018867925,2017-04-15,,
160,66,2017-04,,,,,23270641.0,34.0,202502.0,121.0,16750.283018867925,2017-04-16,,
198,60,2017-04,,,,,23270641.0,34.0,202502.0,121.0,16750.283018867925,2017-04-17,,
142,46,2017-04,,,,,23270641.0,34.0,202502.0,121.0,16750.283018867925,2017-04-18,,
130,40,2017-04,,,,,23270641.0,34.0,202502.0,121.0,16750.283018867925,2017-04-19,,
143,54,2017-04,,,,,23270641.0,34.0,202502.0,121.0,16750.283018867925,2017-04-20,,
151,48,2017-04,,,,,23270641.0,34.0,202502.0,121.0,16750.283018867925,2017-04-21,,
207,68,2017-04,,,,,23270641.0,34.0,202502.0,121.0,16750.283018867925,2017-04-22,,
222,82,2017-04,,,,,23270641.0,34.0,202502.0,121.0,16750.283018867925,2017-04-23,,
182,62,2017-04,,,,,23270641.0,34.0,202502.0,121.0,16750.283018867925,2017-04-24,,
175,60,2017-04,,,,,23270641.0,34.0,202502.0,121.0,16750.283018867925,2017-04-25,,
176,56,2017-04,,,,,23270641.0,34.0,202502.0,121.0,16750.283018867925,2017-04-26,,
250,59,2017-04,,,,,23270641.0,34.0,202502.0,121.0,16750.283018867925,2017-04-27,,
186,55,2017-04,,,,,23270641.0,34.0,202502.0,121.0,16750.283018867925,2017-04-28,,
214,67,2017-04,,,,,23270641.0,34.0,202502.0,121.0,16750.283018867925,2017-04-29,,
257,68,2017-04,,,,,23270641.0,34.0,202502.0,121.0,16750.283018867925,2017-04-30,,
178,63,2017-05,,,,,21763163.0,43.0,211161.0,121.0,16713.07619943556,2017-05-01,,
171,46,2017-05,,,,,21763163.0,43.0,211161.0,121.0,16713.07619943556,2017-05-02,,
162,46,2017-05,,,,,21763163.0,43.0,211161.0,121.0,16713.07619943556,2017-05-03,,
162,59,2017-05,,,,,21763163.0,43.0,211161.0,121.0,16713.07619943556,2017-05-04,,
177,54,2017-05,,,,,21763163.0,43.0,211161.0,121.0,16713.07619943556,2017-05-05,,
194,63,2017-05,,,,,21763163.0,43.0,211161.0,121.0,16713.07619943556,2017-05-06,,
158,65,2017-05,,,,,21763163.0,43.0,211161.0,121.0,16713.07619943556,2017-05-07,,
169,46,2017-05,,,,,21763163.0,43.0,211161.0,121.0,16713.07619943556,2017-05-08,,
157,49,2017-05,,,,,21763163.0,43.0,211161.0,121.0,16713.07619943556,2017-05-09,,
141,47,2017-05,,,,,21763163.0,43.0,211161.0,121.0,16713.07619943556,2017-05-10,,
188,61,2017-05,,,,,21763163.0,43.0,211161.0,121.0,16713.07619943556,2017-05-11,,
161,64,2017-05,,,,,21763163.0,43.0,211161.0,121.0,16713.07619943556,2017-05-12,,
214,71,2017-05,,,,,21763163.0,43.0,211161.0,121.0,16713.07619943556,2017-05-13,,
145,67,2017-05,,,,,21763163.0,43.0,211161.0,121.0,16713.07619943556,2017-05-14,,
209,66,2017-05,,,,,21763163.0,43.0,211161.0,121.0,16713.07619943556,2017-05-15,,
167,54,2017-05,,,,,21763163.0,43.0,211161.0,121.0,16713.07619943556,2017-05-16,,
203,71,2017-05,,,,,21763163.0,43.0,211161.0,121.0,16713.07619943556,2017-05-17,,
185,51,2017-05,,,,,21763163.0,43.0,211161.0,121.0,16713.07619943556,2017-05-18,,
172,58,2017-05,,,,,21763163.0,43.0,211161.0,121.0,16713.07619943556,2017-05-19,,
187,59,2017-05,,,,,21763163.0,43.0,211161.0,121.0,16713.07619943556,2017-05-20,,
160,48,2017-05,,,,,21763163.0,43.0,211161.0,121.0,16713.07619943556,2017-05-21,,
179,57,2017-05,,,,,21763163.0,43.0,211161.0,121.0,16713.07619943556,2017-05-22,,
165,58,2017-05,,,,,21763163.0,43.0,211161.0,121.0,16713.07619943556,2017-05-23,,
147,56,2017-05,,,,,21763163.0,43.0,211161.0,121.0,16713.07619943556,2017-05-24,,
189,62,2017-05,,,,,21763163.0,43.0,211161.0,121.0,16713.07619943556,2017-05-25,,
187,55,2017-05,,,,,21763163.0,43.0,211161.0,121.0,16713.07619943556,2017-05-26,,
215,71,2017-05,,,,,21763163.0,43.0,211161.0,121.0,16713.07619943556,2017-05-27,,
218,71,2017-05,,,,,21763163.0,43.0,211161.0,121.0,16713.07619943556,2017-05-28,,
166,59,2017-05,,,,,21763163.0,43.0,211161.0,121.0,16713.07619943556,2017-05-29,,
177,51,2017-05,,,,,21763163.0,43.0,211161.0,121.0,16713.07619943556,2017-05-30,,
156,53,2017-05,,,,,21763163.0,43.0,211161.0,121.0,16713.07619943556,2017-05-31,,
167,53,2017-06,,,,,22832780.0,37.0,206244.0,121.0,16700.750469043152,2017-06-01,,
217,61,2017-06,,,,,22832780.0,37.0,206244.0,121.0,16700.750469043152,2017-06-02,,
201,69,2017-06,,,,,22832780.0,37.0,206244.0,121.0,16700.750469043152,2017-06-03,,
202,62,2017-06,,,,,22832780.0,37.0,206244.0,121.0,16700.750469043152,2017-06-04,,
210,65,2017-06,,,,,22832780.0,37.0,206244.0,121.0,16700.750469043152,2017-06-05,,
144,48,2017-06,,,,,22832780.0,37.0,206244.0,121.0,16700.750469043152,2017-06-06,,
159,48,2017-06,,,,,22832780.0,37.0,206244.0,121.0,16700.750469043152,2017-06-07,,
164,56,2017-06,,,,,22832780.0,37.0,206244.0,121.0,16700.750469043152,2017-06-08,,
197,58,2017-06,,,,,22832780.0,37.0,206244.0,121.0,16700.750469043152,2017-06-09,,
226,70,2017-06,,,,,22832780.0,37.0,206244.0,121.0,16700.750469043152,2017-06-10,,
192,62,2017-06,,,,,22832780.0,37.0,206244.0,121.0,16700.750469043152,2017-06-11,,
159,50,2017-06,,,,,22832780.0,37.0,206244.0,121.0,16700.750469043152,2017-06-12,,
170,55,2017-06,,,,,22832780.0,37.0,206244.0,121.0,16700.750469043152,2017-06-13,,
142,55,2017-06,,,,,22832780.0,37.0,206244.0,121.0,16700.750469043152,2017-06-14,,
149,54,2017-06,,,,,22832780.0,37.0,206244.0,121.0,16700.750469043152,2017-06-15,,
154,60,2017-06,,,,,22832780.0,37.0,206244.0,121.0,16700.750469043152,2017-06-16,,
185,70,2017-06,,,,,22832780.0,37.0,206244.0,121.0,16700.750469043152,2017-06-17,,
203,73,2017-06,,,,,22832780.0,37.0,206244.0,121.0,16700.750469043152,2017-06-18,,
157,58,2017-06,,,,,22832780.0,37.0,206244.0,121.0,16700.750469043152,2017-06-19,,
127,51,2017-06,,,,,22832780.0,37.0,206244.0,121.0,16700.750469043152,2017-06-20,,
162,51,2017-06,,,,,22832780.0,37.0,206244.0,121.0,16700.750469043152,2017-06-21,,
137,54,2017-06,,,,,22832780.0,37.0,206244.0,121.0,16700.750469043152,2017-06-22,,
182,53,2017-06,,,,,22832780.0,37.0,206244.0,121.0,16700.750469043152,2017-06-23,,
199,62,2017-06,,,,,22832780.0,37.0,206244.0,121.0,16700.750469043152,2017-06-24,,
191,72,2017-06,,,,,22832780.0,37.0,206244.0,121.0,16700.750469043152,2017-06-25,,
146,54,2017-06,,,,,22832780.0,37.0,206244.0,121.0,16700.750469043152,2017-06-26,,
164,43,2017-06,,,,,22832780.0,37.0,206244.0,121.0,16700.750469043152,2017-06-27,,
125,47,2017-06,,,,,22832780.0,37.0,206244.0,121.0,16700.750469043152,2017-06-28,,
166,54,2017-06,,,,,22832780.0,37.0,206244.0,121.0,16700.750469043152,2017-06-29,,
203,61,2017-06,,,,,22832780.0,37.0,206244.0,121.0,16700.750469043152,2017-06-30,,
239,89,2017-07,,,,,23031483.0,217.0,196838.0,116.0,16842.11557296768,2017-07-01,,
258,87,2017-07,,,,,23031483.0,217.0,196838.0,116.0,16842.11557296768,2017-07-02,,
191,76,2017-07,,,,,23031483.0,217.0,196838.0,116.0,16842.11557296768,2017-07-03,,
199,68,2017-07,,,,,23031483.0,217.0,196838.0,116.0,16842.11557296768,2017-07-04,,
164,56,2017-07,,,,,23031483.0,217.0,196838.0,116.0,16842.11557296768,2017-07-05,,
159,55,2017-07,,,,,23031483.0,217.0,196838.0,116.0,16842.11557296768,2017-07-06,,
197,68,2017-07,,,,,23031483.0,217.0,196838.0,116.0,16842.11557296768,2017-07-07,,
181,65,2017-07,,,,,23031483.0,217.0,196838.0,116.0,16842.11557296768,2017-07-08,,
202,70,2017-07,,,,,23031483.0,217.0,196838.0,116.0,16842.11557296768,2017-07-09,,
175,63,2017-07,,,,,23031483.0,217.0,196838.0,116.0,16842.11557296768,2017-07-10,,
160,56,2017-07,,,,,23031483.0,217.0,196838.0,116.0,16842.11557296768,2017-07-11,,
152,52,2017-07,,,,,23031483.0,217.0,196838.0,116.0,16842.11557296768,2017-07-12,,
175,52,2017-07,,,,,23031483.0,217.0,196838.0,116.0,16842.11557296768,2017-07-13,,
186,56,2017-07,,,,,23031483.0,217.0,196838.0,116.0,16842.11557296768,2017-07-14,,
204,71,2017-07,,,,,23031483.0,217.0,196838.0,116.0,16842.11557296768,2017-07-15,,
181,80,2017-07,,,,,23031483.0,217.0,196838.0,116.0,16842.11557296768,2017-07-16,,
188,69,2017-07,,,,,23031483.0,217.0,196838.0,116.0,16842.11557296768,2017-07-17,,
160,47,2017-07,,,,,23031483.0,217.0,196838.0,116.0,16842.11557296768,2017-07-18,,
161,47,2017-07,,,,,23031483.0,217.0,196838.0,116.0,16842.11557296768,2017-07-19,,
138,55,2017-07,,,,,23031483.0,217.0,196838.0,116.0,16842.11557296768,2017-07-20,,
182,58,2017-07,,,,,23031483.0,217.0,196838.0,116.0,16842.11557296768,2017-07-21,,
187,70,2017-07,,,,,23031483.0,217.0,196838.0,116.0,16842.11557296768,2017-07-22,,
155,70,2017-07,,,,,23031483.0,217.0,196838.0,116.0,16842.11557296768,2017-07-23,,
145,59,2017-07,,,,,23031483.0,217.0,196838.0,116.0,16842.11557296768,2017-07-24,,
171,55,2017-07,,,,,23031483.0,217.0,196838.0,116.0,16842.11557296768,2017-07-25,,
136,45,2017-07,,,,,23031483.0,217.0,196838.0,116.0,16842.11557296768,2017-07-26,,
161,53,2017-07,,,,,23031483.0,217.0,196838.0,116.0,16842.11557296768,2017-07-27,,
211,66,2017-07,,,,,23031483.0,217.0,196838.0,116.0,16842.11557296768,2017-07-28,,
179,63,2017-07,,,,,23031483.0,217.0,196838.0,116.0,16842.11557296768,2017-07-29,,
172,67,2017-07,,,,,23031483.0,217.0,196838.0,116.0,16842.11557296768,2017-07-30,,
196,55,2017-07,,,,,23031483.0,217.0,196838.0,116.0,16842.11557296768,2017-07-31,,
171,52,2017-08,,,,,22634100.0,38.0,209441.0,116.0,16996.263520157325,2017-08-01,,
206,56,2017-08,,,,,22634100.0,38.0,209441.0,116.0,16996.263520157325,2017-08-02,,
219,66,2017-08,,,,,22634100.0,38.0,209441.0,116.0,16996.263520157325,2017-08-03,,
152,63,2017-08,,,,,22634100.0,38.0,209441.0,116.0,16996.263520157325,2017-08-04,,
220,73,2017-08,,,,,22634100.0,38.0,209441.0,116.0,16996.263520157325,2017-08-05,,
210,75,2017-08,,,,,22634100.0,38.0,209441.0,116.0,16996.263520157325,2017-08-06,,
184,66,2017-08,,,,,22634100.0,38.0,209441.0,116.0,16996.263520157325,2017-08-07,,
180,54,2017-08,,,,,22634100.0,38.0,209441.0,116.0,16996.263520157325,2017-08-08,,
163,58,2017-08,,,,,22634100.0,38.0,209441.0,116.0,16996.263520157325,2017-08-09,,
186,59,2017-08,,,,,22634100.0,38.0,209441.0,116.0,16996.263520157325,2017-08-10,,
152,57,2017-08,,,,,22634100.0,38.0,209441.0,116.0,16996.263520157325,2017-08-11,,
177,62,2017-08,,,,,22634100.0,38.0,209441.0,116.0,16996.263520157325,2017-08-12,,
186,69,2017-08,,,,,22634100.0,38.0,209441.0,116.0,16996.263520157325,2017-08-13,,
192,63,2017-08,,,,,22634100.0,38.0,209441.0,116.0,16996.263520157325,2017-08-14,,
179,53,2017-08,,,,,22634100.0,38.0,209441.0,116.0,16996.263520157325,2017-08-15,,
168,52,2017-08,,,,,22634100.0,38.0,209441.0,116.0,16996.263520157325,2017-08-16,,
161,55,2017-08,,,,,22634100.0,38.0,209441.0,116.0,16996.263520157325,2017-08-17,,
195,63,2017-08,,,,,22634100.0,38.0,209441.0,116.0,16996.263520157325,2017-08-18,,
235,75,2017-08,,,,,22634100.0,38.0,209441.0,116.0,16996.263520157325,2017-08-19,,
216,83,2017-08,,,,,22634100.0,38.0,209441.0,116.0,16996.263520157325,2017-08-20,,
193,61,2017-08,,,,,22634100.0,38.0,209441.0,116.0,16996.263520157325,2017-08-21,,
221,63,2017-08,,,,,22634100.0,38.0,209441.0,116.0,16996.263520157325,2017-08-22,,
197,68,2017-08,,,,,22634100.0,38.0,209441.0,116.0,16996.263520157325,2017-08-23,,
206,52,2017-08,,,,,22634100.0,38.0,209441.0,116.0,16996.263520157325,2017-08-24,,
180,62,2017-08,,,,,22634100.0,38.0,209441.0,116.0,16996.263520157325,2017-08-25,,
193,65,2017-08,,,,,22634100.0,38.0,209441.0,116.0,16996.263520157325,2017-08-26,,
180,75,2017-08,,,,,22634100.0,38.0,209441.0,116.0,16996.263520157325,2017-08-27,,
193,64,2017-08,,,,,22634100.0,38.0,209441.0,116.0,16996.263520157325,2017-08-28,,
142,47,2017-08,,,,,22634100.0,38.0,209441.0,116.0,16996.263520157325,2017-08-29,,
157,54,2017-08,,,,,22634100.0,38.0,209441.0,116.0,16996.263520157325,2017-08-30,,
202,55,2017-08,,,,,22634100.0,38.0,209441.0,116.0,16996.263520157325,2017-08-31,,
213,59,2017-09,,,,,20780905.0,36.0,211992.0,116.0,17070.570866141734,2017-09-01,,
190,64,2017-09,,,,,20780905.0,36.0,211992.0,116.0,17070.570866141734,2017-09-02,,
235,70,2017-09,,,,,20780905.0,36.0,211992.0,116.0,17070.570866141734,2017-09-03,,
230,70,2017-09,,,,,20780905.0,36.0,211992.0,116.0,17070.570866141734,2017-09-04,,
182,66,2017-09,,,,,20780905.0,36.0,211992.0,116.0,17070.570866141734,2017-09-05,,
195,54,2017-09,,,,,20780905.0,36.0,211992.0,116.0,17070.570866141734,2017-09-06,,
200,71,2017-09,,,,,20780905.0,36.0,211992.0,116.0,17070.570866141734,2017-09-07,,
165,60,2017-09,,,,,20780905.0,36.0,211992.0,116.0,17070.570866141734,2017-09-08,,
158,49,2017-09,,,,,20780905.0,36.0,211992.0,116.0,17070.570866141734,2017-09-09,,
192,62,2017-09,,,,,20780905.0,36.0,211992.0,116.0,17070.570866141734,2017-09-10,,
195,66,2017-09,,,,,20780905.0,36.0,211992.0,116.0,17070.570866141734,2017-09-11,,
167,56,2017-09,,,,,20780905.0,36.0,211992.0,116.0,17070.570866141734,2017-09-12,,
150,47,2017-09,,,,,20780905.0,36.0,211992.0,116.0,17070.570866141734,2017-09-13,,
137,49,2017-09,,,,,20780905.0,36.0,211992.0,116.0,17070.570866141734,2017-09-14,,
169,55,2017-09,,,,,20780905.0,36.0,211992.0,116.0,17070.570866141734,2017-09-15,,
217,73,2017-09,,,,,20780905.0,36.0,211992.0,116.0,17070.570866141734,2017-09-16,,
200,71,2017-09,,,,,20780905.0,36.0,211992.0,116.0,17070.570866141734,2017-09-17,,
181,59,2017-09,,,,,20780905.0,36.0,211992.0,116.0,17070.570866141734,2017-09-18,,
162,58,2017-09,,,,,20780905.0,36.0,211992.0,116.0,17070.570866141734,2017-09-19,,
147,53,2017-09,,,,,20780905.0,36.0,211992.0,116.0,17070.570866141734,2017-09-20,,
183,54,2017-09,,,,,20780905.0,36.0,211992.0,116.0,17070.570866141734,2017-09-21,,
167,60,2017-09,,,,,20780905.0,36.0,211992.0,116.0,17070.570866141734,2017-09-22,,
198,63,2017-09,,,,,20780905.0,36.0,211992.0,116.0,17070.570866141734,2017-09-23,,
179,58,2017-09,,,,,20780905.0,36.0,211992.0,116.0,17070.570866141734,2017-09-24,,
189,58,2017-09,,,,,20780905.0,36.0,211992.0,116.0,17070.570866141734,2017-09-25,,
142,44,2017-09,,,,,20780905.0,36.0,211992.0,116.0,17070.570866141734,2017-09-26,,
183,64,2017-09,,,,,20780905.0,36.0,211992.0,116.0,17070.570866141734,2017-09-27,,
167,57,2017-09,,,,,20780905.0,36.0,211992.0,116.0,17070.570866141734,2017-09-28,,
174,68,2017-09,,,,,20780905.0,36.0,211992.0,116.0,17070.570866141734,2017-09-29,,
190,57,2017-09,,,,,20780905.0,36.0,211992.0,116.0,17070.570866141734,2017-09-30,,
226,82,2017-10,,,,,22285518.0,32.0,199793.0,116.0,17142.418235877107,2017-10-01,,
241,57,2017-10,,,,,22285518.0,32.0,199793.0,116.0,17142.418235877107,2017-10-02,,
222,54,2017-10,,,,,22285518.0,32.0,199793.0,116.0,17142.418235877107,2017-10-03,,
161,51,2017-10,,,,,22285518.0,32.0,199793.0,116.0,17142.418235877107,2017-10-04,,
187,59,2017-10,,,,,22285518.0,32.0,199793.0,116.0,17142.418235877107,2017-10-05,,
198,56,2017-10,,,,,22285518.0,32.0,199793.0,116.0,17142.418235877107,2017-10-06,,
241,72,2017-10,,,,,22285518.0,32.0,199793.0,116.0,17142.418235877107,2017-10-07,,
232,85,2017-10,,,,,22285518.0,32.0,199793.0,116.0,17142.418235877107,2017-10-08,,
183,66,2017-10,,,,,22285518.0,32.0,199793.0,116.0,17142.418235877107,2017-10-09,,
208,57,2017-10,,,,,22285518.0,32.0,199793.0,116.0,17142.418235877107,2017-10-10,,
115,42,2017-10,,,,,22285518.0,32.0,199793.0,116.0,17142.418235877107,2017-10-11,,
176,53,2017-10,,,,,22285518.0,32.0,199793.0,116.0,17142.418235877107,2017-10-12,,
172,61,2017-10,,,,,22285518.0,32.0,199793.0,116.0,17142.418235877107,2017-10-13,,
218,74,2017-10,,,,,22285518.0,32.0,199793.0,116.0,17142.418235877107,2017-10-14,,
216,81,2017-10,,,,,22285518.0,32.0,199793.0,116.0,17142.418235877107,2017-10-15,,
150,54,2017-10,,,,,22285518.0,32.0,199793.0,116.0,17142.418235877107,2017-10-16,,
232,68,2017-10,,,,,22285518.0,32.0,199793.0,116.0,17142.418235877107,2017-10-17,,
151,47,2017-10,,,,,22285518.0,32.0,199793.0,116.0,17142.418235877107,2017-10-18,,
169,53,2017-10,,,,,22285518.0,32.0,199793.0,116.0,17142.418235877107,2017-10-19,,
171,67,2017-10,,,,,22285518.0,32.0,199793.0,116.0,17142.418235877107,2017-10-20,,
160,51,2017-10,,,,,22285518.0,32.0,199793.0,116.0,17142.418235877107,2017-10-21,,
149,60,2017-10,,,,,22285518.0,32.0,199793.0,116.0,17142.418235877107,2017-10-22,,
161,57,2017-10,,,,,22285518.0,32.0,199793.0,116.0,17142.418235877107,2017-10-23,,
158,40,2017-10,,,,,22285518.0,32.0,199793.0,116.0,17142.418235877107,2017-10-24,,
164,53,2017-10,,,,,22285518.0,32.0,199793.0,116.0,17142.418235877107,2017-10-25,,
141,40,2017-10,,,,,22285518.0,32.0,199793.0,116.0,17142.418235877107,2017-10-26,,
116,46,2017-10,,,,,22285518.0,32.0,199793.0,116.0,17142.418235877107,2017-10-27,,
159,50,2017-10,,,,,22285518.0,32.0,199793.0,116.0,17142.418235877107,2017-10-28,,
130,47,2017-10,,,,,22285518.0,32.0,199793.0,116.0,17142.418235877107,2017-10-29,,
130,52,2017-10,,,,,22285518.0,32.0,199793.0,116.0,17142.418235877107,2017-10-30,,
158,60,2017-10,,,,,22285518.0,32.0,199793.0,116.0,17142.418235877107,2017-10-31,,
118,51,2017-11,,,,,21061369.0,28.0,209903.0,109.0,17219.077568134173,2017-11-01,,
143,56,2017-11,,,,,21061369.0,28.0,209903.0,109.0,17219.077568134173,2017-11-02,,
175,65,2017-11,,,,,21061369.0,28.0,209903.0,109.0,17219.077568134173,2017-11-03,,
230,77,2017-11,,,,,21061369.0,28.0,209903.0,109.0,17219.077568134173,2017-11-04,,
198,73,2017-11,,,,,21061369.0,28.0,209903.0,109.0,17219.077568134173,2017-11-05,,
229,62,2017-11,,,,,21061369.0,28.0,209903.0,109.0,17219.077568134173,2017-11-06,,
152,50,2017-11,,,,,21061369.0,28.0,209903.0,109.0,17219.077568134173,2017-11-07,,
188,55,2017-11,,,,,21061369.0,28.0,209903.0,109.0,17219.077568134173,2017-11-08,,
152,42,2017-11,,,,,21061369.0,28.0,209903.0,109.0,17219.077568134173,2017-11-09,,
194,61,2017-11,,,,,21061369.0,28.0,209903.0,109.0,17219.077568134173,2017-11-10,,
178,57,2017-11,,,,,21061369.0,28.0,209903.0,109.0,17219.077568134173,2017-11-11,,
224,77,2017-11,,,,,21061369.0,28.0,209903.0,109.0,17219.077568134173,2017-11-12,,
140,50,2017-11,,,,,21061369.0,28.0,209903.0,109.0,17219.077568134173,2017-11-13,,
155,55,2017-11,,,,,21061369.0,28.0,209903.0,109.0,17219.077568134173,2017-11-14,,
146,50,2017-11,,,,,21061369.0,28.0,209903.0,109.0,17219.077568134173,2017-11-15,,
173,59,2017-11,,,,,21061369.0,28.0,209903.0,109.0,17219.077568134173,2017-11-16,,
162,55,2017-11,,,,,21061369.0,28.0,209903.0,109.0,17219.077568134173,2017-11-17,,
195,62,2017-11,,,,,21061369.0,28.0,209903.0,109.0,17219.077568134173,2017-11-18,,
207,64,2017-11,,,,,21061369.0,28.0,209903.0,109.0,17219.077568134173,2017-11-19,,
156,59,2017-11,,,,,21061369.0,28.0,209903.0,109.0,17219.077568134173,2017-11-20,,
177,61,2017-11,,,,,21061369.0,28.0,209903.0,109.0,17219.077568134173,2017-11-21,,
176,55,2017-11,,,,,21061369.0,28.0,209903.0,109.0,17219.077568134173,2017-11-22,,
229,62,2017-11,,,,,21061369.0,28.0,209903.0,109.0,17219.077568134173,2017-11-23,,
162,51,2017-11,,,,,21061369.0,28.0,209903.0,109.0,17219.077568134173,2017-11-24,,
197,61,2017-11,,,,,21061369.0,28.0,209903.0,109.0,17219.077568134173,2017-11-25,,
217,80,2017-11,,,,,21061369.0,28.0,209903.0,109.0,17219.077568134173,2017-11-26,,
159,59,2017-11,,,,,21061369.0,28.0,209903.0,109.0,17219.077568134173,2017-11-27,,
210,54,2017-11,,,,,21061369.0,28.0,209903.0,109.0,17219.077568134173,2017-11-28,,
178,53,2017-11,,,,,21061369.0,28.0,209903.0,109.0,17219.077568134173,2017-11-29,,
216,51,2017-11,,,,,21061369.0,28.0,209903.0,109.0,17219.077568134173,2017-11-30,,
204,60,2017-12,,,,,25438911.0,40.0,199997.0,109.0,17249.474789915967,2017-12-01,,
283,67,2017-12,,,,,25438911.0,40.0,199997.0,109.0,17249.474789915967,2017-12-02,,
226,70,2017-12,,,,,25438911.0,40.0,199997.0,109.0,17249.474789915967,2017-12-03,,
221,54,2017-12,,,,,25438911.0,40.0,199997.0,109.0,17249.474789915967,2017-12-04,,
208,55,2017-12,,,,,25438911.0,40.0,199997.0,109.0,17249.474789915967,2017-12-05,,
188,59,2017-12,,,,,25438911.0,40.0,199997.0,109.0,17249.474789915967,2017-12-06,,
227,71,2017-12,,,,,25438911.0,40.0,199997.0,109.0,17249.474789915967,2017-12-07,,
197,72,2017-12,,,,,25438911.0,40.0,199997.0,109.0,17249.474789915967,2017-12-08,,
177,64,2017-12,,,,,25438911.0,40.0,199997.0,109.0,17249.474789915967,2017-12-09,,
196,76,2017-12,,,,,25438911.0,40.0,199997.0,109.0,17249.474789915967,2017-12-10,,
152,56,2017-12,,,,,25438911.0,40.0,199997.0,109.0,17249.474789915967,2017-12-11,,
150,41,2017-12,,,,,25438911.0,40.0,199997.0,109.0,17249.474789915967,2017-12-12,,
181,46,2017-12,,,,,25438911.0,40.0,199997.0,109.0,17249.474789915967,2017-12-13,,
125,45,2017-12,,,,,25438911.0,40.0,199997.0,109.0,17249.474789915967,2017-12-14,,
174,53,2017-12,,,,,25438911.0,40.0,199997.0,109.0,17249.474789915967,2017-12-15,,
216,56,2017-12,,,,,25438911.0,40.0,199997.0,109.0,17249.474789915967,2017-12-16,,
195,74,2017-12,,,,,25438911.0,40.0,199997.0,109.0,17249.474789915967,2017-12-17,,
141,47,2017-12,,,,,25438911.0,40.0,199997.0,109.0,17249.474789915967,2017-12-18,,
99,43,2017-12,,,,,25438911.0,40.0,199997.0,109.0,17249.474789915967,2017-12-19,,
80,39,2017-12,,,,,25438911.0,40.0,199997.0,109.0,17249.474789915967,2017-12-20,,
101,35,2017-12,,,,,25438911.0,40.0,199997.0,109.0,17249.474789915967,2017-12-21,,
103,51,2017-12,,,,,25438911.0,40.0,199997.0,109.0,17249.474789915967,2017-12-22,,
130,59,2017-12,,,,,25438911.0,40.0,199997.0,109.0,17249.474789915967,2017-12-23,,
114,48,2017-12,,,,,25438911.0,40.0,199997.0,109.0,17249.474789915967,2017-12-24,,
113,47,2017-12,,,,,25438911.0,40.0,199997.0,109.0,17249.474789915967,2017-12-25,,
119,46,2017-12,,,,,25438911.0,40.0,199997.0,109.0,17249.474789915967,2017-12-26,,
73,40,2017-12,,,,,25438911.0,40.0,199997.0,109.0,17249.474789915967,2017-12-27,,
85,42,2017-12,,,,,25438911.0,40.0,199997.0,109.0,17249.474789915967,2017-12-28,,
131,38,2017-12,,,,,25438911.0,40.0,199997.0,109.0,17249.474789915967,2017-12-29,,
107,48,2017-12,,,,,25438911.0,40.0,199997.0,109.0,17249.474789915967,2017-12-30,,
151,58,2017-12,,,,,25438911.0,40.0,199997.0,109.0,17249.474789915967,2017-12-31,,
85,84,2018-01,,,,,24803740.0,34.0,183100.0,112.0,17879.568788501027,2018-01-01,,
48,48,2018-01,,,,,24803740.0,34.0,183100.0,112.0,17879.568788501027,2018-01-02,,
50,50,2018-01,,,,,24803740.0,34.0,183100.0,112.0,17879.568788501027,2018-01-03,,
58,58,2018-01,,,,,24803740.0,34.0,183100.0,112.0,17879.568788501027,2018-01-04,,
51,51,2018-01,,,,,24803740.0,34.0,183100.0,112.0,17879.568788501027,2018-01-05,,
70,70,2018-01,,,,,24803740.0,34.0,183100.0,112.0,17879.568788501027,2018-01-06,,
62,62,2018-01,,,,,24803740.0,34.0,183100.0,112.0,17879.568788501027,2018-01-07,,
52,52,2018-01,,,,,24803740.0,34.0,183100.0,112.0,17879.568788501027,2018-01-08,,
51,51,2018-01,,,,,24803740.0,34.0,183100.0,112.0,17879.568788501027,2018-01-09,,
42,42,2018-01,,,,,24803740.0,34.0,183100.0,112.0,17879.568788501027,2018-01-10,,
60,60,2018-01,,,,,24803740.0,34.0,183100.0,112.0,17879.568788501027,2018-01-11,,
49,49,2018-01,,,,,24803740.0,34.0,183100.0,112.0,17879.568788501027,2018-01-12,,
54,54,2018-01,,,,,24803740.0,34.0,183100.0,112.0,17879.568788501027,2018-01-13,,
65,65,2018-01,,,,,24803740.0,34.0,183100.0,112.0,17879.568788501027,2018-01-14,,
54,54,2018-01,,,,,24803740.0,34.0,183100.0,112.0,17879.568788501027,2018-01-15,,
52,52,2018-01,,,,,24803740.0,34.0,183100.0,112.0,17879.568788501027,2018-01-16,,
45,45,2018-01,,,,,24803740.0,34.0,183100.0,112.0,17879.568788501027,2018-01-17,,
49,49,2018-01,,,,,24803740.0,34.0,183100.0,112.0,17879.568788501027,2018-01-18,,
52,52,2018-01,,,,,24803740.0,34.0,183100.0,112.0,17879.568788501027,2018-01-19,,
62,62,2018-01,,,,,24803740.0,34.0,183100.0,112.0,17879.568788501027,2018-01-20,,
61,61,2018-01,,,,,24803740.0,34.0,183100.0,112.0,17879.568788501027,2018-01-21,,
57,57,2018-01,,,,,24803740.0,34.0,183100.0,112.0,17879.568788501027,2018-01-22,,
55,55,2018-01,,,,,24803740.0,34.0,183100.0,112.0,17879.568788501027,2018-01-23,,
63,63,2018-01,,,,,24803740.0,34.0,183100.0,112.0,17879.568788501027,2018-01-24,,
61,61,2018-01,,,,,24803740.0,34.0,183100.0,112.0,17879.568788501027,2018-01-25,,
44,44,2018-01,,,,,24803740.0,34.0,183100.0,112.0,17879.568788501027,2018-01-26,,
63,63,2018-01,,,,,24803740.0,34.0,183100.0,112.0,17879.568788501027,2018-01-27,,
61,61,2018-01,,,,,24803740.0,34.0,183100.0,112.0,17879.568788501027,2018-01-28,,
56,55,2018-01,,,,,24803740.0,34.0,183100.0,112.0,17879.568788501027,2018-01-29,,
49,49,2018-01,,,,,24803740.0,34.0,183100.0,112.0,17879.568788501027,2018-01-30,,
59,59,2018-01,,,,,24803740.0,34.0,183100.0,112.0,17879.568788501027,2018-01-31,,
51,51,2018-02,,,,,18521153.0,26.0,173769.0,112.0,17949.896907216495,2018-02-01,,
66,66,2018-02,,,,,18521153.0,26.0,173769.0,112.0,17949.896907216495,2018-02-02,,
63,63,2018-02,,,,,18521153.0,26.0,173769.0,112.0,17949.896907216495,2018-02-03,,
67,67,2018-02,,,,,18521153.0,26.0,173769.0,112.0,17949.896907216495,2018-02-04,,
56,56,2018-02,,,,,18521153.0,26.0,173769.0,112.0,17949.896907216495,2018-02-05,,
46,46,2018-02,,,,,18521153.0,26.0,173769.0,112.0,17949.896907216495,2018-02-06,,
59,59,2018-02,,,,,18521153.0,26.0,173769.0,112.0,17949.896907216495,2018-02-07,,
47,47,2018-02,,,,,18521153.0,26.0,173769.0,112.0,17949.896907216495,2018-02-08,,
64,64,2018-02,,,,,18521153.0,26.0,173769.0,112.0,17949.896907216495,2018-02-09,,
70,70,2018-02,,,,,18521153.0,26.0,173769.0,112.0,17949.896907216495,2018-02-10,,
58,58,2018-02,,,,,18521153.0,26.0,173769.0,112.0,17949.896907216495,2018-02-11,,
63,63,2018-02,,,,,18521153.0,26.0,173769.0,112.0,17949.896907216495,2018-02-12,,
42,42,2018-02,,,,,18521153.0,26.0,173769.0,112.0,17949.896907216495,2018-02-13,,
50,50,2018-02,,,,,18521153.0,26.0,173769.0,112.0,17949.896907216495,2018-02-14,,
59,59,2018-02,,,,,18521153.0,26.0,173769.0,112.0,17949.896907216495,2018-02-15,,
54,54,2018-02,,,,,18521153.0,26.0,173769.0,112.0,17949.896907216495,2018-02-16,,
58,58,2018-02,,,,,18521153.0,26.0,173769.0,112.0,17949.896907216495,2018-02-17,,
63,63,2018-02,,,,,18521153.0,26.0,173769.0,112.0,17949.896907216495,2018-02-18,,
47,47,2018-02,,,,,18521153.0,26.0,173769.0,112.0,17949.896907216495,2018-02-19,,
63,63,2018-02,,,,,18521153.0,26.0,173769.0,112.0,17949.896907216495,2018-02-20,,
56,56,2018-02,,,,,18521153.0,26.0,173769.0,112.0,17949.896907216495,2018-02-21,,
55,55,2018-02,,,,,18521153.0,26.0,173769.0,112.0,17949.896907216495,2018-02-22,,
66,65,2018-02,,,,,18521153.0,26.0,173769.0,112.0,17949.896907216495,2018-02-23,,
58,58,2018-02,,,,,18521153.0,26.0,173769.0,112.0,17949.896907216495,2018-02-24,,
66,66,2018-02,,,,,18521153.0,26.0,173769.0,112.0,17949.896907216495,2018-02-25,,
65,65,2018-02,,,,,18521153.0,26.0,173769.0,112.0,17949.896907216495,2018-02-26,,
50,50,2018-02,,,,,18521153.0,26.0,173769.0,112.0,17949.896907216495,2018-02-27,,
53,53,2018-02,,,,,18521153.0,26.0,173769.0,112.0,17949.896907216495,2018-02-28,,
53,53,2018-03,,,,,22235027.0,10.0,189542.0,109.0,17947.89029535865,2018-03-01,,
67,67,2018-03,,,,,22235027.0,10.0,189542.0,109.0,17947.89029535865,2018-03-02,,
60,60,2018-03,,,,,22235027.0,10.0,189542.0,109.0,17947.89029535865,2018-03-03,,
69,69,2018-03,,,,,22235027.0,10.0,189542.0,109.0,17947.89029535865,2018-03-04,,
57,57,2018-03,,,,,22235027.0,10.0,189542.0,109.0,17947.89029535865,2018-03-05,,
55,55,2018-03,,,,,22235027.0,10.0,189542.0,109.0,17947.89029535865,2018-03-06,,
56,56,2018-03,,,,,22235027.0,10.0,189542.0,109.0,17947.89029535865,2018-03-07,,
47,47,2018-03,,,,,22235027.0,10.0,189542.0,109.0,17947.89029535865,2018-03-08,,
50,50,2018-03,,,,,22235027.0,10.0,189542.0,109.0,17947.89029535865,2018-03-09,,
66,66,2018-03,,,,,22235027.0,10.0,189542.0,109.0,17947.89029535865,2018-03-10,,
66,66,2018-03,,,,,22235027.0,10.0,189542.0,109.0,17947.89029535865,2018-03-11,,
53,53,2018-03,,,,,22235027.0,10.0,189542.0,109.0,17947.89029535865,2018-03-12,,
52,52,2018-03,,,,,22235027.0,10.0,189542.0,109.0,17947.89029535865,2018-03-13,,
57,57,2018-03,,,,,22235027.0,10.0,189542.0,109.0,17947.89029535865,2018-03-14,,
50,50,2018-03,,,,,22235027.0,10.0,189542.0,109.0,17947.89029535865,2018-03-15,,
60,60,2018-03,,,,,22235027.0,10.0,189542.0,109.0,17947.89029535865,2018-03-16,,
59,59,2018-03,,,,,22235027.0,10.0,189542.0,109.0,17947.89029535865,2018-03-17,,
73,73,2018-03,,,,,22235027.0,10.0,189542.0,109.0,17947.89029535865,2018-03-18,,
54,54,2018-03,,,,,22235027.0,10.0,189542.0,109.0,17947.89029535865,2018-03-19,,
42,42,2018-03,,,,,22235027.0,10.0,189542.0,109.0,17947.89029535865,2018-03-20,,
54,54,2018-03,,,,,22235027.0,10.0,189542.0,109.0,17947.89029535865,2018-03-21,,
55,55,2018-03,,,,,22235027.0,10.0,189542.0,109.0,17947.89029535865,2018-03-22,,
56,56,2018-03,,,,,22235027.0,10.0,189542.0,109.0,17947.89029535865,2018-03-23,,
66,66,2018-03,,,,,22235027.0,10.0,189542.0,109.0,17947.89029535865,2018-03-24,,
64,64,2018-03,,,,,22235027.0,10.0,189542.0,109.0,17947.89029535865,2018-03-25,,
60,60,2018-03,,,,,22235027.0,10.0,189542.0,109.0,17947.89029535865,2018-03-26,,
48,48,2018-03,,,,,22235027.0,10.0,189542.0,109.0,17947.89029535865,2018-03-27,,
58,58,2018-03,,,,,22235027.0,10.0,189542.0,109.0,17947.89029535865,2018-03-28,,
71,71,2018-03,,,,,22235027.0,10.0,189542.0,109.0,17947.89029535865,2018-03-29,,
40,40,2018-03,,,,,22235027.0,10.0,189542.0,109.0,17947.89029535865,2018-03-30,,
64,64,2018-03,,,,,22235027.0,10.0,189542.0,109.0,17947.89029535865,2018-03-31,,
65,65,2018-04,,,,,20180829.0,15.0,190166.0,109.0,17978.98627243928,2018-04-01,,
51,51,2018-04,,,,,20180829.0,15.0,190166.0,109.0,17978.98627243928,2018-04-02,,
56,56,2018-04,,,,,20180829.0,15.0,190166.0,109.0,17978.98627243928,2018-04-03,,
56,56,2018-04,,,,,20180829.0,15.0,190166.0,109.0,17978.98627243928,2018-04-04,,
54,54,2018-04,,,,,20180829.0,15.0,190166.0,109.0,17978.98627243928,2018-04-05,,
52,52,2018-04,,,,,20180829.0,15.0,190166.0,109.0,17978.98627243928,2018-04-06,,
53,53,2018-04,,,,,20180829.0,15.0,190166.0,109.0,17978.98627243928,2018-04-07,,
60,60,2018-04,,,,,20180829.0,15.0,190166.0,109.0,17978.98627243928,2018-04-08,,
65,65,2018-04,,,,,20180829.0,15.0,190166.0,109.0,17978.98627243928,2018-04-09,,
43,43,2018-04,,,,,20180829.0,15.0,190166.0,109.0,17978.98627243928,2018-04-10,,
52,52,2018-04,,,,,20180829.0,15.0,190166.0,109.0,17978.98627243928,2018-04-11,,
49,49,2018-04,,,,,20180829.0,15.0,190166.0,109.0,17978.98627243928,2018-04-12,,
61,61,2018-04,,,,,20180829.0,15.0,190166.0,109.0,17978.98627243928,2018-04-13,,
61,61,2018-04,,,,,20180829.0,15.0,190166.0,109.0,17978.98627243928,2018-04-14,,
66,66,2018-04,,,,,20180829.0,15.0,190166.0,109.0,17978.98627243928,2018-04-15,,
51,51,2018-04,,,,,20180829.0,15.0,190166.0,109.0,17978.98627243928,2018-04-16,,
49,48,2018-04,,,,,20180829.0,15.0,190166.0,109.0,17978.98627243928,2018-04-17,,
45,45,2018-04,,,,,20180829.0,15.0,190166.0,109.0,17978.98627243928,2018-04-18,,
47,47,2018-04,,,,,20180829.0,15.0,190166.0,109.0,17978.98627243928,2018-04-19,,
61,61,2018-04,,,,,20180829.0,15.0,190166.0,109.0,17978.98627243928,2018-04-20,,
64,64,2018-04,,,,,20180829.0,15.0,190166.0,109.0,17978.98627243928,2018-04-21,,
57,57,2018-04,,,,,20180829.0,15.0,190166.0,109.0,17978.98627243928,2018-04-22,,
47,47,2018-04,,,,,20180829.0,15.0,190166.0,109.0,17978.98627243928,2018-04-23,,
42,42,2018-04,,,,,20180829.0,15.0,190166.0,109.0,17978.98627243928,2018-04-24,,
57,57,2018-04,,,,,20180829.0,15.0,190166.0,109.0,17978.98627243928,2018-04-25,,
43,43,2018-04,,,,,20180829.0,15.0,190166.0,109.0,17978.98627243928,2018-04-26,,
40,40,2018-04,,,,,20180829.0,15.0,190166.0,109.0,17978.98627243928,2018-04-27,,
58,57,2018-04,,,,,20180829.0,15.0,190166.0,109.0,17978.98627243928,2018-04-28,,
56,56,2018-04,,,,,20180829.0,15.0,190166.0,109.0,17978.98627243928,2018-04-29,,
54,54,2018-04,,,,,20180829.0,15.0,190166.0,109.0,17978.98627243928,2018-04-30,,
40,40,2018-05,,,,,20271718.0,17.0,190312.0,109.0,17977.20588235294,2018-05-01,,
42,42,2018-05,,,,,20271718.0,17.0,190312.0,109.0,17977.20588235294,2018-05-02,,
39,39,2018-05,,,,,20271718.0,17.0,190312.0,109.0,17977.20588235294,2018-05-03,,
48,48,2018-05,,,,,20271718.0,17.0,190312.0,109.0,17977.20588235294,2018-05-04,,
52,52,2018-05,,,,,20271718.0,17.0,190312.0,109.0,17977.20588235294,2018-05-05,,
55,55,2018-05,,,,,20271718.0,17.0,190312.0,109.0,17977.20588235294,2018-05-06,,
44,44,2018-05,,,,,20271718.0,17.0,190312.0,109.0,17977.20588235294,2018-05-07,,
46,46,2018-05,,,,,20271718.0,17.0,190312.0,109.0,17977.20588235294,2018-05-08,,
32,32,2018-05,,,,,20271718.0,17.0,190312.0,109.0,17977.20588235294,2018-05-09,,
41,41,2018-05,,,,,20271718.0,17.0,190312.0,109.0,17977.20588235294,2018-05-10,,
48,48,2018-05,,,,,20271718.0,17.0,190312.0,109.0,17977.20588235294,2018-05-11,,
55,55,2018-05,,,,,20271718.0,17.0,190312.0,109.0,17977.20588235294,2018-05-12,,
57,57,2018-05,,,,,20271718.0,17.0,190312.0,109.0,17977.20588235294,2018-05-13,,
39,39,2018-05,,,,,20271718.0,17.0,190312.0,109.0,17977.20588235294,2018-05-14,,
51,51,2018-05,,,,,20271718.0,17.0,190312.0,109.0,17977.20588235294,2018-05-15,,
42,42,2018-05,,,,,20271718.0,17.0,190312.0,109.0,17977.20588235294,2018-05-16,,
48,48,2018-05,,,,,20271718.0,17.0,190312.0,109.0,17977.20588235294,2018-05-17,,
42,42,2018-05,,,,,20271718.0,17.0,190312.0,109.0,17977.20588235294,2018-05-18,,
44,44,2018-05,,,,,20271718.0,17.0,190312.0,109.0,17977.20588235294,2018-05-19,,
47,47,2018-05,,,,,20271718.0,17.0,190312.0,109.0,17977.20588235294,2018-05-20,,
41,41,2018-05,,,,,20271718.0,17.0,190312.0,109.0,17977.20588235294,2018-05-21,,
43,43,2018-05,,,,,20271718.0,17.0,190312.0,109.0,17977.20588235294,2018-05-22,,
45,45,2018-05,,,,,20271718.0,17.0,190312.0,109.0,17977.20588235294,2018-05-23,,
41,41,2018-05,,,,,20271718.0,17.0,190312.0,109.0,17977.20588235294,2018-05-24,,
46,46,2018-05,,,,,20271718.0,17.0,190312.0,109.0,17977.20588235294,2018-05-25,,
45,45,2018-05,,,,,20271718.0,17.0,190312.0,109.0,17977.20588235294,2018-05-26,,
46,46,2018-05,,,,,20271718.0,17.0,190312.0,109.0,17977.20588235294,2018-05-27,,
43,43,2018-05,,,,,20271718.0,17.0,190312.0,109.0,17977.20588235294,2018-05-28,,
38,38,2018-05,,,,,20271718.0,17.0,190312.0,109.0,17977.20588235294,2018-05-29,,
35,35,2018-05,,,,,20271718.0,17.0,190312.0,109.0,17977.20588235294,2018-05-30,,
44,44,2018-05,,,,,20271718.0,17.0,190312.0,109.0,17977.20588235294,2018-05-31,,
52,52,2018-06,,,,,21276210.0,20.0,182180.0,109.0,18115.71729957806,2018-06-01,,
57,57,2018-06,,,,,21276210.0,20.0,182180.0,109.0,18115.71729957806,2018-06-02,,
52,52,2018-06,,,,,21276210.0,20.0,182180.0,109.0,18115.71729957806,2018-06-03,,
42,42,2018-06,,,,,21276210.0,20.0,182180.0,109.0,18115.71729957806,2018-06-04,,
39,39,2018-06,,,,,21276210.0,20.0,182180.0,109.0,18115.71729957806,2018-06-05,,
42,42,2018-06,,,,,21276210.0,20.0,182180.0,109.0,18115.71729957806,2018-06-06,,
43,43,2018-06,,,,,21276210.0,20.0,182180.0,109.0,18115.71729957806,2018-06-07,,
45,45,2018-06,,,,,21276210.0,20.0,182180.0,109.0,18115.71729957806,2018-06-08,,
56,56,2018-06,,,,,21276210.0,20.0,182180.0,109.0,18115.71729957806,2018-06-09,,
64,64,2018-06,,,,,21276210.0,20.0,182180.0,109.0,18115.71729957806,2018-06-10,,
38,38,2018-06,,,,,21276210.0,20.0,182180.0,109.0,18115.71729957806,2018-06-11,,
46,46,2018-06,,,,,21276210.0,20.0,182180.0,109.0,18115.71729957806,2018-06-12,,
41,41,2018-06,,,,,21276210.0,20.0,182180.0,109.0,18115.71729957806,2018-06-13,,
41,41,2018-06,,,,,21276210.0,20.0,182180.0,109.0,18115.71729957806,2018-06-14,,
49,49,2018-06,,,,,21276210.0,20.0,182180.0,109.0,18115.71729957806,2018-06-15,,
59,59,2018-06,,,,,21276210.0,20.0,182180.0,109.0,18115.71729957806,2018-06-16,,
49,49,2018-06,,,,,21276210.0,20.0,182180.0,109.0,18115.71729957806,2018-06-17,,
42,42,2018-06,,,,,21276210.0,20.0,182180.0,109.0,18115.71729957806,2018-06-18,,
41,41,2018-06,,,,,21276210.0,20.0,182180.0,109.0,18115.71729957806,2018-06-19,,
43,43,2018-06,,,,,21276210.0,20.0,182180.0,109.0,18115.71729957806,2018-06-20,,
52,52,2018-06,,,,,21276210.0,20.0,182180.0,109.0,18115.71729957806,2018-06-21,,
45,45,2018-06,,,,,21276210.0,20.0,182180.0,109.0,18115.71729957806,2018-06-22,,
51,51,2018-06,,,,,21276210.0,20.0,182180.0,109.0,18115.71729957806,2018-06-23,,
59,59,2018-06,,,,,21276210.0,20.0,182180.0,109.0,18115.71729957806,2018-06-24,,
43,43,2018-06,,,,,21276210.0,20.0,182180.0,109.0,18115.71729957806,2018-06-25,,
47,47,2018-06,,,,,21276210.0,20.0,182180.0,109.0,18115.71729957806,2018-06-26,,
42,42,2018-06,,,,,21276210.0,20.0,182180.0,109.0,18115.71729957806,2018-06-27,,
39,39,2018-06,,,,,21276210.0,20.0,182180.0,109.0,18115.71729957806,2018-06-28,,
41,41,2018-06,,,,,21276210.0,20.0,182180.0,109.0,18115.71729957806,2018-06-29,,
49,49,2018-06,,,,,21276210.0,20.0,182180.0,109.0,18115.71729957806,2018-06-30,,
64,64,2018-07,,,,,22423392.0,21.0,186464.0,109.0,18107.301587301587,2018-07-01,,
57,57,2018-07,,,,,22423392.0,21.0,186464.0,109.0,18107.301587301587,2018-07-02,,
45,45,2018-07,,,,,22423392.0,21.0,186464.0,109.0,18107.301587301587,2018-07-03,,
43,43,2018-07,,,,,22423392.0,21.0,186464.0,109.0,18107.301587301587,2018-07-04,,
39,39,2018-07,,,,,22423392.0,21.0,186464.0,109.0,18107.301587301587,2018-07-05,,
39,39,2018-07,,,,,22423392.0,21.0,186464.0,109.0,18107.301587301587,2018-07-06,,
52,52,2018-07,,,,,22423392.0,21.0,186464.0,109.0,18107.301587301587,2018-07-07,,
62,62,2018-07,,,,,22423392.0,21.0,186464.0,109.0,18107.301587301587,2018-07-08,,
45,45,2018-07,,,,,22423392.0,21.0,186464.0,109.0,18107.301587301587,2018-07-09,,
43,43,2018-07,,,,,22423392.0,21.0,186464.0,109.0,18107.301587301587,2018-07-10,,
38,38,2018-07,,,,,22423392.0,21.0,186464.0,109.0,18107.301587301587,2018-07-11,,
38,38,2018-07,,,,,22423392.0,21.0,186464.0,109.0,18107.301587301587,2018-07-12,,
52,52,2018-07,,,,,22423392.0,21.0,186464.0,109.0,18107.301587301587,2018-07-13,,
59,59,2018-07,,,,,22423392.0,21.0,186464.0,109.0,18107.301587301587,2018-07-14,,
62,62,2018-07,,,,,22423392.0,21.0,186464.0,109.0,18107.301587301587,2018-07-15,,
40,40,2018-07,,,,,22423392.0,21.0,186464.0,109.0,18107.301587301587,2018-07-16,,
43,43,2018-07,,,,,22423392.0,21.0,186464.0,109.0,18107.301587301587,2018-07-17,,
49,49,2018-07,,,,,22423392.0,21.0,186464.0,109.0,18107.301587301587,2018-07-18,,
44,44,2018-07,,,,,22423392.0,21.0,186464.0,109.0,18107.301587301587,2018-07-19,,
47,47,2018-07,,,,,22423392.0,21.0,186464.0,109.0,18107.301587301587,2018-07-20,,
54,54,2018-07,,,,,22423392.0,21.0,186464.0,109.0,18107.301587301587,2018-07-21,,
54,54,2018-07,,,,,22423392.0,21.0,186464.0,109.0,18107.301587301587,2018-07-22,,
48,48,2018-07,,,,,22423392.0,21.0,186464.0,109.0,18107.301587301587,2018-07-23,,
42,42,2018-07,,,,,22423392.0,21.0,186464.0,109.0,18107.301587301587,2018-07-24,,
35,35,2018-07,,,,,22423392.0,21.0,186464.0,109.0,18107.301587301587,2018-07-25,,
42,42,2018-07,,,,,22423392.0,21.0,186464.0,109.0,18107.301587301587,2018-07-26,,
44,44,2018-07,,,,,22423392.0,21.0,186464.0,109.0,18107.301587301587,2018-07-27,,
52,52,2018-07,,,,,22423392.0,21.0,186464.0,109.0,18107.301587301587,2018-07-28,,
60,60,2018-07,,,,,22423392.0,21.0,186464.0,109.0,18107.301587301587,2018-07-29,,
41,41,2018-07,,,,,22423392.0,21.0,186464.0,109.0,18107.301587301587,2018-07-30,,
39,39,2018-07,,,,,22423392.0,21.0,186464.0,109.0,18107.301587301587,2018-07-31,,
41,41,2018-08,,,,,21909859.0,27.0,196543.0,109.0,18164.618644067796,2018-08-01,,
42,42,2018-08,,,,,21909859.0,27.0,196543.0,109.0,18164.618644067796,2018-08-02,,
39,39,2018-08,,,,,21909859.0,27.0,196543.0,109.0,18164.618644067796,2018-08-03,,
50,50,2018-08,,,,,21909859.0,27.0,196543.0,109.0,18164.618644067796,2018-08-04,,
53,53,2018-08,,,,,21909859.0,27.0,196543.0,109.0,18164.618644067796,2018-08-05,,
54,54,2018-08,,,,,21909859.0,27.0,196543.0,109.0,18164.618644067796,2018-08-06,,
35,35,2018-08,,,,,21909859.0,27.0,196543.0,109.0,18164.618644067796,2018-08-07,,
42,42,2018-08,,,,,21909859.0,27.0,196543.0,109.0,18164.618644067796,2018-08-08,,
41,41,2018-08,,,,,21909859.0,27.0,196543.0,109.0,18164.618644067796,2018-08-09,,
38,38,2018-08,,,,,21909859.0,27.0,196543.0,109.0,18164.618644067796,2018-08-10,,
48,48,2018-08,,,,,21909859.0,27.0,196543.0,109.0,18164.618644067796,2018-08-11,,
56,55,2018-08,,,,,21909859.0,27.0,196543.0,109.0,18164.618644067796,2018-08-12,,
51,51,2018-08,,,,,21909859.0,27.0,196543.0,109.0,18164.618644067796,2018-08-13,,
41,41,2018-08,,,,,21909859.0,27.0,196543.0,109.0,18164.618644067796,2018-08-14,,
39,39,2018-08,,,,,21909859.0,27.0,196543.0,109.0,18164.618644067796,2018-08-15,,
50,50,2018-08,,,,,21909859.0,27.0,196543.0,109.0,18164.618644067796,2018-08-16,,
44,44,2018-08,,,,,21909859.0,27.0,196543.0,109.0,18164.618644067796,2018-08-17,,
63,63,2018-08,,,,,21909859.0,27.0,196543.0,109.0,18164.618644067796,2018-08-18,,
64,64,2018-08,,,,,21909859.0,27.0,196543.0,109.0,18164.618644067796,2018-08-19,,
50,50,2018-08,,,,,21909859.0,27.0,196543.0,109.0,18164.618644067796,2018-08-20,,
41,41,2018-08,,,,,21909859.0,27.0,196543.0,109.0,18164.618644067796,2018-08-21,,
44,43,2018-08,,,,,21909859.0,27.0,196543.0,109.0,18164.618644067796,2018-08-22,,
54,54,2018-08,,,,,21909859.0,27.0,196543.0,109.0,18164.618644067796,2018-08-23,,
42,42,2018-08,,,,,21909859.0,27.0,196543.0,109.0,18164.618644067796,2018-08-24,,
48,48,2018-08,,,,,21909859.0,27.0,196543.0,109.0,18164.618644067796,2018-08-25,,
51,51,2018-08,,,,,21909859.0,27.0,196543.0,109.0,18164.618644067796,2018-08-26,,
36,36,2018-08,,,,,21909859.0,27.0,196543.0,109.0,18164.618644067796,2018-08-27,,
35,35,2018-08,,,,,21909859.0,27.0,196543.0,109.0,18164.618644067796,2018-08-28,,
38,38,2018-08,,,,,21909859.0,27.0,196543.0,109.0,18164.618644067796,2018-08-29,,
35,35,2018-08,,,,,21909859.0,27.0,196543.0,109.0,18164.618644067796,2018-08-30,,
47,47,2018-08,,,,,21909859.0,27.0,196543.0,109.0,18164.618644067796,2018-08-31,,
59,59,2018-09,,,,,20231691.0,10.0,183405.0,108.0,17990.419806243273,2018-09-01,,
65,65,2018-09,,,,,20231691.0,10.0,183405.0,108.0,17990.419806243273,2018-09-02,,
51,51,2018-09,,,,,20231691.0,10.0,183405.0,108.0,17990.419806243273,2018-09-03,,
39,39,2018-09,,,,,20231691.0,10.0,183405.0,108.0,17990.419806243273,2018-09-04,,
33,33,2018-09,,,,,20231691.0,10.0,183405.0,108.0,17990.419806243273,2018-09-05,,
40,40,2018-09,,,,,20231691.0,10.0,183405.0,108.0,17990.419806243273,2018-09-06,,
46,46,2018-09,,,,,20231691.0,10.0,183405.0,108.0,17990.419806243273,2018-09-07,,
48,48,2018-09,,,,,20231691.0,10.0,183405.0,108.0,17990.419806243273,2018-09-08,,
59,59,2018-09,,,,,20231691.0,10.0,183405.0,108.0,17990.419806243273,2018-09-09,,
40,40,2018-09,,,,,20231691.0,10.0,183405.0,108.0,17990.419806243273,2018-09-10,,
42,42,2018-09,,,,,20231691.0,10.0,183405.0,108.0,17990.419806243273,2018-09-11,,
37,37,2018-09,,,,,20231691.0,10.0,183405.0,108.0,17990.419806243273,2018-09-12,,
36,36,2018-09,,,,,20231691.0,10.0,183405.0,108.0,17990.419806243273,2018-09-13,,
44,44,2018-09,,,,,20231691.0,10.0,183405.0,108.0,17990.419806243273,2018-09-14,,
49,49,2018-09,,,,,20231691.0,10.0,183405.0,108.0,17990.419806243273,2018-09-15,,
60,60,2018-09,,,,,20231691.0,10.0,183405.0,108.0,17990.419806243273,2018-09-16,,
52,52,2018-09,,,,,20231691.0,10.0,183405.0,108.0,17990.419806243273,2018-09-17,,
40,40,2018-09,,,,,20231691.0,10.0,183405.0,108.0,17990.419806243273,2018-09-18,,
55,55,2018-09,,,,,20231691.0,10.0,183405.0,108.0,17990.419806243273,2018-09-19,,
46,46,2018-09,,,,,20231691.0,10.0,183405.0,108.0,17990.419806243273,2018-09-20,,
37,37,2018-09,,,,,20231691.0,10.0,183405.0,108.0,17990.419806243273,2018-09-21,,
51,51,2018-09,,,,,20231691.0,10.0,183405.0,108.0,17990.419806243273,2018-09-22,,
52,52,2018-09,,,,,20231691.0,10.0,183405.0,108.0,17990.419806243273,2018-09-23,,
36,36,2018-09,,,,,20231691.0,10.0,183405.0,108.0,17990.419806243273,2018-09-24,,
30,30,2018-09,,,,,20231691.0,10.0,183405.0,108.0,17990.419806243273,2018-09-25,,
38,38,2018-09,,,,,20231691.0,10.0,183405.0,108.0,17990.419806243273,2018-09-26,,
37,37,2018-09,,,,,20231691.0,10.0,183405.0,108.0,17990.419806243273,2018-09-27,,
47,47,2018-09,,,,,20231691.0,10.0,183405.0,108.0,17990.419806243273,2018-09-28,,
59,58,2018-09,,,,,20231691.0,10.0,183405.0,108.0,17990.419806243273,2018-09-29,,
57,57,2018-09,,,,,20231691.0,10.0,183405.0,108.0,17990.419806243273,2018-09-30,,
45,45,2018-10,,,,,22211431.0,73.0,191878.0,109.0,18001.071811361202,2018-10-01,,
41,41,2018-10,,,,,22211431.0,73.0,191878.0,109.0,18001.071811361202,2018-10-02,,
42,42,2018-10,,,,,22211431.0,73.0,191878.0,109.0,18001.071811361202,2018-10-03,,
36,36,2018-10,,,,,22211431.0,73.0,191878.0,109.0,18001.071811361202,2018-10-04,,
54,53,2018-10,,,,,22211431.0,73.0,191878.0,109.0,18001.071811361202,2018-10-05,,
45,44,2018-10,,,,,22211431.0,73.0,191878.0,109.0,18001.071811361202,2018-10-06,,
48,48,2018-10,,,,,22211431.0,73.0,191878.0,109.0,18001.071811361202,2018-10-07,,
40,40,2018-10,,,,,22211431.0,73.0,191878.0,109.0,18001.071811361202,2018-10-08,,
37,37,2018-10,,,,,22211431.0,73.0,191878.0,109.0,18001.071811361202,2018-10-09,,
41,41,2018-10,,,,,22211431.0,73.0,191878.0,109.0,18001.071811361202,2018-10-10,,
34,34,2018-10,,,,,22211431.0,73.0,191878.0,109.0,18001.071811361202,2018-10-11,,
43,43,2018-10,,,,,22211431.0,73.0,191878.0,109.0,18001.071811361202,2018-10-12,,
51,51,2018-10,,,,,22211431.0,73.0,191878.0,109.0,18001.071811361202,2018-10-13,,
64,64,2018-10,,,,,22211431.0,73.0,191878.0,109.0,18001.071811361202,2018-10-14,,
39,39,2018-10,,,,,22211431.0,73.0,191878.0,109.0,18001.071811361202,2018-10-15,,
39,39,2018-10,,,,,22211431.0,73.0,191878.0,109.0,18001.071811361202,2018-10-16,,
39,39,2018-10,,,,,22211431.0,73.0,191878.0,109.0,18001.071811361202,2018-10-17,,
46,46,2018-10,,,,,22211431.0,73.0,191878.0,109.0,18001.071811361202,2018-10-18,,
40,40,2018-10,,,,,22211431.0,73.0,191878.0,109.0,18001.071811361202,2018-10-19,,
51,51,2018-10,,,,,22211431.0,73.0,191878.0,109.0,18001.071811361202,2018-10-20,,
41,41,2018-10,,,,,22211431.0,73.0,191878.0,109.0,18001.071811361202,2018-10-21,,
45,45,2018-10,,,,,22211431.0,73.0,191878.0,109.0,18001.071811361202,2018-10-22,,
35,35,2018-10,,,,,22211431.0,73.0,191878.0,109.0,18001.071811361202,2018-10-23,,
41,41,2018-10,,,,,22211431.0,73.0,191878.0,109.0,18001.071811361202,2018-10-24,,
36,36,2018-10,,,,,22211431.0,73.0,191878.0,109.0,18001.071811361202,2018-10-25,,
38,38,2018-10,,,,,22211431.0,73.0,191878.0,109.0,18001.071811361202,2018-10-26,,
44,44,2018-10,,,,,22211431.0,73.0,191878.0,109.0,18001.071811361202,2018-10-27,,
47,47,2018-10,,,,,22211431.0,73.0,191878.0,109.0,18001.071811361202,2018-10-28,,
38,38,2018-10,,,,,22211431.0,73.0,191878.0,109.0,18001.071811361202,2018-10-29,,
36,36,2018-10,,,,,22211431.0,73.0,191878.0,109.0,18001.071811361202,2018-10-30,,
39,39,2018-10,,,,,22211431.0,73.0,191878.0,109.0,18001.071811361202,2018-10-31,,
42,42,2018-11,,,,,19201979.0,62.0,166298.0,100.0,18169.8224852071,2018-11-01,,
37,37,2018-11,,,,,19201979.0,62.0,166298.0,100.0,18169.8224852071,2018-11-02,,
48,48,2018-11,,,,,19201979.0,62.0,166298.0,100.0,18169.8224852071,2018-11-03,,
46,46,2018-11,,,,,19201979.0,62.0,166298.0,100.0,18169.8224852071,2018-11-04,,
47,47,2018-11,,,,,19201979.0,62.0,166298.0,100.0,18169.8224852071,2018-11-05,,
41,41,2018-11,,,,,19201979.0,62.0,166298.0,100.0,18169.8224852071,2018-11-06,,
27,27,2018-11,,,,,19201979.0,62.0,166298.0,100.0,18169.8224852071,2018-11-07,,
38,38,2018-11,,,,,19201979.0,62.0,166298.0,100.0,18169.8224852071,2018-11-08,,
36,36,2018-11,,,,,19201979.0,62.0,166298.0,100.0,18169.8224852071,2018-11-09,,
42,42,2018-11,,,,,19201979.0,62.0,166298.0,100.0,18169.8224852071,2018-11-10,,
48,48,2018-11,,,,,19201979.0,62.0,166298.0,100.0,18169.8224852071,2018-11-11,,
37,37,2018-11,,,,,19201979.0,62.0,166298.0,100.0,18169.8224852071,2018-11-12,,
38,38,2018-11,,,,,19201979.0,62.0,166298.0,100.0,18169.8224852071,2018-11-13,,
35,35,2018-11,,,,,19201979.0,62.0,166298.0,100.0,18169.8224852071,2018-11-14,,
36,36,2018-11,,,,,19201979.0,62.0,166298.0,100.0,18169.8224852071,2018-11-15,,
41,40,2018-11,,,,,19201979.0,62.0,166298.0,100.0,18169.8224852071,2018-11-16,,
40,40,2018-11,,,,,19201979.0,62.0,166298.0,100.0,18169.8224852071,2018-11-17,,
46,46,2018-11,,,,,19201979.0,62.0,166298.0,100.0,18169.8224852071,2018-11-18,,
53,53,2018-11,,,,,19201979.0,62.0,166298.0,100.0,18169.8224852071,2018-11-19,,
40,40,2018-11,,,,,19201979.0,62.0,166298.0,100.0,18169.8224852071,2018-11-20,,
31,31,2018-11,,,,,19201979.0,62.0,166298.0,100.0,18169.8224852071,2018-11-21,,
39,39,2018-11,,,,,19201979.0,62.0,166298.0,100.0,18169.8224852071,2018-11-22,,
45,45,2018-11,,,,,19201979.0,62.0,166298.0,100.0,18169.8224852071,2018-11-23,,
43,43,2018-11,,,,,19201979.0,62.0,166298.0,100.0,18169.8224852071,2018-11-24,,
45,45,2018-11,,,,,19201979.0,62.0,166298.0,100.0,18169.8224852071,2018-11-25,,
45,45,2018-11,,,,,19201979.0,62.0,166298.0,100.0,18169.8224852071,2018-11-26,,
34,34,2018-11,,,,,19201979.0,62.0,166298.0,100.0,18169.8224852071,2018-11-27,,
42,42,2018-11,,,,,19201979.0,62.0,166298.0,100.0,18169.8224852071,2018-11-28,,
39,39,2018-11,,,,,19201979.0,62.0,166298.0,100.0,18169.8224852071,2018-11-29,,
45,45,2018-11,,,,,19201979.0,62.0,166298.0,100.0,18169.8224852071,2018-11-30,,
57,57,2018-12,,,,,23072728.0,4.0,170071.0,101.0,18437.250293772035,2018-12-01,,
62,62,2018-12,,,,,23072728.0,4.0,170071.0,101.0,18437.250293772035,2018-12-02,,
45,45,2018-12,,,,,23072728.0,4.0,170071.0,101.0,18437.250293772035,2018-12-03,,
28,28,2018-12,,,,,23072728.0,4.0,170071.0,101.0,18437.250293772035,2018-12-04,,
38,38,2018-12,,,,,23072728.0,4.0,170071.0,101.0,18437.250293772035,2018-12-05,,
35,35,2018-12,,,,,23072728.0,4.0,170071.0,101.0,18437.250293772035,2018-12-06,,
64,63,2018-12,,,,,23072728.0,4.0,170071.0,101.0,18437.250293772035,2018-12-07,,
53,53,2018-12,,,,,23072728.0,4.0,170071.0,101.0,18437.250293772035,2018-12-08,,
48,48,2018-12,,,,,23072728.0,4.0,170071.0,101.0,18437.250293772035,2018-12-09,,
44,44,2018-12,,,,,23072728.0,4.0,170071.0,101.0,18437.250293772035,2018-12-10,,
36,36,2018-12,,,,,23072728.0,4.0,170071.0,101.0,18437.250293772035,2018-12-11,,
37,37,2018-12,,,,,23072728.0,4.0,170071.0,101.0,18437.250293772035,2018-12-12,,
47,47,2018-12,,,,,23072728.0,4.0,170071.0,101.0,18437.250293772035,2018-12-13,,
38,38,2018-12,,,,,23072728.0,4.0,170071.0,101.0,18437.250293772035,2018-12-14,,
46,46,2018-12,,,,,23072728.0,4.0,170071.0,101.0,18437.250293772035,2018-12-15,,
51,51,2018-12,,,,,23072728.0,4.0,170071.0,101.0,18437.250293772035,2018-12-16,,
36,36,2018-12,,,,,23072728.0,4.0,170071.0,101.0,18437.250293772035,2018-12-17,,
48,48,2018-12,,,,,23072728.0,4.0,170071.0,101.0,18437.250293772035,2018-12-18,,
38,38,2018-12,,,,,23072728.0,4.0,170071.0,101.0,18437.250293772035,2018-12-19,,
46,46,2018-12,,,,,23072728.0,4.0,170071.0,101.0,18437.250293772035,2018-12-20,,
38,38,2018-12,,,,,23072728.0,4.0,170071.0,101.0,18437.250293772035,2018-12-21,,
60,59,2018-12,,,,,23072728.0,4.0,170071.0,101.0,18437.250293772035,2018-12-22,,
56,56,2018-12,,,,,23072728.0,4.0,170071.0,101.0,18437.250293772035,2018-12-23,,
42,42,2018-12,,,,,23072728.0,4.0,170071.0,101.0,18437.250293772035,2018-12-24,,
59,59,2018-12,,,,,23072728.0,4.0,170071.0,101.0,18437.250293772035,2018-12-25,,
47,47,2018-12,,,,,23072728.0,4.0,170071.0,101.0,18437.250293772035,2018-12-26,,
36,36,2018-12,,,,,23072728.0,4.0,170071.0,101.0,18437.250293772035,2018-12-27,,
41,41,2018-12,,,,,23072728.0,4.0,170071.0,101.0,18437.250293772035,2018-12-28,,
39,39,2018-12,,,,,23072728.0,4.0,170071.0,101.0,18437.250293772035,2018-12-29,,
59,59,2018-12,,,,,23072728.0,4.0,170071.0,101.0,18437.250293772035,2018-12-30,,
62,62,2018-12,,,,,23072728.0,4.0,170071.0,101.0,18437.250293772035,2018-12-31,,
75,75,2019-01,,,,,22306985.0,6.0,157883.0,102.0,19313.82113821138,2019-01-01,,
44,44,2019-01,,,,,22306985.0,6.0,157883.0,102.0,19313.82113821138,2019-01-02,,
49,49,2019-01,,,,,22306985.0,6.0,157883.0,102.0,19313.82113821138,2019-01-03,,
39,39,2019-01,,,,,22306985.0,6.0,157883.0,102.0,19313.82113821138,2019-01-04,,
48,48,2019-01,,,,,22306985.0,6.0,157883.0,102.0,19313.82113821138,2019-01-05,,
36,36,2019-01,,,,,22306985.0,6.0,157883.0,102.0,19313.82113821138,2019-01-06,,
46,46,2019-01,,,,,22306985.0,6.0,157883.0,102.0,19313.82113821138,2019-01-07,,
41,41,2019-01,,,,,22306985.0,6.0,157883.0,102.0,19313.82113821138,2019-01-08,,
41,41,2019-01,,,,,22306985.0,6.0,157883.0,102.0,19313.82113821138,2019-01-09,,
41,41,2019-01,,,,,22306985.0,6.0,157883.0,102.0,19313.82113821138,2019-01-10,,
29,29,2019-01,,,,,22306985.0,6.0,157883.0,102.0,19313.82113821138,2019-01-11,,
45,45,2019-01,,,,,22306985.0,6.0,157883.0,102.0,19313.82113821138,2019-01-12,,
48,48,2019-01,,,,,22306985.0,6.0,157883.0,102.0,19313.82113821138,2019-01-13,,
37,37,2019-01,,,,,22306985.0,6.0,157883.0,102.0,19313.82113821138,2019-01-14,,
32,32,2019-01,,,,,22306985.0,6.0,157883.0,102.0,19313.82113821138,2019-01-15,,
37,37,2019-01,,,,,22306985.0,6.0,157883.0,102.0,19313.82113821138,2019-01-16,,
42,42,2019-01,,,,,22306985.0,6.0,157883.0,102.0,19313.82113821138,2019-01-17,,
38,38,2019-01,,,,,22306985.0,6.0,157883.0,102.0,19313.82113821138,2019-01-18,,
41,41,2019-01,,,,,22306985.0,6.0,157883.0,102.0,19313.82113821138,2019-01-19,,
44,44,2019-01,,,,,22306985.0,6.0,157883.0,102.0,19313.82113821138,2019-01-20,,
47,47,2019-01,,,,,22306985.0,6.0,157883.0,102.0,19313.82113821138,2019-01-21,,
35,35,2019-01,,,,,22306985.0,6.0,157883.0,102.0,19313.82113821138,2019-01-22,,
42,42,2019-01,,,,,22306985.0,6.0,157883.0,102.0,19313.82113821138,2019-01-23,,
39,39,2019-01,,,,,22306985.0,6.0,157883.0,102.0,19313.82113821138,2019-01-24,,
33,33,2019-01,,,,,22306985.0,6.0,157883.0,102.0,19313.82113821138,2019-01-25,,
48,48,2019-01,,,,,22306985.0,6.0,157883.0,102.0,19313.82113821138,2019-01-26,,
44,44,2019-01,,,,,22306985.0,6.0,157883.0,102.0,19313.82113821138,2019-01-27,,
42,42,2019-01,,,,,22306985.0,6.0,157883.0,102.0,19313.82113821138,2019-01-28,,
33,33,2019-01,,,,,22306985.0,6.0,157883.0,102.0,19313.82113821138,2019-01-29,,
33,33,2019-01,,,,,22306985.0,6.0,157883.0,102.0,19313.82113821138,2019-01-30,,
33,33,2019-01,,,,,22306985.0,6.0,157883.0,102.0,19313.82113821138,2019-01-31,,
44,44,2019-02,,,,,16981675.0,1.0,154738.0,103.0,19225.260718424102,2019-02-01,,
56,56,2019-02,,,,,16981675.0,1.0,154738.0,103.0,19225.260718424102,2019-02-02,,
64,64,2019-02,,,,,16981675.0,1.0,154738.0,103.0,19225.260718424102,2019-02-03,,
42,42,2019-02,,,,,16981675.0,1.0,154738.0,103.0,19225.260718424102,2019-02-04,,
36,36,2019-02,,,,,16981675.0,1.0,154738.0,103.0,19225.260718424102,2019-02-05,,
42,42,2019-02,,,,,16981675.0,1.0,154738.0,103.0,19225.260718424102,2019-02-06,,
36,36,2019-02,,,,,16981675.0,1.0,154738.0,103.0,19225.260718424102,2019-02-07,,
45,45,2019-02,,,,,16981675.0,1.0,154738.0,103.0,19225.260718424102,2019-02-08,,
48,48,2019-02,,,,,16981675.0,1.0,154738.0,103.0,19225.260718424102,2019-02-09,,
59,58,2019-02,,,,,16981675.0,1.0,154738.0,103.0,19225.260718424102,2019-02-10,,
35,35,2019-02,,,,,16981675.0,1.0,154738.0,103.0,19225.260718424102,2019-02-11,,
37,37,2019-02,,,,,16981675.0,1.0,154738.0,103.0,19225.260718424102,2019-02-12,,
39,39,2019-02,,,,,16981675.0,1.0,154738.0,103.0,19225.260718424102,2019-02-13,,
40,40,2019-02,,,,,16981675.0,1.0,154738.0,103.0,19225.260718424102,2019-02-14,,
39,39,2019-02,,,,,16981675.0,1.0,154738.0,103.0,19225.260718424102,2019-02-15,,
44,44,2019-02,,,,,16981675.0,1.0,154738.0,103.0,19225.260718424102,2019-02-16,,
48,48,2019-02,,,,,16981675.0,1.0,154738.0,103.0,19225.260718424102,2019-02-17,,
40,40,2019-02,,,,,16981675.0,1.0,154738.0,103.0,19225.260718424102,2019-02-18,,
39,39,2019-02,,,,,16981675.0,1.0,154738.0,103.0,19225.260718424102,2019-02-19,,
45,45,2019-02,,,,,16981675.0,1.0,154738.0,103.0,19225.260718424102,2019-02-20,,
34,34,2019-02,,,,,16981675.0,1.0,154738.0,103.0,19225.260718424102,2019-02-21,,
41,41,2019-02,,,,,16981675.0,1.0,154738.0,103.0,19225.260718424102,2019-02-22,,
47,47,2019-02,,,,,16981675.0,1.0,154738.0,103.0,19225.260718424102,2019-02-23,,
42,42,2019-02,,,,,16981675.0,1.0,154738.0,103.0,19225.260718424102,2019-02-24,,
43,43,2019-02,,,,,16981675.0,1.0,154738.0,103.0,19225.260718424102,2019-02-25,,
35,35,2019-02,,,,,16981675.0,1.0,154738.0,103.0,19225.260718424102,2019-02-26,,
38,38,2019-02,,,,,16981675.0,1.0,154738.0,103.0,19225.260718424102,2019-02-27,,
42,42,2019-02,,,,,16981675.0,1.0,154738.0,103.0,19225.260718424102,2019-02-28,,
45,45,2019-03,,,,,19131020.0,3.0,171389.0,103.0,19332.171893147504,2019-03-01,,
56,56,2019-03,,,,,19131020.0,3.0,171389.0,103.0,19332.171893147504,2019-03-02,,
46,46,2019-03,,,,,19131020.0,3.0,171389.0,103.0,19332.171893147504,2019-03-03,,
38,38,2019-03,,,,,19131020.0,3.0,171389.0,103.0,19332.171893147504,2019-03-04,,
44,43,2019-03,,,,,19131020.0,3.0,171389.0,103.0,19332.171893147504,2019-03-05,,
38,38,2019-03,,,,,19131020.0,3.0,171389.0,103.0,19332.171893147504,2019-03-06,,
29,29,2019-03,,,,,19131020.0,3.0,171389.0,103.0,19332.171893147504,2019-03-07,,
48,48,2019-03,,,,,19131020.0,3.0,171389.0,103.0,19332.171893147504,2019-03-08,,
48,48,2019-03,,,,,19131020.0,3.0,171389.0,103.0,19332.171893147504,2019-03-09,,
47,47,2019-03,,,,,19131020.0,3.0,171389.0,103.0,19332.171893147504,2019-03-10,,
42,42,2019-03,,,,,19131020.0,3.0,171389.0,103.0,19332.171893147504,2019-03-11,,
36,36,2019-03,,,,,19131020.0,3.0,171389.0,103.0,19332.171893147504,2019-03-12,,
40,40,2019-03,,,,,19131020.0,3.0,171389.0,103.0,19332.171893147504,2019-03-13,,
40,40,2019-03,,,,,19131020.0,3.0,171389.0,103.0,19332.171893147504,2019-03-14,,
38,38,2019-03,,,,,19131020.0,3.0,171389.0,103.0,19332.171893147504,2019-03-15,,
41,41,2019-03,,,,,19131020.0,3.0,171389.0,103.0,19332.171893147504,2019-03-16,,
55,55,2019-03,,,,,19131020.0,3.0,171389.0,103.0,19332.171893147504,2019-03-17,,
50,50,2019-03,,,,,19131020.0,3.0,171389.0,103.0,19332.171893147504,2019-03-18,,
33,32,2019-03,,,,,19131020.0,3.0,171389.0,103.0,19332.171893147504,2019-03-19,,
36,36,2019-03,,,,,19131020.0,3.0,171389.0,103.0,19332.171893147504,2019-03-20,,
40,40,2019-03,,,,,19131020.0,3.0,171389.0,103.0,19332.171893147504,2019-03-21,,
48,48,2019-03,,,,,19131020.0,3.0,171389.0,103.0,19332.171893147504,2019-03-22,,
41,41,2019-03,,,,,19131020.0,3.0,171389.0,103.0,19332.171893147504,2019-03-23,,
48,48,2019-03,,,,,19131020.0,3.0,171389.0,103.0,19332.171893147504,2019-03-24,,
38,38,2019-03,,,,,19131020.0,3.0,171389.0,103.0,19332.171893147504,2019-03-25,,
39,39,2019-03,,,,,19131020.0,3.0,171389.0,103.0,19332.171893147504,2019-03-26,,
35,35,2019-03,,,,,19131020.0,3.0,171389.0,103.0,19332.171893147504,2019-03-27,,
39,39,2019-03,,,,,19131020.0,3.0,171389.0,103.0,19332.171893147504,2019-03-28,,
35,35,2019-03,,,,,19131020.0,3.0,171389.0,103.0,19332.171893147504,2019-03-29,,
48,48,2019-03,,,,,19131020.0,3.0,171389.0,103.0,19332.171893147504,2019-03-30,,
55,55,2019-03,,,,,19131020.0,3.0,171389.0,103.0,19332.171893147504,2019-03-31,,
40,40,2019-04,,,,,19703161.0,3.0,164879.0,102.0,19260.560093348893,2019-04-01,,
27,27,2019-04,,,,,19703161.0,3.0,164879.0,102.0,19260.560093348893,2019-04-02,,
39,39,2019-04,,,,,19703161.0,3.0,164879.0,102.0,19260.560093348893,2019-04-03,,
48,47,2019-04,,,,,19703161.0,3.0,164879.0,102.0,19260.560093348893,2019-04-04,,
38,38,2019-04,,,,,19703161.0,3.0,164879.0,102.0,19260.560093348893,2019-04-05,,
48,48,2019-04,,,,,19703161.0,3.0,164879.0,102.0,19260.560093348893,2019-04-06,,
49,49,2019-04,,,,,19703161.0,3.0,164879.0,102.0,19260.560093348893,2019-04-07,,
39,39,2019-04,,,,,19703161.0,3.0,164879.0,102.0,19260.560093348893,2019-04-08,,
43,43,2019-04,,,,,19703161.0,3.0,164879.0,102.0,19260.560093348893,2019-04-09,,
37,36,2019-04,,,,,19703161.0,3.0,164879.0,102.0,19260.560093348893,2019-04-10,,
47,47,2019-04,,,,,19703161.0,3.0,164879.0,102.0,19260.560093348893,2019-04-11,,
46,46,2019-04,,,,,19703161.0,3.0,164879.0,102.0,19260.560093348893,2019-04-12,,
53,53,2019-04,,,,,19703161.0,3.0,164879.0,102.0,19260.560093348893,2019-04-13,,
65,65,2019-04,,,,,19703161.0,3.0,164879.0,102.0,19260.560093348893,2019-04-14,,
43,43,2019-04,,,,,19703161.0,3.0,164879.0,102.0,19260.560093348893,2019-04-15,,
39,39,2019-04,,,,,19703161.0,3.0,164879.0,102.0,19260.560093348893,2019-04-16,,
49,49,2019-04,,,,,19703161.0,3.0,164879.0,102.0,19260.560093348893,2019-04-17,,
43,43,2019-04,,,,,19703161.0,3.0,164879.0,102.0,19260.560093348893,2019-04-18,,
27,27,2019-04,,,,,19703161.0,3.0,164879.0,102.0,19260.560093348893,2019-04-19,,
38,38,2019-04,,,,,19703161.0,3.0,164879.0,102.0,19260.560093348893,2019-04-20,,
52,52,2019-04,,,,,19703161.0,3.0,164879.0,102.0,19260.560093348893,2019-04-21,,
43,43,2019-04,,,,,19703161.0,3.0,164879.0,102.0,19260.560093348893,2019-04-22,,
41,41,2019-04,,,,,19703161.0,3.0,164879.0,102.0,19260.560093348893,2019-04-23,,
28,28,2019-04,,,,,19703161.0,3.0,164879.0,102.0,19260.560093348893,2019-04-24,,
34,34,2019-04,,,,,19703161.0,3.0,164879.0,102.0,19260.560093348893,2019-04-25,,
45,45,2019-04,,,,,19703161.0,3.0,164879.0,102.0,19260.560093348893,2019-04-26,,
44,44,2019-04,,,,,19703161.0,3.0,164879.0,102.0,19260.560093348893,2019-04-27,,
56,56,2019-04,,,,,19703161.0,3.0,164879.0,102.0,19260.560093348893,2019-04-28,,
43,43,2019-04,,,,,19703161.0,3.0,164879.0,102.0,19260.560093348893,2019-04-29,,
35,35,2019-04,,,,,19703161.0,3.0,164879.0,102.0,19260.560093348893,2019-04-30,,
39,39,2019-05,,,,,18449206.0,0.0,176222.0,103.0,19401.27314814815,2019-05-01,,
43,43,2019-05,,,,,18449206.0,0.0,176222.0,103.0,19401.27314814815,2019-05-02,,
42,42,2019-05,,,,,18449206.0,0.0,176222.0,103.0,19401.27314814815,2019-05-03,,
40,40,2019-05,,,,,18449206.0,0.0,176222.0,103.0,19401.27314814815,2019-05-04,,
46,46,2019-05,,,,,18449206.0,0.0,176222.0,103.0,19401.27314814815,2019-05-05,,
35,35,2019-05,,,,,18449206.0,0.0,176222.0,103.0,19401.27314814815,2019-05-06,,
29,29,2019-05,,,,,18449206.0,0.0,176222.0,103.0,19401.27314814815,2019-05-07,,
48,48,2019-05,,,,,18449206.0,0.0,176222.0,103.0,19401.27314814815,2019-05-08,,
37,37,2019-05,,,,,18449206.0,0.0,176222.0,103.0,19401.27314814815,2019-05-09,,
35,35,2019-05,,,,,18449206.0,0.0,176222.0,103.0,19401.27314814815,2019-05-10,,
40,40,2019-05,,,,,18449206.0,0.0,176222.0,103.0,19401.27314814815,2019-05-11,,
51,50,2019-05,,,,,18449206.0,0.0,176222.0,103.0,19401.27314814815,2019-05-12,,
42,42,2019-05,,,,,18449206.0,0.0,176222.0,103.0,19401.27314814815,2019-05-13,,
30,30,2019-05,,,,,18449206.0,0.0,176222.0,103.0,19401.27314814815,2019-05-14,,
47,47,2019-05,,,,,18449206.0,0.0,176222.0,103.0,19401.27314814815,2019-05-15,,
41,41,2019-05,,,,,18449206.0,0.0,176222.0,103.0,19401.27314814815,2019-05-16,,
38,38,2019-05,,,,,18449206.0,0.0,176222.0,103.0,19401.27314814815,2019-05-17,,
47,47,2019-05,,,,,18449206.0,0.0,176222.0,103.0,19401.27314814815,2019-05-18,,
46,46,2019-05,,,,,18449206.0,0.0,176222.0,103.0,19401.27314814815,2019-05-19,,
40,40,2019-05,,,,,18449206.0,0.0,176222.0,103.0,19401.27314814815,2019-05-20,,
30,30,2019-05,,,,,18449206.0,0.0,176222.0,103.0,19401.27314814815,2019-05-21,,
33,33,2019-05,,,,,18449206.0,0.0,176222.0,103.0,19401.27314814815,2019-05-22,,
37,37,2019-05,,,,,18449206.0,0.0,176222.0,103.0,19401.27314814815,2019-05-23,,
43,43,2019-05,,,,,18449206.0,0.0,176222.0,103.0,19401.27314814815,2019-05-24,,
42,42,2019-05,,,,,18449206.0,0.0,176222.0,103.0,19401.27314814815,2019-05-25,,
46,46,2019-05,,,,,18449206.0,0.0,176222.0,103.0,19401.27314814815,2019-05-26,,
46,46,2019-05,,,,,18449206.0,0.0,176222.0,103.0,19401.27314814815,2019-05-27,,
35,35,2019-05,,,,,18449206.0,0.0,176222.0,103.0,19401.27314814815,2019-05-28,,
38,38,2019-05,,,,,18449206.0,0.0,176222.0,103.0,19401.27314814815,2019-05-29,,
27,27,2019-05,,,,,18449206.0,0.0,176222.0,103.0,19401.27314814815,2019-05-30,,
46,46,2019-05,,,,,18449206.0,0.0,176222.0,103.0,19401.27314814815,2019-05-31,,
45,45,2019-06,,,,,19455810.0,4.0,160887.0,103.0,18969.2817679558,2019-06-01,,
56,55,2019-06,,,,,19455810.0,4.0,160887.0,103.0,18969.2817679558,2019-06-02,,
39,39,2019-06,,,,,19455810.0,4.0,160887.0,103.0,18969.2817679558,2019-06-03,,
28,28,2019-06,,,,,19455810.0,4.0,160887.0,103.0,18969.2817679558,2019-06-04,,
45,45,2019-06,,,,,19455810.0,4.0,160887.0,103.0,18969.2817679558,2019-06-05,,
33,33,2019-06,,,,,19455810.0,4.0,160887.0,103.0,18969.2817679558,2019-06-06,,
43,43,2019-06,,,,,19455810.0,4.0,160887.0,103.0,18969.2817679558,2019-06-07,,
45,45,2019-06,,,,,19455810.0,4.0,160887.0,103.0,18969.2817679558,2019-06-08,,
51,51,2019-06,,,,,19455810.0,4.0,160887.0,103.0,18969.2817679558,2019-06-09,,
41,41,2019-06,,,,,19455810.0,4.0,160887.0,103.0,18969.2817679558,2019-06-10,,
44,44,2019-06,,,,,19455810.0,4.0,160887.0,103.0,18969.2817679558,2019-06-11,,
46,46,2019-06,,,,,19455810.0,4.0,160887.0,103.0,18969.2817679558,2019-06-12,,
34,34,2019-06,,,,,19455810.0,4.0,160887.0,103.0,18969.2817679558,2019-06-13,,
41,41,2019-06,,,,,19455810.0,4.0,160887.0,103.0,18969.2817679558,2019-06-14,,
47,47,2019-06,,,,,19455810.0,4.0,160887.0,103.0,18969.2817679558,2019-06-15,,
52,52,2019-06,,,,,19455810.0,4.0,160887.0,103.0,18969.2817679558,2019-06-16,,
44,44,2019-06,,,,,19455810.0,4.0,160887.0,103.0,18969.2817679558,2019-06-17,,
39,39,2019-06,,,,,19455810.0,4.0,160887.0,103.0,18969.2817679558,2019-06-18,,
40,40,2019-06,,,,,19455810.0,4.0,160887.0,103.0,18969.2817679558,2019-06-19,,
36,36,2019-06,,,,,19455810.0,4.0,160887.0,103.0,18969.2817679558,2019-06-20,,
41,41,2019-06,,,,,19455810.0,4.0,160887.0,103.0,18969.2817679558,2019-06-21,,
49,49,2019-06,,,,,19455810.0,4.0,160887.0,103.0,18969.2817679558,2019-06-22,,
48,48,2019-06,,,,,19455810.0,4.0,160887.0,103.0,18969.2817679558,2019-06-23,,
40,40,2019-06,,,,,19455810.0,4.0,160887.0,103.0,18969.2817679558,2019-06-24,,
32,32,2019-06,,,,,19455810.0,4.0,160887.0,103.0,18969.2817679558,2019-06-25,,
36,36,2019-06,,,,,19455810.0,4.0,160887.0,103.0,18969.2817679558,2019-06-26,,
38,38,2019-06,,,,,19455810.0,4.0,160887.0,103.0,18969.2817679558,2019-06-27,,
40,40,2019-06,,,,,19455810.0,4.0,160887.0,103.0,18969.2817679558,2019-06-28,,
53,53,2019-06,,,,,19455810.0,4.0,160887.0,103.0,18969.2817679558,2019-06-29,,
63,62,2019-06,,,,,19455810.0,4.0,160887.0,103.0,18969.2817679558,2019-06-30,,
56,56,2019-07,,,,,19708493.0,1.0,167893.0,104.0,18891.450216450216,2019-07-01,,
47,47,2019-07,,,,,19708493.0,1.0,167893.0,104.0,18891.450216450216,2019-07-02,,
42,42,2019-07,,,,,19708493.0,1.0,167893.0,104.0,18891.450216450216,2019-07-03,,
35,35,2019-07,,,,,19708493.0,1.0,167893.0,104.0,18891.450216450216,2019-07-04,,
38,38,2019-07,,,,,19708493.0,1.0,167893.0,104.0,18891.450216450216,2019-07-05,,
39,39,2019-07,,,,,19708493.0,1.0,167893.0,104.0,18891.450216450216,2019-07-06,,
38,38,2019-07,,,,,19708493.0,1.0,167893.0,104.0,18891.450216450216,2019-07-07,,
41,41,2019-07,,,,,19708493.0,1.0,167893.0,104.0,18891.450216450216,2019-07-08,,
45,45,2019-07,,,,,19708493.0,1.0,167893.0,104.0,18891.450216450216,2019-07-09,,
37,37,2019-07,,,,,19708493.0,1.0,167893.0,104.0,18891.450216450216,2019-07-10,,
51,51,2019-07,,,,,19708493.0,1.0,167893.0,104.0,18891.450216450216,2019-07-11,,
44,44,2019-07,,,,,19708493.0,1.0,167893.0,104.0,18891.450216450216,2019-07-12,,
49,49,2019-07,,,,,19708493.0,1.0,167893.0,104.0,18891.450216450216,2019-07-13,,
52,52,2019-07,,,,,19708493.0,1.0,167893.0,104.0,18891.450216450216,2019-07-14,,
48,48,2019-07,,,,,19708493.0,1.0,167893.0,104.0,18891.450216450216,2019-07-15,,
51,51,2019-07,,,,,19708493.0,1.0,167893.0,104.0,18891.450216450216,2019-07-16,,
40,40,2019-07,,,,,19708493.0,1.0,167893.0,104.0,18891.450216450216,2019-07-17,,
38,38,2019-07,,,,,19708493.0,1.0,167893.0,104.0,18891.450216450216,2019-07-18,,
35,35,2019-07,,,,,19708493.0,1.0,167893.0,104.0,18891.450216450216,2019-07-19,,
50,50,2019-07,,,,,19708493.0,1.0,167893.0,104.0,18891.450216450216,2019-07-20,,
51,51,2019-07,,,,,19708493.0,1.0,167893.0,104.0,18891.450216450216,2019-07-21,,
51,51,2019-07,,,,,19708493.0,1.0,167893.0,104.0,18891.450216450216,2019-07-22,,
35,35,2019-07,,,,,19708493.0,1.0,167893.0,104.0,18891.450216450216,2019-07-23,,
34,34,2019-07,,,,,19708493.0,1.0,167893.0,104.0,18891.450216450216,2019-07-24,,
43,43,2019-07,,,,,19708493.0,1.0,167893.0,104.0,18891.450216450216,2019-07-25,,
41,41,2019-07,,,,,19708493.0,1.0,167893.0,104.0,18891.450216450216,2019-07-26,,
45,45,2019-07,,,,,19708493.0,1.0,167893.0,104.0,18891.450216450216,2019-07-27,,
46,46,2019-07,,,,,19708493.0,1.0,167893.0,104.0,18891.450216450216,2019-07-28,,
48,48,2019-07,,,,,19708493.0,1.0,167893.0,104.0,18891.450216450216,2019-07-29,,
30,30,2019-07,,,,,19708493.0,1.0,167893.0,104.0,18891.450216450216,2019-07-30,,
40,40,2019-07,,,,,19708493.0,1.0,167893.0,104.0,18891.450216450216,2019-07-31,,
42,42,2019-08,,,,,19631947.0,5.0,167748.0,104.0,18888.64864864865,2019-08-01,,
37,37,2019-08,,,,,19631947.0,5.0,167748.0,104.0,18888.64864864865,2019-08-02,,
47,47,2019-08,,,,,19631947.0,5.0,167748.0,104.0,18888.64864864865,2019-08-03,,
61,61,2019-08,,,,,19631947.0,5.0,167748.0,104.0,18888.64864864865,2019-08-04,,
41,40,2019-08,,,,,19631947.0,5.0,167748.0,104.0,18888.64864864865,2019-08-05,,
45,45,2019-08,,,,,19631947.0,5.0,167748.0,104.0,18888.64864864865,2019-08-06,,
31,31,2019-08,,,,,19631947.0,5.0,167748.0,104.0,18888.64864864865,2019-08-07,,
43,43,2019-08,,,,,19631947.0,5.0,167748.0,104.0,18888.64864864865,2019-08-08,,
47,47,2019-08,,,,,19631947.0,5.0,167748.0,104.0,18888.64864864865,2019-08-09,,
51,51,2019-08,,,,,19631947.0,5.0,167748.0,104.0,18888.64864864865,2019-08-10,,
48,48,2019-08,,,,,19631947.0,5.0,167748.0,104.0,18888.64864864865,2019-08-11,,
48,48,2019-08,,,,,19631947.0,5.0,167748.0,104.0,18888.64864864865,2019-08-12,,
41,41,2019-08,,,,,19631947.0,5.0,167748.0,104.0,18888.64864864865,2019-08-13,,
39,39,2019-08,,,,,19631947.0,5.0,167748.0,104.0,18888.64864864865,2019-08-14,,
36,36,2019-08,,,,,19631947.0,5.0,167748.0,104.0,18888.64864864865,2019-08-15,,
49,49,2019-08,,,,,19631947.0,5.0,167748.0,104.0,18888.64864864865,2019-08-16,,
43,43,2019-08,,,,,19631947.0,5.0,167748.0,104.0,18888.64864864865,2019-08-17,,
57,57,2019-08,,,,,19631947.0,5.0,167748.0,104.0,18888.64864864865,2019-08-18,,
53,53,2019-08,,,,,19631947.0,5.0,167748.0,104.0,18888.64864864865,2019-08-19,,
46,46,2019-08,,,,,19631947.0,5.0,167748.0,104.0,18888.64864864865,2019-08-20,,
36,36,2019-08,,,,,19631947.0,5.0,167748.0,104.0,18888.64864864865,2019-08-21,,
43,43,2019-08,,,,,19631947.0,5.0,167748.0,104.0,18888.64864864865,2019-08-22,,
41,41,2019-08,,,,,19631947.0,5.0,167748.0,104.0,18888.64864864865,2019-08-23,,
46,46,2019-08,,,,,19631947.0,5.0,167748.0,104.0,18888.64864864865,2019-08-24,,
46,46,2019-08,,,,,19631947.0,5.0,167748.0,104.0,18888.64864864865,2019-08-25,,
48,48,2019-08,,,,,19631947.0,5.0,167748.0,104.0,18888.64864864865,2019-08-26,,
36,36,2019-08,,,,,19631947.0,5.0,167748.0,104.0,18888.64864864865,2019-08-27,,
37,37,2019-08,,,,,19631947.0,5.0,167748.0,104.0,18888.64864864865,2019-08-28,,
41,41,2019-08,,,,,19631947.0,5.0,167748.0,104.0,18888.64864864865,2019-08-29,,
45,45,2019-08,,,,,19631947.0,5.0,167748.0,104.0,18888.64864864865,2019-08-30,,
54,54,2019-08,,,,,19631947.0,5.0,167748.0,104.0,18888.64864864865,2019-08-31,,
66,66,2019-09,,,,,18097415.0,3.0,163896.0,104.0,19239.86928104575,2019-09-01,,
45,45,2019-09,,,,,18097415.0,3.0,163896.0,104.0,19239.86928104575,2019-09-02,,
35,35,2019-09,,,,,18097415.0,3.0,163896.0,104.0,19239.86928104575,2019-09-03,,
46,46,2019-09,,,,,18097415.0,3.0,163896.0,104.0,19239.86928104575,2019-09-04,,
38,38,2019-09,,,,,18097415.0,3.0,163896.0,104.0,19239.86928104575,2019-09-05,,
41,41,2019-09,,,,,18097415.0,3.0,163896.0,104.0,19239.86928104575,2019-09-06,,
53,53,2019-09,,,,,18097415.0,3.0,163896.0,104.0,19239.86928104575,2019-09-07,,
48,48,2019-09,,,,,18097415.0,3.0,163896.0,104.0,19239.86928104575,2019-09-08,,
46,46,2019-09,,,,,18097415.0,3.0,163896.0,104.0,19239.86928104575,2019-09-09,,
29,29,2019-09,,,,,18097415.0,3.0,163896.0,104.0,19239.86928104575,2019-09-10,,
40,40,2019-09,,,,,18097415.0,3.0,163896.0,104.0,19239.86928104575,2019-09-11,,
39,39,2019-09,,,,,18097415.0,3.0,163896.0,104.0,19239.86928104575,2019-09-12,,
42,42,2019-09,,,,,18097415.0,3.0,163896.0,104.0,19239.86928104575,2019-09-13,,
52,51,2019-09,,,,,18097415.0,3.0,163896.0,104.0,19239.86928104575,2019-09-14,,
62,62,2019-09,,,,,18097415.0,3.0,163896.0,104.0,19239.86928104575,2019-09-15,,
42,42,2019-09,,,,,18097415.0,3.0,163896.0,104.0,19239.86928104575,2019-09-16,,
47,47,2019-09,,,,,18097415.0,3.0,163896.0,104.0,19239.86928104575,2019-09-17,,
38,38,2019-09,,,,,18097415.0,3.0,163896.0,104.0,19239.86928104575,2019-09-18,,
37,37,2019-09,,,,,18097415.0,3.0,163896.0,104.0,19239.86928104575,2019-09-19,,
38,38,2019-09,,,,,18097415.0,3.0,163896.0,104.0,19239.86928104575,2019-09-20,,
37,37,2019-09,,,,,18097415.0,3.0,163896.0,104.0,19239.86928104575,2019-09-21,,
56,56,2019-09,,,,,18097415.0,3.0,163896.0,104.0,19239.86928104575,2019-09-22,,
36,36,2019-09,,,,,18097415.0,3.0,163896.0,104.0,19239.86928104575,2019-09-23,,
28,28,2019-09,,,,,18097415.0,3.0,163896.0,104.0,19239.86928104575,2019-09-24,,
35,35,2019-09,,,,,18097415.0,3.0,163896.0,104.0,19239.86928104575,2019-09-25,,
33,33,2019-09,,,,,18097415.0,3.0,163896.0,104.0,19239.86928104575,2019-09-26,,
32,32,2019-09,,,,,18097415.0,3.0,163896.0,104.0,19239.86928104575,2019-09-27,,
54,54,2019-09,,,,,18097415.0,3.0,163896.0,104.0,19239.86928104575,2019-09-28,,
48,47,2019-09,,,,,18097415.0,3.0,163896.0,104.0,19239.86928104575,2019-09-29,,
50,50,2019-09,,,,,18097415.0,3.0,163896.0,104.0,19239.86928104575,2019-09-30,,
39,39,2019-10,,,,,19817811.0,5.0,176549.0,104.0,19058.58695652174,2019-10-01,,
31,31,2019-10,,,,,19817811.0,5.0,176549.0,104.0,19058.58695652174,2019-10-02,,
45,45,2019-10,,,,,19817811.0,5.0,176549.0,104.0,19058.58695652174,2019-10-03,,
36,36,2019-10,,,,,19817811.0,5.0,176549.0,104.0,19058.58695652174,2019-10-04,,
51,51,2019-10,,,,,19817811.0,5.0,176549.0,104.0,19058.58695652174,2019-10-05,,
50,50,2019-10,,,,,19817811.0,5.0,176549.0,104.0,19058.58695652174,2019-10-06,,
38,38,2019-10,,,,,19817811.0,5.0,176549.0,104.0,19058.58695652174,2019-10-07,,
38,38,2019-10,,,,,19817811.0,5.0,176549.0,104.0,19058.58695652174,2019-10-08,,
33,33,2019-10,,,,,19817811.0,5.0,176549.0,104.0,19058.58695652174,2019-10-09,,
40,40,2019-10,,,,,19817811.0,5.0,176549.0,104.0,19058.58695652174,2019-10-10,,
36,36,2019-10,,,,,19817811.0,5.0,176549.0,104.0,19058.58695652174,2019-10-11,,
51,51,2019-10,,,,,19817811.0,5.0,176549.0,104.0,19058.58695652174,2019-10-12,,
48,48,2019-10,,,,,19817811.0,5.0,176549.0,104.0,19058.58695652174,2019-10-13,,
45,45,2019-10,,,,,19817811.0,5.0,176549.0,104.0,19058.58695652174,2019-10-14,,
44,44,2019-10,,,,,19817811.0,5.0,176549.0,104.0,19058.58695652174,2019-10-15,,
38,38,2019-10,,,,,19817811.0,5.0,176549.0,104.0,19058.58695652174,2019-10-16,,
40,40,2019-10,,,,,19817811.0,5.0,176549.0,104.0,19058.58695652174,2019-10-17,,
42,42,2019-10,,,,,19817811.0,5.0,176549.0,104.0,19058.58695652174,2019-10-18,,
57,57,2019-10,,,,,19817811.0,5.0,176549.0,104.0,19058.58695652174,2019-10-19,,
61,61,2019-10,,,,,19817811.0,5.0,176549.0,104.0,19058.58695652174,2019-10-20,,
35,35,2019-10,,,,,19817811.0,5.0,176549.0,104.0,19058.58695652174,2019-10-21,,
39,39,2019-10,,,,,19817811.0,5.0,176549.0,104.0,19058.58695652174,2019-10-22,,
30,30,2019-10,,,,,19817811.0,5.0,176549.0,104.0,19058.58695652174,2019-10-23,,
41,41,2019-10,,,,,19817811.0,5.0,176549.0,104.0,19058.58695652174,2019-10-24,,
42,42,2019-10,,,,,19817811.0,5.0,176549.0,104.0,19058.58695652174,2019-10-25,,
47,47,2019-10,,,,,19817811.0,5.0,176549.0,104.0,19058.58695652174,2019-10-26,,
53,52,2019-10,,,,,19817811.0,5.0,176549.0,104.0,19058.58695652174,2019-10-27,,
38,38,2019-10,,,,,19817811.0,5.0,176549.0,104.0,19058.58695652174,2019-10-28,,
42,41,2019-10,,,,,19817811.0,5.0,176549.0,104.0,19058.58695652174,2019-10-29,,
38,38,2019-10,,,,,19817811.0,5.0,176549.0,104.0,19058.58695652174,2019-10-30,,
40,40,2019-10,,,,,19817811.0,5.0,176549.0,104.0,19058.58695652174,2019-10-31,,
46,46,2019-11,,,,,19017272.0,25.0,263755.0,103.0,19052.412280701756,2019-11-01,,
54,54,2019-11,,,,,19017272.0,25.0,263755.0,103.0,19052.412280701756,2019-11-02,,
45,45,2019-11,,,,,19017272.0,25.0,263755.0,103.0,19052.412280701756,2019-11-03,,
43,43,2019-11,,,,,19017272.0,25.0,263755.0,103.0,19052.412280701756,2019-11-04,,
37,37,2019-11,,,,,19017272.0,25.0,263755.0,103.0,19052.412280701756,2019-11-05,,
33,33,2019-11,,,,,19017272.0,25.0,263755.0,103.0,19052.412280701756,2019-11-06,,
31,31,2019-11,,,,,19017272.0,25.0,263755.0,103.0,19052.412280701756,2019-11-07,,
41,41,2019-11,,,,,19017272.0,25.0,263755.0,103.0,19052.412280701756,2019-11-08,,
51,51,2019-11,,,,,19017272.0,25.0,263755.0,103.0,19052.412280701756,2019-11-09,,
57,57,2019-11,,,,,19017272.0,25.0,263755.0,103.0,19052.412280701756,2019-11-10,,
42,42,2019-11,,,,,19017272.0,25.0,263755.0,103.0,19052.412280701756,2019-11-11,,
27,27,2019-11,,,,,19017272.0,25.0,263755.0,103.0,19052.412280701756,2019-11-12,,
32,32,2019-11,,,,,19017272.0,25.0,263755.0,103.0,19052.412280701756,2019-11-13,,
33,33,2019-11,,,,,19017272.0,25.0,263755.0,103.0,19052.412280701756,2019-11-14,,
38,38,2019-11,,,,,19017272.0,25.0,263755.0,103.0,19052.412280701756,2019-11-15,,
46,46,2019-11,,,,,19017272.0,25.0,263755.0,103.0,19052.412280701756,2019-11-16,,
49,49,2019-11,,,,,19017272.0,25.0,263755.0,103.0,19052.412280701756,2019-11-17,,
40,40,2019-11,,,,,19017272.0,25.0,263755.0,103.0,19052.412280701756,2019-11-18,,
28,28,2019-11,,,,,19017272.0,25.0,263755.0,103.0,19052.412280701756,2019-11-19,,
35,35,2019-11,,,,,19017272.0,25.0,263755.0,103.0,19052.412280701756,2019-11-20,,
29,29,2019-11,,,,,19017272.0,25.0,263755.0,103.0,19052.412280701756,2019-11-21,,
40,40,2019-11,,,,,19017272.0,25.0,263755.0,103.0,19052.412280701756,2019-11-22,,
46,46,2019-11,,,,,19017272.0,25.0,263755.0,103.0,19052.412280701756,2019-11-23,,
49,49,2019-11,,,,,19017272.0,25.0,263755.0,103.0,19052.412280701756,2019-11-24,,
35,35,2019-11,,,,,19017272.0,25.0,263755.0,103.0,19052.412280701756,2019-11-25,,
41,41,2019-11,,,,,19017272.0,25.0,263755.0,103.0,19052.412280701756,2019-11-26,,
32,32,2019-11,,,,,19017272.0,25.0,263755.0,103.0,19052.412280701756,2019-11-27,,
39,39,2019-11,,,,,19017272.0,25.0,263755.0,103.0,19052.412280701756,2019-11-28,,
40,40,2019-11,,,,,19017272.0,25.0,263755.0,103.0,19052.412280701756,2019-11-29,,
49,49,2019-11,,,,,19017272.0,25.0,263755.0,103.0,19052.412280701756,2019-11-30,,
51,51,2019-12,,,,,23218760.0,35.0,167206.0,103.0,19088.92580287929,2019-12-01,,
43,43,2019-12,,,,,23218760.0,35.0,167206.0,103.0,19088.92580287929,2019-12-02,,
42,42,2019-12,,,,,23218760.0,35.0,167206.0,103.0,19088.92580287929,2019-12-03,,
35,35,2019-12,,,,,23218760.0,35.0,167206.0,103.0,19088.92580287929,2019-12-04,,
35,35,2019-12,,,,,23218760.0,35.0,167206.0,103.0,19088.92580287929,2019-12-05,,
43,43,2019-12,,,,,23218760.0,35.0,167206.0,103.0,19088.92580287929,2019-12-06,,
50,50,2019-12,,,,,23218760.0,35.0,167206.0,103.0,19088.92580287929,2019-12-07,,
60,60,2019-12,,,,,23218760.0,35.0,167206.0,103.0,19088.92580287929,2019-12-08,,
49,49,2019-12,,,,,23218760.0,35.0,167206.0,103.0,19088.92580287929,2019-12-09,,
29,29,2019-12,,,,,23218760.0,35.0,167206.0,103.0,19088.92580287929,2019-12-10,,
38,38,2019-12,,,,,23218760.0,35.0,167206.0,103.0,19088.92580287929,2019-12-11,,
32,32,2019-12,,,,,23218760.0,35.0,167206.0,103.0,19088.92580287929,2019-12-12,,
38,38,2019-12,,,,,23218760.0,35.0,167206.0,103.0,19088.92580287929,2019-12-13,,
55,55,2019-12,,,,,23218760.0,35.0,167206.0,103.0,19088.92580287929,2019-12-14,,
49,49,2019-12,,,,,23218760.0,35.0,167206.0,103.0,19088.92580287929,2019-12-15,,
51,51,2019-12,,,,,23218760.0,35.0,167206.0,103.0,19088.92580287929,2019-12-16,,
43,43,2019-12,,,,,23218760.0,35.0,167206.0,103.0,19088.92580287929,2019-12-17,,
36,36,2019-12,,,,,23218760.0,35.0,167206.0,103.0,19088.92580287929,2019-12-18,,
36,36,2019-12,,,,,23218760.0,35.0,167206.0,103.0,19088.92580287929,2019-12-19,,
38,38,2019-12,,,,,23218760.0,35.0,167206.0,103.0,19088.92580287929,2019-12-20,,
57,57,2019-12,,,,,23218760.0,35.0,167206.0,103.0,19088.92580287929,2019-12-21,,
56,56,2019-12,,,,,23218760.0,35.0,167206.0,103.0,19088.92580287929,2019-12-22,,
46,46,2019-12,,,,,23218760.0,35.0,167206.0,103.0,19088.92580287929,2019-12-23,,
47,47,2019-12,,,,,23218760.0,35.0,167206.0,103.0,19088.92580287929,2019-12-24,,
44,44,2019-12,,,,,23218760.0,35.0,167206.0,103.0,19088.92580287929,2019-12-25,,
42,42,2019-12,,,,,23218760.0,35.0,167206.0,103.0,19088.92580287929,2019-12-26,,
37,37,2019-12,,,,,23218760.0,35.0,167206.0,103.0,19088.92580287929,2019-12-27,,
43,43,2019-12,,,,,23218760.0,35.0,167206.0,103.0,19088.92580287929,2019-12-28,,
36,36,2019-12,,,,,23218760.0,35.0,167206.0,103.0,19088.92580287929,2019-12-29,,
46,46,2019-12,,,,,23218760.0,35.0,167206.0,103.0,19088.92580287929,2019-12-30,,
56,56,2019-12,,,,,23218760.0,35.0,167206.0,103.0,19088.92580287929,2019-12-31,,
78,78,2020-01,989.0,394778.04,3.0280080889787664,153955.52275025277,22507283.0,46.0,162510.0,104.0,20308.426966292136,2020-01-01,Bajo,Media
41,41,2020-01,1074.0,386474.62,2.973277467411546,155409.9739292365,22507283.0,46.0,162510.0,104.0,20308.426966292136,2020-01-02,Bajo,Corta
54,54,2020-01,1095.0,430199.94,3.0949771689497716,154927.00365296804,22507283.0,46.0,162510.0,104.0,20308.426966292136,2020-01-03,Alto,Larga
52,52,2020-01,1103.0,396071.88,2.9613780598368087,157889.8023572076,22507283.0,46.0,162510.0,104.0,20308.426966292136,2020-01-04,Bajo,Corta
52,52,2020-01,1122.0,405669.71,3.0351158645276293,152733.0561497326,22507283.0,46.0,162510.0,104.0,20308.426966292136,2020-01-05,Medio,Media
56,56,2020-01,1151.0,441240.77,3.0443092962641183,157780.60729800173,22507283.0,46.0,162510.0,104.0,20308.426966292136,2020-01-06,Alto,Media
40,40,2020-01,1094.0,398151.58,3.03363802559415,150594.13162705666,22507283.0,46.0,162510.0,104.0,20308.426966292136,2020-01-07,Bajo,Media
40,40,2020-01,1019.0,394339.64,3.018449460255152,154412.5682041217,22507283.0,46.0,162510.0,104.0,20308.426966292136,2020-01-08,Bajo,Media
38,38,2020-01,1094.0,403579.01,2.9889396709323584,154487.37202925046,22507283.0,46.0,162510.0,104.0,20308.426966292136,2020-01-09,Medio,Corta
36,36,2020-01,1055.0,369875.58,3.0414218009478673,150047.68151658768,22507283.0,46.0,162510.0,104.0,20308.426966292136,2020-01-10,Bajo,Media
47,47,2020-01,1116.0,404674.36,3.01747311827957,152210.73566308245,22507283.0,46.0,162510.0,104.0,20308.426966292136,2020-01-11,Medio,Media
52,52,2020-01,1058.0,394212.83,3.111531190926276,154579.12192816637,22507283.0,46.0,162510.0,104.0,20308.426966292136,2020-01-12,Bajo,Larga
42,42,2020-01,1051.0,380051.21,2.9722169362511894,156456.38249286395,22507283.0,46.0,162510.0,104.0,20308.426966292136,2020-01-13,Bajo,Corta
35,35,2020-01,1031.0,396722.62,3.008438409311348,156916.13579049468,22507283.0,46.0,162510.0,104.0,20308.426966292136,2020-01-14,Bajo,Corta
37,37,2020-01,1088.0,409785.76,3.0476102941176473,156871.27481617648,22507283.0,46.0,162510.0,104.0,20308.426966292136,2020-01-15,Medio,Larga
35,35,2020-01,1049.0,408435.1,3.0356530028598665,158581.26596758817,22507283.0,46.0,162510.0,104.0,20308.426966292136,2020-01-16,Medio,Media
43,43,2020-01,1119.0,411163.77,3.036461126005362,155765.8418230563,22507283.0,46.0,162510.0,104.0,20308.426966292136,2020-01-17,Medio,Media
46,46,2020-01,1067.0,411834.97,2.938331771321462,154868.78819119025,22507283.0,46.0,162510.0,104.0,20308.426966292136,2020-01-18,Medio,Corta
54,54,2020-01,1117.0,410489.91,3.0343777976723367,155587.75559534467,22507283.0,46.0,162510.0,104.0,20308.426966292136,2020-01-19,Medio,Media
37,37,2020-01,1088.0,398131.69,3.0076286764705884,149087.31893382352,22507283.0,46.0,162510.0,104.0,20308.426966292136,2020-01-20,Bajo,Corta
38,38,2020-01,1075.0,420055.38,2.9831627906976745,154964.84372093022,22507283.0,46.0,162510.0,104.0,20308.426966292136,2020-01-21,Alto,Corta
33,33,2020-01,1138.0,432953.37,3.083743409490334,154864.46309314587,22507283.0,46.0,162510.0,104.0,20308.426966292136,2020-01-22,Alto,Larga
39,39,2020-01,1134.0,450991.85,3.0268077601410934,155998.32098765433,22507283.0,46.0,162510.0,104.0,20308.426966292136,2020-01-23,Alto,Media
46,46,2020-01,1041.0,411418.34,3.119308357348703,150975.97982708935,22507283.0,46.0,162510.0,104.0,20308.426966292136,2020-01-24,Medio,Larga
44,44,2020-01,1104.0,419535.57,3.0857789855072464,155306.72735507245,22507283.0,46.0,162510.0,104.0,20308.426966292136,2020-01-25,Alto,Larga
37,37,2020-01,1101.0,405661.63,2.9930971843778384,154705.74750227065,22507283.0,46.0,162510.0,104.0,20308.426966292136,2020-01-26,Medio,Corta
45,45,2020-01,1068.0,407652.23,3.030056179775281,154494.00187265917,22507283.0,46.0,162510.0,104.0,20308.426966292136,2020-01-27,Medio,Media
39,39,2020-01,1117.0,453676.27,3.0469113697403762,154679.70904207698,22507283.0,46.0,162510.0,104.0,20308.426966292136,2020-01-28,Alto,Larga
38,38,2020-01,1102.0,419975.4,3.0418330308529944,153936.20326678766,22507283.0,46.0,162510.0,104.0,20308.426966292136,2020-01-29,Alto,Media
39,39,2020-01,1068.0,410011.87,3.070505617977528,154172.20318352059,22507283.0,46.0,162510.0,104.0,20308.426966292136,2020-01-30,Medio,Larga
54,54,2020-01,1070.0,390137.13,3.107570093457944,156387.28691588785,22507283.0,46.0,162510.0,104.0,20308.426966292136,2020-01-31,Bajo,Larga
42,42,2020-02,1125.0,402682.05,2.9583999999999997,155092.1448888889,17655981.0,36.0,165851.0,104.0,20375.582685904552,2020-02-01,Medio,Corta
59,59,2020-02,1145.0,435392.52,3.065414847161572,153698.62358078602,17655981.0,36.0,165851.0,104.0,20375.582685904552,2020-02-02,Alto,Larga
50,49,2020-02,1136.0,404696.76,3.0843309859154933,153437.6584507042,17655981.0,36.0,165851.0,104.0,20375.582685904552,2020-02-03,Medio,Larga
35,35,2020-02,1105.0,409104.91,2.992488687782805,153929.3438914027,17655981.0,36.0,165851.0,104.0,20375.582685904552,2020-02-04,Medio,Corta
44,44,2020-02,1138.0,410319.4,3.1021089630931455,156151.45782073814,17655981.0,36.0,165851.0,104.0,20375.582685904552,2020-02-05,Medio,Larga
44,43,2020-02,1049.0,403160.61,3.01115347950429,158658.2745471878,17655981.0,36.0,165851.0,104.0,20375.582685904552,2020-02-06,Medio,Media
45,45,2020-02,1121.0,393546.71,3.1217662801070474,155487.43532560213,17655981.0,36.0,165851.0,104.0,20375.582685904552,2020-02-07,Bajo,Larga
48,48,2020-02,1028.0,374696.85,3.1155642023346304,153149.12548638132,17655981.0,36.0,165851.0,104.0,20375.582685904552,2020-02-08,Bajo,Larga
53,52,2020-02,1164.0,430598.99,3.1123711340206186,156313.014604811,17655981.0,36.0,165851.0,104.0,20375.582685904552,2020-02-09,Alto,Larga
45,45,2020-02,1145.0,433858.27,2.97117903930131,152144.71441048034,17655981.0,36.0,165851.0,104.0,20375.582685904552,2020-02-10,Alto,Corta
43,43,2020-02,1020.0,386286.82,3.0570588235294114,156992.16862745097,17655981.0,36.0,165851.0,104.0,20375.582685904552,2020-02-11,Bajo,Larga
44,44,2020-02,1118.0,394974.76,3.0724508050089447,161806.30322003577,17655981.0,36.0,165851.0,104.0,20375.582685904552,2020-02-12,Bajo,Larga
45,45,2020-02,1108.0,406870.26,3.04927797833935,153506.96480144403,17655981.0,36.0,165851.0,104.0,20375.582685904552,2020-02-13,Medio,Larga
46,46,2020-02,1135.0,438908.82,3.0545374449339207,155162.29691629956,17655981.0,36.0,165851.0,104.0,20375.582685904552,2020-02-14,Alto,Larga
46,46,2020-02,1119.0,393815.69,3.0692582663092045,154624.091152815,17655981.0,36.0,165851.0,104.0,20375.582685904552,2020-02-15,Bajo,Larga
34,34,2020-02,1047.0,372704.27,3.065329512893983,156374.89875835722,17655981.0,36.0,165851.0,104.0,20375.582685904552,2020-02-16,Bajo,Larga
37,37,2020-02,1092.0,405952.47,3.083791208791209,153628.34523809524,17655981.0,36.0,165851.0,104.0,20375.582685904552,2020-02-17,Medio,Larga
46,46,2020-02,1106.0,393374.42,2.9762206148282098,154855.1356238698,17655981.0,36.0,165851.0,104.0,20375.582685904552,2020-02-18,Bajo,Corta
40,40,2020-02,1064.0,407500.25,3.0142857142857142,158363.45394736843,17655981.0,36.0,165851.0,104.0,20375.582685904552,2020-02-19,Medio,Media
43,43,2020-02,1123.0,403975.64,3.0058771148708816,157326.10596616205,17655981.0,36.0,165851.0,104.0,20375.582685904552,2020-02-20,Medio,Corta
45,45,2020-02,1076.0,402712.34,3.026115241635688,152001.68401486988,17655981.0,36.0,165851.0,104.0,20375.582685904552,2020-02-21,Medio,Media
51,51,2020-02,1029.0,368196.54,3.0359572400388726,153908.7628765792,17655981.0,36.0,165851.0,104.0,20375.582685904552,2020-02-22,Bajo,Media
58,58,2020-02,1110.0,413286.39,3.0207207207207207,152086.84414414415,17655981.0,36.0,165851.0,104.0,20375.582685904552,2020-02-23,Medio,Media
48,47,2020-02,1035.0,401391.67,2.9635748792270533,152583.42512077294,17655981.0,36.0,165851.0,104.0,20375.582685904552,2020-02-24,Bajo,Corta
48,48,2020-02,1146.0,428575.04,2.9853403141361254,154284.15619546248,17655981.0,36.0,165851.0,104.0,20375.582685904552,2020-02-25,Alto,Corta
40,40,2020-02,1070.0,396230.26,2.923177570093458,158367.58971962618,17655981.0,36.0,165851.0,104.0,20375.582685904552,2020-02-26,Bajo,Corta
49,49,2020-02,1068.0,400572.95,2.9679775280898877,157517.33052434458,17655981.0,36.0,165851.0,104.0,20375.582685904552,2020-02-27,Bajo,Corta
49,49,2020-02,1065.0,398633.19,3.1052582159624413,155244.16995305163,17655981.0,36.0,165851.0,104.0,20375.582685904552,2020-02-28,Bajo,Larga
59,59,2020-02,1119.0,429962.11,3.055049151027703,152666.4218051832,17655981.0,36.0,165851.0,104.0,20375.582685904552,2020-02-29,Alto,Larga
74,74,2020-03,1097.0,421128.67,3.021330902461258,153803.25250683684,13284620.0,39.0,143213.0,104.0,2436.2126245847176,2020-03-01,Alto,Media
56,56,2020-03,1149.0,415935.47,3.047519582245431,150085.32027850306,13284620.0,39.0,143213.0,104.0,2436.2126245847176,2020-03-02,Medio,Larga
50,50,2020-03,1094.0,415337.26,3.0588665447897623,157238.49725776966,13284620.0,39.0,143213.0,104.0,2436.2126245847176,2020-03-03,Medio,Larga
47,47,2020-03,1090.0,406242.68,3.020825688073394,157110.61192660552,13284620.0,39.0,143213.0,104.0,2436.2126245847176,2020-03-04,Medio,Media
54,54,2020-03,1110.0,405210.78,3.071351351351351,152064.28198198197,13284620.0,39.0,143213.0,104.0,2436.2126245847176,2020-03-05,Medio,Larga
47,47,2020-03,1090.0,397067.3,2.986788990825688,153885.18440366973,13284620.0,39.0,143213.0,104.0,2436.2126245847176,2020-03-06,Bajo,Corta
60,60,2020-03,1043.0,397736.8,3.0569511025886866,155631.07766059443,13284620.0,39.0,143213.0,104.0,2436.2126245847176,2020-03-07,Bajo,Larga
71,71,2020-03,1104.0,419489.11,3.009329710144928,154327.16213768115,13284620.0,39.0,143213.0,104.0,2436.2126245847176,2020-03-08,Alto,Media
49,49,2020-03,1043.0,407494.43,3.1383509108341325,157195.97890699905,13284620.0,39.0,143213.0,104.0,2436.2126245847176,2020-03-09,Medio,Larga
49,49,2020-03,1071.0,401303.92,2.9494864612511673,152622.80578898225,13284620.0,39.0,143213.0,104.0,2436.2126245847176,2020-03-10,Bajo,Corta
44,44,2020-03,1060.0,410135.64,2.968490566037736,156691.57264150944,13284620.0,39.0,143213.0,104.0,2436.2126245847176,2020-03-11,Medio,Corta
37,37,2020-03,1064.0,410474.14,3.0107142857142857,153427.7819548872,13284620.0,39.0,143213.0,104.0,2436.2126245847176,2020-03-12,Medio,Media
38,38,2020-03,1094.0,403842.01,3.0086837294332724,159716.5164533821,13284620.0,39.0,143213.0,104.0,2436.2126245847176,2020-03-13,Medio,Media
50,49,2020-03,1108.0,403813.96,3.023285198555957,157034.74548736462,13284620.0,39.0,143213.0,104.0,2436.2126245847176,2020-03-14,Medio,Media
59,59,2020-03,1109.0,428824.01,3.1041478809738505,159237.9215509468,13284620.0,39.0,143213.0,104.0,2436.2126245847176,2020-03-15,Alto,Larga
41,41,2020-03,1117.0,418077.64,3.0534467323187107,151610.82811101165,13284620.0,39.0,143213.0,104.0,2436.2126245847176,2020-03-16,Alto,Larga
44,44,2020-03,1072.0,411139.25,3.0857276119402988,159669.51305970148,13284620.0,39.0,143213.0,104.0,2436.2126245847176,2020-03-17,Medio,Larga
35,35,2020-03,1127.0,443676.44,3.0038154392191663,154855.92102928128,13284620.0,39.0,143213.0,104.0,2436.2126245847176,2020-03-18,Alto,Corta
35,34,2020-03,1099.0,410030.33,3.023566878980892,160295.25659690629,13284620.0,39.0,143213.0,104.0,2436.2126245847176,2020-03-19,Medio,Media
32,32,2020-03,1147.0,428345.45,2.99947689625109,151403.1368788143,13284620.0,39.0,143213.0,104.0,2436.2126245847176,2020-03-20,Alto,Corta
12,12,2020-03,1064.0,401861.91,3.0016917293233085,153918.7114661654,13284620.0,39.0,143213.0,104.0,2436.2126245847176,2020-03-21,Bajo,Corta
13,13,2020-03,1082.0,390279.37,3.007024029574861,153305.13770794825,13284620.0,39.0,143213.0,104.0,2436.2126245847176,2020-03-22,Bajo,Corta
14,14,2020-03,1125.0,438058.1,3.0032888888888887,149674.5591111111,13284620.0,39.0,143213.0,104.0,2436.2126245847176,2020-03-23,Alto,Corta
24,24,2020-03,1073.0,392917.98,2.9620689655172416,151916.2348555452,13284620.0,39.0,143213.0,104.0,2436.2126245847176,2020-03-24,Bajo,Corta
8,8,2020-03,1114.0,431718.56,3.037522441651706,153090.802513465,13284620.0,39.0,143213.0,104.0,2436.2126245847176,2020-03-25,Alto,Media
14,14,2020-03,1040.0,391388.0,2.971826923076923,158924.9346153846,13284620.0,39.0,143213.0,104.0,2436.2126245847176,2020-03-26,Bajo,Corta
17,17,2020-03,1137.0,424303.3,3.1334212840809146,155296.7484608619,13284620.0,39.0,143213.0,104.0,2436.2126245847176,2020-03-27,Alto,Larga
13,13,2020-03,1098.0,437498.49,3.009653916211293,153769.7276867031,13284620.0,39.0,143213.0,104.0,2436.2126245847176,2020-03-28,Alto,Media
7,7,2020-03,1096.0,408515.73,3.0954379562043797,154968.5802919708,13284620.0,39.0,143213.0,104.0,2436.2126245847176,2020-03-29,Medio,Larga
18,18,2020-03,1101.0,395138.23,3.0791099000908266,156737.1080835604,13284620.0,39.0,143213.0,104.0,2436.2126245847176,2020-03-30,Bajo,Larga
16,16,2020-03,1073.0,389312.11,3.0230195712954333,152260.2348555452,13284620.0,39.0,143213.0,104.0,2436.2126245847176,2020-03-31,Bajo,Media
12,12,2020-04,986.0,372409.56,2.990162271805274,157437.8498985801,6300770.0,0.0,50936.0,104.0,231.21693121693121,2020-04-01,Bajo,Corta
15,15,2020-04,1132.0,411088.11,3.031183745583039,154636.78886925796,6300770.0,0.0,50936.0,104.0,231.21693121693121,2020-04-02,Medio,Media
17,17,2020-04,1108.0,408305.67,3.0502707581227435,151273.01985559566,6300770.0,0.0,50936.0,104.0,231.21693121693121,2020-04-03,Medio,Larga
13,13,2020-04,1137.0,419951.69,3.09023746701847,155685.5277044855,6300770.0,0.0,50936.0,104.0,231.21693121693121,2020-04-04,Alto,Larga
16,16,2020-04,1038.0,400714.21,3.0592485549132946,156280.13391136803,6300770.0,0.0,50936.0,104.0,231.21693121693121,2020-04-05,Bajo,Larga
27,27,2020-04,1121.0,402541.66,2.9871543264942013,152256.60481712758,6300770.0,0.0,50936.0,104.0,231.21693121693121,2020-04-06,Medio,Corta
15,15,2020-04,1056.0,378651.27,3.0619318181818183,154304.29640151514,6300770.0,0.0,50936.0,104.0,231.21693121693121,2020-04-07,Bajo,Larga
17,17,2020-04,1067.0,417140.11,3.1858481724461107,152805.160262418,6300770.0,0.0,50936.0,104.0,231.21693121693121,2020-04-08,Medio,Larga
17,17,2020-04,1091.0,391319.73,2.9419798350137487,149294.80384967919,6300770.0,0.0,50936.0,104.0,231.21693121693121,2020-04-09,Bajo,Corta
6,6,2020-04,1082.0,379649.59,2.9181146025878006,157161.1256931608,6300770.0,0.0,50936.0,104.0,231.21693121693121,2020-04-10,Bajo,Corta
10,10,2020-04,1120.0,424194.8,3.101339285714286,151319.49107142858,6300770.0,0.0,50936.0,104.0,231.21693121693121,2020-04-11,Alto,Larga
14,14,2020-04,1145.0,426012.31,3.082445414847162,154840.73711790392,6300770.0,0.0,50936.0,104.0,231.21693121693121,2020-04-12,Alto,Larga
19,19,2020-04,1079.0,407322.47000000003,3.0261353104726596,157018.86468952734,6300770.0,0.0,50936.0,104.0,231.21693121693121,2020-04-13,Medio,Media
13,13,2020-04,1065.0,414396.55,3.0907981220657277,150292.77276995307,6300770.0,0.0,50936.0,104.0,231.21693121693121,2020-04-14,Medio,Larga
17,17,2020-04,1122.0,419757.87,2.995632798573975,152492.0588235294,6300770.0,0.0,50936.0,104.0,231.21693121693121,2020-04-15,Alto,Corta
14,14,2020-04,1076.0,400188.57,3.0709107806691454,153198.36802973977,6300770.0,0.0,50936.0,104.0,231.21693121693121,2020-04-16,Bajo,Larga
15,15,2020-04,1108.0,412614.03,3.0409747292418774,148960.43501805054,6300770.0,0.0,50936.0,104.0,231.21693121693121,2020-04-17,Medio,Media
11,11,2020-04,1093.0,417163.94,2.9589204025617564,152164.98627630374,6300770.0,0.0,50936.0,104.0,231.21693121693121,2020-04-18,Medio,Corta
15,15,2020-04,1091.0,410156.08,3.0090742438130156,157189.84051329055,6300770.0,0.0,50936.0,104.0,231.21693121693121,2020-04-19,Medio,Media
20,20,2020-04,1097.0,424112.78,3.0531449407474933,155670.59525979945,6300770.0,0.0,50936.0,104.0,231.21693121693121,2020-04-20,Alto,Larga
13,13,2020-04,1098.0,401779.08,2.9852459016393444,155190.45446265937,6300770.0,0.0,50936.0,104.0,231.21693121693121,2020-04-21,Bajo,Corta
17,17,2020-04,1103.0,405524.59,3.024932003626473,155922.22937443337,6300770.0,0.0,50936.0,104.0,231.21693121693121,2020-04-22,Medio,Media
15,15,2020-04,1152.0,453859.99,2.997829861111111,157202.61545138888,6300770.0,0.0,50936.0,104.0,231.21693121693121,2020-04-23,Alto,Corta
22,22,2020-04,1070.0,394199.74,3.0695327102803738,156330.59626168225,6300770.0,0.0,50936.0,104.0,231.21693121693121,2020-04-24,Bajo,Larga
17,17,2020-04,1113.0,421356.59,3.0626235399820305,159767.63611859837,6300770.0,0.0,50936.0,104.0,231.21693121693121,2020-04-25,Alto,Larga
10,10,2020-04,1089.0,402045.53,2.983195592286501,154157.77594123047,6300770.0,0.0,50936.0,104.0,231.21693121693121,2020-04-26,Bajo,Corta
18,18,2020-04,1119.0,433778.0,2.9857908847184986,155742.34584450402,6300770.0,0.0,50936.0,104.0,231.21693121693121,2020-04-27,Alto,Corta
17,17,2020-04,1091.0,404190.13,3.07846012832264,152284.58111824014,6300770.0,0.0,50936.0,104.0,231.21693121693121,2020-04-28,Medio,Larga
22,22,2020-04,1146.0,432386.45,3.0423211169284468,156810.0017452007,6300770.0,0.0,50936.0,104.0,231.21693121693121,2020-04-29,Alto,Media
21,21,2020-04,1110.0,404295.16,3.0430630630630633,156356.73603603605,6300770.0,0.0,50936.0,104.0,231.21693121693121,2020-04-30,Medio,Media
16,16,2020-05,1084.0,397119.1,2.9428044280442807,156892.51383763837,9558918.0,0.0,52110.0,104.0,3816.4935064935066,2020-05-01,Bajo,Corta
15,15,2020-05,1138.0,437113.24,3.0481546572934977,158466.45957820737,9558918.0,0.0,52110.0,104.0,3816.4935064935066,2020-05-02,Alto,Larga
21,21,2020-05,1056.0,374519.24,3.046875,157256.1259469697,9558918.0,0.0,52110.0,104.0,3816.4935064935066,2020-05-03,Bajo,Larga
16,16,2020-05,1082.0,404675.59,2.9613678373382624,157733.28188539742,9558918.0,0.0,52110.0,104.0,3816.4935064935066,2020-05-04,Medio,Corta
26,26,2020-05,1053.0,399421.13,2.9982905982905983,155113.36372269705,9558918.0,0.0,52110.0,104.0,3816.4935064935066,2020-05-05,Bajo,Corta
22,22,2020-05,1101.0,422042.98,3.023524069028156,151503.4250681199,9558918.0,0.0,52110.0,104.0,3816.4935064935066,2020-05-06,Alto,Media
16,16,2020-05,1102.0,421146.7,3.1126134301270416,158342.44555353903,9558918.0,0.0,52110.0,104.0,3816.4935064935066,2020-05-07,Alto,Larga
29,29,2020-05,1073.0,405124.39,2.934762348555452,152090.46411929172,9558918.0,0.0,52110.0,104.0,3816.4935064935066,2020-05-08,Medio,Corta
17,17,2020-05,1096.0,397273.96,3.02536496350365,157504.03740875912,9558918.0,0.0,52110.0,104.0,3816.4935064935066,2020-05-09,Bajo,Media
20,20,2020-05,1031.0,394618.67,2.9993210475266734,155702.58389912706,9558918.0,0.0,52110.0,104.0,3816.4935064935066,2020-05-10,Bajo,Corta
29,29,2020-05,1098.0,391691.96,2.9849726775956285,161411.42531876138,9558918.0,0.0,52110.0,104.0,3816.4935064935066,2020-05-11,Bajo,Corta
17,17,2020-05,1078.0,402539.89,3.0504638218923934,151787.63821892394,9558918.0,0.0,52110.0,104.0,3816.4935064935066,2020-05-12,Medio,Larga
7,7,2020-05,1016.0,384284.03,3.048228346456693,156369.14566929135,9558918.0,0.0,52110.0,104.0,3816.4935064935066,2020-05-13,Bajo,Larga
20,20,2020-05,1100.0,428579.8,3.0073636363636362,155260.91727272727,9558918.0,0.0,52110.0,104.0,3816.4935064935066,2020-05-14,Alto,Corta
24,24,2020-05,1157.0,422229.71,3.0736387208297318,158089.14952463267,9558918.0,0.0,52110.0,104.0,3816.4935064935066,2020-05-15,Alto,Larga
24,24,2020-05,1100.0,417781.7,3.0321818181818183,157220.17909090908,9558918.0,0.0,52110.0,104.0,3816.4935064935066,2020-05-16,Alto,Media
19,19,2020-05,1103.0,404390.32,2.9897552130553033,155618.09610154125,9558918.0,0.0,52110.0,104.0,3816.4935064935066,2020-05-17,Medio,Corta
26,26,2020-05,1117.0,428430.26,2.987735004476276,154862.46463742165,9558918.0,0.0,52110.0,104.0,3816.4935064935066,2020-05-18,Alto,Corta
19,19,2020-05,1031.0,394191.93,3.04917555771096,157914.50436469447,9558918.0,0.0,52110.0,104.0,3816.4935064935066,2020-05-19,Bajo,Larga
29,29,2020-05,1042.0,402057.77,2.98809980806142,159058.0556621881,9558918.0,0.0,52110.0,104.0,3816.4935064935066,2020-05-20,Bajo,Corta
19,19,2020-05,1074.0,419569.36,3.102607076350093,156876.03351955308,9558918.0,0.0,52110.0,104.0,3816.4935064935066,2020-05-21,Alto,Larga
29,29,2020-05,1108.0,399631.6,2.9827617328519858,156194.49277978338,9558918.0,0.0,52110.0,104.0,3816.4935064935066,2020-05-22,Bajo,Corta
32,32,2020-05,1064.0,397390.61,3.0163533834586467,161590.20676691728,9558918.0,0.0,52110.0,104.0,3816.4935064935066,2020-05-23,Bajo,Media
23,23,2020-05,1046.0,415112.91,2.990535372848948,152879.61281070745,9558918.0,0.0,52110.0,104.0,3816.4935064935066,2020-05-24,Medio,Corta
16,16,2020-05,1065.0,394342.61,3.094741784037559,154903.6938967136,9558918.0,0.0,52110.0,104.0,3816.4935064935066,2020-05-25,Bajo,Larga
26,26,2020-05,1044.0,400425.06,2.9781609195402297,157765.16858237548,9558918.0,0.0,52110.0,104.0,3816.4935064935066,2020-05-26,Bajo,Corta
21,21,2020-05,1107.0,422808.07,3.0073170731707317,157462.9972899729,9558918.0,0.0,52110.0,104.0,3816.4935064935066,2020-05-27,Alto,Corta
28,28,2020-05,1092.0,411381.52,3.059157509157509,158515.85073260072,9558918.0,0.0,52110.0,104.0,3816.4935064935066,2020-05-28,Medio,Larga
21,21,2020-05,1021.0,351172.35,2.9952007835455436,157523.82957884428,9558918.0,0.0,52110.0,104.0,3816.4935064935066,2020-05-29,Bajo,Corta
31,31,2020-05,1068.0,394529.42,3.097565543071161,157285.58333333334,9558918.0,0.0,52110.0,104.0,3816.4935064935066,2020-05-30,Bajo,Larga
18,18,2020-05,1147.0,428115.06,2.9435047951176982,155828.63993025283,9558918.0,0.0,52110.0,104.0,3816.4935064935066,2020-05-31,Alto,Corta
33,33,2020-06,1103.0,398707.54,3.072166817769719,156480.07615593835,10501330.0,67.0,142207.0,104.0,20612.01814058957,2020-06-01,Bajo,Larga
23,23,2020-06,1099.0,419883.71,3.0447679708826203,157169.3448589627,10501330.0,67.0,142207.0,104.0,20612.01814058957,2020-06-02,Alto,Media
16,16,2020-06,1088.0,419148.76,3.0575367647058824,149210.54044117648,10501330.0,67.0,142207.0,104.0,20612.01814058957,2020-06-03,Alto,Larga
35,35,2020-06,1121.0,425849.4,3.0090990187332736,157801.11596788582,10501330.0,67.0,142207.0,104.0,20612.01814058957,2020-06-04,Alto,Media
27,27,2020-06,1066.0,421451.48,3.047560975609756,148833.2429643527,10501330.0,67.0,142207.0,104.0,20612.01814058957,2020-06-05,Alto,Larga
27,27,2020-06,1057.0,419707.17,3.0440870387890255,157010.2743614002,10501330.0,67.0,142207.0,104.0,20612.01814058957,2020-06-06,Alto,Media
32,32,2020-06,1077.0,380676.76,2.9916434540389973,154543.15598885794,10501330.0,67.0,142207.0,104.0,20612.01814058957,2020-06-07,Bajo,Corta
25,25,2020-06,1117.0,425064.64,3.044583706356312,154407.35810205908,10501330.0,67.0,142207.0,104.0,20612.01814058957,2020-06-08,Alto,Media
30,30,2020-06,1095.0,396151.54,2.993972602739726,155152.59543378995,10501330.0,67.0,142207.0,104.0,20612.01814058957,2020-06-09,Bajo,Corta
23,23,2020-06,1144.0,418456.71,3.0823426573426573,152988.1756993007,10501330.0,67.0,142207.0,104.0,20612.01814058957,2020-06-10,Alto,Larga
24,24,2020-06,1053.0,372174.08,3.0251661918328585,153793.5128205128,10501330.0,67.0,142207.0,104.0,20612.01814058957,2020-06-11,Bajo,Media
23,23,2020-06,1068.0,405551.74,3.0033707865168537,159125.0861423221,10501330.0,67.0,142207.0,104.0,20612.01814058957,2020-06-12,Medio,Corta
30,30,2020-06,1128.0,415851.69,3.053989361702128,155614.76241134753,10501330.0,67.0,142207.0,104.0,20612.01814058957,2020-06-13,Medio,Larga
27,27,2020-06,1101.0,392975.3,3.05858310626703,153575.98455949136,10501330.0,67.0,142207.0,104.0,20612.01814058957,2020-06-14,Bajo,Larga
15,15,2020-06,1059.0,400105.32,3.0452313503305004,160762.06043437205,10501330.0,67.0,142207.0,104.0,20612.01814058957,2020-06-15,Bajo,Media
26,26,2020-06,1107.0,409119.36,3.1577235772357723,155523.41734417345,10501330.0,67.0,142207.0,104.0,20612.01814058957,2020-06-16,Medio,Larga
22,22,2020-06,1113.0,423788.17,3.0444743935309972,156260.74752920037,10501330.0,67.0,142207.0,104.0,20612.01814058957,2020-06-17,Alto,Media
27,27,2020-06,1096.0,438579.22,2.9815693430656935,155723.9872262774,10501330.0,67.0,142207.0,104.0,20612.01814058957,2020-06-18,Alto,Corta
28,28,2020-06,1133.0,436204.62,3.090026478375993,158454.11385701678,10501330.0,67.0,142207.0,104.0,20612.01814058957,2020-06-19,Alto,Larga
27,27,2020-06,1148.0,405516.01,2.9696864111498256,155613.9843205575,10501330.0,67.0,142207.0,104.0,20612.01814058957,2020-06-20,Medio,Corta
35,35,2020-06,1104.0,415011.19,3.078623188405797,158400.7481884058,10501330.0,67.0,142207.0,104.0,20612.01814058957,2020-06-21,Medio,Larga
32,32,2020-06,1093.0,411909.94,3.004940530649588,155286.38334858188,10501330.0,67.0,142207.0,104.0,20612.01814058957,2020-06-22,Medio,Corta
32,32,2020-06,1085.0,418316.81,2.98073732718894,157005.37695852533,10501330.0,67.0,142207.0,104.0,20612.01814058957,2020-06-23,Alto,Corta
22,22,2020-06,1140.0,419833.34,3.0089473684210524,154312.4043859649,10501330.0,67.0,142207.0,104.0,20612.01814058957,2020-06-24,Alto,Media
31,31,2020-06,1124.0,429912.79,3.0217971530249113,152059.58629893238,10501330.0,67.0,142207.0,104.0,20612.01814058957,2020-06-25,Alto,Media
30,30,2020-06,1132.0,419503.94,3.0406360424028267,151578.1925795053,10501330.0,67.0,142207.0,104.0,20612.01814058957,2020-06-26,Alto,Media
32,32,2020-06,1059.0,415020.52,3.0385269121813034,151952.41265344663,10501330.0,67.0,142207.0,104.0,20612.01814058957,2020-06-27,Medio,Media
18,18,2020-06,1100.0,416725.85,3.0029090909090908,154524.95363636364,10501330.0,67.0,142207.0,104.0,20612.01814058957,2020-06-28,Medio,Corta
22,22,2020-06,1069.0,415669.62,3.038072965388213,157001.7165575304,10501330.0,67.0,142207.0,104.0,20612.01814058957,2020-06-29,Medio,Media
27,27,2020-06,1089.0,405289.78,3.018824609733701,151748.55371900825,10501330.0,67.0,142207.0,104.0,20612.01814058957,2020-06-30,Medio,Media
22,22,2020-07,1059.0,374108.01,3.08932955618508,154630.70254957507,12031069.0,47.0,150309.0,104.0,20517.175141242937,2020-07-01,Bajo,Larga
23,23,2020-07,1037.0,394532.44,3.0191899710703956,153283.76470588235,12031069.0,47.0,150309.0,104.0,20517.175141242937,2020-07-02,Bajo,Media
34,34,2020-07,1051.0,408783.31,2.97592768791627,158702.78211227403,12031069.0,47.0,150309.0,104.0,20517.175141242937,2020-07-03,Medio,Corta
29,29,2020-07,1105.0,411505.33,3.0238914027149324,157482.18914027148,12031069.0,47.0,150309.0,104.0,20517.175141242937,2020-07-04,Medio,Media
27,27,2020-07,1065.0,402533.62,2.973990610328639,153243.7605633803,12031069.0,47.0,150309.0,104.0,20517.175141242937,2020-07-05,Medio,Corta
27,27,2020-07,1104.0,418762.36,3.033695652173913,153759.97826086957,12031069.0,47.0,150309.0,104.0,20517.175141242937,2020-07-06,Alto,Media
28,28,2020-07,1045.0,409590.89,3.035023923444976,154912.88516746412,12031069.0,47.0,150309.0,104.0,20517.175141242937,2020-07-07,Medio,Media
24,24,2020-07,1067.0,396739.4,3.0050609184629806,159709.99531396438,12031069.0,47.0,150309.0,104.0,20517.175141242937,2020-07-08,Bajo,Corta
33,33,2020-07,1047.0,382238.03,3.009169054441261,154017.30659025788,12031069.0,47.0,150309.0,104.0,20517.175141242937,2020-07-09,Bajo,Media
29,29,2020-07,1088.0,410431.98,3.0034007352941177,154059.48161764705,12031069.0,47.0,150309.0,104.0,20517.175141242937,2020-07-10,Medio,Corta
31,31,2020-07,1106.0,441151.61,2.9955696202531645,154072.82097649187,12031069.0,47.0,150309.0,104.0,20517.175141242937,2020-07-11,Alto,Corta
40,40,2020-07,1091.0,430284.12,3.0525206232813935,154885.2428964253,12031069.0,47.0,150309.0,104.0,20517.175141242937,2020-07-12,Alto,Larga
33,33,2020-07,1112.0,411177.51,2.934982014388489,155556.25449640286,12031069.0,47.0,150309.0,104.0,20517.175141242937,2020-07-13,Medio,Corta
29,29,2020-07,1096.0,410870.54,2.971897810218978,155167.36678832117,12031069.0,47.0,150309.0,104.0,20517.175141242937,2020-07-14,Medio,Corta
32,32,2020-07,1119.0,398867.53,2.990080428954424,152076.49419124218,12031069.0,47.0,150309.0,104.0,20517.175141242937,2020-07-15,Bajo,Corta
23,23,2020-07,1132.0,404737.75,2.9886042402826853,152355.5,12031069.0,47.0,150309.0,104.0,20517.175141242937,2020-07-16,Medio,Corta
39,39,2020-07,1099.0,402947.71,3.038580527752502,153844.32757051865,12031069.0,47.0,150309.0,104.0,20517.175141242937,2020-07-17,Medio,Media
31,31,2020-07,1149.0,439062.33,3.0005221932114883,155449.81984334203,12031069.0,47.0,150309.0,104.0,20517.175141242937,2020-07-18,Alto,Corta
33,33,2020-07,1098.0,417987.63,3.061111111111111,152137.03825136612,12031069.0,47.0,150309.0,104.0,20517.175141242937,2020-07-19,Alto,Larga
19,19,2020-07,1068.0,400884.66,3.016573033707865,156717.76779026218,12031069.0,47.0,150309.0,104.0,20517.175141242937,2020-07-20,Bajo,Media
36,36,2020-07,1105.0,392981.57,3.067239819004525,155747.79728506788,12031069.0,47.0,150309.0,104.0,20517.175141242937,2020-07-21,Bajo,Larga
33,33,2020-07,1049.0,374771.81,2.983412774070543,155162.86653956148,12031069.0,47.0,150309.0,104.0,20517.175141242937,2020-07-22,Bajo,Corta
25,25,2020-07,1110.0,406547.2,3.0413513513513513,152893.87747747748,12031069.0,47.0,150309.0,104.0,20517.175141242937,2020-07-23,Medio,Media
24,24,2020-07,1090.0,405226.97,3.0263302752293577,157883.0275229358,12031069.0,47.0,150309.0,104.0,20517.175141242937,2020-07-24,Medio,Media
28,28,2020-07,1094.0,410471.74,3.049542961608775,151084.72029250456,12031069.0,47.0,150309.0,104.0,20517.175141242937,2020-07-25,Medio,Larga
33,33,2020-07,1105.0,408086.92,3.0805429864253395,156115.77647058823,12031069.0,47.0,150309.0,104.0,20517.175141242937,2020-07-26,Medio,Larga
30,30,2020-07,1084.0,409731.38,3.048339483394834,152526.6143911439,12031069.0,47.0,150309.0,104.0,20517.175141242937,2020-07-27,Medio,Larga
32,32,2020-07,1058.0,420281.68,3.064272211720227,154407.1370510397,12031069.0,47.0,150309.0,104.0,20517.175141242937,2020-07-28,Alto,Larga
30,30,2020-07,1067.0,377842.19,2.985941893158388,152036.1162136832,12031069.0,47.0,150309.0,104.0,20517.175141242937,2020-07-29,Bajo,Corta
24,24,2020-07,1112.0,428387.16,3.007823741007194,155108.14478417265,12031069.0,47.0,150309.0,104.0,20517.175141242937,2020-07-30,Alto,Corta
26,26,2020-07,1103.0,424171.8,3.0937443336355397,158499.81142339075,12031069.0,47.0,150309.0,104.0,20517.175141242937,2020-07-31,Alto,Larga
33,33,2020-08,1113.0,419544.07,2.9228212039532795,154355.6585804133,12170560.0,56.0,153510.0,103.0,20740.89347079038,2020-08-01,Alto,Corta
38,38,2020-08,1159.0,434541.23,2.992493528904228,157198.93528904227,12170560.0,56.0,153510.0,103.0,20740.89347079038,2020-08-02,Alto,Corta
26,26,2020-08,1110.0,411347.17,3.097567567567568,155497.34594594594,12170560.0,56.0,153510.0,103.0,20740.89347079038,2020-08-03,Medio,Larga
25,25,2020-08,1061.0,394796.04,2.9430725730442977,157337.60885956645,12170560.0,56.0,153510.0,103.0,20740.89347079038,2020-08-04,Bajo,Corta
32,32,2020-08,1059.0,397564.42,3.135505193578848,155730.36921624173,12170560.0,56.0,153510.0,103.0,20740.89347079038,2020-08-05,Bajo,Larga
27,27,2020-08,1099.0,439707.95,3.0366696997270246,156957.73612374885,12170560.0,56.0,153510.0,103.0,20740.89347079038,2020-08-06,Alto,Media
17,17,2020-08,1129.0,440089.62,3.0480956598759965,155958.9627989371,12170560.0,56.0,153510.0,103.0,20740.89347079038,2020-08-07,Alto,Larga
28,28,2020-08,1126.0,420175.51,2.9939609236234457,157605.92451154528,12170560.0,56.0,153510.0,103.0,20740.89347079038,2020-08-08,Alto,Corta
31,31,2020-08,1094.0,438335.3,3.0622486288848263,152633.33180987203,12170560.0,56.0,153510.0,103.0,20740.89347079038,2020-08-09,Alto,Larga
31,31,2020-08,1097.0,412901.27,3.0018231540565177,154533.07019143118,12170560.0,56.0,153510.0,103.0,20740.89347079038,2020-08-10,Medio,Corta
37,37,2020-08,1056.0,397814.53,2.9627840909090906,152970.70170454544,12170560.0,56.0,153510.0,103.0,20740.89347079038,2020-08-11,Bajo,Corta
34,34,2020-08,1073.0,410968.81,3.010158434296365,155812.74464119293,12170560.0,56.0,153510.0,103.0,20740.89347079038,2020-08-12,Medio,Media
23,23,2020-08,1084.0,398881.75,2.90239852398524,152967.82656826568,12170560.0,56.0,153510.0,103.0,20740.89347079038,2020-08-13,Bajo,Corta
27,27,2020-08,1098.0,414523.1,2.964936247723133,162410.6612021858,12170560.0,56.0,153510.0,103.0,20740.89347079038,2020-08-14,Medio,Corta
45,45,2020-08,1092.0,420896.32,2.9982600732600733,156144.66758241758,12170560.0,56.0,153510.0,103.0,20740.89347079038,2020-08-15,Alto,Corta
27,27,2020-08,1117.0,424372.71,3.06598030438675,158047.3679498657,12170560.0,56.0,153510.0,103.0,20740.89347079038,2020-08-16,Alto,Larga
14,14,2020-08,1097.0,408282.85,2.9839562443026435,155872.01367365543,12170560.0,56.0,153510.0,103.0,20740.89347079038,2020-08-17,Medio,Corta
30,30,2020-08,1136.0,447177.62,3.0551936619718307,154245.48855633804,12170560.0,56.0,153510.0,103.0,20740.89347079038,2020-08-18,Alto,Larga
22,22,2020-08,1073.0,403614.2,3.10232991612302,153754.0167753961,12170560.0,56.0,153510.0,103.0,20740.89347079038,2020-08-19,Medio,Larga
28,28,2020-08,1067.0,383376.27,2.9777881911902533,153850.77132146203,12170560.0,56.0,153510.0,103.0,20740.89347079038,2020-08-20,Bajo,Corta
27,27,2020-08,1097.0,420694.05,2.9846855059252504,157057.55515041022,12170560.0,56.0,153510.0,103.0,20740.89347079038,2020-08-21,Alto,Corta
35,35,2020-08,1078.0,376025.93,3.06038961038961,156783.2690166976,12170560.0,56.0,153510.0,103.0,20740.89347079038,2020-08-22,Bajo,Larga
25,25,2020-08,1092.0,396275.45,3.0094322344322344,157089.18315018315,12170560.0,56.0,153510.0,103.0,20740.89347079038,2020-08-23,Bajo,Media
26,26,2020-08,1116.0,400913.87,3.0334229390681005,156679.3664874552,12170560.0,56.0,153510.0,103.0,20740.89347079038,2020-08-24,Bajo,Media
30,30,2020-08,1132.0,418835.75,3.0818904593639576,154590.13604240282,12170560.0,56.0,153510.0,103.0,20740.89347079038,2020-08-25,Alto,Larga
30,30,2020-08,1155.0,448085.84,3.0086580086580086,155688.28484848485,12170560.0,56.0,153510.0,103.0,20740.89347079038,2020-08-26,Alto,Media
29,29,2020-08,1059.0,411613.03,3.022568460812087,154968.29933899906,12170560.0,56.0,153510.0,103.0,20740.89347079038,2020-08-27,Medio,Media
39,39,2020-08,1099.0,378822.55,3.0069153776160147,157724.516833485,12170560.0,56.0,153510.0,103.0,20740.89347079038,2020-08-28,Bajo,Corta
40,40,2020-08,1031.0,378821.31,3.0120271580989333,154938.99224054316,12170560.0,56.0,153510.0,103.0,20740.89347079038,2020-08-29,Bajo,Media
37,37,2020-08,1050.0,379628.25,3.059238095238095,154193.2295238095,12170560.0,56.0,153510.0,103.0,20740.89347079038,2020-08-30,Bajo,Larga
30,30,2020-08,1123.0,426598.74,3.125645592163847,154093.23330365092,12170560.0,56.0,153510.0,103.0,20740.89347079038,2020-08-31,Alto,Larga
32,32,2020-09,1082.0,406124.29,3.04279112754159,158240.35212569317,16334716.0,60.0,157262.0,103.0,20651.826484018264,2020-09-01,Medio,Media
22,22,2020-09,1084.0,421916.37,3.0654981549815496,161278.78874538746,16334716.0,60.0,157262.0,103.0,20651.826484018264,2020-09-02,Alto,Larga
35,35,2020-09,1134.0,416458.21,2.9603174603174605,153923.57142857142,16334716.0,60.0,157262.0,103.0,20651.826484018264,2020-09-03,Medio,Corta
36,36,2020-09,1055.0,377171.68,3.0121327014218013,157181.01421800948,16334716.0,60.0,157262.0,103.0,20651.826484018264,2020-09-04,Bajo,Media
56,56,2020-09,1142.0,404596.66,3.0154115586690016,153467.92732049036,16334716.0,60.0,157262.0,103.0,20651.826484018264,2020-09-05,Medio,Media
36,36,2020-09,1053.0,400406.49,3.0409306742640076,155567.07027540362,16334716.0,60.0,157262.0,103.0,20651.826484018264,2020-09-06,Bajo,Media
33,33,2020-09,1083.0,398421.82,3.003416435826408,152853.5272391505,16334716.0,60.0,157262.0,103.0,20651.826484018264,2020-09-07,Bajo,Corta
37,37,2020-09,1081.0,425015.47,3.0167437557816834,152407.0841813136,16334716.0,60.0,157262.0,103.0,20651.826484018264,2020-09-08,Alto,Media
31,31,2020-09,1128.0,421414.25,2.9671099290780143,158580.29166666666,16334716.0,60.0,157262.0,103.0,20651.826484018264,2020-09-09,Alto,Corta
31,31,2020-09,1113.0,391974.18,3.0353099730458224,158065.22821203954,16334716.0,60.0,157262.0,103.0,20651.826484018264,2020-09-10,Bajo,Media
32,32,2020-09,1172.0,448405.86,3.0528156996587033,154108.06399317406,16334716.0,60.0,157262.0,103.0,20651.826484018264,2020-09-11,Alto,Larga
42,42,2020-09,1070.0,414699.83,3.046261682242991,158547.94485981308,16334716.0,60.0,157262.0,103.0,20651.826484018264,2020-09-12,Medio,Larga
55,55,2020-09,1109.0,399924.69,2.9363390441839496,152560.2678088368,16334716.0,60.0,157262.0,103.0,20651.826484018264,2020-09-13,Bajo,Corta
41,41,2020-09,1116.0,412542.27,2.9895161290322583,154706.44802867383,16334716.0,60.0,157262.0,103.0,20651.826484018264,2020-09-14,Medio,Corta
36,36,2020-09,1163.0,426278.57,3.002923473774721,152044.03009458297,16334716.0,60.0,157262.0,103.0,20651.826484018264,2020-09-15,Alto,Corta
23,23,2020-09,1119.0,428310.88,3.0170688114387847,156819.28418230562,16334716.0,60.0,157262.0,103.0,20651.826484018264,2020-09-16,Alto,Media
35,35,2020-09,1095.0,405199.63,3.142557077625571,150101.8191780822,16334716.0,60.0,157262.0,103.0,20651.826484018264,2020-09-17,Medio,Larga
45,45,2020-09,1164.0,429269.53,3.0759450171821308,150900.72680412373,16334716.0,60.0,157262.0,103.0,20651.826484018264,2020-09-18,Alto,Larga
43,43,2020-09,1169.0,437861.49,3.0443969204448247,159773.5380667237,16334716.0,60.0,157262.0,103.0,20651.826484018264,2020-09-19,Alto,Media
56,56,2020-09,1105.0,401477.14,3.0702262443438912,150383.76108597286,16334716.0,60.0,157262.0,103.0,20651.826484018264,2020-09-20,Bajo,Larga
46,46,2020-09,1090.0,412373.49,3.01697247706422,153175.0981651376,16334716.0,60.0,157262.0,103.0,20651.826484018264,2020-09-21,Medio,Media
32,32,2020-09,1058.0,399530.4,3.0176748582230624,155844.56899810964,16334716.0,60.0,157262.0,103.0,20651.826484018264,2020-09-22,Bajo,Media
35,35,2020-09,1093.0,393384.92,3.065416285452882,154542.34492223238,16334716.0,60.0,157262.0,103.0,20651.826484018264,2020-09-23,Bajo,Larga
38,38,2020-09,1090.0,402397.2,2.9928440366972477,156383.39633027522,16334716.0,60.0,157262.0,103.0,20651.826484018264,2020-09-24,Medio,Corta
41,41,2020-09,1085.0,402700.62,3.06,152060.41658986176,16334716.0,60.0,157262.0,103.0,20651.826484018264,2020-09-25,Medio,Larga
50,50,2020-09,1077.0,387454.54,3.0430826369545034,151158.76137418757,16334716.0,60.0,157262.0,103.0,20651.826484018264,2020-09-26,Bajo,Media
47,47,2020-09,1073.0,396528.43,3.0750232991612303,156406.82479030755,16334716.0,60.0,157262.0,103.0,20651.826484018264,2020-09-27,Bajo,Larga
39,39,2020-09,1126.0,407107.8,3.0826820603907636,156085.33836589698,16334716.0,60.0,157262.0,103.0,20651.826484018264,2020-09-28,Medio,Larga
34,34,2020-09,1092.0,393423.17,3.0215201465201464,154559.04945054944,16334716.0,60.0,157262.0,103.0,20651.826484018264,2020-09-29,Bajo,Media
31,31,2020-09,1088.0,396717.32,3.002665441176471,152946.98988970587,16334716.0,60.0,157262.0,103.0,20651.826484018264,2020-09-30,Bajo,Corta
35,35,2020-10,1156.0,419242.07,3.01219723183391,157592.18512110726,19212644.0,42.0,171269.0,102.0,20733.524684270953,2020-10-01,Alto,Media
37,37,2020-10,1117.0,404704.53,2.9898836168307965,152865.9534467323,19212644.0,42.0,171269.0,102.0,20733.524684270953,2020-10-02,Medio,Corta
43,43,2020-10,1085.0,394369.03,3.049861751152074,153007.35023041474,19212644.0,42.0,171269.0,102.0,20733.524684270953,2020-10-03,Bajo,Larga
41,41,2020-10,1069.0,410432.19,2.9824134705332086,154478.9971936389,19212644.0,42.0,171269.0,102.0,20733.524684270953,2020-10-04,Medio,Corta
48,48,2020-10,1068.0,405546.54,3.093820224719101,158391.2584269663,19212644.0,42.0,171269.0,102.0,20733.524684270953,2020-10-05,Medio,Larga
31,31,2020-10,1075.0,386838.7,3.029953488372093,156598.17581395348,19212644.0,42.0,171269.0,102.0,20733.524684270953,2020-10-06,Bajo,Media
34,34,2020-10,1125.0,412381.2,3.0316444444444444,153247.096,19212644.0,42.0,171269.0,102.0,20733.524684270953,2020-10-07,Medio,Media
40,40,2020-10,1080.0,409347.5,2.9680555555555554,156646.3138888889,19212644.0,42.0,171269.0,102.0,20733.524684270953,2020-10-08,Medio,Corta
39,39,2020-10,1085.0,387393.71,3.0064516129032257,153251.86912442397,19212644.0,42.0,171269.0,102.0,20733.524684270953,2020-10-09,Bajo,Corta
49,49,2020-10,1072.0,391369.08,3.064085820895522,156826.00186567163,19212644.0,42.0,171269.0,102.0,20733.524684270953,2020-10-10,Bajo,Larga
50,50,2020-10,1085.0,411274.25,3.0098617511520738,154271.89493087557,19212644.0,42.0,171269.0,102.0,20733.524684270953,2020-10-11,Medio,Media
41,41,2020-10,1087.0,391391.91,2.996228150873965,154925.58233670655,19212644.0,42.0,171269.0,102.0,20733.524684270953,2020-10-12,Bajo,Corta
42,42,2020-10,1143.0,445189.34,2.989501312335958,154463.81627296587,19212644.0,42.0,171269.0,102.0,20733.524684270953,2020-10-13,Alto,Corta
50,50,2020-10,1095.0,408914.78,3.032694063926941,156010.91415525114,19212644.0,42.0,171269.0,102.0,20733.524684270953,2020-10-14,Medio,Media
32,32,2020-10,1099.0,449208.74,3.067970882620564,149980.05368516833,19212644.0,42.0,171269.0,102.0,20733.524684270953,2020-10-15,Alto,Larga
33,33,2020-10,1050.0,370720.48,3.028095238095238,155708.4123809524,19212644.0,42.0,171269.0,102.0,20733.524684270953,2020-10-16,Bajo,Media
49,49,2020-10,1083.0,398648.42,3.060757156048015,154188.6952908587,19212644.0,42.0,171269.0,102.0,20733.524684270953,2020-10-17,Bajo,Larga
63,63,2020-10,1142.0,454139.78,3.0328371278458843,151395.12171628722,19212644.0,42.0,171269.0,102.0,20733.524684270953,2020-10-18,Alto,Media
33,33,2020-10,1101.0,411383.86,2.9887375113533152,155312.8301544051,19212644.0,42.0,171269.0,102.0,20733.524684270953,2020-10-19,Medio,Corta
31,31,2020-10,1148.0,439317.29,3.0845818815331008,154795.71080139372,19212644.0,42.0,171269.0,102.0,20733.524684270953,2020-10-20,Alto,Larga
52,52,2020-10,1078.0,390880.84,3.012152133580705,151973.81818181818,19212644.0,42.0,171269.0,102.0,20733.524684270953,2020-10-21,Bajo,Media
33,33,2020-10,1099.0,400441.84,2.9608735213830757,157655.21383075524,19212644.0,42.0,171269.0,102.0,20733.524684270953,2020-10-22,Bajo,Corta
40,40,2020-10,1098.0,423816.02,3.0093806921675776,149104.59836065574,19212644.0,42.0,171269.0,102.0,20733.524684270953,2020-10-23,Alto,Media
58,58,2020-10,1065.0,421567.14,3.1349295774647885,159633.8516431925,19212644.0,42.0,171269.0,102.0,20733.524684270953,2020-10-24,Alto,Larga
47,47,2020-10,1126.0,438196.87,2.991030195381883,154970.42007104796,19212644.0,42.0,171269.0,102.0,20733.524684270953,2020-10-25,Alto,Corta
45,45,2020-10,1085.0,396672.52999999997,3.000829493087558,155466.80276497695,19212644.0,42.0,171269.0,102.0,20733.524684270953,2020-10-26,Bajo,Corta
42,42,2020-10,1082.0,390659.56,2.989186691312385,155723.98336414047,19212644.0,42.0,171269.0,102.0,20733.524684270953,2020-10-27,Bajo,Corta
33,33,2020-10,1045.0,385585.84,2.9952153110047846,158401.69090909092,19212644.0,42.0,171269.0,102.0,20733.524684270953,2020-10-28,Bajo,Corta
28,28,2020-10,1068.0,386570.09,3.10187265917603,154149.70131086142,19212644.0,42.0,171269.0,102.0,20733.524684270953,2020-10-29,Bajo,Larga
39,39,2020-10,1066.0,395560.13,3.032645403377111,154135.82082551596,19212644.0,42.0,171269.0,102.0,20733.524684270953,2020-10-30,Bajo,Media
39,39,2020-10,1089.0,414333.59,3.029660238751148,154657.5968778696,19212644.0,42.0,171269.0,102.0,20733.524684270953,2020-10-31,Medio,Media
41,40,2020-11,1133.0,460792.62,2.9727272727272727,156217.16769638128,18445059.0,68.0,169038.0,102.0,20866.51323360184,2020-11-01,Alto,Corta
38,38,2020-11,1083.0,410396.58,3.0879963065558633,153681.19667590028,18445059.0,68.0,169038.0,102.0,20866.51323360184,2020-11-02,Medio,Larga
33,32,2020-11,1086.0,387949.31,3.004235727440147,153068.42817679557,18445059.0,68.0,169038.0,102.0,20866.51323360184,2020-11-03,Bajo,Corta
34,34,2020-11,1051.0,419212.04,2.98116079923882,154392.8239771646,18445059.0,68.0,169038.0,102.0,20866.51323360184,2020-11-04,Alto,Corta
30,30,2020-11,1047.0,380389.02,3.045272206303725,159371.98185291307,18445059.0,68.0,169038.0,102.0,20866.51323360184,2020-11-05,Bajo,Media
33,33,2020-11,1099.0,416640.17,3.0144676979071883,153563.2365787079,18445059.0,68.0,169038.0,102.0,20866.51323360184,2020-11-06,Medio,Media
39,39,2020-11,1095.0,408936.73,3.0076712328767123,156202.4200913242,18445059.0,68.0,169038.0,102.0,20866.51323360184,2020-11-07,Medio,Corta
46,46,2020-11,1097.0,388553.0,3.0594348222424794,156586.02825888788,18445059.0,68.0,169038.0,102.0,20866.51323360184,2020-11-08,Bajo,Larga
37,37,2020-11,1084.0,379467.34,2.9890221402214023,154635.7979704797,18445059.0,68.0,169038.0,102.0,20866.51323360184,2020-11-09,Bajo,Corta
41,41,2020-11,1121.0,436369.44,3.0957181088314005,150629.4255129349,18445059.0,68.0,169038.0,102.0,20866.51323360184,2020-11-10,Alto,Larga
33,33,2020-11,1072.0,402147.49,3.024626865671642,152426.5083955224,18445059.0,68.0,169038.0,102.0,20866.51323360184,2020-11-11,Bajo,Media
39,39,2020-11,1154.0,441251.37,2.9711438474870016,156042.30502599652,18445059.0,68.0,169038.0,102.0,20866.51323360184,2020-11-12,Alto,Corta
32,32,2020-11,1137.0,397979.36,3.024626209322779,155520.38962181177,18445059.0,68.0,169038.0,102.0,20866.51323360184,2020-11-13,Bajo,Media
37,37,2020-11,1142.0,440452.67,2.998073555166375,153075.32661996497,18445059.0,68.0,169038.0,102.0,20866.51323360184,2020-11-14,Alto,Corta
60,59,2020-11,1019.0,365227.22,3.0236506378802748,157096.35525024534,18445059.0,68.0,169038.0,102.0,20866.51323360184,2020-11-15,Bajo,Media
41,41,2020-11,1011.0,355319.78,3.0643916913946585,152057.5746785361,18445059.0,68.0,169038.0,102.0,20866.51323360184,2020-11-16,Bajo,Larga
40,40,2020-11,1138.0,427043.81,2.8712653778558876,152783.69683655535,18445059.0,68.0,169038.0,102.0,20866.51323360184,2020-11-17,Alto,Corta
34,34,2020-11,1037.0,373213.8,3.0590163934426227,152778.8987463838,18445059.0,68.0,169038.0,102.0,20866.51323360184,2020-11-18,Bajo,Larga
33,33,2020-11,1119.0,429151.14,3.013941018766756,149074.8203753351,18445059.0,68.0,169038.0,102.0,20866.51323360184,2020-11-19,Alto,Media
29,29,2020-11,1061.0,403247.15,3.0575871819038642,153991.80113100848,18445059.0,68.0,169038.0,102.0,20866.51323360184,2020-11-20,Medio,Larga
41,41,2020-11,1060.0,417693.57,3.010566037735849,154801.86981132076,18445059.0,68.0,169038.0,102.0,20866.51323360184,2020-11-21,Alto,Media
66,65,2020-11,1064.0,391762.22000000003,3.055639097744361,154507.82518796992,18445059.0,68.0,169038.0,102.0,20866.51323360184,2020-11-22,Bajo,Larga
48,48,2020-11,1103.0,397178.75,2.997189483227561,155640.15049864008,18445059.0,68.0,169038.0,102.0,20866.51323360184,2020-11-23,Bajo,Corta
35,35,2020-11,1099.0,407411.43,3.0145586897179255,154943.59781619653,18445059.0,68.0,169038.0,102.0,20866.51323360184,2020-11-24,Medio,Media
34,34,2020-11,1116.0,430260.7,3.0811827956989246,154368.83512544804,18445059.0,68.0,169038.0,102.0,20866.51323360184,2020-11-25,Alto,Larga
35,35,2020-11,1093.0,410175.85,3.0872827081427263,152633.53888380603,18445059.0,68.0,169038.0,102.0,20866.51323360184,2020-11-26,Medio,Larga
37,37,2020-11,1119.0,405836.45,3.0114387846291333,154484.81590705988,18445059.0,68.0,169038.0,102.0,20866.51323360184,2020-11-27,Medio,Media
42,42,2020-11,1132.0,458900.3,2.9957597173144874,153913.50265017667,18445059.0,68.0,169038.0,102.0,20866.51323360184,2020-11-28,Alto,Corta
56,56,2020-11,1065.0,385018.14,3.0007511737089203,155959.82910798123,18445059.0,68.0,169038.0,102.0,20866.51323360184,2020-11-29,Bajo,Corta
36,36,2020-11,1082.0,395922.32,3.056561922365989,152157.54898336413,18445059.0,68.0,169038.0,102.0,20866.51323360184,2020-11-30,Bajo,Larga
34,34,2020-12,1080.0,399105.17,3.036111111111111,152355.28055555557,21489147.0,132.0,177717.0,102.0,20837.946943483275,2020-12-01,Bajo,Media
39,39,2020-12,1053.0,387961.61,3.032573599240266,152519.82146248812,21489147.0,132.0,177717.0,102.0,20837.946943483275,2020-12-02,Bajo,Media
39,39,2020-12,1086.0,406899.33,2.9939226519337017,156854.9079189687,21489147.0,132.0,177717.0,102.0,20837.946943483275,2020-12-03,Medio,Corta
35,35,2020-12,1096.0,397494.33,3.1062956204379564,155248.56569343066,21489147.0,132.0,177717.0,102.0,20837.946943483275,2020-12-04,Bajo,Larga
46,46,2020-12,1093.0,418358.91,2.9915827996340347,151166.7429094236,21489147.0,132.0,177717.0,102.0,20837.946943483275,2020-12-05,Alto,Corta
56,56,2020-12,1071.0,426594.3,2.984126984126984,152422.2857142857,21489147.0,132.0,177717.0,102.0,20837.946943483275,2020-12-06,Alto,Corta
35,35,2020-12,1082.0,416879.94,3.013955637707948,158703.86691312384,21489147.0,132.0,177717.0,102.0,20837.946943483275,2020-12-07,Medio,Media
39,39,2020-12,1119.0,427873.29,3.0142091152815014,156026.61304736373,21489147.0,132.0,177717.0,102.0,20837.946943483275,2020-12-08,Alto,Media
41,41,2020-12,1098.0,421569.02,3.0693078324225866,151965.24681238615,21489147.0,132.0,177717.0,102.0,20837.946943483275,2020-12-09,Alto,Larga
28,28,2020-12,1120.0,430273.35,3.0955357142857145,153603.13214285715,21489147.0,132.0,177717.0,102.0,20837.946943483275,2020-12-10,Alto,Larga
33,33,2020-12,1087.0,399019.71,3.019871205151794,157260.5639374425,21489147.0,132.0,177717.0,102.0,20837.946943483275,2020-12-11,Bajo,Media
51,51,2020-12,1114.0,448631.39,3.0532315978456017,150327.38779174146,21489147.0,132.0,177717.0,102.0,20837.946943483275,2020-12-12,Alto,Larga
62,62,2020-12,1065.0,382553.19,2.992957746478873,154288.35962441313,21489147.0,132.0,177717.0,102.0,20837.946943483275,2020-12-13,Bajo,Corta
29,29,2020-12,1133.0,426051.9,2.9523389232127095,155576.50485436892,21489147.0,132.0,177717.0,102.0,20837.946943483275,2020-12-14,Alto,Corta
40,40,2020-12,1113.0,415327.81,3.087421383647799,154845.92362982928,21489147.0,132.0,177717.0,102.0,20837.946943483275,2020-12-15,Medio,Larga
41,41,2020-12,1146.0,407618.16,3.02652705061082,154142.84118673648,21489147.0,132.0,177717.0,102.0,20837.946943483275,2020-12-16,Medio,Media
35,35,2020-12,1076.0,411006.16,3.0614312267657993,154535.27788104088,21489147.0,132.0,177717.0,102.0,20837.946943483275,2020-12-17,Medio,Larga
36,36,2020-12,1126.0,413734.54,2.999822380106572,155662.0976909414,21489147.0,132.0,177717.0,102.0,20837.946943483275,2020-12-18,Medio,Corta
47,47,2020-12,1129.0,424193.46,3.004871567759079,153874.78653675818,21489147.0,132.0,177717.0,102.0,20837.946943483275,2020-12-19,Alto,Corta
50,50,2020-12,1095.0,399751.51,3.0723287671232873,154864.07031963472,21489147.0,132.0,177717.0,102.0,20837.946943483275,2020-12-20,Bajo,Larga
37,37,2020-12,1074.0,402103.76,3.0282122905027933,156343.92923649907,21489147.0,132.0,177717.0,102.0,20837.946943483275,2020-12-21,Bajo,Media
37,37,2020-12,1100.0,411192.17,3.0446363636363634,155586.1781818182,21489147.0,132.0,177717.0,102.0,20837.946943483275,2020-12-22,Medio,Media
34,34,2020-12,1043.0,397150.04,3.04496644295302,155131.4534995206,21489147.0,132.0,177717.0,102.0,20837.946943483275,2020-12-23,Bajo,Media
49,49,2020-12,1149.0,431896.35,2.9593559617058314,153732.98259355963,21489147.0,132.0,177717.0,102.0,20837.946943483275,2020-12-24,Alto,Corta
45,45,2020-12,1115.0,409356.73,3.0055605381165917,158848.69686098656,21489147.0,132.0,177717.0,102.0,20837.946943483275,2020-12-25,Medio,Corta
32,32,2020-12,1097.0,413423.96,2.9855059252506835,154585.87237921605,21489147.0,132.0,177717.0,102.0,20837.946943483275,2020-12-26,Medio,Corta
45,45,2020-12,1027.0,379943.53,3.0503407984420643,154195.06718597858,21489147.0,132.0,177717.0,102.0,20837.946943483275,2020-12-27,Bajo,Larga
30,30,2020-12,1075.0,419129.88,3.0087441860465116,156718.63627906976,21489147.0,132.0,177717.0,102.0,20837.946943483275,2020-12-28,Alto,Media
27,27,2020-12,1131.0,426307.55,3.043589743589744,154959.783377542,21489147.0,132.0,177717.0,102.0,20837.946943483275,2020-12-29,Alto,Media
45,45,2020-12,1080.0,422849.67,3.0262962962962963,154626.38611111112,21489147.0,132.0,177717.0,102.0,20837.946943483275,2020-12-30,Alto,Media
60,60,2020-12,1127.0,401330.49,3.066637089618456,154914.33806566105,21489147.0,132.0,177717.0,102.0,20837.946943483275,2020-12-31,Bajo,Larga
50,50,2021-01,1131.0,411685.29,3.0531388152077805,154050.24668435013,18814581.0,301.0,158224.0,104.0,21133.8202247191,2021-01-01,Medio,Larga
37,37,2021-01,1115.0,415217.72,3.0577578475336322,157886.40269058297,18814581.0,301.0,158224.0,104.0,21133.8202247191,2021-01-02,Medio,Larga
47,47,2021-01,1076.0,422268.28,3.0242565055762083,153595.9470260223,18814581.0,301.0,158224.0,104.0,21133.8202247191,2021-01-03,Alto,Media
39,39,2021-01,1068.0,375126.07,3.043539325842697,158234.94382022473,18814581.0,301.0,158224.0,104.0,21133.8202247191,2021-01-04,Bajo,Media
47,47,2021-01,1149.0,441973.95,3.010443864229765,155158.30113141862,18814581.0,301.0,158224.0,104.0,21133.8202247191,2021-01-05,Alto,Media
48,47,2021-01,1125.0,429974.0,3.0101333333333335,158096.776,18814581.0,301.0,158224.0,104.0,21133.8202247191,2021-01-06,Alto,Media
37,37,2021-01,1079.0,389616.46,3.0731232622798887,153324.1936978684,18814581.0,301.0,158224.0,104.0,21133.8202247191,2021-01-07,Bajo,Larga
43,42,2021-01,1084.0,407735.4,3.031549815498155,160168.13468634686,18814581.0,301.0,158224.0,104.0,21133.8202247191,2021-01-08,Medio,Media
41,40,2021-01,1066.0,409894.67,3.0441838649155724,162634.68667917448,18814581.0,301.0,158224.0,104.0,21133.8202247191,2021-01-09,Medio,Media
32,32,2021-01,1084.0,408138.88,3.0316420664206642,158252.97878228783,18814581.0,301.0,158224.0,104.0,21133.8202247191,2021-01-10,Medio,Media
28,27,2021-01,1125.0,425429.14,2.9917333333333334,156870.96,18814581.0,301.0,158224.0,104.0,21133.8202247191,2021-01-11,Alto,Corta
30,30,2021-01,1124.0,424342.52999999997,2.9588078291814943,154606.25266903915,18814581.0,301.0,158224.0,104.0,21133.8202247191,2021-01-12,Alto,Corta
34,34,2021-01,1142.0,412062.14,2.995796847635727,152311.71366024518,18814581.0,301.0,158224.0,104.0,21133.8202247191,2021-01-13,Medio,Corta
37,37,2021-01,1037.0,371404.59,2.910414657666345,155426.89199614272,18814581.0,301.0,158224.0,104.0,21133.8202247191,2021-01-14,Bajo,Corta
45,45,2021-01,1126.0,415728.68,3.0371225577264656,155628.96447602133,18814581.0,301.0,158224.0,104.0,21133.8202247191,2021-01-15,Medio,Media
41,41,2021-01,1072.0,428722.69,3.019776119402985,156824.62220149254,18814581.0,301.0,158224.0,104.0,21133.8202247191,2021-01-16,Alto,Media
43,43,2021-01,1119.0,443931.1,3.0033958891867742,161115.9204647006,18814581.0,301.0,158224.0,104.0,21133.8202247191,2021-01-17,Alto,Corta
39,39,2021-01,1141.0,441796.17,3.041980718667835,156769.7300613497,18814581.0,301.0,158224.0,104.0,21133.8202247191,2021-01-18,Alto,Media
34,34,2021-01,1097.0,432246.18,3.0276207839562446,155549.65724703736,18814581.0,301.0,158224.0,104.0,21133.8202247191,2021-01-19,Alto,Media
38,38,2021-01,1119.0,431213.95,3.0179624664879356,151939.38248436103,18814581.0,301.0,158224.0,104.0,21133.8202247191,2021-01-20,Alto,Media
26,26,2021-01,1083.0,381190.72,3.0706371191135733,147947.49307479223,18814581.0,301.0,158224.0,104.0,21133.8202247191,2021-01-21,Bajo,Larga
29,29,2021-01,1045.0,385382.31,3.0386602870813397,154708.86794258372,18814581.0,301.0,158224.0,104.0,21133.8202247191,2021-01-22,Bajo,Media
43,43,2021-01,1078.0,389734.25,2.9643784786641927,152684.15584415584,18814581.0,301.0,158224.0,104.0,21133.8202247191,2021-01-23,Bajo,Corta
35,35,2021-01,1075.0,384481.08,3.050139534883721,157287.32372093023,18814581.0,301.0,158224.0,104.0,21133.8202247191,2021-01-24,Bajo,Larga
41,40,2021-01,1094.0,417452.55,3.0697440585009144,154897.5054844607,18814581.0,301.0,158224.0,104.0,21133.8202247191,2021-01-25,Alto,Larga
28,28,2021-01,1158.0,426495.92,2.9920552677029364,154123.01468048358,18814581.0,301.0,158224.0,104.0,21133.8202247191,2021-01-26,Alto,Corta
31,31,2021-01,1161.0,406264.96,2.9781223083548665,157194.0465116279,18814581.0,301.0,158224.0,104.0,21133.8202247191,2021-01-27,Medio,Corta
37,37,2021-01,1068.0,408359.22,3.039887640449438,150630.6329588015,18814581.0,301.0,158224.0,104.0,21133.8202247191,2021-01-28,Medio,Media
35,35,2021-01,1056.0,405823.57,3.019223484848485,154418.60416666666,18814581.0,301.0,158224.0,104.0,21133.8202247191,2021-01-29,Medio,Media
60,60,2021-01,1067.0,413571.63,3.055763823805061,152844.6541705717,18814581.0,301.0,158224.0,104.0,21133.8202247191,2021-01-30,Medio,Larga
59,59,2021-01,1102.0,425685.93,3.0812159709618876,153004.32667876588,18814581.0,301.0,158224.0,104.0,21133.8202247191,2021-01-31,Alto,Larga
37,37,2021-02,1071.0,396445.63,2.9568627450980394,156779.1577964519,17255139.0,344.0,160029.0,103.0,21391.562143671606,2021-02-01,Bajo,Corta
34,34,2021-02,1089.0,446156.23,3.0160697887970613,154536.49127640037,17255139.0,344.0,160029.0,103.0,21391.562143671606,2021-02-02,Alto,Media
37,37,2021-02,1111.0,417642.04,3.0045904590459047,146253.8514851485,17255139.0,344.0,160029.0,103.0,21391.562143671606,2021-02-03,Alto,Corta
41,41,2021-02,1113.0,407529.65,3.0231805929919138,156302.1554357592,17255139.0,344.0,160029.0,103.0,21391.562143671606,2021-02-04,Medio,Media
42,42,2021-02,1046.0,392606.23,3.026673040152964,154623.77820267685,17255139.0,344.0,160029.0,103.0,21391.562143671606,2021-02-05,Bajo,Media
52,52,2021-02,1092.0,422488.17,3.019230769230769,158330.72619047618,17255139.0,344.0,160029.0,103.0,21391.562143671606,2021-02-06,Alto,Media
55,55,2021-02,1142.0,416428.53,2.9960595446584937,156920.01488616463,17255139.0,344.0,160029.0,103.0,21391.562143671606,2021-02-07,Medio,Corta
36,36,2021-02,1119.0,413278.68,3.022252010723861,154686.89812332438,17255139.0,344.0,160029.0,103.0,21391.562143671606,2021-02-08,Medio,Media
43,43,2021-02,1029.0,382364.3,3.0903790087463556,153250.26822157434,17255139.0,344.0,160029.0,103.0,21391.562143671606,2021-02-09,Bajo,Larga
32,32,2021-02,1066.0,390121.31,3.1019699812382737,153518.58536585365,17255139.0,344.0,160029.0,103.0,21391.562143671606,2021-02-10,Bajo,Larga
42,42,2021-02,1061.0,397162.32,2.9927426955702168,154310.3807728558,17255139.0,344.0,160029.0,103.0,21391.562143671606,2021-02-11,Bajo,Corta
32,32,2021-02,1081.0,408428.41,2.951063829787234,161539.99167437557,17255139.0,344.0,160029.0,103.0,21391.562143671606,2021-02-12,Medio,Corta
55,55,2021-02,1152.0,427226.66,3.01953125,154095.98003472222,17255139.0,344.0,160029.0,103.0,21391.562143671606,2021-02-13,Alto,Media
47,47,2021-02,1062.0,414282.37,2.997551789077213,152089.51129943502,17255139.0,344.0,160029.0,103.0,21391.562143671606,2021-02-14,Medio,Corta
47,47,2021-02,1174.0,441260.99,3.017035775127768,150941.0408858603,17255139.0,344.0,160029.0,103.0,21391.562143671606,2021-02-15,Alto,Media
33,33,2021-02,1060.0,394870.4,3.0660377358490565,152091.11603773586,17255139.0,344.0,160029.0,103.0,21391.562143671606,2021-02-16,Bajo,Larga
40,40,2021-02,1113.0,425589.13,3.058670260557053,156316.32794249777,17255139.0,344.0,160029.0,103.0,21391.562143671606,2021-02-17,Alto,Larga
39,39,2021-02,1097.0,403680.03,3.0462169553327256,154310.17046490428,17255139.0,344.0,160029.0,103.0,21391.562143671606,2021-02-18,Medio,Larga
37,37,2021-02,1103.0,424423.3,3.058930190389846,148711.77969174978,17255139.0,344.0,160029.0,103.0,21391.562143671606,2021-02-19,Alto,Larga
53,53,2021-02,1077.0,420063.37,3.0283194057567315,153274.24141132776,17255139.0,344.0,160029.0,103.0,21391.562143671606,2021-02-20,Alto,Media
56,56,2021-02,1105.0,387460.21,2.9987330316742082,151469.03981900454,17255139.0,344.0,160029.0,103.0,21391.562143671606,2021-02-21,Bajo,Corta
38,38,2021-02,1108.0,425212.23,2.9636281588447653,154884.24458483755,17255139.0,344.0,160029.0,103.0,21391.562143671606,2021-02-22,Alto,Corta
40,40,2021-02,1149.0,395222.76,3.0249782419495213,157814.45691906006,17255139.0,344.0,160029.0,103.0,21391.562143671606,2021-02-23,Bajo,Media
35,35,2021-02,1159.0,431766.52,3.002329594477998,158519.82226056946,17255139.0,344.0,160029.0,103.0,21391.562143671606,2021-02-24,Alto,Corta
34,34,2021-02,1086.0,386143.0,2.9827808471454884,155944.71546961326,17255139.0,344.0,160029.0,103.0,21391.562143671606,2021-02-25,Bajo,Corta
42,42,2021-02,1159.0,450089.15,3.00327868852459,157670.50647109578,17255139.0,344.0,160029.0,103.0,21391.562143671606,2021-02-26,Alto,Corta
50,50,2021-02,1092.0,407776.82,2.9973443223443224,155866.60164835164,17255139.0,344.0,160029.0,103.0,21391.562143671606,2021-02-27,Medio,Corta
73,73,2021-02,1065.0,393620.26,3.0215962441314552,155484.8338028169,17255139.0,344.0,160029.0,103.0,21391.562143671606,2021-02-28,Bajo,Media
42,42,2021-03,1102.0,430958.18,3.0794918330308527,156243.80943738658,20085297.0,129.0,178099.0,103.0,21417.820658342793,2021-03-01,Alto,Larga
34,34,2021-03,1083.0,415199.2,3.0598337950138506,156400.69252077563,20085297.0,129.0,178099.0,103.0,21417.820658342793,2021-03-02,Medio,Larga
41,41,2021-03,1133.0,429193.58,3.035216240070609,157092.9655781112,20085297.0,129.0,178099.0,103.0,21417.820658342793,2021-03-03,Alto,Media
45,44,2021-03,1114.0,419697.83,3.028096947935368,158789.6211849192,20085297.0,129.0,178099.0,103.0,21417.820658342793,2021-03-04,Alto,Media
35,35,2021-03,1084.0,414491.06,3.0541512915129148,154369.44926199262,20085297.0,129.0,178099.0,103.0,21417.820658342793,2021-03-05,Medio,Larga
52,52,2021-03,1031.0,370366.86,3.0734238603297768,153820.55965082443,20085297.0,129.0,178099.0,103.0,21417.820658342793,2021-03-06,Bajo,Larga
62,62,2021-03,1079.0,384256.87,2.943002780352178,155387.8609823911,20085297.0,129.0,178099.0,103.0,21417.820658342793,2021-03-07,Bajo,Corta
45,45,2021-03,1040.0,418334.16,3.057115384615385,155348.78461538462,20085297.0,129.0,178099.0,103.0,21417.820658342793,2021-03-08,Alto,Larga
37,37,2021-03,1097.0,397628.19,3.0264357338195076,155176.19143117595,20085297.0,129.0,178099.0,103.0,21417.820658342793,2021-03-09,Bajo,Media
28,28,2021-03,1153.0,412307.28,3.0185602775368605,156787.8386816999,20085297.0,129.0,178099.0,103.0,21417.820658342793,2021-03-10,Medio,Media
35,35,2021-03,1114.0,450346.74,3.0237881508078996,150514.4856373429,20085297.0,129.0,178099.0,103.0,21417.820658342793,2021-03-11,Alto,Media
35,35,2021-03,1141.0,415732.83,3.1351446099912357,156360.62664329534,20085297.0,129.0,178099.0,103.0,21417.820658342793,2021-03-12,Medio,Larga
55,55,2021-03,1111.0,418332.42,2.9869486948694868,159475.23312331233,20085297.0,129.0,178099.0,103.0,21417.820658342793,2021-03-13,Alto,Corta
50,50,2021-03,1114.0,412118.59,2.9919210053859966,157515.69658886894,20085297.0,129.0,178099.0,103.0,21417.820658342793,2021-03-14,Medio,Corta
48,48,2021-03,1097.0,412776.7,3.0482224247948952,154149.9516864175,20085297.0,129.0,178099.0,103.0,21417.820658342793,2021-03-15,Medio,Larga
32,32,2021-03,1134.0,422029.87,3.0502645502645502,156049.43033509701,20085297.0,129.0,178099.0,103.0,21417.820658342793,2021-03-16,Alto,Larga
38,38,2021-03,1113.0,406804.94,2.98607367475292,156054.82030548068,20085297.0,129.0,178099.0,103.0,21417.820658342793,2021-03-17,Medio,Corta
30,30,2021-03,1108.0,417159.11,2.9789711191335737,150425.297833935,20085297.0,129.0,178099.0,103.0,21417.820658342793,2021-03-18,Medio,Corta
42,42,2021-03,1106.0,438643.95,3.0425858951175404,156829.3951175407,20085297.0,129.0,178099.0,103.0,21417.820658342793,2021-03-19,Alto,Media
57,55,2021-03,1150.0,431914.06,3.0240869565217388,154623.5043478261,20085297.0,129.0,178099.0,103.0,21417.820658342793,2021-03-20,Alto,Media
53,53,2021-03,1085.0,417908.03,3.1170506912442395,154204.81935483872,20085297.0,129.0,178099.0,103.0,21417.820658342793,2021-03-21,Alto,Larga
49,49,2021-03,1035.0,394554.54,2.9743961352657005,155053.8657004831,20085297.0,129.0,178099.0,103.0,21417.820658342793,2021-03-22,Bajo,Corta
44,44,2021-03,1041.0,377745.4,3.067819404418828,159916.71469740634,20085297.0,129.0,178099.0,103.0,21417.820658342793,2021-03-23,Bajo,Larga
35,35,2021-03,1102.0,397734.54,3.003266787658802,153789.778584392,20085297.0,129.0,178099.0,103.0,21417.820658342793,2021-03-24,Bajo,Corta
36,36,2021-03,1096.0,428951.33,3.0818430656934304,151448.71076642335,20085297.0,129.0,178099.0,103.0,21417.820658342793,2021-03-25,Alto,Larga
50,50,2021-03,1119.0,417373.75,3.078999106344951,154709.890974084,20085297.0,129.0,178099.0,103.0,21417.820658342793,2021-03-26,Alto,Larga
45,45,2021-03,1058.0,399321.47,3.076937618147448,153236.5595463138,20085297.0,129.0,178099.0,103.0,21417.820658342793,2021-03-27,Bajo,Larga
52,52,2021-03,1095.0,398626.37,3.0733333333333337,152618.63470319635,20085297.0,129.0,178099.0,103.0,21417.820658342793,2021-03-28,Bajo,Larga
45,45,2021-03,1103.0,404980.55,3.028377153218495,151609.51858567543,20085297.0,129.0,178099.0,103.0,21417.820658342793,2021-03-29,Medio,Media
45,45,2021-03,1096.0,381052.76,3.041149635036496,153081.56843065695,20085297.0,129.0,178099.0,103.0,21417.820658342793,2021-03-30,Bajo,Media
45,45,2021-03,1015.0,359369.2,3.0171428571428573,152107.88374384237,20085297.0,129.0,178099.0,103.0,21417.820658342793,2021-03-31,Bajo,Media
29,29,2021-04,1128.0,436456.21,3.0328014184397163,151672.14716312056,16264279.0,302.0,158418.0,103.0,21578.344671201816,2021-04-01,Alto,Media
31,31,2021-04,1086.0,436502.03,3.0641804788213625,149472.76611418047,16264279.0,302.0,158418.0,103.0,21578.344671201816,2021-04-02,Alto,Larga
50,50,2021-04,1101.0,401343.58,3.0771117166212534,154435.73024523162,16264279.0,302.0,158418.0,103.0,21578.344671201816,2021-04-03,Bajo,Larga
60,59,2021-04,1064.0,393937.66,3.030075187969925,149923.54511278195,16264279.0,302.0,158418.0,103.0,21578.344671201816,2021-04-04,Bajo,Media
36,36,2021-04,1052.0,383872.54,3.057984790874525,156161.86406844106,16264279.0,302.0,158418.0,103.0,21578.344671201816,2021-04-05,Bajo,Larga
35,35,2021-04,1120.0,415456.6,3.0425,153755.5,16264279.0,302.0,158418.0,103.0,21578.344671201816,2021-04-06,Medio,Media
38,38,2021-04,1065.0,402637.83,2.963661971830986,155137.68450704226,16264279.0,302.0,158418.0,103.0,21578.344671201816,2021-04-07,Medio,Corta
37,37,2021-04,1092.0,397688.24,3.086263736263736,153125.05128205128,16264279.0,302.0,158418.0,103.0,21578.344671201816,2021-04-08,Bajo,Larga
33,33,2021-04,1155.0,415418.88,3.031861471861472,152369.69264069264,16264279.0,302.0,158418.0,103.0,21578.344671201816,2021-04-09,Medio,Media
47,47,2021-04,1081.0,392170.8,3.012118408880666,156987.79370952823,16264279.0,302.0,158418.0,103.0,21578.344671201816,2021-04-10,Bajo,Media
47,47,2021-04,1114.0,407540.16,3.037612208258528,151445.5906642729,16264279.0,302.0,158418.0,103.0,21578.344671201816,2021-04-11,Medio,Media
36,36,2021-04,1171.0,445356.95,2.990264730999146,153067.5952177626,16264279.0,302.0,158418.0,103.0,21578.344671201816,2021-04-12,Alto,Corta
42,42,2021-04,1025.0,393792.38,3.0162926829268293,151567.5843902439,16264279.0,302.0,158418.0,103.0,21578.344671201816,2021-04-13,Bajo,Media
44,44,2021-04,1061.0,406966.03,3.023468426013195,156808.62016965126,16264279.0,302.0,158418.0,103.0,21578.344671201816,2021-04-14,Medio,Media
42,42,2021-04,1106.0,413446.65,3.125858951175407,154931.00542495478,16264279.0,302.0,158418.0,103.0,21578.344671201816,2021-04-15,Medio,Larga
37,37,2021-04,1139.0,434070.71,3.0436347673397717,154747.03775241438,16264279.0,302.0,158418.0,103.0,21578.344671201816,2021-04-16,Alto,Media
34,34,2021-04,1159.0,434271.16,3.0125970664365833,156976.81794650562,16264279.0,302.0,158418.0,103.0,21578.344671201816,2021-04-17,Alto,Media
49,49,2021-04,1075.0,376692.02,3.034232558139535,153904.3981395349,16264279.0,302.0,158418.0,103.0,21578.344671201816,2021-04-18,Bajo,Media
31,31,2021-04,1125.0,415851.36,2.901777777777778,150672.93866666665,16264279.0,302.0,158418.0,103.0,21578.344671201816,2021-04-19,Medio,Corta
36,36,2021-04,1073.0,377964.4,3.0036346691519107,162857.03261882573,16264279.0,302.0,158418.0,103.0,21578.344671201816,2021-04-20,Bajo,Corta
40,40,2021-04,1103.0,415660.77,2.939347234814143,152934.8141432457,16264279.0,302.0,158418.0,103.0,21578.344671201816,2021-04-21,Medio,Corta
35,35,2021-04,1068.0,400473.96,3.0294007490636705,158647.79400749065,16264279.0,302.0,158418.0,103.0,21578.344671201816,2021-04-22,Bajo,Media
32,32,2021-04,1104.0,422843.57,3.0104166666666665,155580.02717391305,16264279.0,302.0,158418.0,103.0,21578.344671201816,2021-04-23,Alto,Media
59,58,2021-04,1133.0,429603.31,3.0278905560458957,153578.9170344219,16264279.0,302.0,158418.0,103.0,21578.344671201816,2021-04-24,Alto,Media
47,47,2021-04,1072.0,415238.58,3.0520522388059703,156116.60354477612,16264279.0,302.0,158418.0,103.0,21578.344671201816,2021-04-25,Medio,Larga
42,42,2021-04,1180.0,443822.1,3.0328813559322034,153640.25,16264279.0,302.0,158418.0,103.0,21578.344671201816,2021-04-26,Alto,Media
25,25,2021-04,1072.0,410350.67,3.058582089552239,153283.60634328358,16264279.0,302.0,158418.0,103.0,21578.344671201816,2021-04-27,Medio,Larga
27,27,2021-04,1127.0,419755.47,2.977728482697427,156551.1739130435,16264279.0,302.0,158418.0,103.0,21578.344671201816,2021-04-28,Alto,Corta
32,32,2021-04,1100.0,404672.77,3.034181818181818,155392.94636363635,16264279.0,302.0,158418.0,103.0,21578.344671201816,2021-04-29,Medio,Media
30,30,2021-04,1090.0,390428.25,3.0377064220183487,160625.14495412845,16264279.0,302.0,158418.0,103.0,21578.344671201816,2021-04-30,Bajo,Media
31,31,2021-05,1110.0,415398.34,3.034954954954955,154903.07837837838,12932299.0,2894.0,138071.0,104.0,21214.735658042744,2021-05-01,Medio,Media
25,25,2021-05,1096.0,433617.24,3.0420620437956205,154806.3613138686,12932299.0,2894.0,138071.0,104.0,21214.735658042744,2021-05-02,Alto,Media
32,32,2021-05,1144.0,411747.79,3.0210664335664337,155520.04895104896,12932299.0,2894.0,138071.0,104.0,21214.735658042744,2021-05-03,Medio,Media
26,26,2021-05,1075.0,380142.15,3.070511627906977,153430.47441860466,12932299.0,2894.0,138071.0,104.0,21214.735658042744,2021-05-04,Bajo,Larga
22,22,2021-05,1093.0,419046.15,3.058188472095151,155810.98536139066,12932299.0,2894.0,138071.0,104.0,21214.735658042744,2021-05-05,Alto,Larga
29,28,2021-05,1138.0,418109.87,3.010017574692443,154086.6036906854,12932299.0,2894.0,138071.0,104.0,21214.735658042744,2021-05-06,Alto,Media
31,31,2021-05,1121.0,434260.91,3.0796610169491525,154770.6645851918,12932299.0,2894.0,138071.0,104.0,21214.735658042744,2021-05-07,Alto,Larga
40,40,2021-05,1047.0,397665.49,3.071251193887297,152420.59694364853,12932299.0,2894.0,138071.0,104.0,21214.735658042744,2021-05-08,Bajo,Larga
34,34,2021-05,1037.0,387509.49,3.044262295081967,154002.65284474444,12932299.0,2894.0,138071.0,104.0,21214.735658042744,2021-05-09,Bajo,Media
23,23,2021-05,1053.0,403233.69,3.039506172839506,157283.8442545109,12932299.0,2894.0,138071.0,104.0,21214.735658042744,2021-05-10,Medio,Media
36,36,2021-05,1110.0,429307.86,3.127027027027027,154156.55855855855,12932299.0,2894.0,138071.0,104.0,21214.735658042744,2021-05-11,Alto,Larga
27,27,2021-05,1120.0,396620.95,3.0795535714285713,157765.93035714285,12932299.0,2894.0,138071.0,104.0,21214.735658042744,2021-05-12,Bajo,Larga
28,28,2021-05,1072.0,423913.2,3.0388992537313433,159561.0848880597,12932299.0,2894.0,138071.0,104.0,21214.735658042744,2021-05-13,Alto,Media
31,31,2021-05,1089.0,409073.49,3.024334251606979,154063.9816345271,12932299.0,2894.0,138071.0,104.0,21214.735658042744,2021-05-14,Medio,Media
41,41,2021-05,1046.0,386470.05,3.0294455066921606,151197.61089866157,12932299.0,2894.0,138071.0,104.0,21214.735658042744,2021-05-15,Bajo,Media
45,45,2021-05,1076.0,385882.15,3.04275092936803,154164.3717472119,12932299.0,2894.0,138071.0,104.0,21214.735658042744,2021-05-16,Bajo,Media
33,33,2021-05,1043.0,403781.72,3.0108341323106425,153242.907957814,12932299.0,2894.0,138071.0,104.0,21214.735658042744,2021-05-17,Medio,Media
29,29,2021-05,1119.0,406584.96,2.9901697944593386,151902.61304736373,12932299.0,2894.0,138071.0,104.0,21214.735658042744,2021-05-18,Medio,Corta
29,29,2021-05,1101.0,396843.54,3.005722070844687,153535.5131698456,12932299.0,2894.0,138071.0,104.0,21214.735658042744,2021-05-19,Bajo,Corta
37,37,2021-05,1037.0,403399.37,3.098553519768563,154814.649951784,12932299.0,2894.0,138071.0,104.0,21214.735658042744,2021-05-20,Medio,Larga
37,37,2021-05,1062.0,418197.28,3.043502824858757,154269.4284369115,12932299.0,2894.0,138071.0,104.0,21214.735658042744,2021-05-21,Alto,Media
47,47,2021-05,1058.0,386133.11,2.997164461247637,154391.82986767485,12932299.0,2894.0,138071.0,104.0,21214.735658042744,2021-05-22,Bajo,Corta
44,44,2021-05,1078.0,394160.58,3.044805194805195,152350.59925788498,12932299.0,2894.0,138071.0,104.0,21214.735658042744,2021-05-23,Bajo,Media
33,33,2021-05,1108.0,410056.1,2.9750902527075813,157760.83844765343,12932299.0,2894.0,138071.0,104.0,21214.735658042744,2021-05-24,Medio,Corta
31,31,2021-05,1090.0,419396.82,3.075137614678899,154973.62110091743,12932299.0,2894.0,138071.0,104.0,21214.735658042744,2021-05-25,Alto,Larga
31,31,2021-05,1055.0,387976.86,2.9954502369668243,159514.82654028435,12932299.0,2894.0,138071.0,104.0,21214.735658042744,2021-05-26,Bajo,Corta
36,36,2021-05,1085.0,405086.15,3.008847926267281,151914.5069124424,12932299.0,2894.0,138071.0,104.0,21214.735658042744,2021-05-27,Medio,Media
32,32,2021-05,1051.0,389140.69,3.0758325404376783,156842.1208372978,12932299.0,2894.0,138071.0,104.0,21214.735658042744,2021-05-28,Bajo,Larga
31,31,2021-05,1104.0,421533.77,3.072554347826087,156034.40036231885,12932299.0,2894.0,138071.0,104.0,21214.735658042744,2021-05-29,Alto,Larga
41,41,2021-05,1121.0,419396.74,3.027207850133809,158810.65388046388,12932299.0,2894.0,138071.0,104.0,21214.735658042744,2021-05-30,Alto,Media
40,40,2021-05,1128.0,402035.34,2.998758865248227,156671.1524822695,12932299.0,2894.0,138071.0,104.0,21214.735658042744,2021-05-31,Bajo,Corta
38,38,2021-06,1117.0,417045.98,3.0247985675917635,154767.10832587286,18540578.0,341.0,207428.0,104.0,20699.56989247312,2021-06-01,Medio,Media
34,34,2021-06,1128.0,414718.2,3.028014184397163,154448.66932624113,18540578.0,341.0,207428.0,104.0,20699.56989247312,2021-06-02,Medio,Media
41,41,2021-06,1097.0,430774.2,3.0135824977210577,160806.55515041022,18540578.0,341.0,207428.0,104.0,20699.56989247312,2021-06-03,Alto,Media
33,33,2021-06,1110.0,412778.77,3.0087387387387388,156090.4,18540578.0,341.0,207428.0,104.0,20699.56989247312,2021-06-04,Medio,Media
48,48,2021-06,1083.0,391214.1,3.155124653739612,151846.9861495845,18540578.0,341.0,207428.0,104.0,20699.56989247312,2021-06-05,Bajo,Larga
56,56,2021-06,1078.0,430705.69,3.010482374768089,156869.6901669759,18540578.0,341.0,207428.0,104.0,20699.56989247312,2021-06-06,Alto,Media
37,37,2021-06,1058.0,394380.85,3.018620037807183,151999.52835538753,18540578.0,341.0,207428.0,104.0,20699.56989247312,2021-06-07,Bajo,Media
35,35,2021-06,1128.0,449843.91,3.0206560283687947,154926.7340425532,18540578.0,341.0,207428.0,104.0,20699.56989247312,2021-06-08,Alto,Media
27,27,2021-06,1102.0,418147.12,3.1224137931034486,154487.4392014519,18540578.0,341.0,207428.0,104.0,20699.56989247312,2021-06-09,Alto,Larga
34,34,2021-06,1075.0,422506.08,3.037581395348837,157228.6604651163,18540578.0,341.0,207428.0,104.0,20699.56989247312,2021-06-10,Alto,Media
40,40,2021-06,1187.0,443571.76,3.002021903959562,157832.19629317606,18540578.0,341.0,207428.0,104.0,20699.56989247312,2021-06-11,Alto,Corta
41,40,2021-06,1082.0,394133.92,3.0355822550831792,160309.70147874308,18540578.0,341.0,207428.0,104.0,20699.56989247312,2021-06-12,Bajo,Media
39,39,2021-06,1070.0,422936.46,3.0122429906542054,158097.66261682243,18540578.0,341.0,207428.0,104.0,20699.56989247312,2021-06-13,Alto,Media
37,37,2021-06,1131.0,439973.1,2.9977011494252874,151162.66224580017,18540578.0,341.0,207428.0,104.0,20699.56989247312,2021-06-14,Alto,Corta
36,36,2021-06,1115.0,420272.19,3.078116591928251,155069.71031390133,18540578.0,341.0,207428.0,104.0,20699.56989247312,2021-06-15,Alto,Larga
34,34,2021-06,1140.0,431728.0,3.019561403508772,153047.97192982456,18540578.0,341.0,207428.0,104.0,20699.56989247312,2021-06-16,Alto,Media
30,30,2021-06,1137.0,426466.11,3.0562005277044855,158919.9569041337,18540578.0,341.0,207428.0,104.0,20699.56989247312,2021-06-17,Alto,Larga
25,25,2021-06,1083.0,397306.48,3.0170821791320406,154423.01477377655,18540578.0,341.0,207428.0,104.0,20699.56989247312,2021-06-18,Bajo,Media
45,45,2021-06,1153.0,413616.73,3.0052905464006936,160422.84215091067,18540578.0,341.0,207428.0,104.0,20699.56989247312,2021-06-19,Medio,Corta
51,51,2021-06,1073.0,401209.33,3.011276794035415,150816.67194780987,18540578.0,341.0,207428.0,104.0,20699.56989247312,2021-06-20,Bajo,Media
38,38,2021-06,1127.0,419709.87,2.9924578527062997,148976.1818988465,18540578.0,341.0,207428.0,104.0,20699.56989247312,2021-06-21,Alto,Corta
40,40,2021-06,1122.0,436289.93,3.039572192513369,156364.2192513369,18540578.0,341.0,207428.0,104.0,20699.56989247312,2021-06-22,Alto,Media
31,31,2021-06,1081.0,411265.16,3.034690101757632,158582.1498612396,18540578.0,341.0,207428.0,104.0,20699.56989247312,2021-06-23,Medio,Media
30,30,2021-06,1046.0,391307.32,3.0167304015296366,150438.2275334608,18540578.0,341.0,207428.0,104.0,20699.56989247312,2021-06-24,Bajo,Media
31,31,2021-06,1095.0,409130.43,3.1027397260273974,154448.88949771688,18540578.0,341.0,207428.0,104.0,20699.56989247312,2021-06-25,Medio,Larga
49,49,2021-06,1102.0,412256.29,3.034119782214156,154047.44101633393,18540578.0,341.0,207428.0,104.0,20699.56989247312,2021-06-26,Medio,Media
49,49,2021-06,1062.0,373743.91,3.055838041431262,152072.15442561204,18540578.0,341.0,207428.0,104.0,20699.56989247312,2021-06-27,Bajo,Larga
51,51,2021-06,1124.0,404417.64,3.058985765124555,158243.3603202847,18540578.0,341.0,207428.0,104.0,20699.56989247312,2021-06-28,Medio,Larga
35,35,2021-06,1058.0,383177.81,2.9689981096408316,154922.43383742913,18540578.0,341.0,207428.0,104.0,20699.56989247312,2021-06-29,Bajo,Corta
32,32,2021-06,1064.0,387660.02999999997,3.092951127819549,159445.61090225563,18540578.0,341.0,207428.0,104.0,20699.56989247312,2021-06-30,Bajo,Larga
36,36,2021-07,1113.0,435544.6,2.9929919137466308,153159.09344115003,21143852.0,271.0,191682.0,104.0,20706.75965665236,2021-07-01,Alto,Corta
36,36,2021-07,1148.0,426992.93,3.0259581881533104,154410.393728223,21143852.0,271.0,191682.0,104.0,20706.75965665236,2021-07-02,Alto,Media
46,46,2021-07,1098.0,414578.64,3.0356102003642986,155299.47905282333,21143852.0,271.0,191682.0,104.0,20706.75965665236,2021-07-03,Medio,Media
51,51,2021-07,1095.0,411842.08,3.0205479452054793,152457.20639269406,21143852.0,271.0,191682.0,104.0,20706.75965665236,2021-07-04,Medio,Media
34,33,2021-07,1096.0,414291.32,3.045346715328467,153185.1651459854,21143852.0,271.0,191682.0,104.0,20706.75965665236,2021-07-05,Medio,Media
38,38,2021-07,1097.0,428384.22,2.9620783956244305,154408.59434822242,21143852.0,271.0,191682.0,104.0,20706.75965665236,2021-07-06,Alto,Corta
43,43,2021-07,1128.0,433906.65,3.011968085106383,151686.00886524824,21143852.0,271.0,191682.0,104.0,20706.75965665236,2021-07-07,Alto,Media
33,33,2021-07,1121.0,416149.67,3.0159678858162358,158092.04371097236,21143852.0,271.0,191682.0,104.0,20706.75965665236,2021-07-08,Medio,Media
36,36,2021-07,1082.0,415976.5,3.0463955637707945,151398.74306839186,21143852.0,271.0,191682.0,104.0,20706.75965665236,2021-07-09,Medio,Larga
38,38,2021-07,1087.0,379673.86,2.9693652253909844,158078.97700091996,21143852.0,271.0,191682.0,104.0,20706.75965665236,2021-07-10,Bajo,Corta
54,54,2021-07,1122.0,411524.02,2.9867201426024956,159178.86898395722,21143852.0,271.0,191682.0,104.0,20706.75965665236,2021-07-11,Medio,Corta
41,41,2021-07,1094.0,432179.92,3.0331809872029254,159659.17550274223,21143852.0,271.0,191682.0,104.0,20706.75965665236,2021-07-12,Alto,Media
37,37,2021-07,1107.0,408608.49,3.0075880758807587,154964.96386630533,21143852.0,271.0,191682.0,104.0,20706.75965665236,2021-07-13,Medio,Corta
27,27,2021-07,1099.0,406808.54,2.9937215650591447,157546.72702456778,21143852.0,271.0,191682.0,104.0,20706.75965665236,2021-07-14,Medio,Corta
39,39,2021-07,1083.0,378670.15,3.0545706371191135,155680.75807940905,21143852.0,271.0,191682.0,104.0,20706.75965665236,2021-07-15,Bajo,Larga
44,44,2021-07,999.0,363511.68,2.934034034034034,155169.15815815816,21143852.0,271.0,191682.0,104.0,20706.75965665236,2021-07-16,Bajo,Corta
65,65,2021-07,1141.0,413238.11,2.898247151621385,153757.9097283085,21143852.0,271.0,191682.0,104.0,20706.75965665236,2021-07-17,Medio,Corta
56,55,2021-07,1104.0,432835.72,2.9549818840579714,154723.00543478262,21143852.0,271.0,191682.0,104.0,20706.75965665236,2021-07-18,Alto,Corta
44,44,2021-07,1119.0,425774.01,2.9731009830205544,156530.6255585344,21143852.0,271.0,191682.0,104.0,20706.75965665236,2021-07-19,Alto,Corta
34,34,2021-07,1174.0,431269.07,3.0163543441226572,153006.2146507666,21143852.0,271.0,191682.0,104.0,20706.75965665236,2021-07-20,Alto,Media
35,35,2021-07,1135.0,436249.97,3.075066079295154,154135.60440528634,21143852.0,271.0,191682.0,104.0,20706.75965665236,2021-07-21,Alto,Larga
33,33,2021-07,1090.0,413289.91,3.013302752293578,157600.14678899082,21143852.0,271.0,191682.0,104.0,20706.75965665236,2021-07-22,Medio,Media
45,45,2021-07,1118.0,416291.21,2.992039355992844,155326.801431127,21143852.0,271.0,191682.0,104.0,20706.75965665236,2021-07-23,Medio,Corta
33,33,2021-07,1080.0,399163.71,3.038148148148148,153230.0398148148,21143852.0,271.0,191682.0,104.0,20706.75965665236,2021-07-24,Bajo,Media
46,46,2021-07,1128.0,405394.55,3.004964539007092,159873.77659574468,21143852.0,271.0,191682.0,104.0,20706.75965665236,2021-07-25,Medio,Corta
25,25,2021-07,1082.0,407766.79,2.992329020332717,156660.44085027726,21143852.0,271.0,191682.0,104.0,20706.75965665236,2021-07-26,Medio,Corta
31,31,2021-07,1127.0,422466.45,3.0027506654835845,157073.58651286602,21143852.0,271.0,191682.0,104.0,20706.75965665236,2021-07-27,Alto,Corta
36,36,2021-07,1075.0,422361.82,3.065581395348837,155209.44279069768,21143852.0,271.0,191682.0,104.0,20706.75965665236,2021-07-28,Alto,Larga
36,36,2021-07,1149.0,420566.27,3.0482158398607484,154673.72932985204,21143852.0,271.0,191682.0,104.0,20706.75965665236,2021-07-29,Alto,Larga
36,36,2021-07,1114.0,385545.89,3.03016157989228,154131.48743267506,21143852.0,271.0,191682.0,104.0,20706.75965665236,2021-07-30,Bajo,Media
51,51,2021-07,1132.0,442052.23,3.0419611307420493,152906.08303886926,21143852.0,271.0,191682.0,104.0,20706.75965665236,2021-07-31,Alto,Media
50,50,2021-08,1048.0,404202.11,3.113931297709924,156031.59732824427,21554857.0,1371.0,181747.0,106.0,20401.24352331606,2021-08-01,Medio,Larga
42,42,2021-08,1056.0,399248.25,3.0446022727272726,155780.42897727274,21554857.0,1371.0,181747.0,106.0,20401.24352331606,2021-08-02,Bajo,Media
32,32,2021-08,1071.0,400931.8,2.949299719887955,154635.65359477125,21554857.0,1371.0,181747.0,106.0,20401.24352331606,2021-08-03,Bajo,Corta
28,28,2021-08,1130.0,438589.07,3.079380530973451,154449.33982300884,21554857.0,1371.0,181747.0,106.0,20401.24352331606,2021-08-04,Alto,Larga
37,37,2021-08,1080.0,400738.08,3.043425925925926,154883.6435185185,21554857.0,1371.0,181747.0,106.0,20401.24352331606,2021-08-05,Bajo,Media
49,49,2021-08,1127.0,444487.48,2.990594498669033,152828.28837622007,21554857.0,1371.0,181747.0,106.0,20401.24352331606,2021-08-06,Alto,Corta
40,40,2021-08,1111.0,415700.17,2.95985598559856,156361.37803780378,21554857.0,1371.0,181747.0,106.0,20401.24352331606,2021-08-07,Medio,Corta
69,69,2021-08,1122.0,414837.69,3.0492869875222817,154449.7263814617,21554857.0,1371.0,181747.0,106.0,20401.24352331606,2021-08-08,Medio,Larga
33,33,2021-08,1103.0,396183.09,2.9678150498640075,153089.2447869447,21554857.0,1371.0,181747.0,106.0,20401.24352331606,2021-08-09,Bajo,Corta
37,37,2021-08,1087.0,402574.8,3.0217111315547376,155520.67249310028,21554857.0,1371.0,181747.0,106.0,20401.24352331606,2021-08-10,Medio,Media
33,33,2021-08,1104.0,415986.77,3.0184782608695655,160359.71286231885,21554857.0,1371.0,181747.0,106.0,20401.24352331606,2021-08-11,Medio,Media
34,34,2021-08,1135.0,428450.38,3.061850220264317,157985.73303964757,21554857.0,1371.0,181747.0,106.0,20401.24352331606,2021-08-12,Alto,Larga
47,47,2021-08,1124.0,417563.74,3.038345195729537,156728.90480427045,21554857.0,1371.0,181747.0,106.0,20401.24352331606,2021-08-13,Alto,Media
56,56,2021-08,1168.0,437786.83,2.9934931506849316,154818.42465753425,21554857.0,1371.0,181747.0,106.0,20401.24352331606,2021-08-14,Alto,Corta
46,46,2021-08,1060.0,406778.73,2.9773584905660377,156880.50566037736,21554857.0,1371.0,181747.0,106.0,20401.24352331606,2021-08-15,Medio,Corta
45,45,2021-08,1082.0,405749.78,3.0064695009242146,153332.36229205175,21554857.0,1371.0,181747.0,106.0,20401.24352331606,2021-08-16,Medio,Corta
45,45,2021-08,1086.0,406498.77999999997,3.0197974217311234,156905.09392265193,21554857.0,1371.0,181747.0,106.0,20401.24352331606,2021-08-17,Medio,Media
36,36,2021-08,1086.0,394332.53,3.028084714548803,156465.42081031308,21554857.0,1371.0,181747.0,106.0,20401.24352331606,2021-08-18,Bajo,Media
36,36,2021-08,1066.0,391058.01,2.9712007504690434,154492.31801125704,21554857.0,1371.0,181747.0,106.0,20401.24352331606,2021-08-19,Bajo,Corta
34,34,2021-08,1131.0,426574.58,2.976127320954907,151138.28205128206,21554857.0,1371.0,181747.0,106.0,20401.24352331606,2021-08-20,Alto,Corta
44,44,2021-08,1120.0,401635.75,3.0291964285714283,156294.975,21554857.0,1371.0,181747.0,106.0,20401.24352331606,2021-08-21,Bajo,Media
57,57,2021-08,1105.0,410642.35,3.0499547511312217,153831.02081447965,21554857.0,1371.0,181747.0,106.0,20401.24352331606,2021-08-22,Medio,Larga
37,37,2021-08,1088.0,406457.16,3.0340073529411766,157529.19209558822,21554857.0,1371.0,181747.0,106.0,20401.24352331606,2021-08-23,Medio,Media
30,30,2021-08,1121.0,418030.67,2.92221231043711,154231.79125780554,21554857.0,1371.0,181747.0,106.0,20401.24352331606,2021-08-24,Alto,Corta
38,38,2021-08,1050.0,396647.54,2.992095238095238,152644.04476190475,21554857.0,1371.0,181747.0,106.0,20401.24352331606,2021-08-25,Bajo,Corta
37,37,2021-08,1175.0,421025.27,2.9854468085106385,155686.86042553192,21554857.0,1371.0,181747.0,106.0,20401.24352331606,2021-08-26,Alto,Corta
34,34,2021-08,1092.0,388516.06,3.0063186813186813,156775.21978021978,21554857.0,1371.0,181747.0,106.0,20401.24352331606,2021-08-27,Bajo,Corta
53,53,2021-08,1040.0,367218.61,3.003269230769231,153018.22596153847,21554857.0,1371.0,181747.0,106.0,20401.24352331606,2021-08-28,Bajo,Corta
61,61,2021-08,1095.0,403789.43,3.076255707762557,155385.57534246575,21554857.0,1371.0,181747.0,106.0,20401.24352331606,2021-08-29,Medio,Larga
33,33,2021-08,1149.0,417327.08,2.991906005221932,153683.43864229764,21554857.0,1371.0,181747.0,106.0,20401.24352331606,2021-08-30,Alto,Corta
36,36,2021-08,1095.0,410562.96,3.0043835616438357,154399.55251141553,21554857.0,1371.0,181747.0,106.0,20401.24352331606,2021-08-31,Medio,Corta
28,28,2021-09,1139.0,410586.57,3.0727831431079897,156896.2818261633,22791763.0,2201.0,197887.0,114.0,20253.00859598854,2021-09-01,Medio,Larga
31,31,2021-09,1122.0,418197.65,2.969875222816399,154992.0008912656,22791763.0,2201.0,197887.0,114.0,20253.00859598854,2021-09-02,Alto,Corta
43,42,2021-09,1065.0,387471.57,3.0089201877934273,153932.88638497653,22791763.0,2201.0,197887.0,114.0,20253.00859598854,2021-09-03,Bajo,Media
47,47,2021-09,1133.0,422411.57,3.017917034421889,153064.2321270962,22791763.0,2201.0,197887.0,114.0,20253.00859598854,2021-09-04,Alto,Media
58,58,2021-09,1098.0,398795.92,3.120491803278689,156154.514571949,22791763.0,2201.0,197887.0,114.0,20253.00859598854,2021-09-05,Bajo,Larga
49,49,2021-09,1104.0,436090.12,3.0088768115942033,155495.59057971014,22791763.0,2201.0,197887.0,114.0,20253.00859598854,2021-09-06,Alto,Media
39,39,2021-09,1093.0,409196.86,3.0295516925892043,155207.44098810613,22791763.0,2201.0,197887.0,114.0,20253.00859598854,2021-09-07,Medio,Media
32,32,2021-09,1053.0,405812.68,3.0331433998100668,151302.9420702754,22791763.0,2201.0,197887.0,114.0,20253.00859598854,2021-09-08,Medio,Media
35,35,2021-09,1119.0,436405.56,3.055764075067024,155974.74441465593,22791763.0,2201.0,197887.0,114.0,20253.00859598854,2021-09-09,Alto,Larga
44,44,2021-09,1055.0,383354.73,2.985023696682464,147165.28436018957,22791763.0,2201.0,197887.0,114.0,20253.00859598854,2021-09-10,Bajo,Corta
43,43,2021-09,1086.0,412557.79,3.0611418047882135,152128.7375690608,22791763.0,2201.0,197887.0,114.0,20253.00859598854,2021-09-11,Medio,Larga
52,52,2021-09,1135.0,413220.2,3.060704845814978,155486.6396475771,22791763.0,2201.0,197887.0,114.0,20253.00859598854,2021-09-12,Medio,Larga
41,41,2021-09,1108.0,416403.38,3.0641696750902527,152165.6633574007,22791763.0,2201.0,197887.0,114.0,20253.00859598854,2021-09-13,Medio,Larga
42,42,2021-09,1127.0,445808.0,2.9970718722271514,152523.99378881988,22791763.0,2201.0,197887.0,114.0,20253.00859598854,2021-09-14,Alto,Corta
27,27,2021-09,1155.0,434116.44,3.0335064935064935,153218.40865800864,22791763.0,2201.0,197887.0,114.0,20253.00859598854,2021-09-15,Alto,Media
37,37,2021-09,1121.0,435704.3,3.0542372881355933,157729.4255129349,22791763.0,2201.0,197887.0,114.0,20253.00859598854,2021-09-16,Alto,Larga
45,44,2021-09,1093.0,414350.69,3.0548947849954255,154745.70814272645,22791763.0,2201.0,197887.0,114.0,20253.00859598854,2021-09-17,Medio,Larga
50,50,2021-09,1162.0,415271.78,3.00249569707401,151528.69621342514,22791763.0,2201.0,197887.0,114.0,20253.00859598854,2021-09-18,Medio,Corta
73,72,2021-09,1071.0,395049.19,3.0498599439775913,155872.4014939309,22791763.0,2201.0,197887.0,114.0,20253.00859598854,2021-09-19,Bajo,Larga
43,43,2021-09,1045.0,396873.93,3.0298564593301434,158484.40765550238,22791763.0,2201.0,197887.0,114.0,20253.00859598854,2021-09-20,Bajo,Media
42,42,2021-09,1116.0,430563.45,2.9849462365591397,152612.27956989247,22791763.0,2201.0,197887.0,114.0,20253.00859598854,2021-09-21,Alto,Corta
36,36,2021-09,1097.0,413028.66,3.072835004557885,153229.8906107566,22791763.0,2201.0,197887.0,114.0,20253.00859598854,2021-09-22,Medio,Larga
37,37,2021-09,1131.0,420933.24,3.056233421750663,155386.71352785145,22791763.0,2201.0,197887.0,114.0,20253.00859598854,2021-09-23,Alto,Larga
47,47,2021-09,1128.0,418320.93,2.991755319148936,152236.1684397163,22791763.0,2201.0,197887.0,114.0,20253.00859598854,2021-09-24,Alto,Corta
51,51,2021-09,1066.0,397839.17,3.0785178236397748,157211.9971857411,22791763.0,2201.0,197887.0,114.0,20253.00859598854,2021-09-25,Bajo,Larga
67,67,2021-09,1099.0,413861.79,3.0637852593266603,149919.4567788899,22791763.0,2201.0,197887.0,114.0,20253.00859598854,2021-09-26,Medio,Larga
43,43,2021-09,1058.0,389397.96,3.0338374291115313,152978.88941398865,22791763.0,2201.0,197887.0,114.0,20253.00859598854,2021-09-27,Bajo,Media
37,37,2021-09,1069.0,409967.9,3.0962581852198316,153643.00935453695,22791763.0,2201.0,197887.0,114.0,20253.00859598854,2021-09-28,Medio,Larga
28,28,2021-09,1087.0,420539.06,2.98721251149954,150230.09475620976,22791763.0,2201.0,197887.0,114.0,20253.00859598854,2021-09-29,Alto,Corta
29,29,2021-09,1074.0,385064.39,3.005679702048417,152560.22067039105,22791763.0,2201.0,197887.0,114.0,20253.00859598854,2021-09-30,Bajo,Corta
36,35,2021-10,1070.0,399476.22,3.0181308411214953,156061.16261682243,25248632.0,89.0,207033.0,115.0,20352.880075542966,2021-10-01,Bajo,Media
44,44,2021-10,1112.0,431734.12,3.0162769784172663,154976.7383093525,25248632.0,89.0,207033.0,115.0,20352.880075542966,2021-10-02,Alto,Media
62,62,2021-10,1103.0,430957.13,2.98739800543971,154957.05077062556,25248632.0,89.0,207033.0,115.0,20352.880075542966,2021-10-03,Alto,Corta
35,35,2021-10,1041.0,401445.49,3.035446685878963,152770.35734870317,25248632.0,89.0,207033.0,115.0,20352.880075542966,2021-10-04,Bajo,Media
30,30,2021-10,1098.0,395136.98,3.043078324225865,156799.5655737705,25248632.0,89.0,207033.0,115.0,20352.880075542966,2021-10-05,Bajo,Media
31,31,2021-10,1072.0,394782.71,2.9638059701492536,153233.6697761194,25248632.0,89.0,207033.0,115.0,20352.880075542966,2021-10-06,Bajo,Corta
40,40,2021-10,1058.0,391331.16,3.0611531190926273,156368.65784499055,25248632.0,89.0,207033.0,115.0,20352.880075542966,2021-10-07,Bajo,Larga
48,47,2021-10,1133.0,415552.22,2.997793468667255,153558.80052956752,25248632.0,89.0,207033.0,115.0,20352.880075542966,2021-10-08,Medio,Corta
50,50,2021-10,1093.0,421283.54,2.8964318389752974,155152.12076852698,25248632.0,89.0,207033.0,115.0,20352.880075542966,2021-10-09,Alto,Corta
50,50,2021-10,1112.0,401693.5,3.1285071942446043,151127.0701438849,25248632.0,89.0,207033.0,115.0,20352.880075542966,2021-10-10,Bajo,Larga
37,37,2021-10,1123.0,407043.72,3.0475512021371327,154819.0035618878,25248632.0,89.0,207033.0,115.0,20352.880075542966,2021-10-11,Medio,Larga
35,35,2021-10,1097.0,425133.84,2.999361896080219,152045.0902461258,25248632.0,89.0,207033.0,115.0,20352.880075542966,2021-10-12,Alto,Corta
37,37,2021-10,1053.0,394959.76,3.0677113010446346,157517.7094017094,25248632.0,89.0,207033.0,115.0,20352.880075542966,2021-10-13,Bajo,Larga
39,39,2021-10,1124.0,424101.11,3.0072953736654804,150230.13612099644,25248632.0,89.0,207033.0,115.0,20352.880075542966,2021-10-14,Alto,Corta
38,38,2021-10,1022.0,376893.0,3.038454011741683,156863.76712328766,25248632.0,89.0,207033.0,115.0,20352.880075542966,2021-10-15,Bajo,Media
59,59,2021-10,1082.0,423119.13,3.098521256931608,153549.06377079483,25248632.0,89.0,207033.0,115.0,20352.880075542966,2021-10-16,Alto,Larga
60,60,2021-10,1061.0,383831.52,3.0396795475966067,153767.96512723845,25248632.0,89.0,207033.0,115.0,20352.880075542966,2021-10-17,Bajo,Media
44,44,2021-10,1084.0,392969.33,2.9795202952029523,153636.0728782288,25248632.0,89.0,207033.0,115.0,20352.880075542966,2021-10-18,Bajo,Corta
42,42,2021-10,1120.0,426373.19,2.9054464285714285,154357.14464285714,25248632.0,89.0,207033.0,115.0,20352.880075542966,2021-10-19,Alto,Corta
41,41,2021-10,1098.0,414486.98,3.0895264116575594,156531.02094717667,25248632.0,89.0,207033.0,115.0,20352.880075542966,2021-10-20,Medio,Larga
32,32,2021-10,1132.0,422000.11,3.0378975265017667,152187.19169611306,25248632.0,89.0,207033.0,115.0,20352.880075542966,2021-10-21,Alto,Media
44,44,2021-10,1043.0,398776.32,2.9864813039309683,159022.44487056567,25248632.0,89.0,207033.0,115.0,20352.880075542966,2021-10-22,Bajo,Corta
42,42,2021-10,1072.0,442067.08,3.011847014925373,155357.10820895524,25248632.0,89.0,207033.0,115.0,20352.880075542966,2021-10-23,Alto,Media
46,46,2021-10,1108.0,413375.04,2.9827617328519858,148921.6236462094,25248632.0,89.0,207033.0,115.0,20352.880075542966,2021-10-24,Medio,Corta
32,32,2021-10,1067.0,423098.08,3.0507966260543578,157624.93345829428,25248632.0,89.0,207033.0,115.0,20352.880075542966,2021-10-25,Alto,Larga
31,31,2021-10,1079.0,387634.52,3.0410565338276183,159181.8480074143,25248632.0,89.0,207033.0,115.0,20352.880075542966,2021-10-26,Bajo,Media
35,35,2021-10,1067.0,415613.74,3.1097469540768508,156254.39737582006,25248632.0,89.0,207033.0,115.0,20352.880075542966,2021-10-27,Medio,Larga
33,33,2021-10,1110.0,407727.89,2.9856756756756755,152114.82792792792,25248632.0,89.0,207033.0,115.0,20352.880075542966,2021-10-28,Medio,Corta
37,37,2021-10,1061.0,396760.96,3.025636192271442,152945.36475023563,25248632.0,89.0,207033.0,115.0,20352.880075542966,2021-10-29,Bajo,Media
38,38,2021-10,1075.0,384116.9,3.1310697674418604,157251.45860465115,25248632.0,89.0,207033.0,115.0,20352.880075542966,2021-10-30,Bajo,Larga
49,49,2021-10,1107.0,418006.85,3.091869918699187,154471.61517615177,25248632.0,89.0,207033.0,115.0,20352.880075542966,2021-10-31,Alto,Larga
35,35,2021-11,1111.0,389752.94,3.0513951395139514,154032.57695769577,23782205.0,45.0,203518.0,115.0,19884.324834749765,2021-11-01,Bajo,Larga
25,25,2021-11,1129.0,423189.97,2.987599645704163,157560.80425155006,23782205.0,45.0,203518.0,115.0,19884.324834749765,2021-11-02,Alto,Corta
35,35,2021-11,1110.0,426668.73,2.9826126126126122,151215.40900900902,23782205.0,45.0,203518.0,115.0,19884.324834749765,2021-11-03,Alto,Corta
30,30,2021-11,1143.0,431680.57,3.032983377077865,157708.43307086613,23782205.0,45.0,203518.0,115.0,19884.324834749765,2021-11-04,Alto,Media
43,43,2021-11,1097.0,434871.06,3.0352780309936187,152567.29261622607,23782205.0,45.0,203518.0,115.0,19884.324834749765,2021-11-05,Alto,Media
45,45,2021-11,1135.0,408746.43,2.9904845814977974,157992.56387665198,23782205.0,45.0,203518.0,115.0,19884.324834749765,2021-11-06,Medio,Corta
53,53,2021-11,1117.0,435580.57,2.930170098478066,155893.29543419875,23782205.0,45.0,203518.0,115.0,19884.324834749765,2021-11-07,Alto,Corta
46,46,2021-11,1100.0,397817.25,3.0036363636363634,154300.85363636364,23782205.0,45.0,203518.0,115.0,19884.324834749765,2021-11-08,Bajo,Corta
39,39,2021-11,1091.0,415684.97,2.955820348304308,154903.21173235564,23782205.0,45.0,203518.0,115.0,19884.324834749765,2021-11-09,Medio,Corta
38,38,2021-11,1107.0,409716.32,3.0841011743450766,155229.9620596206,23782205.0,45.0,203518.0,115.0,19884.324834749765,2021-11-10,Medio,Larga
42,42,2021-11,1095.0,416003.09,2.987214611872146,152249.58721461188,23782205.0,45.0,203518.0,115.0,19884.324834749765,2021-11-11,Medio,Corta
48,48,2021-11,1037.0,372594.66,3.0717454194792673,156779.24783027967,23782205.0,45.0,203518.0,115.0,19884.324834749765,2021-11-12,Bajo,Larga
63,63,2021-11,1064.0,400066.15,3.0016917293233085,161417.5159774436,23782205.0,45.0,203518.0,115.0,19884.324834749765,2021-11-13,Bajo,Corta
63,63,2021-11,1057.0,377104.17,3.0438978240302745,155980.02459791864,23782205.0,45.0,203518.0,115.0,19884.324834749765,2021-11-14,Bajo,Media
49,49,2021-11,1092.0,406195.76,3.1286630036630036,158597.815018315,23782205.0,45.0,203518.0,115.0,19884.324834749765,2021-11-15,Medio,Larga
43,43,2021-11,1051.0,374011.64,2.962987630827783,157822.32635585158,23782205.0,45.0,203518.0,115.0,19884.324834749765,2021-11-16,Bajo,Corta
34,34,2021-11,1121.0,427918.99,3.0251561106155216,154711.43532560213,23782205.0,45.0,203518.0,115.0,19884.324834749765,2021-11-17,Alto,Media
46,46,2021-11,1115.0,429328.84,3.022242152466368,153517.56233183856,23782205.0,45.0,203518.0,115.0,19884.324834749765,2021-11-18,Alto,Media
40,40,2021-11,1084.0,405151.13,2.9826568265682654,157733.71494464946,23782205.0,45.0,203518.0,115.0,19884.324834749765,2021-11-19,Medio,Corta
54,54,2021-11,1044.0,402488.51,3.032567049808429,156787.26053639848,23782205.0,45.0,203518.0,115.0,19884.324834749765,2021-11-20,Medio,Media
54,54,2021-11,1052.0,415279.41,3.045722433460076,158875.1891634981,23782205.0,45.0,203518.0,115.0,19884.324834749765,2021-11-21,Medio,Larga
46,46,2021-11,1095.0,411644.3,3.0111415525114156,155026.7525114155,23782205.0,45.0,203518.0,115.0,19884.324834749765,2021-11-22,Medio,Media
30,30,2021-11,1103.0,407512.84,2.9680870353581144,154236.60652765186,23782205.0,45.0,203518.0,115.0,19884.324834749765,2021-11-23,Medio,Corta
45,45,2021-11,1025.0,380070.55,3.0389268292682927,155642.796097561,23782205.0,45.0,203518.0,115.0,19884.324834749765,2021-11-24,Bajo,Media
35,35,2021-11,1135.0,421736.75,2.975330396475771,158874.8220264317,23782205.0,45.0,203518.0,115.0,19884.324834749765,2021-11-25,Alto,Corta
38,38,2021-11,1072.0,405065.05,3.073134328358209,151501.73694029852,23782205.0,45.0,203518.0,115.0,19884.324834749765,2021-11-26,Medio,Larga
51,51,2021-11,1114.0,426108.16,3.008438061041293,153658.54219030522,23782205.0,45.0,203518.0,115.0,19884.324834749765,2021-11-27,Alto,Corta
47,47,2021-11,1086.0,413866.15,2.997882136279926,154484.17495395947,23782205.0,45.0,203518.0,115.0,19884.324834749765,2021-11-28,Medio,Corta
45,45,2021-11,1068.0,424420.6,3.039887640449438,152357.12827715356,23782205.0,45.0,203518.0,115.0,19884.324834749765,2021-11-29,Alto,Media
36,36,2021-11,1065.0,401406.51,3.0509859154929577,153681.66854460095,23782205.0,45.0,203518.0,115.0,19884.324834749765,2021-11-30,Bajo,Larga
35,35,2021-12,1075.0,412605.67,3.0706976744186045,158783.3581395349,28400474.0,47.0,217785.0,115.0,19936.439888164026,2021-12-01,Medio,Larga
38,38,2021-12,1122.0,432860.71,3.004367201426025,158767.08467023174,28400474.0,47.0,217785.0,115.0,19936.439888164026,2021-12-02,Alto,Corta
54,54,2021-12,1099.0,397360.54,3.0122838944494994,157719.81710646042,28400474.0,47.0,217785.0,115.0,19936.439888164026,2021-12-03,Bajo,Media
45,45,2021-12,1087.0,392789.97,3.047470101195952,154276.64581416742,28400474.0,47.0,217785.0,115.0,19936.439888164026,2021-12-04,Bajo,Larga
49,49,2021-12,1087.0,400610.67,3.055473781048758,152284.45354185833,28400474.0,47.0,217785.0,115.0,19936.439888164026,2021-12-05,Bajo,Larga
38,38,2021-12,1075.0,399062.02,3.057395348837209,154083.89953488373,28400474.0,47.0,217785.0,115.0,19936.439888164026,2021-12-06,Bajo,Larga
40,40,2021-12,1094.0,418220.38,2.98473491773309,152919.71937842778,28400474.0,47.0,217785.0,115.0,19936.439888164026,2021-12-07,Alto,Corta
48,48,2021-12,1050.0,404633.13,3.1197142857142857,154089.80666666667,28400474.0,47.0,217785.0,115.0,19936.439888164026,2021-12-08,Medio,Larga
28,28,2021-12,1087.0,406677.0,2.9993560257589698,156492.34774609015,28400474.0,47.0,217785.0,115.0,19936.439888164026,2021-12-09,Medio,Corta
41,41,2021-12,1052.0,396521.73,3.03041825095057,153258.7908745247,28400474.0,47.0,217785.0,115.0,19936.439888164026,2021-12-10,Bajo,Media
46,46,2021-12,1004.0,357459.81,2.9908366533864545,151038.49501992032,28400474.0,47.0,217785.0,115.0,19936.439888164026,2021-12-11,Bajo,Corta
43,43,2021-12,1094.0,381615.52,3.0320840950639854,152928.20566727605,28400474.0,47.0,217785.0,115.0,19936.439888164026,2021-12-12,Bajo,Media
31,31,2021-12,1051.0,396756.92,2.941008563273073,151511.85918173168,28400474.0,47.0,217785.0,115.0,19936.439888164026,2021-12-13,Bajo,Corta
33,33,2021-12,1129.0,405597.38,3.025686448184234,154249.31443755535,28400474.0,47.0,217785.0,115.0,19936.439888164026,2021-12-14,Medio,Media
29,29,2021-12,1129.0,420285.23,3.077945084145261,158121.87953941541,28400474.0,47.0,217785.0,115.0,19936.439888164026,2021-12-15,Alto,Larga
33,33,2021-12,1110.0,443527.51,3.0632432432432433,157864.9189189189,28400474.0,47.0,217785.0,115.0,19936.439888164026,2021-12-16,Alto,Larga
39,39,2021-12,1116.0,428104.65,2.9766129032258064,157704.97670250895,28400474.0,47.0,217785.0,115.0,19936.439888164026,2021-12-17,Alto,Corta
51,51,2021-12,1085.0,433123.27,3.0663594470046083,152734.27096774193,28400474.0,47.0,217785.0,115.0,19936.439888164026,2021-12-18,Alto,Larga
56,56,2021-12,1084.0,399926.91,2.9735239852398525,155096.7463099631,28400474.0,47.0,217785.0,115.0,19936.439888164026,2021-12-19,Bajo,Corta
46,46,2021-12,1129.0,414727.27,3.0734278122232066,153461.61470327724,28400474.0,47.0,217785.0,115.0,19936.439888164026,2021-12-20,Medio,Larga
41,41,2021-12,1093.0,420603.9,3.0964318389752976,151346.14547118024,28400474.0,47.0,217785.0,115.0,19936.439888164026,2021-12-21,Alto,Larga
40,40,2021-12,1150.0,446073.0,2.995913043478261,155623.8860869565,28400474.0,47.0,217785.0,115.0,19936.439888164026,2021-12-22,Alto,Corta
45,45,2021-12,1104.0,421527.56,3.0615942028985508,156133.3885869565,28400474.0,47.0,217785.0,115.0,19936.439888164026,2021-12-23,Alto,Larga
57,57,2021-12,1082.0,428599.1,2.9750462107208873,151791.82439926063,28400474.0,47.0,217785.0,115.0,19936.439888164026,2021-12-24,Alto,Corta
66,66,2021-12,1121.0,421847.03,3.0234611953612847,155280.1480820696,28400474.0,47.0,217785.0,115.0,19936.439888164026,2021-12-25,Alto,Media
44,44,2021-12,1104.0,383159.7,3.0269927536231886,153811.41576086957,28400474.0,47.0,217785.0,115.0,19936.439888164026,2021-12-26,Bajo,Media
34,34,2021-12,1116.0,406516.76,2.9947132616487453,156599.21146953406,28400474.0,47.0,217785.0,115.0,19936.439888164026,2021-12-27,Medio,Corta
40,40,2021-12,1074.0,409504.72,2.9814711359404096,158598.12290502794,28400474.0,47.0,217785.0,115.0,19936.439888164026,2021-12-28,Medio,Corta
40,40,2021-12,1137.0,412343.47,3.1025505716798594,155067.436235708,28400474.0,47.0,217785.0,115.0,19936.439888164026,2021-12-29,Medio,Larga
46,46,2021-12,1115.0,417816.0,3.093811659192825,154934.77578475335,28400474.0,47.0,217785.0,115.0,19936.439888164026,2021-12-30,Alto,Larga
46,46,2021-12,1058.0,384800.64,3.095746691871456,153475.99810964084,28400474.0,47.0,217785.0,115.0,19936.439888164026,2021-12-31,Bajo,Larga
81,81,2022-01,1077.0,399444.73,3.088022284122563,151022.93500464252,27434860.0,119.0,185858.0,116.0,21115.518824609735,2022-01-01,Bajo,Larga
56,56,2022-01,1076.0,435602.09,3.017565055762082,155038.38661710036,27434860.0,119.0,185858.0,116.0,21115.518824609735,2022-01-02,Alto,Media
52,52,2022-01,1085.0,392761.25,3.064147465437788,155915.2470046083,27434860.0,119.0,185858.0,116.0,21115.518824609735,2022-01-03,Bajo,Larga
48,48,2022-01,1065.0,406840.95,2.984694835680751,154169.56713615023,27434860.0,119.0,185858.0,116.0,21115.518824609735,2022-01-04,Medio,Corta
52,52,2022-01,1033.0,392524.57,3.100484027105518,156429.94482090996,27434860.0,119.0,185858.0,116.0,21115.518824609735,2022-01-05,Bajo,Larga
40,40,2022-01,1055.0,390177.36,3.081137440758294,156962.84075829384,27434860.0,119.0,185858.0,116.0,21115.518824609735,2022-01-06,Bajo,Larga
37,37,2022-01,1101.0,413895.13,3.097275204359673,154105.14350590372,27434860.0,119.0,185858.0,116.0,21115.518824609735,2022-01-07,Medio,Larga
61,61,2022-01,1062.0,416679.78,3.0392655367231636,154834.34745762713,27434860.0,119.0,185858.0,116.0,21115.518824609735,2022-01-08,Medio,Media
56,56,2022-01,1077.0,415057.8,3.0535747446610957,156840.9062209842,27434860.0,119.0,185858.0,116.0,21115.518824609735,2022-01-09,Medio,Larga
50,50,2022-01,1137.0,425432.14,2.988830255057168,154737.22339489884,27434860.0,119.0,185858.0,116.0,21115.518824609735,2022-01-10,Alto,Corta
35,35,2022-01,1057.0,408035.21,3.023841059602649,157080.32734153263,27434860.0,119.0,185858.0,116.0,21115.518824609735,2022-01-11,Medio,Media
43,43,2022-01,1181.0,428921.99,3.1095681625740896,156814.2303132938,27434860.0,119.0,185858.0,116.0,21115.518824609735,2022-01-12,Alto,Larga
35,34,2022-01,1134.0,428032.16,3.075661375661376,156613.83686067018,27434860.0,119.0,185858.0,116.0,21115.518824609735,2022-01-13,Alto,Larga
45,45,2022-01,1119.0,421016.85,2.999106344950849,151965.11528150135,27434860.0,119.0,185858.0,116.0,21115.518824609735,2022-01-14,Alto,Corta
60,60,2022-01,1124.0,400786.95,2.9941281138790035,154650.14145907474,27434860.0,119.0,185858.0,116.0,21115.518824609735,2022-01-15,Bajo,Corta
51,51,2022-01,1107.0,416551.62,2.9675700090334236,156019.891598916,27434860.0,119.0,185858.0,116.0,21115.518824609735,2022-01-16,Medio,Corta
47,47,2022-01,1048.0,388288.78,3.005057251908397,161610.75954198473,27434860.0,119.0,185858.0,116.0,21115.518824609735,2022-01-17,Bajo,Corta
38,38,2022-01,1125.0,437032.15,2.9780444444444445,154379.048,27434860.0,119.0,185858.0,116.0,21115.518824609735,2022-01-18,Alto,Corta
37,37,2022-01,1073.0,394431.1,3.088816402609506,156442.75862068965,27434860.0,119.0,185858.0,116.0,21115.518824609735,2022-01-19,Bajo,Larga
43,43,2022-01,1032.0,385275.91,3.005232558139535,147999.4108527132,27434860.0,119.0,185858.0,116.0,21115.518824609735,2022-01-20,Bajo,Corta
40,40,2022-01,1123.0,409051.52,3.0155832591273373,152768.55476402494,27434860.0,119.0,185858.0,116.0,21115.518824609735,2022-01-21,Medio,Media
53,53,2022-01,1085.0,423043.92,3.1130875576036865,154593.80460829494,27434860.0,119.0,185858.0,116.0,21115.518824609735,2022-01-22,Alto,Larga
49,49,2022-01,1108.0,416508.58,2.98014440433213,154995.92418772564,27434860.0,119.0,185858.0,116.0,21115.518824609735,2022-01-23,Medio,Corta
43,43,2022-01,1063.0,402966.5,3.049952963311383,158154.7281279398,27434860.0,119.0,185858.0,116.0,21115.518824609735,2022-01-24,Medio,Larga
44,44,2022-01,1113.0,395685.24,2.999011680143756,153384.79604672058,27434860.0,119.0,185858.0,116.0,21115.518824609735,2022-01-25,Bajo,Corta
42,42,2022-01,1131.0,414078.94,3.0628647214854112,157224.49602122017,27434860.0,119.0,185858.0,116.0,21115.518824609735,2022-01-26,Medio,Larga
42,42,2022-01,1044.0,390980.19,3.0284482758620688,153523.8764367816,27434860.0,119.0,185858.0,116.0,21115.518824609735,2022-01-27,Bajo,Media
42,42,2022-01,1109.0,419415.06,3.1413886384129848,155212.7565374211,27434860.0,119.0,185858.0,116.0,21115.518824609735,2022-01-28,Alto,Larga
47,47,2022-01,1122.0,420377.58,3.0368983957219253,156895.49376114082,27434860.0,119.0,185858.0,116.0,21115.518824609735,2022-01-29,Alto,Media
59,59,2022-01,1043.0,376027.68,2.9832214765100673,152205.5139022052,27434860.0,119.0,185858.0,116.0,21115.518824609735,2022-01-30,Bajo,Corta
50,50,2022-01,1082.0,398712.33,3.0800369685767097,156016.8706099815,27434860.0,119.0,185858.0,116.0,21115.518824609735,2022-01-31,Bajo,Larga
38,38,2022-02,1111.0,425697.38,3.003060306030603,159040.60216021602,21748285.0,29.0,178662.0,116.0,21444.052044609667,2022-02-01,Alto,Corta
44,44,2022-02,1042.0,407282.81,3.022456813819578,153257.0604606526,21748285.0,29.0,178662.0,116.0,21444.052044609667,2022-02-02,Medio,Media
46,46,2022-02,1040.0,405683.07,2.9665384615384616,155556.97596153847,21748285.0,29.0,178662.0,116.0,21444.052044609667,2022-02-03,Medio,Corta
52,52,2022-02,1052.0,424818.57,3.0500950570342202,156679.04372623574,21748285.0,29.0,178662.0,116.0,21444.052044609667,2022-02-04,Alto,Larga
56,56,2022-02,1100.0,414399.06,3.0203636363636366,156533.53,21748285.0,29.0,178662.0,116.0,21444.052044609667,2022-02-05,Medio,Media
70,70,2022-02,1068.0,419725.68,3.0243445692883895,158216.7406367041,21748285.0,29.0,178662.0,116.0,21444.052044609667,2022-02-06,Alto,Media
44,44,2022-02,1071.0,422045.55,3.0659197012138186,153794.73856209152,21748285.0,29.0,178662.0,116.0,21444.052044609667,2022-02-07,Alto,Larga
39,39,2022-02,1105.0,414496.4,2.959638009049774,160457.24705882353,21748285.0,29.0,178662.0,116.0,21444.052044609667,2022-02-08,Medio,Corta
43,43,2022-02,1113.0,405039.74,3.0425876010781674,153016.70260557052,21748285.0,29.0,178662.0,116.0,21444.052044609667,2022-02-09,Medio,Media
38,38,2022-02,1083.0,413514.48,3.0537396121883655,151701.0646352724,21748285.0,29.0,178662.0,116.0,21444.052044609667,2022-02-10,Medio,Larga
39,39,2022-02,1119.0,433468.78,2.9126005361930294,153471.53351206434,21748285.0,29.0,178662.0,116.0,21444.052044609667,2022-02-11,Alto,Corta
49,49,2022-02,1078.0,408556.09,3.014749536178108,156619.13729128015,21748285.0,29.0,178662.0,116.0,21444.052044609667,2022-02-12,Medio,Media
58,58,2022-02,1060.0,380036.92,2.9723584905660374,155711.63679245283,21748285.0,29.0,178662.0,116.0,21444.052044609667,2022-02-13,Bajo,Corta
39,39,2022-02,1077.0,388380.78,3.0853296193129065,152657.9312906221,21748285.0,29.0,178662.0,116.0,21444.052044609667,2022-02-14,Bajo,Larga
42,42,2022-02,1072.0,402641.77,3.05214552238806,152320.95615671642,21748285.0,29.0,178662.0,116.0,21444.052044609667,2022-02-15,Medio,Larga
52,52,2022-02,1075.0,395377.07,3.0609302325581393,147096.16930232558,21748285.0,29.0,178662.0,116.0,21444.052044609667,2022-02-16,Bajo,Larga
51,51,2022-02,1125.0,427115.79,3.079111111111111,153011.78044444445,21748285.0,29.0,178662.0,116.0,21444.052044609667,2022-02-17,Alto,Larga
35,35,2022-02,1170.0,450086.54,3.0994871794871797,151813.1299145299,21748285.0,29.0,178662.0,116.0,21444.052044609667,2022-02-18,Alto,Larga
65,65,2022-02,1048.0,410613.71,3.073854961832061,154809.44083969467,21748285.0,29.0,178662.0,116.0,21444.052044609667,2022-02-19,Medio,Larga
65,65,2022-02,1076.0,396663.57,2.988661710037175,154992.78996282528,21748285.0,29.0,178662.0,116.0,21444.052044609667,2022-02-20,Bajo,Corta
47,47,2022-02,1091.0,401322.89,3.0250229147571037,154124.59853345554,21748285.0,29.0,178662.0,116.0,21444.052044609667,2022-02-21,Bajo,Media
50,50,2022-02,1133.0,437465.76,2.9910856134157107,153080.1465136805,21748285.0,29.0,178662.0,116.0,21444.052044609667,2022-02-22,Alto,Corta
44,44,2022-02,1136.0,413167.45,2.9644366197183096,155274.69982394367,21748285.0,29.0,178662.0,116.0,21444.052044609667,2022-02-23,Medio,Corta
40,40,2022-02,1074.0,407780.5,3.011359404096834,161938.06517690874,21748285.0,29.0,178662.0,116.0,21444.052044609667,2022-02-24,Medio,Media
41,41,2022-02,1129.0,412014.99,2.9845881310894598,155118.62533215235,21748285.0,29.0,178662.0,116.0,21444.052044609667,2022-02-25,Medio,Corta
50,50,2022-02,1123.0,408536.64,3.1626001780943898,153671.2341941229,21748285.0,29.0,178662.0,116.0,21444.052044609667,2022-02-26,Medio,Larga
52,52,2022-02,1070.0,403896.81,3.057663551401869,153909.14392523366,21748285.0,29.0,178662.0,116.0,21444.052044609667,2022-02-27,Medio,Larga
51,51,2022-02,1110.0,415040.6,3.052252252252252,158492.3018018018,21748285.0,29.0,178662.0,116.0,21444.052044609667,2022-02-28,Medio,Larga
39,39,2022-03,1094.0,409798.51,3.0051188299817184,155482.71663619744,24734507.0,42.0,208103.0,116.0,21342.657992565055,2022-03-01,Medio,Corta
47,47,2022-03,1113.0,436248.09,3.0130278526504943,155367.41239892182,24734507.0,42.0,208103.0,116.0,21342.657992565055,2022-03-02,Alto,Media
42,42,2022-03,1035.0,408648.52,3.013526570048309,153142.65603864734,24734507.0,42.0,208103.0,116.0,21342.657992565055,2022-03-03,Medio,Media
44,44,2022-03,1107.0,407107.78,3.0296296296296297,156280.5654923216,24734507.0,42.0,208103.0,116.0,21342.657992565055,2022-03-04,Medio,Media
54,54,2022-03,1139.0,408195.34,3.145390693590869,157429.74275680422,24734507.0,42.0,208103.0,116.0,21342.657992565055,2022-03-05,Medio,Larga
58,58,2022-03,1062.0,413993.43,3.0290960451977402,153554.21280602636,24734507.0,42.0,208103.0,116.0,21342.657992565055,2022-03-06,Medio,Media
44,44,2022-03,1073.0,402191.42,3.1056849953401677,154949.85088536813,24734507.0,42.0,208103.0,116.0,21342.657992565055,2022-03-07,Bajo,Larga
48,48,2022-03,1123.0,447193.0,3.0070347284060555,155605.3552983081,24734507.0,42.0,208103.0,116.0,21342.657992565055,2022-03-08,Alto,Corta
44,44,2022-03,1108.0,443919.38,3.01615523465704,152470.1678700361,24734507.0,42.0,208103.0,116.0,21342.657992565055,2022-03-09,Alto,Media
38,38,2022-03,1089.0,423950.07,3.0152433425160696,155978.17998163452,24734507.0,42.0,208103.0,116.0,21342.657992565055,2022-03-10,Alto,Media
46,46,2022-03,1127.0,423613.26,2.979059449866903,155635.85714285713,24734507.0,42.0,208103.0,116.0,21342.657992565055,2022-03-11,Alto,Corta
64,64,2022-03,1085.0,424389.22,3.0521658986175115,155225.07281105992,24734507.0,42.0,208103.0,116.0,21342.657992565055,2022-03-12,Alto,Larga
57,57,2022-03,1064.0,426483.52,3.042481203007519,155894.43421052632,24734507.0,42.0,208103.0,116.0,21342.657992565055,2022-03-13,Alto,Media
47,47,2022-03,1092.0,392442.65,3.056684981684982,157084.71245421245,24734507.0,42.0,208103.0,116.0,21342.657992565055,2022-03-14,Bajo,Larga
49,49,2022-03,1101.0,413523.17,3.080926430517711,151393.72752043596,24734507.0,42.0,208103.0,116.0,21342.657992565055,2022-03-15,Medio,Larga
47,47,2022-03,1052.0,407787.24,3.060931558935361,156100.97433460076,24734507.0,42.0,208103.0,116.0,21342.657992565055,2022-03-16,Medio,Larga
34,34,2022-03,1105.0,415263.35,3.055837104072398,155562.8180995475,24734507.0,42.0,208103.0,116.0,21342.657992565055,2022-03-17,Medio,Larga
67,67,2022-03,1067.0,397989.98,2.985941893158388,149117.3252108716,24734507.0,42.0,208103.0,116.0,21342.657992565055,2022-03-18,Bajo,Corta
66,66,2022-03,1066.0,412212.27,2.9925891181988744,155788.41557223265,24734507.0,42.0,208103.0,116.0,21342.657992565055,2022-03-19,Medio,Corta
89,89,2022-03,1136.0,426304.54,3.0118838028169015,156941.8459507042,24734507.0,42.0,208103.0,116.0,21342.657992565055,2022-03-20,Alto,Media
67,66,2022-03,1091.0,409927.08,3.056095325389551,157977.1952337305,24734507.0,42.0,208103.0,116.0,21342.657992565055,2022-03-21,Medio,Larga
55,54,2022-03,1072.0,417500.33,3.030503731343283,155422.9458955224,24734507.0,42.0,208103.0,116.0,21342.657992565055,2022-03-22,Alto,Media
46,46,2022-03,1085.0,407080.41,3.0649769585253455,149267.1668202765,24734507.0,42.0,208103.0,116.0,21342.657992565055,2022-03-23,Medio,Larga
44,44,2022-03,1154.0,453480.73,2.9905545927209705,155800.1793760832,24734507.0,42.0,208103.0,116.0,21342.657992565055,2022-03-24,Alto,Corta
57,57,2022-03,1099.0,418114.07,3.0015468607825295,158125.0009099181,24734507.0,42.0,208103.0,116.0,21342.657992565055,2022-03-25,Alto,Corta
55,55,2022-03,1097.0,396332.65,3.074840474020055,156937.72014585233,24734507.0,42.0,208103.0,116.0,21342.657992565055,2022-03-26,Bajo,Larga
57,57,2022-03,1070.0,425353.24,2.981214953271028,155839.45327102803,24734507.0,42.0,208103.0,116.0,21342.657992565055,2022-03-27,Alto,Corta
44,44,2022-03,1098.0,402497.72,3.087249544626594,154047.7641165756,24734507.0,42.0,208103.0,116.0,21342.657992565055,2022-03-28,Medio,Larga
44,44,2022-03,1155.0,431532.89,3.0566233766233766,151825.48484848486,24734507.0,42.0,208103.0,116.0,21342.657992565055,2022-03-29,Alto,Larga
49,49,2022-03,1113.0,397439.41,3.1268643306379156,151415.53638814017,24734507.0,42.0,208103.0,116.0,21342.657992565055,2022-03-30,Bajo,Larga
36,36,2022-03,1054.0,384395.39,2.9347248576850093,154915.70967741936,24734507.0,42.0,208103.0,116.0,21342.657992565055,2022-03-31,Bajo,Corta
46,46,2022-04,1084.0,403683.61,2.941328413284133,153575.21125461254,25781408.0,39.0,188343.0,116.0,21296.840148698884,2022-04-01,Medio,Corta
62,62,2022-04,1152.0,435173.69,3.0493055555555557,158533.07465277778,25781408.0,39.0,188343.0,116.0,21296.840148698884,2022-04-02,Alto,Larga
67,67,2022-04,1121.0,403326.58,3.0978590544157,160529.86708296163,25781408.0,39.0,188343.0,116.0,21296.840148698884,2022-04-03,Medio,Larga
52,52,2022-04,1086.0,406409.98,3.029650092081031,155737.71915285452,25781408.0,39.0,188343.0,116.0,21296.840148698884,2022-04-04,Medio,Media
58,58,2022-04,1108.0,408760.33,3.003880866425993,155629.66155234657,25781408.0,39.0,188343.0,116.0,21296.840148698884,2022-04-05,Medio,Corta
50,50,2022-04,1093.0,393417.47,2.9646843549862765,157951.02927721865,25781408.0,39.0,188343.0,116.0,21296.840148698884,2022-04-06,Bajo,Corta
45,45,2022-04,1090.0,436175.5,3.101559633027523,154754.5880733945,25781408.0,39.0,188343.0,116.0,21296.840148698884,2022-04-07,Alto,Larga
45,45,2022-04,1052.0,407677.79,2.988878326996198,155472.68155893535,25781408.0,39.0,188343.0,116.0,21296.840148698884,2022-04-08,Medio,Corta
52,52,2022-04,1154.0,432079.43,3.086568457538995,152836.1403812825,25781408.0,39.0,188343.0,116.0,21296.840148698884,2022-04-09,Alto,Larga
65,65,2022-04,1123.0,390108.15,2.98780053428317,155344.46660730187,25781408.0,39.0,188343.0,116.0,21296.840148698884,2022-04-10,Bajo,Corta
42,42,2022-04,1096.0,420434.75,2.95492700729927,151700.2791970803,25781408.0,39.0,188343.0,116.0,21296.840148698884,2022-04-11,Alto,Corta
46,46,2022-04,1091.0,407764.13,3.0016498625114574,149379.6351970669,25781408.0,39.0,188343.0,116.0,21296.840148698884,2022-04-12,Medio,Corta
62,62,2022-04,1059.0,400030.64,2.971671388101983,158465.2804532578,25781408.0,39.0,188343.0,116.0,21296.840148698884,2022-04-13,Bajo,Corta
55,55,2022-04,1046.0,392378.79,3.0295411089866158,153570.70267686425,25781408.0,39.0,188343.0,116.0,21296.840148698884,2022-04-14,Bajo,Media
32,32,2022-04,1064.0,422338.02,2.97453007518797,156605.73872180452,25781408.0,39.0,188343.0,116.0,21296.840148698884,2022-04-15,Alto,Corta
49,49,2022-04,1056.0,397517.24,3.071212121212121,154810.51515151514,25781408.0,39.0,188343.0,116.0,21296.840148698884,2022-04-16,Bajo,Larga
61,61,2022-04,1121.0,414273.72000000003,2.9955396966993755,152123.34344335416,25781408.0,39.0,188343.0,116.0,21296.840148698884,2022-04-17,Medio,Corta
46,46,2022-04,1079.0,391919.98,3.106580166821131,154671.15848007414,25781408.0,39.0,188343.0,116.0,21296.840148698884,2022-04-18,Bajo,Larga
38,38,2022-04,1101.0,397925.21,3.1218891916439597,154499.47229791098,25781408.0,39.0,188343.0,116.0,21296.840148698884,2022-04-19,Bajo,Larga
49,49,2022-04,1058.0,379113.71,3.037334593572779,154441.71550094517,25781408.0,39.0,188343.0,116.0,21296.840148698884,2022-04-20,Bajo,Media
43,43,2022-04,1070.0,401914.1,3.0897196261682245,154574.76728971963,25781408.0,39.0,188343.0,116.0,21296.840148698884,2022-04-21,Bajo,Larga
46,46,2022-04,1134.0,427739.39,3.0789241622574957,158318.28395061727,25781408.0,39.0,188343.0,116.0,21296.840148698884,2022-04-22,Alto,Larga
54,53,2022-04,1058.0,391984.83,2.9265595463137997,155135.04536862005,25781408.0,39.0,188343.0,116.0,21296.840148698884,2022-04-23,Bajo,Corta
62,62,2022-04,1117.0,407969.63,3.0140555058191585,153148.65353625783,25781408.0,39.0,188343.0,116.0,21296.840148698884,2022-04-24,Medio,Media
49,49,2022-04,1067.0,378696.26,3.039081537019681,157226.32614807872,25781408.0,39.0,188343.0,116.0,21296.840148698884,2022-04-25,Bajo,Media
39,39,2022-04,1089.0,389206.42,3.029935720844812,158505.31037649218,25781408.0,39.0,188343.0,116.0,21296.840148698884,2022-04-26,Bajo,Media
46,46,2022-04,1113.0,408114.63,3.023090745732255,152161.8436657682,25781408.0,39.0,188343.0,116.0,21296.840148698884,2022-04-27,Medio,Media
37,37,2022-04,1101.0,421205.46,3.0005449591280655,155485.09627611263,25781408.0,39.0,188343.0,116.0,21296.840148698884,2022-04-28,Alto,Corta
48,48,2022-04,1094.0,398197.17,3.0432358318098722,157076.4478976234,25781408.0,39.0,188343.0,116.0,21296.840148698884,2022-04-29,Bajo,Media
73,73,2022-04,1080.0,406068.1,3.0814814814814815,154677.92222222223,25781408.0,39.0,188343.0,116.0,21296.840148698884,2022-04-30,Medio,Larga
69,68,2022-05,1105.0,440734.07,3.06,150487.02805429863,23116480.0,58.0,215023.0,116.0,21228.200371057515,2022-05-01,Alto,Larga
53,53,2022-05,1096.0,432002.73,3.074361313868613,156947.33850364963,23116480.0,58.0,215023.0,116.0,21228.200371057515,2022-05-02,Alto,Larga
42,42,2022-05,1069.0,390291.19,3.0859681945743684,153649.17773620205,23116480.0,58.0,215023.0,116.0,21228.200371057515,2022-05-03,Bajo,Larga
38,38,2022-05,1068.0,398228.36,2.9712546816479404,154567.33239700375,23116480.0,58.0,215023.0,116.0,21228.200371057515,2022-05-04,Bajo,Corta
50,50,2022-05,1055.0,402420.61,3.0035071090047394,155656.02843601897,23116480.0,58.0,215023.0,116.0,21228.200371057515,2022-05-05,Medio,Corta
37,37,2022-05,1095.0,402542.07,3.0140639269406395,155395.37442922374,23116480.0,58.0,215023.0,116.0,21228.200371057515,2022-05-06,Medio,Media
53,53,2022-05,1128.0,429188.36,3.0185283687943265,157191.24468085106,23116480.0,58.0,215023.0,116.0,21228.200371057515,2022-05-07,Alto,Media
54,54,2022-05,1113.0,403238.49,2.9650494159928122,152072.28301886792,23116480.0,58.0,215023.0,116.0,21228.200371057515,2022-05-08,Medio,Corta
45,45,2022-05,1060.0,382101.23,2.9951886792452833,157203.77075471697,23116480.0,58.0,215023.0,116.0,21228.200371057515,2022-05-09,Bajo,Corta
35,35,2022-05,1081.0,411548.12,3.0061979648473636,156457.3598519889,23116480.0,58.0,215023.0,116.0,21228.200371057515,2022-05-10,Medio,Corta
46,46,2022-05,1111.0,408707.21,3.008280828082808,153252.2403240324,23116480.0,58.0,215023.0,116.0,21228.200371057515,2022-05-11,Medio,Corta
46,46,2022-05,1066.0,390273.84,3.003658536585366,154151.38836772984,23116480.0,58.0,215023.0,116.0,21228.200371057515,2022-05-12,Bajo,Corta
51,51,2022-05,1087.0,407837.86,3.0870285188592455,155415.98804047838,23116480.0,58.0,215023.0,116.0,21228.200371057515,2022-05-13,Medio,Larga
54,54,2022-05,1050.0,387966.64,2.9413333333333336,155366.57428571428,23116480.0,58.0,215023.0,116.0,21228.200371057515,2022-05-14,Bajo,Corta
65,65,2022-05,1104.0,418861.13,3.015217391304348,153323.26721014493,23116480.0,58.0,215023.0,116.0,21228.200371057515,2022-05-15,Alto,Media
46,46,2022-05,1081.0,416511.52,3.038482886216466,154303.22201665124,23116480.0,58.0,215023.0,116.0,21228.200371057515,2022-05-16,Medio,Media
46,46,2022-05,1018.0,362404.94,3.031925343811395,156900.05697445973,23116480.0,58.0,215023.0,116.0,21228.200371057515,2022-05-17,Bajo,Media
32,32,2022-05,1094.0,412861.58,3.05018281535649,157697.16361974407,23116480.0,58.0,215023.0,116.0,21228.200371057515,2022-05-18,Medio,Larga
43,43,2022-05,1083.0,420023.58,2.9903970452446904,153062.33702677747,23116480.0,58.0,215023.0,116.0,21228.200371057515,2022-05-19,Alto,Corta
46,46,2022-05,1079.0,434640.24,3.031047265987025,159300.99351251157,23116480.0,58.0,215023.0,116.0,21228.200371057515,2022-05-20,Alto,Media
62,62,2022-05,1098.0,409037.7,2.948724954462659,156830.8843351548,23116480.0,58.0,215023.0,116.0,21228.200371057515,2022-05-21,Medio,Corta
73,73,2022-05,1135.0,418522.42,3.028105726872247,153163.68810572688,23116480.0,58.0,215023.0,116.0,21228.200371057515,2022-05-22,Alto,Media
47,47,2022-05,1090.0,409397.16,3.0557798165137617,150011.7119266055,23116480.0,58.0,215023.0,116.0,21228.200371057515,2022-05-23,Medio,Larga
43,43,2022-05,1118.0,403542.41,3.039803220035778,156256.0894454383,23116480.0,58.0,215023.0,116.0,21228.200371057515,2022-05-24,Medio,Media
51,51,2022-05,1160.0,423874.95,3.053103448275862,155336.5896551724,23116480.0,58.0,215023.0,116.0,21228.200371057515,2022-05-25,Alto,Larga
47,47,2022-05,1081.0,412566.9,3.0906567992599445,152025.5467160037,23116480.0,58.0,215023.0,116.0,21228.200371057515,2022-05-26,Medio,Larga
56,56,2022-05,1121.0,414904.42,2.9696699375557536,156518.24977698483,23116480.0,58.0,215023.0,116.0,21228.200371057515,2022-05-27,Medio,Corta
47,47,2022-05,1208.0,440035.02,3.018294701986755,151691.1928807947,23116480.0,58.0,215023.0,116.0,21228.200371057515,2022-05-28,Alto,Media
50,50,2022-05,1130.0,443414.98,3.095221238938053,156732.25221238937,23116480.0,58.0,215023.0,116.0,21228.200371057515,2022-05-29,Alto,Larga
37,37,2022-05,1053.0,406837.36,3.094017094017094,151441.8898385565,23116480.0,58.0,215023.0,116.0,21228.200371057515,2022-05-30,Medio,Larga
54,54,2022-05,1097.0,432116.81,3.0429352780309937,156133.68003646308,23116480.0,58.0,215023.0,116.0,21228.200371057515,2022-05-31,Alto,Media
53,52,2022-06,1126.0,433839.25,2.9618117229129663,154149.57015985792,24326089.0,22.0,192329.0,116.0,21341.280148423004,2022-06-01,Alto,Corta
47,47,2022-06,1089.0,415507.78,3.053351698806244,156160.94398530762,24326089.0,22.0,192329.0,116.0,21341.280148423004,2022-06-02,Medio,Larga
54,54,2022-06,1056.0,386853.17,2.996496212121212,153791.53977272726,24326089.0,22.0,192329.0,116.0,21341.280148423004,2022-06-03,Bajo,Corta
54,54,2022-06,1138.0,412435.55,2.9943760984182775,155429.23989455184,24326089.0,22.0,192329.0,116.0,21341.280148423004,2022-06-04,Medio,Corta
64,64,2022-06,1058.0,400411.38,3.0352551984877127,152877.75141776938,24326089.0,22.0,192329.0,116.0,21341.280148423004,2022-06-05,Bajo,Media
56,56,2022-06,1136.0,441455.39,3.0049295774647886,154785.46038732395,24326089.0,22.0,192329.0,116.0,21341.280148423004,2022-06-06,Alto,Corta
34,34,2022-06,1078.0,406424.4,3.0453617810760667,154795.3654916512,24326089.0,22.0,192329.0,116.0,21341.280148423004,2022-06-07,Medio,Media
55,55,2022-06,1162.0,433050.59,3.04328743545611,158144.47160068847,24326089.0,22.0,192329.0,116.0,21341.280148423004,2022-06-08,Alto,Media
49,49,2022-06,1049.0,400282.66,3.0844613918017156,160145.5061963775,24326089.0,22.0,192329.0,116.0,21341.280148423004,2022-06-09,Bajo,Larga
51,51,2022-06,1095.0,420337.17,3.0008219178082194,155913.21735159817,24326089.0,22.0,192329.0,116.0,21341.280148423004,2022-06-10,Alto,Corta
51,51,2022-06,1113.0,403042.28,3.0022461814914645,157416.95777178797,24326089.0,22.0,192329.0,116.0,21341.280148423004,2022-06-11,Medio,Corta
62,61,2022-06,1062.0,394287.26,3.0324858757062145,155624.78060263654,24326089.0,22.0,192329.0,116.0,21341.280148423004,2022-06-12,Bajo,Media
54,54,2022-06,1145.0,448163.08,3.005938864628821,155561.35895196506,24326089.0,22.0,192329.0,116.0,21341.280148423004,2022-06-13,Alto,Corta
43,43,2022-06,1119.0,399609.09,3.0540661304736374,153386.7837354781,24326089.0,22.0,192329.0,116.0,21341.280148423004,2022-06-14,Bajo,Larga
48,48,2022-06,1123.0,432898.74,3.053161175422974,153896.68477292964,24326089.0,22.0,192329.0,116.0,21341.280148423004,2022-06-15,Alto,Larga
53,53,2022-06,1083.0,419312.69,3.0092336103416435,154952.0221606648,24326089.0,22.0,192329.0,116.0,21341.280148423004,2022-06-16,Alto,Media
59,59,2022-06,1070.0,389283.15,2.952803738317757,156071.29626168223,24326089.0,22.0,192329.0,116.0,21341.280148423004,2022-06-17,Bajo,Corta
55,55,2022-06,1148.0,420534.14,2.9824041811846693,150761.58101045297,24326089.0,22.0,192329.0,116.0,21341.280148423004,2022-06-18,Alto,Corta
43,43,2022-06,1100.0,395669.19,3.020818181818182,154135.0418181818,24326089.0,22.0,192329.0,116.0,21341.280148423004,2022-06-19,Bajo,Media
44,44,2022-06,1163.0,433739.89,2.973774720550301,158455.67755803955,24326089.0,22.0,192329.0,116.0,21341.280148423004,2022-06-20,Alto,Corta
48,48,2022-06,1075.0,389548.05,3.0478139534883724,155140.24558139534,24326089.0,22.0,192329.0,116.0,21341.280148423004,2022-06-21,Bajo,Larga
48,48,2022-06,1058.0,393807.85,3.0823251417769377,156199.15217391305,24326089.0,22.0,192329.0,116.0,21341.280148423004,2022-06-22,Bajo,Larga
45,45,2022-06,1155.0,437601.29,3.022251082251082,155479.36103896104,24326089.0,22.0,192329.0,116.0,21341.280148423004,2022-06-23,Alto,Media
60,60,2022-06,1064.0,390961.76,2.99953007518797,156062.7894736842,24326089.0,22.0,192329.0,116.0,21341.280148423004,2022-06-24,Bajo,Corta
71,71,2022-06,1146.0,426366.0,3.049476439790576,150586.4930191972,24326089.0,22.0,192329.0,116.0,21341.280148423004,2022-06-25,Alto,Larga
58,58,2022-06,1075.0,406454.17,2.976186046511628,151994.74976744186,24326089.0,22.0,192329.0,116.0,21341.280148423004,2022-06-26,Medio,Corta
55,55,2022-06,1080.0,384726.34,2.990648148148148,153822.3111111111,24326089.0,22.0,192329.0,116.0,21341.280148423004,2022-06-27,Bajo,Corta
44,44,2022-06,1102.0,415959.47,3.0609800362976407,150971.2114337568,24326089.0,22.0,192329.0,116.0,21341.280148423004,2022-06-28,Medio,Larga
49,49,2022-06,1081.0,405566.33,3.023126734505088,154006.52636447732,24326089.0,22.0,192329.0,116.0,21341.280148423004,2022-06-29,Medio,Media
50,50,2022-06,1057.0,390046.59,2.9991485335856196,152414.97256385998,24326089.0,22.0,192329.0,116.0,21341.280148423004,2022-06-30,Bajo,Corta
43,43,2022-07,1074.0,417678.84,3.015642458100559,155261.30074487894,26727867.0,34.0,196666.0,116.0,21325.324675324675,2022-07-01,Alto,Media
63,63,2022-07,1114.0,415795.06,3.0521543985637343,156843.37971274686,26727867.0,34.0,196666.0,116.0,21325.324675324675,2022-07-02,Medio,Larga
83,83,2022-07,1170.0,437176.38,3.046239316239316,156280.73076923078,26727867.0,34.0,196666.0,116.0,21325.324675324675,2022-07-03,Alto,Larga
52,52,2022-07,1108.0,424072.77,3.016606498194946,154347.24819494586,26727867.0,34.0,196666.0,116.0,21325.324675324675,2022-07-04,Alto,Media
55,55,2022-07,1106.0,418832.65,2.983363471971067,152025.68535262207,26727867.0,34.0,196666.0,116.0,21325.324675324675,2022-07-05,Alto,Corta
54,54,2022-07,1085.0,406935.59,3.089585253456221,154000.91428571427,26727867.0,34.0,196666.0,116.0,21325.324675324675,2022-07-06,Medio,Larga
58,58,2022-07,1094.0,427964.1,2.8957038391224863,155599.2550274223,26727867.0,34.0,196666.0,116.0,21325.324675324675,2022-07-07,Alto,Corta
37,37,2022-07,1106.0,448875.05,3.0010849909584083,154460.63200723327,26727867.0,34.0,196666.0,116.0,21325.324675324675,2022-07-08,Alto,Corta
73,72,2022-07,1021.0,391674.9,3.051028403525955,153824.51616062684,26727867.0,34.0,196666.0,116.0,21325.324675324675,2022-07-09,Bajo,Larga
54,54,2022-07,1078.0,405416.78,3.071335807050093,153664.51113172542,26727867.0,34.0,196666.0,116.0,21325.324675324675,2022-07-10,Medio,Larga
56,56,2022-07,1078.0,406146.98,3.0267161410018555,157330.1771799629,26727867.0,34.0,196666.0,116.0,21325.324675324675,2022-07-11,Medio,Media
48,48,2022-07,1110.0,393325.96,2.934414414414414,154044.5045045045,26727867.0,34.0,196666.0,116.0,21325.324675324675,2022-07-12,Bajo,Corta
43,43,2022-07,1093.0,380760.59,3.04711802378774,154451.945105215,26727867.0,34.0,196666.0,116.0,21325.324675324675,2022-07-13,Bajo,Larga
46,46,2022-07,1103.0,410068.83,2.9378966455122395,156636.2175883953,26727867.0,34.0,196666.0,116.0,21325.324675324675,2022-07-14,Medio,Corta
59,59,2022-07,1122.0,418510.97,3.0240641711229945,156818.53565062387,26727867.0,34.0,196666.0,116.0,21325.324675324675,2022-07-15,Alto,Media
73,72,2022-07,1074.0,406242.93,3.0506517690875232,156222.58845437615,26727867.0,34.0,196666.0,116.0,21325.324675324675,2022-07-16,Medio,Larga
72,72,2022-07,1134.0,433685.9,3.075837742504409,152556.21781305116,26727867.0,34.0,196666.0,116.0,21325.324675324675,2022-07-17,Alto,Larga
43,43,2022-07,1069.0,369868.91,2.9643592142188964,154909.88213283443,26727867.0,34.0,196666.0,116.0,21325.324675324675,2022-07-18,Bajo,Corta
43,43,2022-07,1130.0,408719.1,3.0465486725663715,150598.66017699116,26727867.0,34.0,196666.0,116.0,21325.324675324675,2022-07-19,Medio,Larga
39,39,2022-07,1078.0,425466.7,3.0592764378478665,157603.0779220779,26727867.0,34.0,196666.0,116.0,21325.324675324675,2022-07-20,Alto,Larga
46,46,2022-07,1048.0,397090.22,3.0493320610687022,152337.19751908397,26727867.0,34.0,196666.0,116.0,21325.324675324675,2022-07-21,Bajo,Larga
50,50,2022-07,1123.0,422931.9,3.118521816562778,157785.04096170972,26727867.0,34.0,196666.0,116.0,21325.324675324675,2022-07-22,Alto,Larga
49,49,2022-07,1171.0,450453.96,3.036720751494449,158165.45175064047,26727867.0,34.0,196666.0,116.0,21325.324675324675,2022-07-23,Alto,Media
64,64,2022-07,1066.0,381456.64,3.10140712945591,153829.58911819887,26727867.0,34.0,196666.0,116.0,21325.324675324675,2022-07-24,Bajo,Larga
53,53,2022-07,1113.0,446990.22,3.081491464510332,153926.98831985623,26727867.0,34.0,196666.0,116.0,21325.324675324675,2022-07-25,Alto,Larga
44,44,2022-07,1104.0,425766.32,3.0234601449275362,154683.4936594203,26727867.0,34.0,196666.0,116.0,21325.324675324675,2022-07-26,Alto,Media
45,45,2022-07,1050.0,387652.48,3.124285714285714,149998.94285714286,26727867.0,34.0,196666.0,116.0,21325.324675324675,2022-07-27,Bajo,Larga
52,52,2022-07,1066.0,416089.35,2.9825515947467167,153833.84615384616,26727867.0,34.0,196666.0,116.0,21325.324675324675,2022-07-28,Medio,Corta
55,55,2022-07,1142.0,407792.1,2.9687390542907184,155727.78633975482,26727867.0,34.0,196666.0,116.0,21325.324675324675,2022-07-29,Medio,Corta
58,58,2022-07,1101.0,422573.48,3.023069936421435,152754.60944595822,26727867.0,34.0,196666.0,116.0,21325.324675324675,2022-07-30,Alto,Media
89,89,2022-07,1122.0,412915.27,2.955169340463458,154046.49286987522,26727867.0,34.0,196666.0,116.0,21325.324675324675,2022-07-31,Medio,Corta
62,62,2022-08,1098.0,420320.58,3.0934426229508194,156101.44444444444,25438866.0,36.0,190807.0,116.0,21338.589981447123,2022-08-01,Alto,Larga
49,49,2022-08,1083.0,366809.6,2.935826408125577,158640.52077562327,25438866.0,36.0,190807.0,116.0,21338.589981447123,2022-08-02,Bajo,Corta
55,55,2022-08,1121.0,451622.6,3.0453166815343446,156246.92239072258,25438866.0,36.0,190807.0,116.0,21338.589981447123,2022-08-03,Alto,Media
53,52,2022-08,1129.0,400429.45,3.0512843224092117,155597.36138175376,25438866.0,36.0,190807.0,116.0,21338.589981447123,2022-08-04,Bajo,Larga
43,43,2022-08,1022.0,373359.34,3.00880626223092,157194.34246575343,25438866.0,36.0,190807.0,116.0,21338.589981447123,2022-08-05,Bajo,Media
58,58,2022-08,1039.0,381976.63,3.0010587102983637,156408.85466794996,25438866.0,36.0,190807.0,116.0,21338.589981447123,2022-08-06,Bajo,Corta
69,69,2022-08,1155.0,472097.41,2.9700432900432903,160867.94112554114,25438866.0,36.0,190807.0,116.0,21338.589981447123,2022-08-07,Alto,Corta
59,59,2022-08,1098.0,417254.7,3.0553734061930786,152768.02276867031,25438866.0,36.0,190807.0,116.0,21338.589981447123,2022-08-08,Alto,Larga
51,50,2022-08,1097.0,414271.26,3.0184138559708296,158283.20692798542,25438866.0,36.0,190807.0,116.0,21338.589981447123,2022-08-09,Medio,Media
48,48,2022-08,1081.0,413718.78,3.0382978723404257,152423.1258094357,25438866.0,36.0,190807.0,116.0,21338.589981447123,2022-08-10,Medio,Media
46,46,2022-08,1022.0,389380.75,3.0200587084148727,153692.48825831703,25438866.0,36.0,190807.0,116.0,21338.589981447123,2022-08-11,Bajo,Media
54,54,2022-08,1110.0,413168.13,3.0968468468468466,152431.0063063063,25438866.0,36.0,190807.0,116.0,21338.589981447123,2022-08-12,Medio,Larga
62,62,2022-08,1080.0,393784.05,3.0336111111111115,152465.90925925926,25438866.0,36.0,190807.0,116.0,21338.589981447123,2022-08-13,Bajo,Media
68,67,2022-08,1063.0,421724.25,2.9270931326434617,155317.8908748824,25438866.0,36.0,190807.0,116.0,21338.589981447123,2022-08-14,Alto,Corta
48,48,2022-08,1073.0,412593.8,2.9881640260950606,157868.21994408203,25438866.0,36.0,190807.0,116.0,21338.589981447123,2022-08-15,Medio,Corta
47,47,2022-08,1093.0,414606.76,3.0349496797804205,155759.8078682525,25438866.0,36.0,190807.0,116.0,21338.589981447123,2022-08-16,Medio,Media
59,59,2022-08,1109.0,387196.21,3.0642921550946802,155993.96934174933,25438866.0,36.0,190807.0,116.0,21338.589981447123,2022-08-17,Bajo,Larga
45,45,2022-08,1128.0,404966.77,3.015868794326241,153131.15159574468,25438866.0,36.0,190807.0,116.0,21338.589981447123,2022-08-18,Medio,Media
62,62,2022-08,1039.0,377091.11,3.0551491819056786,157128.2675649663,25438866.0,36.0,190807.0,116.0,21338.589981447123,2022-08-19,Bajo,Larga
48,47,2022-08,1123.0,412376.22,2.9944790739091722,151480.50222617987,25438866.0,36.0,190807.0,116.0,21338.589981447123,2022-08-20,Medio,Corta
64,64,2022-08,1129.0,417117.7,2.9501328609388837,151416.7280779451,25438866.0,36.0,190807.0,116.0,21338.589981447123,2022-08-21,Medio,Corta
50,50,2022-08,1110.0,403349.83,3.054954954954955,150944.1,25438866.0,36.0,190807.0,116.0,21338.589981447123,2022-08-22,Medio,Larga
47,47,2022-08,1144.0,423663.9,2.9695804195804194,156012.13723776225,25438866.0,36.0,190807.0,116.0,21338.589981447123,2022-08-23,Alto,Corta
50,50,2022-08,1099.0,388339.2,2.9854413102820745,154095.07552320292,25438866.0,36.0,190807.0,116.0,21338.589981447123,2022-08-24,Bajo,Corta
40,40,2022-08,1133.0,426902.83,3.0314210061782876,152140.16328331863,25438866.0,36.0,190807.0,116.0,21338.589981447123,2022-08-25,Alto,Media
49,49,2022-08,1108.0,404252.22,3.023736462093863,151670.59476534295,25438866.0,36.0,190807.0,116.0,21338.589981447123,2022-08-26,Medio,Media
53,53,2022-08,1095.0,411400.52,3.0427397260273974,154380.5406392694,25438866.0,36.0,190807.0,116.0,21338.589981447123,2022-08-27,Medio,Media
64,64,2022-08,1079.0,386528.76,2.9742354031510656,157973.43929564412,25438866.0,36.0,190807.0,116.0,21338.589981447123,2022-08-28,Bajo,Corta
60,60,2022-08,1055.0,405669.55,3.0490047393364925,156861.81232227487,25438866.0,36.0,190807.0,116.0,21338.589981447123,2022-08-29,Medio,Larga
43,43,2022-08,1107.0,426689.42,3.070189701897019,157718.25383920505,25438866.0,36.0,190807.0,116.0,21338.589981447123,2022-08-30,Alto,Larga
52,52,2022-08,1075.0,384098.14,3.0825116279069764,153255.0781395349,25438866.0,36.0,190807.0,116.0,21338.589981447123,2022-08-31,Bajo,Larga
54,53,2022-09,1094.0,429268.03,2.9640767824497254,154727.33180987203,23909493.0,30.0,187744.0,118.0,21068.864468864467,2022-09-01,Alto,Corta
47,47,2022-09,1156.0,434253.29,3.0298442906574397,152566.0051903114,23909493.0,30.0,187744.0,118.0,21068.864468864467,2022-09-02,Alto,Media
65,64,2022-09,1130.0,421016.26,2.9949557522123897,159081.4353982301,23909493.0,30.0,187744.0,118.0,21068.864468864467,2022-09-03,Alto,Corta
73,73,2022-09,1146.0,417432.61,3.1322862129144853,156813.55759162304,23909493.0,30.0,187744.0,118.0,21068.864468864467,2022-09-04,Alto,Larga
47,47,2022-09,1045.0,369413.2,2.978468899521531,157225.67368421052,23909493.0,30.0,187744.0,118.0,21068.864468864467,2022-09-05,Bajo,Corta
40,40,2022-09,1065.0,397922.9,3.0342723004694836,152121.14460093898,23909493.0,30.0,187744.0,118.0,21068.864468864467,2022-09-06,Bajo,Media
52,52,2022-09,1088.0,411633.16,3.102481617647059,157369.88970588235,23909493.0,30.0,187744.0,118.0,21068.864468864467,2022-09-07,Medio,Larga
42,42,2022-09,1108.0,440912.71,2.989801444043321,156617.53971119135,23909493.0,30.0,187744.0,118.0,21068.864468864467,2022-09-08,Alto,Corta
50,50,2022-09,1102.0,412652.75,3.0904718693284936,157315.42377495463,23909493.0,30.0,187744.0,118.0,21068.864468864467,2022-09-09,Medio,Larga
51,51,2022-09,1122.0,401391.89,3.034313725490196,156370.08377896613,23909493.0,30.0,187744.0,118.0,21068.864468864467,2022-09-10,Bajo,Media
78,78,2022-09,1093.0,434817.12,3.0027447392497715,153524.0887465691,23909493.0,30.0,187744.0,118.0,21068.864468864467,2022-09-11,Alto,Corta
59,59,2022-09,1034.0,379175.07,3.0279497098646035,154113.98162475822,23909493.0,30.0,187744.0,118.0,21068.864468864467,2022-09-12,Bajo,Media
47,47,2022-09,1075.0,410559.27,2.988093023255814,155714.61395348838,23909493.0,30.0,187744.0,118.0,21068.864468864467,2022-09-13,Medio,Corta
53,53,2022-09,1093.0,393568.73,3.0132662397072276,151262.34766697165,23909493.0,30.0,187744.0,118.0,21068.864468864467,2022-09-14,Bajo,Media
45,45,2022-09,1104.0,413298.33,2.923641304347826,155941.25815217392,23909493.0,30.0,187744.0,118.0,21068.864468864467,2022-09-15,Medio,Corta
52,52,2022-09,1075.0,409899.96,3.083720930232558,154551.6530232558,23909493.0,30.0,187744.0,118.0,21068.864468864467,2022-09-16,Medio,Larga
65,65,2022-09,1096.0,412701.64,2.9864963503649635,153324.96989051095,23909493.0,30.0,187744.0,118.0,21068.864468864467,2022-09-17,Medio,Corta
66,66,2022-09,1133.0,410538.52,3.0944395410414827,154617.27096204765,23909493.0,30.0,187744.0,118.0,21068.864468864467,2022-09-18,Medio,Larga
54,54,2022-09,1070.0,405105.28,3.093551401869159,158439.60747663552,23909493.0,30.0,187744.0,118.0,21068.864468864467,2022-09-19,Medio,Larga
46,46,2022-09,1070.0,431122.97,3.080373831775701,153043.12803738317,23909493.0,30.0,187744.0,118.0,21068.864468864467,2022-09-20,Alto,Larga
47,47,2022-09,1031.0,368575.21,3.0191076624636275,153175.18137730358,23909493.0,30.0,187744.0,118.0,21068.864468864467,2022-09-21,Bajo,Media
37,37,2022-09,1042.0,404566.04,3.1039347408829174,156854.93666026872,23909493.0,30.0,187744.0,118.0,21068.864468864467,2022-09-22,Medio,Larga
52,52,2022-09,1080.0,427525.53,3.0038888888888886,158258.63981481481,23909493.0,30.0,187744.0,118.0,21068.864468864467,2022-09-23,Alto,Corta
63,63,2022-09,1075.0,423496.85,3.025302325581395,154893.17023255813,23909493.0,30.0,187744.0,118.0,21068.864468864467,2022-09-24,Alto,Media
70,70,2022-09,1080.0,384456.14,3.031111111111111,151661.86574074073,23909493.0,30.0,187744.0,118.0,21068.864468864467,2022-09-25,Bajo,Media
66,66,2022-09,1139.0,417617.26,2.9931518876207197,154102.1553994732,23909493.0,30.0,187744.0,118.0,21068.864468864467,2022-09-26,Alto,Corta
56,56,2022-09,1106.0,429679.7,3.010488245931284,156400.79566003618,23909493.0,30.0,187744.0,118.0,21068.864468864467,2022-09-27,Alto,Media
45,45,2022-09,1051.0,390070.72,3.106565176022835,154099.23977164604,23909493.0,30.0,187744.0,118.0,21068.864468864467,2022-09-28,Bajo,Larga
36,36,2022-09,1128.0,405641.77,2.993794326241135,154121.21365248226,23909493.0,30.0,187744.0,118.0,21068.864468864467,2022-09-29,Medio,Corta
64,64,2022-09,1086.0,409419.87,3.0194290976058933,155516.56261510128,23909493.0,30.0,187744.0,118.0,21068.864468864467,2022-09-30,Medio,Media
57,57,2022-10,1106.0,422489.13,3.0774864376130195,151245.55877034357,26046811.0,430.0,192174.0,117.0,21243.425925925927,2022-10-01,Alto,Larga
75,75,2022-10,1081.0,399030.36,3.0135985198889914,157312.98889916742,26046811.0,430.0,192174.0,117.0,21243.425925925927,2022-10-02,Bajo,Media
49,49,2022-10,1105.0,420603.63,3.026606334841629,156528.8,26046811.0,430.0,192174.0,117.0,21243.425925925927,2022-10-03,Alto,Media
54,54,2022-10,1038.0,380748.76,3.0540462427745663,155714.39884393063,26046811.0,430.0,192174.0,117.0,21243.425925925927,2022-10-04,Bajo,Larga
41,41,2022-10,1057.0,386496.26,3.125260170293283,156854.302743614,26046811.0,430.0,192174.0,117.0,21243.425925925927,2022-10-05,Bajo,Larga
37,37,2022-10,1078.0,430695.99,3.0352504638218925,160823.04638218923,26046811.0,430.0,192174.0,117.0,21243.425925925927,2022-10-06,Alto,Media
67,67,2022-10,1086.0,412605.02999999997,2.9791896869244936,157551.61049723756,26046811.0,430.0,192174.0,117.0,21243.425925925927,2022-10-07,Medio,Corta
64,64,2022-10,1057.0,388324.74,3.06802270577105,154809.50898770103,26046811.0,430.0,192174.0,117.0,21243.425925925927,2022-10-08,Bajo,Larga
59,59,2022-10,1107.0,433064.4,2.9989159891598915,153127.86178861788,26046811.0,430.0,192174.0,117.0,21243.425925925927,2022-10-09,Alto,Corta
57,56,2022-10,1091.0,400731.67,2.9881759853345553,155147.85701191568,26046811.0,430.0,192174.0,117.0,21243.425925925927,2022-10-10,Bajo,Corta
40,40,2022-10,1119.0,412680.4,3.0383378016085794,153373.3690795353,26046811.0,430.0,192174.0,117.0,21243.425925925927,2022-10-11,Medio,Media
39,39,2022-10,1129.0,442057.44,2.9614703277236494,151543.75287865367,26046811.0,430.0,192174.0,117.0,21243.425925925927,2022-10-12,Alto,Corta
52,52,2022-10,1126.0,423249.13,3.0810834813499115,149288.47779751333,26046811.0,430.0,192174.0,117.0,21243.425925925927,2022-10-13,Alto,Larga
58,58,2022-10,1151.0,423496.8,3.096785403996525,152800.04865334491,26046811.0,430.0,192174.0,117.0,21243.425925925927,2022-10-14,Alto,Larga
62,62,2022-10,1137.0,411254.62,2.944591029023747,152524.5013192612,26046811.0,430.0,192174.0,117.0,21243.425925925927,2022-10-15,Medio,Corta
77,77,2022-10,1096.0,381228.5,2.9676094890510947,157034.6049270073,26046811.0,430.0,192174.0,117.0,21243.425925925927,2022-10-16,Bajo,Corta
59,59,2022-10,1108.0,407767.11,2.9723826714801445,158184.13267148015,26046811.0,430.0,192174.0,117.0,21243.425925925927,2022-10-17,Medio,Corta
42,42,2022-10,1065.0,402294.11,3.0456338028169014,150809.82159624412,26046811.0,430.0,192174.0,117.0,21243.425925925927,2022-10-18,Bajo,Larga
37,37,2022-10,1134.0,418305.6,3.0434744268077605,155910.21340388007,26046811.0,430.0,192174.0,117.0,21243.425925925927,2022-10-19,Alto,Media
43,43,2022-10,1142.0,404162.07,2.9481611208406306,155047.08406304728,26046811.0,430.0,192174.0,117.0,21243.425925925927,2022-10-20,Medio,Corta
51,51,2022-10,1140.0,431312.62,2.9769298245614033,157710.2342105263,26046811.0,430.0,192174.0,117.0,21243.425925925927,2022-10-21,Alto,Corta
55,55,2022-10,1106.0,416892.27,2.9980108499095843,149741.03797468354,26046811.0,430.0,192174.0,117.0,21243.425925925927,2022-10-22,Medio,Corta
52,52,2022-10,1033.0,378604.07,3.0866408518877058,154255.24201355275,26046811.0,430.0,192174.0,117.0,21243.425925925927,2022-10-23,Bajo,Larga
44,44,2022-10,1106.0,416560.09,3.039240506329114,153215.5705244123,26046811.0,430.0,192174.0,117.0,21243.425925925927,2022-10-24,Medio,Media
47,47,2022-10,1016.0,364438.74,3.026771653543307,157219.07086614173,26046811.0,430.0,192174.0,117.0,21243.425925925927,2022-10-25,Bajo,Media
39,39,2022-10,1093.0,404117.87,2.961390667886551,154003.97072278135,26046811.0,430.0,192174.0,117.0,21243.425925925927,2022-10-26,Medio,Corta
44,44,2022-10,1137.0,399286.49,3.0711521547933156,152273.5127528584,26046811.0,430.0,192174.0,117.0,21243.425925925927,2022-10-27,Bajo,Larga
54,54,2022-10,1056.0,405924.63,3.012215909090909,155655.42140151514,26046811.0,430.0,192174.0,117.0,21243.425925925927,2022-10-28,Medio,Media
61,61,2022-10,1051.0,380485.85,2.970409134157945,154163.2559467174,26046811.0,430.0,192174.0,117.0,21243.425925925927,2022-10-29,Bajo,Corta
77,77,2022-10,1099.0,387891.19,3.0849863512283897,155602.20109190172,26046811.0,430.0,192174.0,117.0,21243.425925925927,2022-10-30,Bajo,Larga
63,63,2022-10,1093.0,414055.08,2.9967978042086,155874.04574565418,26046811.0,430.0,192174.0,117.0,21243.425925925927,2022-10-31,Medio,Corta
44,44,2022-11,1095.0,382947.66,3.0434703196347033,157020.9716894977,24736910.0,39.0,187542.0,117.0,21086.77150786309,2022-11-01,Bajo,Media
47,47,2022-11,1171.0,432811.65,3.0456874466268147,156666.74893253628,24736910.0,39.0,187542.0,117.0,21086.77150786309,2022-11-02,Alto,Larga
47,47,2022-11,1052.0,382340.79,3.015114068441065,157117.1169201521,24736910.0,39.0,187542.0,117.0,21086.77150786309,2022-11-03,Bajo,Media
50,50,2022-11,1077.0,386692.48,3.10297121634169,156189.93686165274,24736910.0,39.0,187542.0,117.0,21086.77150786309,2022-11-04,Bajo,Larga
49,49,2022-11,1086.0,396783.96,2.978913443830571,153675.6473296501,24736910.0,39.0,187542.0,117.0,21086.77150786309,2022-11-05,Bajo,Corta
69,69,2022-11,1079.0,392811.51,3.0261353104726596,156638.31510658018,24736910.0,39.0,187542.0,117.0,21086.77150786309,2022-11-06,Bajo,Media
47,47,2022-11,1036.0,382775.2,3.0553088803088806,154341.19498069497,24736910.0,39.0,187542.0,117.0,21086.77150786309,2022-11-07,Bajo,Larga
46,46,2022-11,1095.0,409518.84,3.0249315068493154,153406.0885844749,24736910.0,39.0,187542.0,117.0,21086.77150786309,2022-11-08,Medio,Media
44,44,2022-11,1007.0,382893.87,3.027010923535253,151837.19761668323,24736910.0,39.0,187542.0,117.0,21086.77150786309,2022-11-09,Bajo,Media
43,43,2022-11,1124.0,419256.73,3.1279359430604985,154874.01512455515,24736910.0,39.0,187542.0,117.0,21086.77150786309,2022-11-10,Alto,Larga
48,48,2022-11,1058.0,389305.17,3.075141776937618,155141.51890359167,24736910.0,39.0,187542.0,117.0,21086.77150786309,2022-11-11,Bajo,Larga
73,73,2022-11,1110.0,404080.89,3.052252252252252,155719.77747747747,24736910.0,39.0,187542.0,117.0,21086.77150786309,2022-11-12,Medio,Larga
62,61,2022-11,1112.0,418045.63,3.107643884892086,150007.67715827338,24736910.0,39.0,187542.0,117.0,21086.77150786309,2022-11-13,Alto,Larga
45,45,2022-11,1086.0,413065.72,2.9902394106814,153197.08931860037,24736910.0,39.0,187542.0,117.0,21086.77150786309,2022-11-14,Medio,Corta
51,51,2022-11,1131.0,409583.49,3.018125552608311,159741.51105216623,24736910.0,39.0,187542.0,117.0,21086.77150786309,2022-11-15,Medio,Media
42,42,2022-11,1104.0,401023.9,3.0394927536231884,156880.53894927536,24736910.0,39.0,187542.0,117.0,21086.77150786309,2022-11-16,Bajo,Media
43,43,2022-11,1119.0,422696.13,3.0363717605004465,155755.44593386952,24736910.0,39.0,187542.0,117.0,21086.77150786309,2022-11-17,Alto,Media
54,53,2022-11,1165.0,425312.78,3.027381974248927,155291.82489270385,24736910.0,39.0,187542.0,117.0,21086.77150786309,2022-11-18,Alto,Media
64,64,2022-11,1064.0,399027.92,2.931954887218045,149426.74718045112,24736910.0,39.0,187542.0,117.0,21086.77150786309,2022-11-19,Bajo,Corta
62,62,2022-11,1101.0,402665.71,3.00535876475931,157489.10717529518,24736910.0,39.0,187542.0,117.0,21086.77150786309,2022-11-20,Medio,Corta
51,51,2022-11,1142.0,416831.9,3.0106830122591943,154639.09194395796,24736910.0,39.0,187542.0,117.0,21086.77150786309,2022-11-21,Medio,Media
46,46,2022-11,1072.0,423389.62,3.1661380597014923,160568.03824626867,24736910.0,39.0,187542.0,117.0,21086.77150786309,2022-11-22,Alto,Larga
47,47,2022-11,1103.0,407566.13,3.04324569356301,157603.33363553943,24736910.0,39.0,187542.0,117.0,21086.77150786309,2022-11-23,Medio,Media
53,53,2022-11,1133.0,420750.77,3.024360105913504,153498.759929391,24736910.0,39.0,187542.0,117.0,21086.77150786309,2022-11-24,Alto,Media
48,48,2022-11,1156.0,474519.73,2.983131487889273,152150.28460207614,24736910.0,39.0,187542.0,117.0,21086.77150786309,2022-11-25,Alto,Corta
58,58,2022-11,1069.0,391106.22,3.0243217960710944,154553.83348924227,24736910.0,39.0,187542.0,117.0,21086.77150786309,2022-11-26,Bajo,Media
51,51,2022-11,1051.0,404873.16,3.010941960038059,157629.33682207423,24736910.0,39.0,187542.0,117.0,21086.77150786309,2022-11-27,Medio,Media
43,43,2022-11,1105.0,410808.12,3.066153846153846,160503.6009049774,24736910.0,39.0,187542.0,117.0,21086.77150786309,2022-11-28,Medio,Larga
37,37,2022-11,1118.0,412079.23,3.00742397137746,154578.55903398927,24736910.0,39.0,187542.0,117.0,21086.77150786309,2022-11-29,Medio,Corta
32,32,2022-11,1092.0,387668.16,3.0143772893772893,156525.6098901099,24736910.0,39.0,187542.0,117.0,21086.77150786309,2022-11-30,Bajo,Media
39,39,2022-12,1042.0,377166.11,3.0745681381957772,153679.26487523993,30282028.0,62.0,190247.0,122.0,21004.68611847922,2022-12-01,Bajo,Larga
53,53,2022-12,1026.0,377165.81,3.0757309941520465,159487.84600389862,30282028.0,62.0,190247.0,122.0,21004.68611847922,2022-12-02,Bajo,Larga
57,57,2022-12,1050.0,367135.06,3.0565714285714285,156372.19904761904,30282028.0,62.0,190247.0,122.0,21004.68611847922,2022-12-03,Bajo,Larga
52,52,2022-12,1099.0,399391.43,2.967151956323931,157425.2820746133,30282028.0,62.0,190247.0,122.0,21004.68611847922,2022-12-04,Bajo,Corta
45,45,2022-12,1010.0,377203.04,3.1134653465346536,155710.25742574257,30282028.0,62.0,190247.0,122.0,21004.68611847922,2022-12-05,Bajo,Larga
45,45,2022-12,1135.0,422791.31,3.077444933920705,150079.65022026433,30282028.0,62.0,190247.0,122.0,21004.68611847922,2022-12-06,Alto,Larga
59,59,2022-12,1128.0,418057.01,3.029787234042553,155116.42641843972,30282028.0,62.0,190247.0,122.0,21004.68611847922,2022-12-07,Alto,Media
50,50,2022-12,1075.0,405418.04,3.077395348837209,151820.17209302326,30282028.0,62.0,190247.0,122.0,21004.68611847922,2022-12-08,Medio,Larga
51,51,2022-12,1140.0,410611.68,2.9856140350877194,160798.29385964913,30282028.0,62.0,190247.0,122.0,21004.68611847922,2022-12-09,Medio,Corta
50,50,2022-12,1070.0,401572.2,2.966542056074766,155689.85420560747,30282028.0,62.0,190247.0,122.0,21004.68611847922,2022-12-10,Bajo,Corta
52,52,2022-12,1067.0,399170.21,3.0120899718837864,154873.80974695407,30282028.0,62.0,190247.0,122.0,21004.68611847922,2022-12-11,Bajo,Media
51,51,2022-12,1144.0,459089.08,3.068444055944056,150459.3173076923,30282028.0,62.0,190247.0,122.0,21004.68611847922,2022-12-12,Alto,Larga
32,32,2022-12,1020.0,391864.83,3.068529411764706,158045.51176470588,30282028.0,62.0,190247.0,122.0,21004.68611847922,2022-12-13,Bajo,Larga
42,42,2022-12,1088.0,424181.14,3.042279411764706,154259.7481617647,30282028.0,62.0,190247.0,122.0,21004.68611847922,2022-12-14,Alto,Media
46,46,2022-12,1171.0,418957.28,3.0749786507258756,153357.19555935098,30282028.0,62.0,190247.0,122.0,21004.68611847922,2022-12-15,Alto,Larga
51,51,2022-12,1069.0,392258.72,3.0161833489242285,160007.06454630496,30282028.0,62.0,190247.0,122.0,21004.68611847922,2022-12-16,Bajo,Media
62,62,2022-12,1046.0,387023.58,2.975717017208413,158004.7619502868,30282028.0,62.0,190247.0,122.0,21004.68611847922,2022-12-17,Bajo,Corta
66,66,2022-12,1064.0,396872.22,3.0140037593984963,152025.24342105264,30282028.0,62.0,190247.0,122.0,21004.68611847922,2022-12-18,Bajo,Media
44,44,2022-12,1083.0,409512.75,3.0721144967682363,157074.3674976916,30282028.0,62.0,190247.0,122.0,21004.68611847922,2022-12-19,Medio,Larga
39,39,2022-12,1038.0,399690.73,3.0476878612716765,153905.40173410406,30282028.0,62.0,190247.0,122.0,21004.68611847922,2022-12-20,Bajo,Larga
27,27,2022-12,1111.0,407898.01,3.025112511251125,152286.5373537354,30282028.0,62.0,190247.0,122.0,21004.68611847922,2022-12-21,Medio,Media
41,41,2022-12,1024.0,383098.47000000003,3.030078125,157578.4384765625,30282028.0,62.0,190247.0,122.0,21004.68611847922,2022-12-22,Bajo,Media
54,54,2022-12,1085.0,415891.24,3.0367741935483874,157966.2940092166,30282028.0,62.0,190247.0,122.0,21004.68611847922,2022-12-23,Medio,Media
57,57,2022-12,1068.0,409472.03,3.1023408239700374,156223.92228464418,30282028.0,62.0,190247.0,122.0,21004.68611847922,2022-12-24,Medio,Larga
58,58,2022-12,1164.0,452738.88,3.0969072164948455,154277.85996563573,30282028.0,62.0,190247.0,122.0,21004.68611847922,2022-12-25,Alto,Larga
37,37,2022-12,1082.0,389619.94,2.9713493530499075,158242.0776340111,30282028.0,62.0,190247.0,122.0,21004.68611847922,2022-12-26,Bajo,Corta
32,32,2022-12,1082.0,393654.55,3.0088724584103512,159623.146025878,30282028.0,62.0,190247.0,122.0,21004.68611847922,2022-12-27,Bajo,Media
35,35,2022-12,1114.0,427548.94,3.0631956912028726,154395.0314183124,30282028.0,62.0,190247.0,122.0,21004.68611847922,2022-12-28,Alto,Larga
30,30,2022-12,1127.0,399571.83,3.0420585625554573,155831.1224489796,30282028.0,62.0,190247.0,122.0,21004.68611847922,2022-12-29,Bajo,Media
34,34,2022-12,1102.0,424234.58,3.0376588021778583,156096.74137931035,30282028.0,62.0,190247.0,122.0,21004.68611847922,2022-12-30,Alto,Media
56,56,2022-12,1072.0,403937.08,2.985261194029851,154689.24626865672,30282028.0,62.0,190247.0,122.0,21004.68611847922,2022-12-31,Medio,Corta
78,78,2023-01,1138.0,440436.23,3.01493848857645,153990.91827768015,30058100.0,1567.0,171474.0,124.0,21971.625107480653,2023-01-01,Alto,Media
60,59,2023-01,1061.0,391773.96,3.045900094250707,155822.91140433552,30058100.0,1567.0,171474.0,124.0,21971.625107480653,2023-01-02,Bajo,Larga
45,45,2023-01,1058.0,379953.67,3.145179584120983,149659.6247637051,30058100.0,1567.0,171474.0,124.0,21971.625107480653,2023-01-03,Bajo,Larga
47,47,2023-01,1127.0,443485.45,3.0780834072759538,152631.20053238687,30058100.0,1567.0,171474.0,124.0,21971.625107480653,2023-01-04,Alto,Larga
39,39,2023-01,1091.0,409375.88,2.9973418881759852,152658.86251145738,30058100.0,1567.0,171474.0,124.0,21971.625107480653,2023-01-05,Medio,Corta
48,48,2023-01,1149.0,472820.0,3.0588337684943427,153112.02872062664,30058100.0,1567.0,171474.0,124.0,21971.625107480653,2023-01-06,Alto,Larga
46,46,2023-01,1095.0,377927.9,3.0337899543378994,155726.66484018264,30058100.0,1567.0,171474.0,124.0,21971.625107480653,2023-01-07,Bajo,Media
51,51,2023-01,1131.0,390296.48,2.995579133510168,154855.00972590627,30058100.0,1567.0,171474.0,124.0,21971.625107480653,2023-01-08,Bajo,Corta
46,46,2023-01,1076.0,416645.68,3.087732342007435,151024.0343866171,30058100.0,1567.0,171474.0,124.0,21971.625107480653,2023-01-09,Medio,Larga
58,58,2023-01,1083.0,393270.14,3.042936288088643,155396.64912280702,30058100.0,1567.0,171474.0,124.0,21971.625107480653,2023-01-10,Bajo,Media
47,47,2023-01,1093.0,414960.02999999997,3.0008234217749314,154525.35681610246,30058100.0,1567.0,171474.0,124.0,21971.625107480653,2023-01-11,Medio,Corta
39,39,2023-01,1084.0,423133.86,3.0178044280442804,155937.60516605165,30058100.0,1567.0,171474.0,124.0,21971.625107480653,2023-01-12,Alto,Media
47,47,2023-01,1150.0,428459.38,3.0143478260869565,155344.6852173913,30058100.0,1567.0,171474.0,124.0,21971.625107480653,2023-01-13,Alto,Media
57,57,2023-01,1127.0,428343.33,3.020053238686779,154259.1535048802,30058100.0,1567.0,171474.0,124.0,21971.625107480653,2023-01-14,Alto,Media
51,51,2023-01,1136.0,430599.02999999997,3.093661971830986,156485.02024647887,30058100.0,1567.0,171474.0,124.0,21971.625107480653,2023-01-15,Alto,Larga
44,44,2023-01,1089.0,397340.08,3.0910009182736453,150712.07988980715,30058100.0,1567.0,171474.0,124.0,21971.625107480653,2023-01-16,Bajo,Larga
50,50,2023-01,1130.0,426209.12,2.984336283185841,153420.23716814158,30058100.0,1567.0,171474.0,124.0,21971.625107480653,2023-01-17,Alto,Corta
40,40,2023-01,1121.0,419833.73,2.9520963425512936,152746.1320249777,30058100.0,1567.0,171474.0,124.0,21971.625107480653,2023-01-18,Alto,Corta
51,51,2023-01,1105.0,408448.25,3.038552036199095,153268.34027149322,30058100.0,1567.0,171474.0,124.0,21971.625107480653,2023-01-19,Medio,Media
47,47,2023-01,1117.0,410930.42,2.9967770814682186,157277.4762757386,30058100.0,1567.0,171474.0,124.0,21971.625107480653,2023-01-20,Medio,Corta
54,54,2023-01,1119.0,412555.23,3.0013404825737267,156000.31546023235,30058100.0,1567.0,171474.0,124.0,21971.625107480653,2023-01-21,Medio,Corta
63,63,2023-01,1072.0,389676.87,2.997294776119403,154129.76679104476,30058100.0,1567.0,171474.0,124.0,21971.625107480653,2023-01-22,Bajo,Corta
53,53,2023-01,1175.0,476025.17,3.025531914893617,153791.78893617023,30058100.0,1567.0,171474.0,124.0,21971.625107480653,2023-01-23,Alto,Media
50,50,2023-01,1029.0,385588.46,3.1176870748299317,152220.31972789115,30058100.0,1567.0,171474.0,124.0,21971.625107480653,2023-01-24,Bajo,Larga
43,43,2023-01,1084.0,406008.83,2.9867158671586713,153080.1614391144,30058100.0,1567.0,171474.0,124.0,21971.625107480653,2023-01-25,Medio,Corta
47,47,2023-01,1084.0,396737.86,2.995848708487085,157710.70664206642,30058100.0,1567.0,171474.0,124.0,21971.625107480653,2023-01-26,Bajo,Corta
43,43,2023-01,1098.0,402765.12,3.033242258652095,153441.029143898,30058100.0,1567.0,171474.0,124.0,21971.625107480653,2023-01-27,Medio,Media
56,56,2023-01,1061.0,406477.27,3.0657869934024506,158115.64467483506,30058100.0,1567.0,171474.0,124.0,21971.625107480653,2023-01-28,Medio,Larga
78,78,2023-01,1088.0,400375.56,3.009283088235294,157765.98897058822,30058100.0,1567.0,171474.0,124.0,21971.625107480653,2023-01-29,Bajo,Media
55,55,2023-01,1126.0,427859.95,3.064031971580817,154444.85257548845,30058100.0,1567.0,171474.0,124.0,21971.625107480653,2023-01-30,Alto,Larga
46,46,2023-01,1104.0,438063.93,3.0254528985507245,153957.54528985507,30058100.0,1567.0,171474.0,124.0,21971.625107480653,2023-01-31,Alto,Media
50,50,2023-02,1151.0,422579.66,3.0731537793223285,150564.41876629018,23322882.0,2.0,169825.0,126.0,21235.40425531915,2023-02-01,Alto,Larga
54,54,2023-02,1095.0,429579.19,3.070958904109589,154112.11324200913,23322882.0,2.0,169825.0,126.0,21235.40425531915,2023-02-02,Alto,Larga
62,62,2023-02,1107.0,431073.54,3.042547425474255,155666.50406504064,23322882.0,2.0,169825.0,126.0,21235.40425531915,2023-02-03,Alto,Media
78,78,2023-02,1101.0,413791.11,3.0446866485013624,159249.40236148954,23322882.0,2.0,169825.0,126.0,21235.40425531915,2023-02-04,Medio,Media
75,75,2023-02,1167.0,446420.31,3.0208226221079695,154298.55441302486,23322882.0,2.0,169825.0,126.0,21235.40425531915,2023-02-05,Alto,Media
59,59,2023-02,1132.0,445186.34,3.0646643109540634,155791.2871024735,23322882.0,2.0,169825.0,126.0,21235.40425531915,2023-02-06,Alto,Larga
45,45,2023-02,1082.0,405175.16,3.0179297597042516,147753.1099815157,23322882.0,2.0,169825.0,126.0,21235.40425531915,2023-02-07,Medio,Media
46,46,2023-02,1070.0,388692.73,3.040373831775701,157588.20747663552,23322882.0,2.0,169825.0,126.0,21235.40425531915,2023-02-08,Bajo,Media
47,47,2023-02,1148.0,440377.2,2.962979094076655,160710.32317073172,23322882.0,2.0,169825.0,126.0,21235.40425531915,2023-02-09,Alto,Corta
45,45,2023-02,1114.0,432835.4,3.0713644524236985,151845.38330341113,23322882.0,2.0,169825.0,126.0,21235.40425531915,2023-02-10,Alto,Larga
60,60,2023-02,1071.0,399243.47,3.01577964519141,153732.25957049488,23322882.0,2.0,169825.0,126.0,21235.40425531915,2023-02-11,Bajo,Media
64,64,2023-02,1106.0,401388.83,3.0310126582278483,158282.21880650995,23322882.0,2.0,169825.0,126.0,21235.40425531915,2023-02-12,Bajo,Media
46,46,2023-02,1093.0,423074.99,2.962305580969808,155607.0384263495,23322882.0,2.0,169825.0,126.0,21235.40425531915,2023-02-13,Alto,Corta
44,44,2023-02,1129.0,412384.5,2.953675819309123,151823.09300265723,23322882.0,2.0,169825.0,126.0,21235.40425531915,2023-02-14,Medio,Corta
50,50,2023-02,1069.0,404629.43,2.9920486435921423,152137.0935453695,23322882.0,2.0,169825.0,126.0,21235.40425531915,2023-02-15,Medio,Corta
43,43,2023-02,1072.0,374124.57,2.99384328358209,152425.70802238805,23322882.0,2.0,169825.0,126.0,21235.40425531915,2023-02-16,Bajo,Corta
64,64,2023-02,1156.0,401597.83,2.9469723183391,156692.01384083045,23322882.0,2.0,169825.0,126.0,21235.40425531915,2023-02-17,Bajo,Corta
55,55,2023-02,1125.0,417865.9,3.0178666666666665,153308.92355555555,23322882.0,2.0,169825.0,126.0,21235.40425531915,2023-02-18,Alto,Media
61,61,2023-02,1166.0,427900.38,2.9620068610634647,154857.86878216124,23322882.0,2.0,169825.0,126.0,21235.40425531915,2023-02-19,Alto,Corta
49,49,2023-02,1092.0,407263.76,2.9871794871794872,157410.85347985348,23322882.0,2.0,169825.0,126.0,21235.40425531915,2023-02-20,Medio,Corta
48,48,2023-02,1179.0,448237.36,3.042069550466497,157094.91094147583,23322882.0,2.0,169825.0,126.0,21235.40425531915,2023-02-21,Alto,Media
44,44,2023-02,1040.0,373880.79,3.0865384615384617,154886.30384615384,23322882.0,2.0,169825.0,126.0,21235.40425531915,2023-02-22,Bajo,Larga
50,50,2023-02,1039.0,405376.73,3.0798845043310874,152095.20019249278,23322882.0,2.0,169825.0,126.0,21235.40425531915,2023-02-23,Medio,Larga
55,55,2023-02,1151.0,442656.63,3.0561251086012162,156371.50912250218,23322882.0,2.0,169825.0,126.0,21235.40425531915,2023-02-24,Alto,Larga
61,61,2023-02,1160.0,425299.36,3.1413793103448278,155518.46724137932,23322882.0,2.0,169825.0,126.0,21235.40425531915,2023-02-25,Alto,Larga
67,67,2023-02,1050.0,406397.13,2.980952380952381,158168.55714285714,23322882.0,2.0,169825.0,126.0,21235.40425531915,2023-02-26,Medio,Corta
52,52,2023-02,1058.0,421298.29,3.0093572778827977,159765.98582230625,23322882.0,2.0,169825.0,126.0,21235.40425531915,2023-02-27,Alto,Media
53,53,2023-02,1085.0,408649.75,3.044884792626728,158986.82211981568,23322882.0,2.0,169825.0,126.0,21235.40425531915,2023-02-28,Medio,Media
51,51,2023-03,1088.0,412352.86,3.0617647058823527,158512.68841911765,26096313.0,3.0,196343.0,126.0,21305.432937181664,2023-03-01,Medio,Larga
55,55,2023-03,1078.0,393800.9,3.005473098330241,155405.29406307978,26096313.0,3.0,196343.0,126.0,21305.432937181664,2023-03-02,Bajo,Corta
48,48,2023-03,1110.0,390447.15,3.0665765765765767,158960.53513513514,26096313.0,3.0,196343.0,126.0,21305.432937181664,2023-03-03,Bajo,Larga
74,74,2023-03,1041.0,385240.11,3.0283381364073008,157029.91354466858,26096313.0,3.0,196343.0,126.0,21305.432937181664,2023-03-04,Bajo,Media
70,70,2023-03,1084.0,390517.1,3.0082103321033213,156423.7822878229,26096313.0,3.0,196343.0,126.0,21305.432937181664,2023-03-05,Bajo,Corta
49,49,2023-03,1095.0,387022.09,3.1483105022831053,154623.65936073058,26096313.0,3.0,196343.0,126.0,21305.432937181664,2023-03-06,Bajo,Larga
50,50,2023-03,1060.0,398444.69,2.985943396226415,153356.37547169812,26096313.0,3.0,196343.0,126.0,21305.432937181664,2023-03-07,Bajo,Corta
52,52,2023-03,1133.0,423487.49,3.0184466019417475,155148.6690203001,26096313.0,3.0,196343.0,126.0,21305.432937181664,2023-03-08,Alto,Media
48,48,2023-03,1131.0,424296.53,3.079575596816976,155102.8302387268,26096313.0,3.0,196343.0,126.0,21305.432937181664,2023-03-09,Alto,Larga
52,52,2023-03,1076.0,413176.99,3.0271375464684014,156886.2843866171,26096313.0,3.0,196343.0,126.0,21305.432937181664,2023-03-10,Medio,Media
45,45,2023-03,1048.0,387547.54,3.0276717557251906,155865.92652671755,26096313.0,3.0,196343.0,126.0,21305.432937181664,2023-03-11,Bajo,Media
57,57,2023-03,1083.0,423487.03,3.058356417359187,159469.2188365651,26096313.0,3.0,196343.0,126.0,21305.432937181664,2023-03-12,Alto,Larga
53,53,2023-03,1150.0,433576.26,3.036782608695652,158240.6591304348,26096313.0,3.0,196343.0,126.0,21305.432937181664,2023-03-13,Alto,Media
54,54,2023-03,1046.0,404268.08,2.9324091778202677,156752.85181644358,26096313.0,3.0,196343.0,126.0,21305.432937181664,2023-03-14,Medio,Corta
44,44,2023-03,1095.0,399779.13,3.0544292237442923,152199.20639269406,26096313.0,3.0,196343.0,126.0,21305.432937181664,2023-03-15,Bajo,Larga
47,47,2023-03,1043.0,389807.16,3.05790987535954,149282.43624161073,26096313.0,3.0,196343.0,126.0,21305.432937181664,2023-03-16,Bajo,Larga
47,47,2023-03,1113.0,422178.72,3.0979335130278525,154050.40431266846,26096313.0,3.0,196343.0,126.0,21305.432937181664,2023-03-17,Alto,Larga
64,64,2023-03,1059.0,410467.39,3.1543909348441925,156687.10103871577,26096313.0,3.0,196343.0,126.0,21305.432937181664,2023-03-18,Medio,Larga
89,89,2023-03,1071.0,395727.26,3.0354808590102706,151176.04761904763,26096313.0,3.0,196343.0,126.0,21305.432937181664,2023-03-19,Bajo,Media
60,60,2023-03,1081.0,399683.57,3.0359851988899167,156618.46345975948,26096313.0,3.0,196343.0,126.0,21305.432937181664,2023-03-20,Bajo,Media
55,55,2023-03,1098.0,434610.86,3.074499089253188,154047.00910746813,26096313.0,3.0,196343.0,126.0,21305.432937181664,2023-03-21,Alto,Larga
51,51,2023-03,1122.0,392775.8,3.0409982174688057,152449.92424242425,26096313.0,3.0,196343.0,126.0,21305.432937181664,2023-03-22,Bajo,Media
46,46,2023-03,1075.0,411733.87,3.048651162790698,152747.7265116279,26096313.0,3.0,196343.0,126.0,21305.432937181664,2023-03-23,Medio,Larga
54,54,2023-03,1108.0,412183.23,3.0691335740072203,157368.69945848375,26096313.0,3.0,196343.0,126.0,21305.432937181664,2023-03-24,Medio,Larga
56,56,2023-03,1092.0,397173.61,3.000824175824176,149545.70787545788,26096313.0,3.0,196343.0,126.0,21305.432937181664,2023-03-25,Bajo,Corta
65,65,2023-03,1103.0,409218.17,2.976246600181324,153049.03082502267,26096313.0,3.0,196343.0,126.0,21305.432937181664,2023-03-26,Medio,Corta
54,54,2023-03,1126.0,413004.89,2.9733570159857905,153427.86856127885,26096313.0,3.0,196343.0,126.0,21305.432937181664,2023-03-27,Medio,Corta
53,53,2023-03,1125.0,450331.3,2.9965333333333333,153925.21866666665,26096313.0,3.0,196343.0,126.0,21305.432937181664,2023-03-28,Alto,Corta
46,46,2023-03,1061.0,418748.72,3.0497643732327995,154572.7587181904,26096313.0,3.0,196343.0,126.0,21305.432937181664,2023-03-29,Alto,Larga
43,43,2023-03,1109.0,404756.06,2.9951307484220018,150839.01442741207,26096313.0,3.0,196343.0,126.0,21305.432937181664,2023-03-30,Medio,Corta
46,46,2023-03,1088.0,402333.73,3.044209558823529,150637.6286764706,26096313.0,3.0,196343.0,126.0,21305.432937181664,2023-03-31,Bajo,Media
62,62,2023-04,1109.0,432550.72,2.985482416591524,158403.23895401263,26780154.0,19.0,186476.0,126.0,21156.694915254237,2023-04-01,Alto,Corta
74,74,2023-04,1117.0,436788.1,3.091853178155774,159907.91942703672,26780154.0,19.0,186476.0,126.0,21156.694915254237,2023-04-02,Alto,Larga
48,48,2023-04,1021.0,383888.56,3.0016650342801174,156561.64054848187,26780154.0,19.0,186476.0,126.0,21156.694915254237,2023-04-03,Bajo,Corta
54,54,2023-04,1101.0,410071.06,3.0049046321525887,154808.21707538603,26780154.0,19.0,186476.0,126.0,21156.694915254237,2023-04-04,Medio,Corta
60,60,2023-04,1100.0,413181.73,2.955818181818182,158275.33181818182,26780154.0,19.0,186476.0,126.0,21156.694915254237,2023-04-05,Medio,Corta
62,62,2023-04,1138.0,404220.82,2.990773286467487,156886.15553602812,26780154.0,19.0,186476.0,126.0,21156.694915254237,2023-04-06,Medio,Corta
44,44,2023-04,1074.0,397715.15,3.0243947858472997,148950.49068901304,26780154.0,19.0,186476.0,126.0,21156.694915254237,2023-04-07,Bajo,Media
60,60,2023-04,1124.0,423613.7,3.0161921708185053,153849.62633451956,26780154.0,19.0,186476.0,126.0,21156.694915254237,2023-04-08,Alto,Media
68,68,2023-04,1045.0,406339.93,3.0970334928229666,155632.52535885168,26780154.0,19.0,186476.0,126.0,21156.694915254237,2023-04-09,Medio,Larga
59,59,2023-04,1140.0,429418.43,3.0782456140350876,156702.4938596491,26780154.0,19.0,186476.0,126.0,21156.694915254237,2023-04-10,Alto,Larga
50,50,2023-04,1059.0,415326.3,3.0271010387157693,155710.45136921623,26780154.0,19.0,186476.0,126.0,21156.694915254237,2023-04-11,Medio,Media
46,46,2023-04,1119.0,396251.39,3.037533512064343,153252.8561215371,26780154.0,19.0,186476.0,126.0,21156.694915254237,2023-04-12,Bajo,Media
51,50,2023-04,1154.0,432739.72,3.033622183708839,154638.02339688042,26780154.0,19.0,186476.0,126.0,21156.694915254237,2023-04-13,Alto,Media
58,58,2023-04,1120.0,415772.5,3.022232142857143,157926.2160714286,26780154.0,19.0,186476.0,126.0,21156.694915254237,2023-04-14,Medio,Media
67,67,2023-04,1079.0,412755.65,3.019091751621872,159404.96663577386,26780154.0,19.0,186476.0,126.0,21156.694915254237,2023-04-15,Medio,Media
73,73,2023-04,1152.0,420219.0,2.9651909722222225,157168.08854166666,26780154.0,19.0,186476.0,126.0,21156.694915254237,2023-04-16,Alto,Corta
52,52,2023-04,1085.0,419867.07,2.9776958525345623,156735.27188940093,26780154.0,19.0,186476.0,126.0,21156.694915254237,2023-04-17,Alto,Corta
49,49,2023-04,1091.0,406039.58,3.0332722273143906,157564.99083409715,26780154.0,19.0,186476.0,126.0,21156.694915254237,2023-04-18,Medio,Media
44,44,2023-04,1134.0,440992.35,3.1275132275132274,156563.4312169312,26780154.0,19.0,186476.0,126.0,21156.694915254237,2023-04-19,Alto,Larga
46,46,2023-04,1117.0,420755.74,3.1210384959713515,152987.54879140554,26780154.0,19.0,186476.0,126.0,21156.694915254237,2023-04-20,Alto,Larga
49,49,2023-04,1027.0,389294.03,3.0197663096397274,156061.71080817917,26780154.0,19.0,186476.0,126.0,21156.694915254237,2023-04-21,Bajo,Media
55,55,2023-04,1009.0,363596.98,2.8891972249752227,151241.10406342914,26780154.0,19.0,186476.0,126.0,21156.694915254237,2023-04-22,Bajo,Corta
65,65,2023-04,1071.0,400026.17,3.0273576097105512,150984.16433239964,26780154.0,19.0,186476.0,126.0,21156.694915254237,2023-04-23,Bajo,Media
56,56,2023-04,1060.0,402790.07,3.0541509433962264,155109.93867924527,26780154.0,19.0,186476.0,126.0,21156.694915254237,2023-04-24,Medio,Larga
48,48,2023-04,1113.0,428678.17,3.0120395327942497,158433.38274932615,26780154.0,19.0,186476.0,126.0,21156.694915254237,2023-04-25,Alto,Media
40,40,2023-04,1117.0,424978.81,2.9880035810205907,153953.6114592659,26780154.0,19.0,186476.0,126.0,21156.694915254237,2023-04-26,Alto,Corta
43,43,2023-04,1108.0,405592.55,3.0700361010830326,153524.77797833935,26780154.0,19.0,186476.0,126.0,21156.694915254237,2023-04-27,Medio,Larga
72,72,2023-04,1082.0,381152.37,3.0526802218114604,159509.12014787432,26780154.0,19.0,186476.0,126.0,21156.694915254237,2023-04-28,Bajo,Larga
64,64,2023-04,1097.0,420160.4,3.0505925250683683,154690.78213309025,26780154.0,19.0,186476.0,126.0,21156.694915254237,2023-04-29,Alto,Larga
68,68,2023-04,1080.0,412818.29,3.06,152993.06944444444,26780154.0,19.0,186476.0,126.0,21156.694915254237,2023-04-30,Medio,Larga
67,67,2023-05,1135.0,437556.11,3.007224669603524,155393.93303964759,25764294.0,33.0,194379.0,126.0,20960.677966101695,2023-05-01,Alto,Corta
58,57,2023-05,1093.0,407699.65,3.0797804208600184,152049.72735590118,25764294.0,33.0,194379.0,126.0,20960.677966101695,2023-05-02,Medio,Larga
49,49,2023-05,1084.0,407646.61,3.0633763837638375,155472.42066420664,25764294.0,33.0,194379.0,126.0,20960.677966101695,2023-05-03,Medio,Larga
50,50,2023-05,1065.0,379908.02999999997,3.043943661971831,158884.52112676058,25764294.0,33.0,194379.0,126.0,20960.677966101695,2023-05-04,Bajo,Media
58,58,2023-05,1113.0,407607.66,3.0241689128481584,152594.82030548068,25764294.0,33.0,194379.0,126.0,20960.677966101695,2023-05-05,Medio,Media
64,64,2023-05,1096.0,420392.7,3.045620437956204,152932.53740875912,25764294.0,33.0,194379.0,126.0,20960.677966101695,2023-05-06,Alto,Media
75,74,2023-05,1045.0,393774.27,3.0229665071770335,155724.82296650717,25764294.0,33.0,194379.0,126.0,20960.677966101695,2023-05-07,Bajo,Media
70,70,2023-05,1045.0,403643.68,2.9950239234449763,156977.34641148325,25764294.0,33.0,194379.0,126.0,20960.677966101695,2023-05-08,Medio,Corta
50,50,2023-05,1093.0,394350.88,3.034492223238792,157666.62946020128,25764294.0,33.0,194379.0,126.0,20960.677966101695,2023-05-09,Bajo,Media
40,40,2023-05,1104.0,404128.09,2.99375,152461.7436594203,25764294.0,33.0,194379.0,126.0,20960.677966101695,2023-05-10,Medio,Corta
37,37,2023-05,1038.0,380799.41,3.066955684007707,153665.86608863197,25764294.0,33.0,194379.0,126.0,20960.677966101695,2023-05-11,Bajo,Larga
52,52,2023-05,1108.0,420275.17,3.0564981949458483,154245.27797833935,25764294.0,33.0,194379.0,126.0,20960.677966101695,2023-05-12,Alto,Larga
53,52,2023-05,1117.0,411606.59,3.089167412712623,154877.15129811998,25764294.0,33.0,194379.0,126.0,20960.677966101695,2023-05-13,Medio,Larga
61,61,2023-05,1085.0,397147.22,2.989308755760369,157222.50599078342,25764294.0,33.0,194379.0,126.0,20960.677966101695,2023-05-14,Bajo,Corta
50,50,2023-05,1097.0,425291.57,3.0171376481312673,159577.6964448496,25764294.0,33.0,194379.0,126.0,20960.677966101695,2023-05-15,Alto,Media
39,39,2023-05,1025.0,369512.84,3.053658536585366,160908.4663414634,25764294.0,33.0,194379.0,126.0,20960.677966101695,2023-05-16,Bajo,Larga
47,46,2023-05,1121.0,433857.86,3.032114183764496,154616.8429973238,25764294.0,33.0,194379.0,126.0,20960.677966101695,2023-05-17,Alto,Media
42,42,2023-05,1094.0,399195.05,3.0757769652650824,150125.9488117002,25764294.0,33.0,194379.0,126.0,20960.677966101695,2023-05-18,Bajo,Larga
59,59,2023-05,1109.0,415982.45,2.995311091073039,153131.21460775472,25764294.0,33.0,194379.0,126.0,20960.677966101695,2023-05-19,Medio,Corta
64,64,2023-05,1140.0,418709.87,3.01859649122807,161625.98333333334,25764294.0,33.0,194379.0,126.0,20960.677966101695,2023-05-20,Alto,Media
58,58,2023-05,1018.0,347462.49,3.037917485265226,150603.10117878192,25764294.0,33.0,194379.0,126.0,20960.677966101695,2023-05-21,Bajo,Media
36,36,2023-05,1100.0,435426.61,3.022181818181818,156362.2009090909,25764294.0,33.0,194379.0,126.0,20960.677966101695,2023-05-22,Alto,Media
49,49,2023-05,1079.0,401443.05,3.0677479147358664,157607.19184430028,25764294.0,33.0,194379.0,126.0,20960.677966101695,2023-05-23,Bajo,Larga
52,52,2023-05,1123.0,405802.38,3.042386464826358,155682.27782724844,25764294.0,33.0,194379.0,126.0,20960.677966101695,2023-05-24,Medio,Media
37,37,2023-05,1073.0,399881.21,2.9900279589934766,151784.7465051258,25764294.0,33.0,194379.0,126.0,20960.677966101695,2023-05-25,Bajo,Corta
47,46,2023-05,1138.0,416242.38,3.0900702987697715,156631.41036906853,25764294.0,33.0,194379.0,126.0,20960.677966101695,2023-05-26,Medio,Larga
61,61,2023-05,1115.0,411834.86,3.054529147982063,157306.6923766816,25764294.0,33.0,194379.0,126.0,20960.677966101695,2023-05-27,Medio,Larga
65,65,2023-05,1099.0,430128.29,3.0216560509554142,155305.69881710646,25764294.0,33.0,194379.0,126.0,20960.677966101695,2023-05-28,Alto,Media
55,55,2023-05,1118.0,430895.16,3.0155635062611807,154066.43649373882,25764294.0,33.0,194379.0,126.0,20960.677966101695,2023-05-29,Alto,Media
40,40,2023-05,1109.0,421036.08,3.0378719567177637,152206.21190261497,25764294.0,33.0,194379.0,126.0,20960.677966101695,2023-05-30,Alto,Media
51,51,2023-05,1090.0,435584.84,3.0725688073394495,153192.40366972476,25764294.0,33.0,194379.0,126.0,20960.677966101695,2023-05-31,Alto,Larga
41,41,2023-06,1025.0,417357.67,2.9640975609756097,154364.2712195122,26730768.0,30.0,193756.0,127.0,20836.386554621848,2023-06-01,Alto,Corta
53,53,2023-06,1104.0,415010.27,2.9955615942028984,156646.28623188406,26730768.0,30.0,193756.0,127.0,20836.386554621848,2023-06-02,Medio,Corta
71,70,2023-06,1118.0,423303.92,2.96824686940966,153688.37835420395,26730768.0,30.0,193756.0,127.0,20836.386554621848,2023-06-03,Alto,Corta
66,66,2023-06,1132.0,427281.69,3.006713780918728,154838.351590106,26730768.0,30.0,193756.0,127.0,20836.386554621848,2023-06-04,Alto,Corta
66,66,2023-06,1056.0,387409.57,3.093844696969697,154410.36647727274,26730768.0,30.0,193756.0,127.0,20836.386554621848,2023-06-05,Bajo,Larga
58,58,2023-06,1104.0,408761.2,2.9817934782608697,151760.52083333334,26730768.0,30.0,193756.0,127.0,20836.386554621848,2023-06-06,Medio,Corta
50,50,2023-06,1110.0,408442.11,3.0424324324324323,154968.081981982,26730768.0,30.0,193756.0,127.0,20836.386554621848,2023-06-07,Medio,Media
48,48,2023-06,1112.0,431750.34,3.0752697841726615,148660.67715827338,26730768.0,30.0,193756.0,127.0,20836.386554621848,2023-06-08,Alto,Larga
52,52,2023-06,1195.0,450645.12,3.040083682008368,157725.50962343096,26730768.0,30.0,193756.0,127.0,20836.386554621848,2023-06-09,Alto,Media
59,59,2023-06,1084.0,425427.73,3.117066420664207,149057.04889298894,26730768.0,30.0,193756.0,127.0,20836.386554621848,2023-06-10,Alto,Larga
66,66,2023-06,1124.0,421669.65,3.1415480427046263,152345.95996441282,26730768.0,30.0,193756.0,127.0,20836.386554621848,2023-06-11,Alto,Larga
55,55,2023-06,1061.0,370160.95,3.0701225259189444,157993.83600377003,26730768.0,30.0,193756.0,127.0,20836.386554621848,2023-06-12,Bajo,Larga
54,54,2023-06,1060.0,412697.51,3.0312264150943395,155850.25094339624,26730768.0,30.0,193756.0,127.0,20836.386554621848,2023-06-13,Medio,Media
33,33,2023-06,1082.0,403467.03,2.983456561922366,151509.4325323475,26730768.0,30.0,193756.0,127.0,20836.386554621848,2023-06-14,Medio,Corta
48,48,2023-06,1110.0,441101.12,2.9553153153153153,155977.5774774775,26730768.0,30.0,193756.0,127.0,20836.386554621848,2023-06-15,Alto,Corta
53,53,2023-06,1083.0,386684.59,2.9812557710064636,152867.33702677747,26730768.0,30.0,193756.0,127.0,20836.386554621848,2023-06-16,Bajo,Corta
67,67,2023-06,1059.0,408877.99,3.062417374881964,154627.00944287062,26730768.0,30.0,193756.0,127.0,20836.386554621848,2023-06-17,Medio,Larga
75,74,2023-06,1101.0,404088.73,3.0572207084468666,155934.76021798365,26730768.0,30.0,193756.0,127.0,20836.386554621848,2023-06-18,Medio,Larga
66,66,2023-06,1079.0,412378.81,3.0794253938832252,151793.23818350324,26730768.0,30.0,193756.0,127.0,20836.386554621848,2023-06-19,Medio,Larga
53,53,2023-06,1083.0,389403.48,2.9927054478301014,153550.1052631579,26730768.0,30.0,193756.0,127.0,20836.386554621848,2023-06-20,Bajo,Corta
46,46,2023-06,1072.0,413916.3,3.048787313432836,153681.8703358209,26730768.0,30.0,193756.0,127.0,20836.386554621848,2023-06-21,Medio,Larga
53,53,2023-06,1111.0,396219.27,3.0748874887488746,158320.92619261926,26730768.0,30.0,193756.0,127.0,20836.386554621848,2023-06-22,Bajo,Larga
58,58,2023-06,1075.0,401937.87,3.0722790697674416,153083.58697674418,26730768.0,30.0,193756.0,127.0,20836.386554621848,2023-06-23,Bajo,Larga
74,74,2023-06,1074.0,409278.89,3.0497206703910615,158367.14804469273,26730768.0,30.0,193756.0,127.0,20836.386554621848,2023-06-24,Medio,Larga
65,65,2023-06,1182.0,468970.11,3.0555837563451775,150213.64974619288,26730768.0,30.0,193756.0,127.0,20836.386554621848,2023-06-25,Alto,Larga
42,42,2023-06,1116.0,407428.03,3.0314516129032256,151414.05913978495,26730768.0,30.0,193756.0,127.0,20836.386554621848,2023-06-26,Medio,Media
47,47,2023-06,1144.0,419745.32,3.0702797202797205,153852.09877622378,26730768.0,30.0,193756.0,127.0,20836.386554621848,2023-06-27,Alto,Larga
42,42,2023-06,1086.0,414723.54,3.0101289134438307,153120.2476979742,26730768.0,30.0,193756.0,127.0,20836.386554621848,2023-06-28,Medio,Media
50,50,2023-06,1056.0,399689.48,2.9697916666666666,155884.72537878787,26730768.0,30.0,193756.0,127.0,20836.386554621848,2023-06-29,Bajo,Corta
53,53,2023-06,1062.0,405563.37,2.9815442561205274,152157.09510357815,26730768.0,30.0,193756.0,127.0,20836.386554621848,2023-06-30,Medio,Corta
74,74,2023-07,1087.0,398783.76,3.0816927322907084,155187.35878564857,27487574.0,33.0,185346.0,127.0,21173.865546218487,2023-07-01,Bajo,Larga
66,66,2023-07,1126.0,431688.55,3.000621669626998,155356.80550621668,27487574.0,33.0,185346.0,127.0,21173.865546218487,2023-07-02,Alto,Corta
57,56,2023-07,1092.0,432371.23,3.0363553113553112,156528.32600732602,27487574.0,33.0,185346.0,127.0,21173.865546218487,2023-07-03,Alto,Media
50,50,2023-07,1119.0,408548.06,2.967828418230563,158322.2037533512,27487574.0,33.0,185346.0,127.0,21173.865546218487,2023-07-04,Medio,Corta
52,52,2023-07,1071.0,408829.72,2.9907563025210084,155149.77217553687,27487574.0,33.0,185346.0,127.0,21173.865546218487,2023-07-05,Medio,Corta
37,37,2023-07,1126.0,420574.38,2.975577264653641,159720.68738898757,27487574.0,33.0,185346.0,127.0,21173.865546218487,2023-07-06,Alto,Corta
54,54,2023-07,1072.0,385939.86,3.0830223880597014,152233.06623134328,27487574.0,33.0,185346.0,127.0,21173.865546218487,2023-07-07,Bajo,Larga
41,41,2023-07,1112.0,412829.37,3.069064748201439,151231.57823741008,27487574.0,33.0,185346.0,127.0,21173.865546218487,2023-07-08,Medio,Larga
72,72,2023-07,1102.0,424083.46,2.9852087114337564,153546.42377495463,27487574.0,33.0,185346.0,127.0,21173.865546218487,2023-07-09,Alto,Corta
45,45,2023-07,1114.0,421338.29,3.028994614003591,156776.84649910234,27487574.0,33.0,185346.0,127.0,21173.865546218487,2023-07-10,Alto,Media
57,57,2023-07,1079.0,395823.81,3.0010194624652455,152592.3734939759,27487574.0,33.0,185346.0,127.0,21173.865546218487,2023-07-11,Bajo,Corta
43,43,2023-07,1105.0,402957.85,3.072850678733032,153680.9149321267,27487574.0,33.0,185346.0,127.0,21173.865546218487,2023-07-12,Medio,Larga
50,50,2023-07,1026.0,399353.17,3.00233918128655,156257.81578947368,27487574.0,33.0,185346.0,127.0,21173.865546218487,2023-07-13,Bajo,Corta
52,52,2023-07,1072.0,370514.29,2.9876865671641792,155220.411380597,27487574.0,33.0,185346.0,127.0,21173.865546218487,2023-07-14,Bajo,Corta
58,58,2023-07,1034.0,384050.04,2.979400386847195,157944.24274661508,27487574.0,33.0,185346.0,127.0,21173.865546218487,2023-07-15,Bajo,Corta
76,76,2023-07,1073.0,402966.84,2.97138863000932,154844.26374650514,27487574.0,33.0,185346.0,127.0,21173.865546218487,2023-07-16,Medio,Corta
59,59,2023-07,1102.0,420841.5,3.1177858439201453,156854.11433756805,27487574.0,33.0,185346.0,127.0,21173.865546218487,2023-07-17,Alto,Larga
48,48,2023-07,1095.0,413205.22,3.0514155251141553,153550.5095890411,27487574.0,33.0,185346.0,127.0,21173.865546218487,2023-07-18,Medio,Larga
47,47,2023-07,1077.0,413823.02,3.0104921077065927,157552.94614670382,27487574.0,33.0,185346.0,127.0,21173.865546218487,2023-07-19,Medio,Media
53,53,2023-07,1196.0,467991.45,2.9607859531772576,152003.10535117055,27487574.0,33.0,185346.0,127.0,21173.865546218487,2023-07-20,Alto,Corta
58,57,2023-07,1126.0,430624.17,3.01101243339254,155558.71314387213,27487574.0,33.0,185346.0,127.0,21173.865546218487,2023-07-21,Alto,Media
51,51,2023-07,1053.0,390398.86,3.0231718898385567,152684.78347578348,27487574.0,33.0,185346.0,127.0,21173.865546218487,2023-07-22,Bajo,Media
63,63,2023-07,1071.0,406505.87,3.004481792717087,155060.70868347338,27487574.0,33.0,185346.0,127.0,21173.865546218487,2023-07-23,Medio,Corta
51,51,2023-07,1085.0,386290.08,3.0170506912442394,152804.57511520738,27487574.0,33.0,185346.0,127.0,21173.865546218487,2023-07-24,Bajo,Media
50,50,2023-07,1114.0,440887.73,3.0809694793536804,157172.71633752243,27487574.0,33.0,185346.0,127.0,21173.865546218487,2023-07-25,Alto,Larga
50,50,2023-07,1069.0,409194.35,3.033956969130028,152781.92984097288,27487574.0,33.0,185346.0,127.0,21173.865546218487,2023-07-26,Medio,Media
52,52,2023-07,1103.0,437372.22,2.973708068902992,154081.60743427018,27487574.0,33.0,185346.0,127.0,21173.865546218487,2023-07-27,Alto,Corta
49,49,2023-07,1089.0,411243.01,2.9969696969696966,157358.86225895316,27487574.0,33.0,185346.0,127.0,21173.865546218487,2023-07-28,Medio,Corta
57,57,2023-07,1089.0,384390.37,3.014967860422406,156806.79338842974,27487574.0,33.0,185346.0,127.0,21173.865546218487,2023-07-29,Bajo,Media
59,59,2023-07,1124.0,414812.41,3.0192170818505337,156886.31049822064,27487574.0,33.0,185346.0,127.0,21173.865546218487,2023-07-30,Medio,Media
49,49,2023-07,1131.0,396510.37,3.0047745358090188,153935.10963748896,27487574.0,33.0,185346.0,127.0,21173.865546218487,2023-07-31,Bajo,Corta
47,47,2023-08,1078.0,377440.93,2.982003710575139,159281.1883116883,26324220.0,54.0,185511.0,128.0,21229.0,2023-08-01,Bajo,Corta
39,39,2023-08,1090.0,411355.19,2.9744036697247704,154578.1513761468,26324220.0,54.0,185511.0,128.0,21229.0,2023-08-02,Medio,Corta
47,47,2023-08,1123.0,390484.72000000003,2.9714158504007124,153420.51647373108,26324220.0,54.0,185511.0,128.0,21229.0,2023-08-03,Bajo,Corta
47,47,2023-08,1097.0,398979.27999999997,2.982771194165907,154671.7456700091,26324220.0,54.0,185511.0,128.0,21229.0,2023-08-04,Bajo,Corta
58,58,2023-08,1129.0,404995.71,2.979273693534101,156823.74490699734,26324220.0,54.0,185511.0,128.0,21229.0,2023-08-05,Medio,Corta
66,66,2023-08,1102.0,424093.67,3.0316696914700545,158140.2931034483,26324220.0,54.0,185511.0,128.0,21229.0,2023-08-06,Alto,Media
50,50,2023-08,1136.0,394553.35,2.9471830985915495,151501.3459507042,26324220.0,54.0,185511.0,128.0,21229.0,2023-08-07,Bajo,Corta
60,60,2023-08,1079.0,405156.89,3.065616311399444,155087.1686746988,26324220.0,54.0,185511.0,128.0,21229.0,2023-08-08,Medio,Larga
42,42,2023-08,1193.0,438936.91,3.0391450125733446,156577.82145850797,26324220.0,54.0,185511.0,128.0,21229.0,2023-08-09,Alto,Media
39,39,2023-08,1159.0,457539.11,3.0732528041415015,155614.77653149268,26324220.0,54.0,185511.0,128.0,21229.0,2023-08-10,Alto,Larga
44,44,2023-08,1098.0,411633.77,3.025409836065574,152204.15938069217,26324220.0,54.0,185511.0,128.0,21229.0,2023-08-11,Medio,Media
62,62,2023-08,1026.0,380631.53,2.9857699805068227,155684.0955165692,26324220.0,54.0,185511.0,128.0,21229.0,2023-08-12,Bajo,Corta
61,61,2023-08,1099.0,408349.29,3.092993630573248,154795.53230209282,26324220.0,54.0,185511.0,128.0,21229.0,2023-08-13,Medio,Larga
46,46,2023-08,1120.0,418369.64,3.0400892857142856,152997.3,26324220.0,54.0,185511.0,128.0,21229.0,2023-08-14,Alto,Media
38,38,2023-08,1013.0,398492.91,3.059427443237907,153098.1362290227,26324220.0,54.0,185511.0,128.0,21229.0,2023-08-15,Bajo,Larga
48,48,2023-08,1107.0,418116.72,3.0532068654019873,151040.38934056007,26324220.0,54.0,185511.0,128.0,21229.0,2023-08-16,Alto,Larga
46,46,2023-08,1124.0,432385.13,2.965480427046263,156557.05338078292,26324220.0,54.0,185511.0,128.0,21229.0,2023-08-17,Alto,Corta
48,48,2023-08,1095.0,410627.33,3.0446575342465754,152661.30684931506,26324220.0,54.0,185511.0,128.0,21229.0,2023-08-18,Medio,Media
74,74,2023-08,1097.0,422312.47,3.1018231540565178,159085.39562443027,26324220.0,54.0,185511.0,128.0,21229.0,2023-08-19,Alto,Larga
59,58,2023-08,1083.0,403551.39,2.986703601108033,152448.29085872576,26324220.0,54.0,185511.0,128.0,21229.0,2023-08-20,Medio,Corta
63,63,2023-08,1124.0,420566.14,3.041725978647687,158944.75355871886,26324220.0,54.0,185511.0,128.0,21229.0,2023-08-21,Alto,Media
46,46,2023-08,1090.0,414873.86,3.045045871559633,155750.53486238534,26324220.0,54.0,185511.0,128.0,21229.0,2023-08-22,Medio,Media
54,54,2023-08,1179.0,450634.55,2.9972010178117046,151991.9296013571,26324220.0,54.0,185511.0,128.0,21229.0,2023-08-23,Alto,Corta
51,51,2023-08,1042.0,384898.98,2.9944337811900192,152028.42226487523,26324220.0,54.0,185511.0,128.0,21229.0,2023-08-24,Bajo,Corta
57,57,2023-08,1060.0,371899.38,3.0077358490566035,156868.0783018868,26324220.0,54.0,185511.0,128.0,21229.0,2023-08-25,Bajo,Corta
70,69,2023-08,1095.0,404283.61,3.04,157082.37534246576,26324220.0,54.0,185511.0,128.0,21229.0,2023-08-26,Medio,Media
57,57,2023-08,1107.0,411952.48,3.13613369467028,154805.37127371275,26324220.0,54.0,185511.0,128.0,21229.0,2023-08-27,Medio,Larga
47,47,2023-08,1110.0,421308.87,3.054144144144144,154641.6981981982,26324220.0,54.0,185511.0,128.0,21229.0,2023-08-28,Alto,Larga
59,59,2023-08,1092.0,381746.45,3.095970695970696,154560.05402930404,26324220.0,54.0,185511.0,128.0,21229.0,2023-08-29,Bajo,Larga
48,48,2023-08,1094.0,398636.64,3.0705667276051187,155813.76691042047,26324220.0,54.0,185511.0,128.0,21229.0,2023-08-30,Bajo,Larga
56,56,2023-08,1054.0,391532.31,3.1137571157495256,155778.0834914611,26324220.0,54.0,185511.0,128.0,21229.0,2023-08-31,Bajo,Larga
56,56,2023-09,1098.0,425240.94,3.0567395264116577,160262.8233151184,24764037.0,46.0,187936.0,128.0,21274.333333333332,2023-09-01,Alto,Larga
71,71,2023-09,1084.0,406902.92,3.052029520295203,153838.81918819188,24764037.0,46.0,187936.0,128.0,21274.333333333332,2023-09-02,Medio,Larga
69,69,2023-09,1078.0,410812.51,3.0296846011131726,159044.81447124304,24764037.0,46.0,187936.0,128.0,21274.333333333332,2023-09-03,Medio,Media
46,46,2023-09,1119.0,426856.02,3.0282394995531723,154459.80607685432,24764037.0,46.0,187936.0,128.0,21274.333333333332,2023-09-04,Alto,Media
56,56,2023-09,1110.0,406170.95,3.0243243243243243,151076.0918918919,24764037.0,46.0,187936.0,128.0,21274.333333333332,2023-09-05,Medio,Media
46,46,2023-09,1075.0,389436.71,3.0583255813953487,153231.6465116279,24764037.0,46.0,187936.0,128.0,21274.333333333332,2023-09-06,Bajo,Larga
56,56,2023-09,1118.0,398889.23,3.058676207513417,159484.99552772808,24764037.0,46.0,187936.0,128.0,21274.333333333332,2023-09-07,Bajo,Larga
57,57,2023-09,1110.0,429940.32,3.0587387387387386,152603.53963963964,24764037.0,46.0,187936.0,128.0,21274.333333333332,2023-09-08,Alto,Larga
59,59,2023-09,1093.0,411677.6,3.067612076852699,151891.26349496798,24764037.0,46.0,187936.0,128.0,21274.333333333332,2023-09-09,Medio,Larga
63,63,2023-09,1100.0,437740.14,3.0395454545454546,158297.6109090909,24764037.0,46.0,187936.0,128.0,21274.333333333332,2023-09-10,Alto,Media
53,53,2023-09,1099.0,397659.89,3.096815286624204,151264.5186533212,24764037.0,46.0,187936.0,128.0,21274.333333333332,2023-09-11,Bajo,Larga
45,45,2023-09,1076.0,410947.51,2.9986988847583644,154705.74814126393,24764037.0,46.0,187936.0,128.0,21274.333333333332,2023-09-12,Medio,Corta
50,50,2023-09,1047.0,379513.02,3.0422158548233047,156961.51671442215,24764037.0,46.0,187936.0,128.0,21274.333333333332,2023-09-13,Bajo,Media
43,43,2023-09,1114.0,428422.07,3.0563734290843807,157552.68402154397,24764037.0,46.0,187936.0,128.0,21274.333333333332,2023-09-14,Alto,Larga
50,50,2023-09,1114.0,407736.11,3.0365350089766605,154020.72262118492,24764037.0,46.0,187936.0,128.0,21274.333333333332,2023-09-15,Medio,Media
67,66,2023-09,1082.0,398356.64,3.070517560073937,158774.32624768946,24764037.0,46.0,187936.0,128.0,21274.333333333332,2023-09-16,Bajo,Larga
79,79,2023-09,1043.0,398012.7,3.0746883988494726,157506.86289549377,24764037.0,46.0,187936.0,128.0,21274.333333333332,2023-09-17,Bajo,Larga
58,58,2023-09,1052.0,417589.45,3.023669201520913,153874.63117870723,24764037.0,46.0,187936.0,128.0,21274.333333333332,2023-09-18,Alto,Media
54,54,2023-09,1112.0,397667.69,3.006294964028777,153512.18525179857,24764037.0,46.0,187936.0,128.0,21274.333333333332,2023-09-19,Bajo,Corta
50,50,2023-09,1085.0,409943.49,3.0017511520737328,151547.46451612902,24764037.0,46.0,187936.0,128.0,21274.333333333332,2023-09-20,Medio,Corta
46,46,2023-09,1066.0,395827.9,3.042307692307692,158788.53189493433,24764037.0,46.0,187936.0,128.0,21274.333333333332,2023-09-21,Bajo,Media
58,58,2023-09,1143.0,416732.23,3.074453193350831,155325.87489063866,24764037.0,46.0,187936.0,128.0,21274.333333333332,2023-09-22,Medio,Larga
67,66,2023-09,1056.0,398137.56,3.090719696969697,153062.69318181818,24764037.0,46.0,187936.0,128.0,21274.333333333332,2023-09-23,Bajo,Larga
77,77,2023-09,1091.0,407080.18,2.9907424381301557,150402.01374885425,24764037.0,46.0,187936.0,128.0,21274.333333333332,2023-09-24,Medio,Corta
58,58,2023-09,1043.0,413276.89,3.0094918504314476,152812.12751677854,24764037.0,46.0,187936.0,128.0,21274.333333333332,2023-09-25,Medio,Media
40,40,2023-09,1120.0,412361.3,3.043214285714286,152628.98928571428,24764037.0,46.0,187936.0,128.0,21274.333333333332,2023-09-26,Medio,Media
52,52,2023-09,1043.0,405088.05,3.0189837008628957,154324.36720997124,24764037.0,46.0,187936.0,128.0,21274.333333333332,2023-09-27,Medio,Media
50,50,2023-09,1146.0,417706.15,3.06151832460733,151649.34118673648,24764037.0,46.0,187936.0,128.0,21274.333333333332,2023-09-28,Alto,Larga
47,47,2023-09,1108.0,399177.9,3.0138989169675092,155046.40523465705,24764037.0,46.0,187936.0,128.0,21274.333333333332,2023-09-29,Bajo,Media
64,64,2023-09,1077.0,406257.82,3.058681522748375,156806.52181987002,24764037.0,46.0,187936.0,128.0,21274.333333333332,2023-09-30,Medio,Larga
65,65,2023-10,1100.0,412366.0,2.970818181818182,154139.69545454546,26523879.0,12.0,197340.0,128.0,21251.658374792703,2023-10-01,Medio,Corta
66,66,2023-10,1053.0,380252.18,2.9749287749287747,156768.9762583096,26523879.0,12.0,197340.0,128.0,21251.658374792703,2023-10-02,Bajo,Corta
57,57,2023-10,1091.0,390758.2,3.092392300641613,157169.496791934,26523879.0,12.0,197340.0,128.0,21251.658374792703,2023-10-03,Bajo,Larga
45,45,2023-10,1113.0,420835.55,3.0335130278526505,157283.13836477988,26523879.0,12.0,197340.0,128.0,21251.658374792703,2023-10-04,Alto,Media
46,46,2023-10,1152.0,423348.76,2.961197916666667,152297.53559027778,26523879.0,12.0,197340.0,128.0,21251.658374792703,2023-10-05,Alto,Corta
53,53,2023-10,1103.0,430856.45,3.0398005439709883,154410.1985494107,26523879.0,12.0,197340.0,128.0,21251.658374792703,2023-10-06,Alto,Media
66,66,2023-10,1088.0,401259.17,3.0871323529411767,149535.70036764705,26523879.0,12.0,197340.0,128.0,21251.658374792703,2023-10-07,Bajo,Larga
62,61,2023-10,1153.0,441951.38,3.0862098872506505,154002.20034692108,26523879.0,12.0,197340.0,128.0,21251.658374792703,2023-10-08,Alto,Larga
52,51,2023-10,1116.0,394824.59,2.975448028673835,154085.22043010753,26523879.0,12.0,197340.0,128.0,21251.658374792703,2023-10-09,Bajo,Corta
47,46,2023-10,1042.0,389740.69,3.0051823416506718,155357.09021113242,26523879.0,12.0,197340.0,128.0,21251.658374792703,2023-10-10,Bajo,Corta
40,40,2023-10,1132.0,437381.95,2.9841872791519433,157766.67756183745,26523879.0,12.0,197340.0,128.0,21251.658374792703,2023-10-11,Alto,Corta
55,55,2023-10,1147.0,413645.66,2.941238012205754,155803.83173496075,26523879.0,12.0,197340.0,128.0,21251.658374792703,2023-10-12,Medio,Corta
53,53,2023-10,1099.0,422656.06,3.0408553230209283,158698.703366697,26523879.0,12.0,197340.0,128.0,21251.658374792703,2023-10-13,Alto,Media
66,66,2023-10,1149.0,390670.92,3.080852915578764,155148.60748476937,26523879.0,12.0,197340.0,128.0,21251.658374792703,2023-10-14,Bajo,Larga
71,71,2023-10,1164.0,449040.46,3.016151202749141,155693.57731958764,26523879.0,12.0,197340.0,128.0,21251.658374792703,2023-10-15,Alto,Media
54,54,2023-10,1098.0,416269.26,3.03287795992714,154519.13479052825,26523879.0,12.0,197340.0,128.0,21251.658374792703,2023-10-16,Medio,Media
61,61,2023-10,1071.0,379120.99,3.0238095238095237,155125.01493930907,26523879.0,12.0,197340.0,128.0,21251.658374792703,2023-10-17,Bajo,Media
60,60,2023-10,1133.0,424933.33,2.978729037952339,154213.43071491615,26523879.0,12.0,197340.0,128.0,21251.658374792703,2023-10-18,Alto,Corta
63,63,2023-10,1093.0,424170.81,3.076029277218664,154967.28728270813,26523879.0,12.0,197340.0,128.0,21251.658374792703,2023-10-19,Alto,Larga
50,50,2023-10,1123.0,424578.32,3.0491540516473727,153809.12555654498,26523879.0,12.0,197340.0,128.0,21251.658374792703,2023-10-20,Alto,Larga
65,65,2023-10,1074.0,414857.95,3.0027932960893855,156874.26629422719,26523879.0,12.0,197340.0,128.0,21251.658374792703,2023-10-21,Medio,Corta
65,65,2023-10,1127.0,401098.01,3.039396628216504,156505.22537710736,26523879.0,12.0,197340.0,128.0,21251.658374792703,2023-10-22,Bajo,Media
60,60,2023-10,1076.0,390960.8,3.016635687732342,156517.07899628254,26523879.0,12.0,197340.0,128.0,21251.658374792703,2023-10-23,Bajo,Media
35,35,2023-10,1104.0,439233.84,3.0543478260869565,153609.009057971,26523879.0,12.0,197340.0,128.0,21251.658374792703,2023-10-24,Alto,Larga
45,45,2023-10,1095.0,413176.2,2.9968036529680364,159267.9799086758,26523879.0,12.0,197340.0,128.0,21251.658374792703,2023-10-25,Medio,Corta
64,64,2023-10,1090.0,414934.16,3.0211926605504584,155310.70642201835,26523879.0,12.0,197340.0,128.0,21251.658374792703,2023-10-26,Medio,Media
42,42,2023-10,1077.0,408511.08,3.02711234911792,157411.85329619312,26523879.0,12.0,197340.0,128.0,21251.658374792703,2023-10-27,Medio,Media
46,46,2023-10,1119.0,413739.11,3.075424486148347,153030.91510277032,26523879.0,12.0,197340.0,128.0,21251.658374792703,2023-10-28,Medio,Larga
62,62,2023-10,1118.0,402491.54,3.008586762075134,152938.2915921288,26523879.0,12.0,197340.0,128.0,21251.658374792703,2023-10-29,Medio,Media
49,49,2023-10,1075.0,404591.03,2.995813953488372,153451.4995348837,26523879.0,12.0,197340.0,128.0,21251.658374792703,2023-10-30,Medio,Corta
60,60,2023-10,1074.0,409773.23,2.9743947858473,155491.3398510242,26523879.0,12.0,197340.0,128.0,21251.658374792703,2023-10-31,Medio,Corta
44,43,2023-11,1052.0,415023.5,2.977376425855513,154881.31558935362,26490563.0,1.0,198338.0,130.0,21303.796445880453,2023-11-01,Medio,Corta
38,38,2023-11,1117.0,410340.16,3.0194270367054608,150723.42256042972,26490563.0,1.0,198338.0,130.0,21303.796445880453,2023-11-02,Medio,Media
54,53,2023-11,1043.0,410995.11,3.015723873441994,153534.01150527326,26490563.0,1.0,198338.0,130.0,21303.796445880453,2023-11-03,Medio,Media
70,70,2023-11,1020.0,394406.76,3.068529411764706,155759.80686274508,26490563.0,1.0,198338.0,130.0,21303.796445880453,2023-11-04,Bajo,Larga
70,70,2023-11,1082.0,409559.09,2.9893715341959335,152107.08410351202,26490563.0,1.0,198338.0,130.0,21303.796445880453,2023-11-05,Medio,Corta
61,61,2023-11,1090.0,403632.4,3.0445871559633026,152749.20733944955,26490563.0,1.0,198338.0,130.0,21303.796445880453,2023-11-06,Medio,Media
61,61,2023-11,1048.0,381252.22000000003,2.9771946564885496,153963.15553435116,26490563.0,1.0,198338.0,130.0,21303.796445880453,2023-11-07,Bajo,Corta
48,48,2023-11,1103.0,418030.77,3.0447869446962827,153705.73073436084,26490563.0,1.0,198338.0,130.0,21303.796445880453,2023-11-08,Alto,Media
46,46,2023-11,1098.0,415130.81,3.044262295081967,157673.41712204006,26490563.0,1.0,198338.0,130.0,21303.796445880453,2023-11-09,Medio,Media
60,60,2023-11,1066.0,375343.12,3.0674484052532835,154977.4540337711,26490563.0,1.0,198338.0,130.0,21303.796445880453,2023-11-10,Bajo,Larga
67,67,2023-11,1126.0,413013.19,3.045026642984014,152173.93339253997,26490563.0,1.0,198338.0,130.0,21303.796445880453,2023-11-11,Medio,Media
64,64,2023-11,1121.0,445880.73,3.0021409455843,155314.8278322926,26490563.0,1.0,198338.0,130.0,21303.796445880453,2023-11-12,Alto,Corta
46,46,2023-11,1059.0,418269.42,3.06137865911237,154027.78564683665,26490563.0,1.0,198338.0,130.0,21303.796445880453,2023-11-13,Alto,Larga
47,47,2023-11,1062.0,393813.15,2.9892655367231638,155425.22033898305,26490563.0,1.0,198338.0,130.0,21303.796445880453,2023-11-14,Bajo,Corta
49,49,2023-11,1065.0,403000.19,3.0316431924882625,153541.19624413145,26490563.0,1.0,198338.0,130.0,21303.796445880453,2023-11-15,Medio,Media
51,51,2023-11,1100.0,401300.1,3.059909090909091,158577.80727272728,26490563.0,1.0,198338.0,130.0,21303.796445880453,2023-11-16,Bajo,Larga
50,50,2023-11,1112.0,407354.8,3.002967625899281,153551.2715827338,26490563.0,1.0,198338.0,130.0,21303.796445880453,2023-11-17,Medio,Corta
65,65,2023-11,1090.0,401384.04,3.0840366972477065,155711.91743119265,26490563.0,1.0,198338.0,130.0,21303.796445880453,2023-11-18,Bajo,Larga
57,57,2023-11,1084.0,409549.71,2.985332103321033,153483.3966789668,26490563.0,1.0,198338.0,130.0,21303.796445880453,2023-11-19,Medio,Corta
57,57,2023-11,1127.0,437287.11,3.0397515527950314,151532.14108251996,26490563.0,1.0,198338.0,130.0,21303.796445880453,2023-11-20,Alto,Media
52,51,2023-11,1102.0,387863.42,3.0722323049001816,157358.46642468238,26490563.0,1.0,198338.0,130.0,21303.796445880453,2023-11-21,Bajo,Larga
43,43,2023-11,1093.0,390854.47,2.980786825251601,156555.88289112534,26490563.0,1.0,198338.0,130.0,21303.796445880453,2023-11-22,Bajo,Corta
49,49,2023-11,1080.0,394258.54,3.035833333333333,155870.70092592592,26490563.0,1.0,198338.0,130.0,21303.796445880453,2023-11-23,Bajo,Media
39,39,2023-11,1061.0,391931.02,3.1032987747408103,154104.8039585297,26490563.0,1.0,198338.0,130.0,21303.796445880453,2023-11-24,Bajo,Larga
53,53,2023-11,1039.0,380860.2,3.0227141482194417,152917.29740134746,26490563.0,1.0,198338.0,130.0,21303.796445880453,2023-11-25,Bajo,Media
75,75,2023-11,1071.0,416975.72,2.996078431372549,153969.29225023344,26490563.0,1.0,198338.0,130.0,21303.796445880453,2023-11-26,Medio,Corta
53,53,2023-11,1053.0,403502.1,3.0504273504273502,158035.1405508072,26490563.0,1.0,198338.0,130.0,21303.796445880453,2023-11-27,Medio,Larga
46,46,2023-11,1093.0,409068.33,3.1253430924062213,154901.4693504117,26490563.0,1.0,198338.0,130.0,21303.796445880453,2023-11-28,Medio,Larga
56,56,2023-11,1082.0,413560.99,2.9768022181146025,154830.32070240297,26490563.0,1.0,198338.0,130.0,21303.796445880453,2023-11-29,Medio,Corta
48,48,2023-11,1086.0,401692.6,3.01731123388582,156568.37661141806,26490563.0,1.0,198338.0,130.0,21303.796445880453,2023-11-30,Bajo,Media
63,63,2023-12,1104.0,426564.65,3.0870471014492753,152074.44112318842,31357306.0,15.0,191666.0,130.0,21195.873786407767,2023-12-01,Alto,Larga
67,67,2023-12,1128.0,427147.86,3.015514184397163,154922.40868794327,31357306.0,15.0,191666.0,130.0,21195.873786407767,2023-12-02,Alto,Media
70,70,2023-12,1118.0,405452.5,3.021019677996422,156547.92665474062,31357306.0,15.0,191666.0,130.0,21195.873786407767,2023-12-03,Medio,Media
52,52,2023-12,1075.0,423296.28,3.0531162790697675,159417.46046511628,31357306.0,15.0,191666.0,130.0,21195.873786407767,2023-12-04,Alto,Larga
45,45,2023-12,1111.0,422204.19,3.058775877587759,153053.05940594058,31357306.0,15.0,191666.0,130.0,21195.873786407767,2023-12-05,Alto,Larga
48,48,2023-12,1063.0,375462.87,2.996048918156162,152320.89934148637,31357306.0,15.0,191666.0,130.0,21195.873786407767,2023-12-06,Bajo,Corta
47,47,2023-12,1080.0,410309.67,3.0572222222222223,156063.59814814816,31357306.0,15.0,191666.0,130.0,21195.873786407767,2023-12-07,Medio,Larga
56,56,2023-12,1148.0,406228.51,3.020383275261324,151813.29006968642,31357306.0,15.0,191666.0,130.0,21195.873786407767,2023-12-08,Medio,Media
56,56,2023-12,1067.0,405606.16,2.9311152764761013,155085.1152764761,31357306.0,15.0,191666.0,130.0,21195.873786407767,2023-12-09,Medio,Corta
58,58,2023-12,1138.0,424146.87,3.0236379613356767,155304.56942003514,31357306.0,15.0,191666.0,130.0,21195.873786407767,2023-12-10,Alto,Media
54,54,2023-12,1117.0,430227.5,2.9865711727842434,154710.13607878247,31357306.0,15.0,191666.0,130.0,21195.873786407767,2023-12-11,Alto,Corta
55,55,2023-12,1124.0,422466.18,3.014679715302491,153370.26334519574,31357306.0,15.0,191666.0,130.0,21195.873786407767,2023-12-12,Alto,Media
59,59,2023-12,1081.0,408046.64,3.034967622571693,155223.37187789084,31357306.0,15.0,191666.0,130.0,21195.873786407767,2023-12-13,Medio,Media
45,45,2023-12,1073.0,409893.03,3.0260950605778194,157377.93010251631,31357306.0,15.0,191666.0,130.0,21195.873786407767,2023-12-14,Medio,Media
39,39,2023-12,1091.0,421019.92,3.0534372135655365,153322.8606782768,31357306.0,15.0,191666.0,130.0,21195.873786407767,2023-12-15,Alto,Larga
54,54,2023-12,1101.0,392530.98,3.047320617620345,154643.6612170754,31357306.0,15.0,191666.0,130.0,21195.873786407767,2023-12-16,Bajo,Larga
59,59,2023-12,1076.0,399295.15,3.049628252788104,155694.5529739777,31357306.0,15.0,191666.0,130.0,21195.873786407767,2023-12-17,Bajo,Larga
63,63,2023-12,1129.0,400078.14,2.9190434012400353,156869.85296722763,31357306.0,15.0,191666.0,130.0,21195.873786407767,2023-12-18,Bajo,Corta
47,47,2023-12,1106.0,404313.47,3.0129294755877036,154244.24773960217,31357306.0,15.0,191666.0,130.0,21195.873786407767,2023-12-19,Medio,Media
47,47,2023-12,1078.0,421295.77999999997,3.0306122448979593,147942.50463821893,31357306.0,15.0,191666.0,130.0,21195.873786407767,2023-12-20,Alto,Media
43,43,2023-12,1150.0,428234.19,3.083304347826087,155722.29739130434,31357306.0,15.0,191666.0,130.0,21195.873786407767,2023-12-21,Alto,Larga
48,48,2023-12,1044.0,382816.23,3.0420498084291188,158112.20498084291,31357306.0,15.0,191666.0,130.0,21195.873786407767,2023-12-22,Bajo,Media
75,75,2023-12,1140.0,406385.3,2.982280701754386,151935.24122807017,31357306.0,15.0,191666.0,130.0,21195.873786407767,2023-12-23,Medio,Corta
71,70,2023-12,1093.0,393462.63,3.025251601097896,153249.74931381518,31357306.0,15.0,191666.0,130.0,21195.873786407767,2023-12-24,Bajo,Media
56,56,2023-12,1019.0,392132.86,3.0684003925417076,154754.24239450443,31357306.0,15.0,191666.0,130.0,21195.873786407767,2023-12-25,Bajo,Larga
56,56,2023-12,1064.0,391443.83,3.0215225563909773,156219.25469924812,31357306.0,15.0,191666.0,130.0,21195.873786407767,2023-12-26,Bajo,Media
52,52,2023-12,1072.0,393119.47000000003,2.9293843283582093,156393.6072761194,31357306.0,15.0,191666.0,130.0,21195.873786407767,2023-12-27,Bajo,Corta
54,54,2023-12,1037.0,391502.06,3.026229508196721,158483.13211186114,31357306.0,15.0,191666.0,130.0,21195.873786407767,2023-12-28,Bajo,Media
53,53,2023-12,1085.0,425253.45,2.944608294930876,153096.49769585254,31357306.0,15.0,191666.0,130.0,21195.873786407767,2023-12-29,Alto,Corta
61,61,2023-12,1080.0,411782.41,2.984259259259259,158344.57037037038,31357306.0,15.0,191666.0,130.0,21195.873786407767,2023-12-30,Medio,Corta
30,30,2023-12,1093.0,416628.49,3.0561756633119854,155653.78225068617,31357306.0,15.0,191666.0,130.0,21195.873786407767,2023-12-31,Medio,Larga
72,71,2024-01,1057.0,403941.92,3.0744560075685903,156512.38883632922,29772452.0,14.0,179922.0,130.0,23866.07574536664,2024-01-01,Medio,Larga
58,51,2024-01,1059.0,386204.41,3.0794145420207744,158148.00944287062,29772452.0,14.0,179922.0,130.0,23866.07574536664,2024-01-02,Bajo,Larga
60,56,2024-01,1097.0,406724.9,3.024521422060164,154802.91248860527,29772452.0,14.0,179922.0,130.0,23866.07574536664,2024-01-03,Medio,Media
43,38,2024-01,998.0,365361.03,2.997294589178357,152407.1012024048,29772452.0,14.0,179922.0,130.0,23866.07574536664,2024-01-04,Bajo,Corta
52,47,2024-01,1037.0,359518.71,2.988235294117647,156436.2912246866,29772452.0,14.0,179922.0,130.0,23866.07574536664,2024-01-05,Bajo,Corta
50,50,2024-01,1099.0,433699.22,3.024112829845314,158618.27024567788,29772452.0,14.0,179922.0,130.0,23866.07574536664,2024-01-06,Alto,Media
72,65,2024-01,1063.0,411442.99,2.980620884289746,158353.89557855128,29772452.0,14.0,179922.0,130.0,23866.07574536664,2024-01-07,Medio,Corta
49,41,2024-01,1097.0,399571.78,3.120692798541477,157175.42388331814,29772452.0,14.0,179922.0,130.0,23866.07574536664,2024-01-08,Bajo,Larga
52,50,2024-01,1162.0,424324.66,2.9901893287435457,151447.09122203098,29772452.0,14.0,179922.0,130.0,23866.07574536664,2024-01-09,Alto,Corta
42,40,2024-01,1097.0,422889.75,3.0277119416590703,154842.45214220602,29772452.0,14.0,179922.0,130.0,23866.07574536664,2024-01-10,Alto,Media
60,47,2024-01,1152.0,454108.03,3.0054687500000004,152360.00868055556,29772452.0,14.0,179922.0,130.0,23866.07574536664,2024-01-11,Alto,Corta
58,56,2024-01,1122.0,418010.42,3.0871657754010697,154740.0980392157,29772452.0,14.0,179922.0,130.0,23866.07574536664,2024-01-12,Alto,Larga
58,52,2024-01,1070.0,394863.18,3.0325233644859817,157460.0308411215,29772452.0,14.0,179922.0,130.0,23866.07574536664,2024-01-13,Bajo,Media
60,50,2024-01,1092.0,397454.73,3.0123626373626373,154297.2847985348,29772452.0,14.0,179922.0,130.0,23866.07574536664,2024-01-14,Bajo,Media
48,47,2024-01,1060.0,410876.73,3.038301886792453,148786.89056603773,29772452.0,14.0,179922.0,130.0,23866.07574536664,2024-01-15,Medio,Media
58,51,2024-01,1059.0,402858.44,2.9964117091595845,151644.50802644005,29772452.0,14.0,179922.0,130.0,23866.07574536664,2024-01-16,Medio,Corta
50,46,2024-01,1100.0,395073.45,3.053181818181818,159741.2381818182,29772452.0,14.0,179922.0,130.0,23866.07574536664,2024-01-17,Bajo,Larga
42,41,2024-01,1065.0,409804.27,2.995962441314554,157340.15117370893,29772452.0,14.0,179922.0,130.0,23866.07574536664,2024-01-18,Medio,Corta
55,55,2024-01,1068.0,387202.71,3.0500000000000003,155961.8052434457,29772452.0,14.0,179922.0,130.0,23866.07574536664,2024-01-19,Bajo,Larga
70,56,2024-01,1116.0,394170.93,2.9629032258064516,155053.0842293907,29772452.0,14.0,179922.0,130.0,23866.07574536664,2024-01-20,Bajo,Corta
54,50,2024-01,1161.0,436442.23,3.0422049956933677,153688.14987080105,29772452.0,14.0,179922.0,130.0,23866.07574536664,2024-01-21,Alto,Media
65,53,2024-01,1109.0,405234.15,3.067357980162308,152878.16591523896,29772452.0,14.0,179922.0,130.0,23866.07574536664,2024-01-22,Medio,Larga
48,46,2024-01,1166.0,445634.09,2.977015437392796,154359.3987993139,29772452.0,14.0,179922.0,130.0,23866.07574536664,2024-01-23,Alto,Corta
55,55,2024-01,1098.0,412199.76,2.996903460837887,158238.41438979964,29772452.0,14.0,179922.0,130.0,23866.07574536664,2024-01-24,Medio,Corta
57,50,2024-01,1080.0,392391.61,2.970833333333333,159098.94444444444,29772452.0,14.0,179922.0,130.0,23866.07574536664,2024-01-25,Bajo,Corta
58,50,2024-01,1047.0,370443.62,3.0878701050620823,154920.73543457498,29772452.0,14.0,179922.0,130.0,23866.07574536664,2024-01-26,Bajo,Larga
59,50,2024-01,1106.0,420596.69,3.0092224231464737,157275.68264014466,29772452.0,14.0,179922.0,130.0,23866.07574536664,2024-01-27,Alto,Media
60,54,2024-01,1087.0,414152.34,3.032382704691812,156763.1398344066,29772452.0,14.0,179922.0,130.0,23866.07574536664,2024-01-28,Medio,Media
58,52,2024-01,1079.0,412012.77999999997,3.0785912882298425,152448.18721037998,29772452.0,14.0,179922.0,130.0,23866.07574536664,2024-01-29,Medio,Larga
50,41,2024-01,1107.0,419471.13,3.014814814814815,155325.2366757001,29772452.0,14.0,179922.0,130.0,23866.07574536664,2024-01-30,Alto,Media
45,40,2024-01,1100.0,421943.05,3.027090909090909,154459.00090909092,29772452.0,14.0,179922.0,130.0,23866.07574536664,2024-01-31,Alto,Media
44,40,2024-02,1069.0,393909.4,3.1237605238540693,155450.35360149672,23509716.0,4.0,182984.0,130.0,24424.420529801326,2024-02-01,Bajo,Larga
71,64,2024-02,1099.0,399974.39,2.967060964513194,152946.06824385806,23509716.0,4.0,182984.0,130.0,24424.420529801326,2024-02-02,Bajo,Corta
54,50,2024-02,1103.0,413820.35,2.999274705349048,153754.89301903898,23509716.0,4.0,182984.0,130.0,24424.420529801326,2024-02-03,Medio,Corta
74,67,2024-02,1098.0,405527.64,3.0423497267759565,155517.70127504555,23509716.0,4.0,182984.0,130.0,24424.420529801326,2024-02-04,Medio,Media
50,49,2024-02,1044.0,397735.28,2.9868773946360156,152979.33812260538,23509716.0,4.0,182984.0,130.0,24424.420529801326,2024-02-05,Bajo,Corta
46,42,2024-02,1133.0,421160.12,3.1519858781994703,153410.90732568403,23509716.0,4.0,182984.0,130.0,24424.420529801326,2024-02-06,Alto,Larga
54,52,2024-02,1116.0,424340.43,3.063530465949821,155637.51792114697,23509716.0,4.0,182984.0,130.0,24424.420529801326,2024-02-07,Alto,Larga
52,45,2024-02,1103.0,399864.06,2.999637352674524,157666.99002719854,23509716.0,4.0,182984.0,130.0,24424.420529801326,2024-02-08,Bajo,Corta
60,56,2024-02,1090.0,401227.79,3.0047706422018345,163030.47064220184,23509716.0,4.0,182984.0,130.0,24424.420529801326,2024-02-09,Bajo,Corta
71,65,2024-02,1086.0,391152.83,3.1088397790055247,154293.51749539594,23509716.0,4.0,182984.0,130.0,24424.420529801326,2024-02-10,Bajo,Larga
76,68,2024-02,1115.0,393907.36,2.9833183856502243,156740.92914798207,23509716.0,4.0,182984.0,130.0,24424.420529801326,2024-02-11,Bajo,Corta
59,53,2024-02,1101.0,413646.21,2.9902815622161674,154312.20435967302,23509716.0,4.0,182984.0,130.0,24424.420529801326,2024-02-12,Medio,Corta
69,52,2024-02,1068.0,393225.78,3.0220973782771536,155330.10393258426,23509716.0,4.0,182984.0,130.0,24424.420529801326,2024-02-13,Bajo,Media
69,60,2024-02,1127.0,420030.08,3.0740905057675243,153863.98136645963,23509716.0,4.0,182984.0,130.0,24424.420529801326,2024-02-14,Alto,Larga
72,49,2024-02,1145.0,445536.93,3.020960698689956,154782.60873362445,23509716.0,4.0,182984.0,130.0,24424.420529801326,2024-02-15,Alto,Media
63,55,2024-02,1113.0,404527.82,3.0078167115902965,158240.57053009883,23509716.0,4.0,182984.0,130.0,24424.420529801326,2024-02-16,Medio,Corta
72,65,2024-02,1123.0,418672.98,3.017631344612645,152670.78628673198,23509716.0,4.0,182984.0,130.0,24424.420529801326,2024-02-17,Alto,Media
81,69,2024-02,1018.0,379662.43,3.006090373280943,158045.31728880157,23509716.0,4.0,182984.0,130.0,24424.420529801326,2024-02-18,Bajo,Corta
60,52,2024-02,1101.0,440057.55,2.9997275204359672,156292.4523160763,23509716.0,4.0,182984.0,130.0,24424.420529801326,2024-02-19,Alto,Corta
60,50,2024-02,1063.0,395136.05,3.043273753527752,156488.3499529633,23509716.0,4.0,182984.0,130.0,24424.420529801326,2024-02-20,Bajo,Media
52,45,2024-02,1112.0,399252.97,2.9936151079136692,154026.95503597122,23509716.0,4.0,182984.0,130.0,24424.420529801326,2024-02-21,Bajo,Corta
51,49,2024-02,1079.0,414682.48,3.038646895273401,151114.3688600556,23509716.0,4.0,182984.0,130.0,24424.420529801326,2024-02-22,Medio,Media
63,59,2024-02,1125.0,429439.96,3.037511111111111,151845.80622222222,23509716.0,4.0,182984.0,130.0,24424.420529801326,2024-02-23,Alto,Media
76,63,2024-02,1105.0,411691.62,2.997556561085973,155487.76470588235,23509716.0,4.0,182984.0,130.0,24424.420529801326,2024-02-24,Medio,Corta
79,74,2024-02,1129.0,422667.53,3.0402125775022144,154433.8441098317,23509716.0,4.0,182984.0,130.0,24424.420529801326,2024-02-25,Alto,Media
44,42,2024-02,1083.0,410835.02,3.0284395198522622,154405.59279778393,23509716.0,4.0,182984.0,130.0,24424.420529801326,2024-02-26,Medio,Media
63,58,2024-02,1145.0,427712.38,3.0544978165938867,154522.8707423581,23509716.0,4.0,182984.0,130.0,24424.420529801326,2024-02-27,Alto,Larga
50,47,2024-02,1087.0,413867.95,3.12327506899724,157785.6228150874,23509716.0,4.0,182984.0,130.0,24424.420529801326,2024-02-28,Medio,Larga
54,52,2024-02,1124.0,443469.63,3.0445729537366546,154249.737544484,23509716.0,4.0,182984.0,130.0,24424.420529801326,2024-02-29,Alto,Media
49,49,2024-03,1119.0,411342.0,3.03047363717605,156609.29579982127,27180046.0,14.0,185049.0,131.0,24081.291118421053,2024-03-01,Medio,Media
73,68,2024-03,1115.0,401343.2,3.032017937219731,155030.66278026905,27180046.0,14.0,185049.0,131.0,24081.291118421053,2024-03-02,Bajo,Media
103,89,2024-03,1041.0,381244.7,3.0948126801152736,153617.52641690683,27180046.0,14.0,185049.0,131.0,24081.291118421053,2024-03-03,Bajo,Larga
56,50,2024-03,1023.0,362175.34,3.143108504398827,154502.95698924732,27180046.0,14.0,185049.0,131.0,24081.291118421053,2024-03-04,Bajo,Larga
48,39,2024-03,1100.0,391447.43,3.062181818181818,153146.34818181818,27180046.0,14.0,185049.0,131.0,24081.291118421053,2024-03-05,Bajo,Larga
61,57,2024-03,1082.0,394421.05,2.904343807763401,152317.80129390018,27180046.0,14.0,185049.0,131.0,24081.291118421053,2024-03-06,Bajo,Corta
58,53,2024-03,1096.0,414206.35,3.088594890510949,154212.8613138686,27180046.0,14.0,185049.0,131.0,24081.291118421053,2024-03-07,Medio,Larga
67,61,2024-03,1126.0,408534.24,2.9938721136767317,153240.15008880995,27180046.0,14.0,185049.0,131.0,24081.291118421053,2024-03-08,Medio,Corta
60,52,2024-03,1090.0,401821.7,3.0123853211009175,150813.70733944955,27180046.0,14.0,185049.0,131.0,24081.291118421053,2024-03-09,Bajo,Media
88,70,2024-03,1064.0,401488.8,3.007142857142857,150671.01691729322,27180046.0,14.0,185049.0,131.0,24081.291118421053,2024-03-10,Bajo,Corta
68,63,2024-03,1070.0,392190.77,3.106822429906542,149914.46822429905,27180046.0,14.0,185049.0,131.0,24081.291118421053,2024-03-11,Bajo,Larga
54,50,2024-03,1127.0,417815.28,3.0391304347826087,153991.10470275066,27180046.0,14.0,185049.0,131.0,24081.291118421053,2024-03-12,Alto,Media
55,49,2024-03,1125.0,444454.13,2.9709333333333334,157279.4248888889,27180046.0,14.0,185049.0,131.0,24081.291118421053,2024-03-13,Alto,Corta
53,50,2024-03,1128.0,415027.62,2.968173758865248,154381.53723404257,27180046.0,14.0,185049.0,131.0,24081.291118421053,2024-03-14,Medio,Corta
67,55,2024-03,1110.0,415496.81,3.0814414414414415,154194.17207207208,27180046.0,14.0,185049.0,131.0,24081.291118421053,2024-03-15,Medio,Larga
85,68,2024-03,1096.0,418014.09,2.9641423357664234,152058.94069343066,27180046.0,14.0,185049.0,131.0,24081.291118421053,2024-03-16,Alto,Corta
79,68,2024-03,1043.0,415996.53,2.9747842761265577,152367.15915627996,27180046.0,14.0,185049.0,131.0,24081.291118421053,2024-03-17,Medio,Corta
73,53,2024-03,1082.0,390400.71,2.986968576709797,152709.17005545285,27180046.0,14.0,185049.0,131.0,24081.291118421053,2024-03-18,Bajo,Corta
53,39,2024-03,1127.0,434586.72,3.034605146406389,152645.29636202307,27180046.0,14.0,185049.0,131.0,24081.291118421053,2024-03-19,Alto,Media
62,53,2024-03,1105.0,403493.35,3.093665158371041,160062.10497737557,27180046.0,14.0,185049.0,131.0,24081.291118421053,2024-03-20,Medio,Larga
65,51,2024-03,1082.0,399687.37,3.0608133086876155,150550.70517560074,27180046.0,14.0,185049.0,131.0,24081.291118421053,2024-03-21,Bajo,Larga
59,54,2024-03,1112.0,418671.95,3.012679856115108,155207.69784172662,27180046.0,14.0,185049.0,131.0,24081.291118421053,2024-03-22,Alto,Media
80,68,2024-03,1044.0,360594.88,3.0389846743295017,154340.24808429118,27180046.0,14.0,185049.0,131.0,24081.291118421053,2024-03-23,Bajo,Media
70,61,2024-03,1154.0,418373.89,3.034055459272097,155909.8587521664,27180046.0,14.0,185049.0,131.0,24081.291118421053,2024-03-24,Alto,Media
43,37,2024-03,1069.0,383223.13,3.0046772684752105,155370.78484565014,27180046.0,14.0,185049.0,131.0,24081.291118421053,2024-03-25,Bajo,Corta
64,57,2024-03,1069.0,404928.87,3.0887745556594948,153498.35360149672,27180046.0,14.0,185049.0,131.0,24081.291118421053,2024-03-26,Medio,Larga
52,47,2024-03,1178.0,438903.43,3.0651103565365023,154874.64091680816,27180046.0,14.0,185049.0,131.0,24081.291118421053,2024-03-27,Alto,Larga
54,48,2024-03,1070.0,410558.86,3.0044859813084113,157690.9953271028,27180046.0,14.0,185049.0,131.0,24081.291118421053,2024-03-28,Medio,Corta
48,34,2024-03,1112.0,396321.02,3.0003597122302157,158787.0773381295,27180046.0,14.0,185049.0,131.0,24081.291118421053,2024-03-29,Bajo,Corta
60,54,2024-03,1096.0,409324.39,3.0032846715328465,156316.60310218978,27180046.0,14.0,185049.0,131.0,24081.291118421053,2024-03-30,Medio,Corta
74,62,2024-03,1188.0,436016.2,3.0063973063973064,153765.4031986532,27180046.0,14.0,185049.0,131.0,24081.291118421053,2024-03-31,Alto,Corta
41,38,2024-04,1159.0,438249.06,3.030025884383089,155410.21656600517,23191660.0,5.0,174937.0,129.0,24302.390939597317,2024-04-01,Alto,Media
47,43,2024-04,1140.0,413719.76,3.0283333333333333,159307.03421052633,23191660.0,5.0,174937.0,129.0,24302.390939597317,2024-04-02,Medio,Media
32,32,2024-04,1155.0,441684.15,3.0086580086580086,156478.27705627706,23191660.0,5.0,174937.0,129.0,24302.390939597317,2024-04-03,Alto,Media
57,51,2024-04,1157.0,430063.45,2.965859982713915,155340.95764909248,23191660.0,5.0,174937.0,129.0,24302.390939597317,2024-04-04,Alto,Corta
63,54,2024-04,1089.0,407804.76,3.0158861340679524,156537.8466483012,23191660.0,5.0,174937.0,129.0,24302.390939597317,2024-04-05,Medio,Media
59,51,2024-04,1092.0,392126.42,3.0323260073260077,154490.35256410256,23191660.0,5.0,174937.0,129.0,24302.390939597317,2024-04-06,Bajo,Media
68,59,2024-04,1029.0,393782.24,2.9886297376093296,156518.80369290573,23191660.0,5.0,174937.0,129.0,24302.390939597317,2024-04-07,Bajo,Corta
65,52,2024-04,1069.0,400130.09,3.0492984097287184,155137.74181478017,23191660.0,5.0,174937.0,129.0,24302.390939597317,2024-04-08,Bajo,Larga
54,52,2024-04,1115.0,403328.86,2.97847533632287,154924.8466367713,23191660.0,5.0,174937.0,129.0,24302.390939597317,2024-04-09,Medio,Corta
65,55,2024-04,1092.0,379472.73,3.009157509157509,156189.9478021978,23191660.0,5.0,174937.0,129.0,24302.390939597317,2024-04-10,Bajo,Media
44,39,2024-04,1103.0,402188.87,3.006255666364461,154444.16772438804,23191660.0,5.0,174937.0,129.0,24302.390939597317,2024-04-11,Bajo,Corta
58,49,2024-04,1077.0,419664.13,3.073351903435469,153392.55803156918,23191660.0,5.0,174937.0,129.0,24302.390939597317,2024-04-12,Alto,Larga
61,55,2024-04,1090.0,420087.4,3.06954128440367,157945.38073394494,23191660.0,5.0,174937.0,129.0,24302.390939597317,2024-04-13,Alto,Larga
74,69,2024-04,1118.0,415694.09,3.0634168157423973,156641.11091234346,23191660.0,5.0,174937.0,129.0,24302.390939597317,2024-04-14,Medio,Larga
57,51,2024-04,1095.0,427912.04,2.982374429223744,157605.19726027397,23191660.0,5.0,174937.0,129.0,24302.390939597317,2024-04-15,Alto,Corta
58,52,2024-04,1092.0,429749.88,3.058241758241758,159801.80494505496,23191660.0,5.0,174937.0,129.0,24302.390939597317,2024-04-16,Alto,Larga
55,39,2024-04,1041.0,409730.26,3.0270893371757923,152770.50240153697,23191660.0,5.0,174937.0,129.0,24302.390939597317,2024-04-17,Medio,Media
47,43,2024-04,1123.0,434716.52,2.991629563668744,157642.49688334818,23191660.0,5.0,174937.0,129.0,24302.390939597317,2024-04-18,Alto,Corta
45,43,2024-04,1077.0,413177.85,3.0262766945218202,156005.234911792,23191660.0,5.0,174937.0,129.0,24302.390939597317,2024-04-19,Medio,Media
68,58,2024-04,1123.0,421865.53,3.0148708815672305,155245.93855743544,23191660.0,5.0,174937.0,129.0,24302.390939597317,2024-04-20,Alto,Media
74,62,2024-04,1070.0,377844.2,3.0314018691588784,155179.91401869158,23191660.0,5.0,174937.0,129.0,24302.390939597317,2024-04-21,Bajo,Media
50,46,2024-04,1088.0,390249.55,2.967279411764706,156563.51102941178,23191660.0,5.0,174937.0,129.0,24302.390939597317,2024-04-22,Bajo,Corta
44,42,2024-04,1060.0,412358.88,2.9650943396226417,158398.65566037735,23191660.0,5.0,174937.0,129.0,24302.390939597317,2024-04-23,Medio,Corta
52,48,2024-04,1064.0,383563.8,3.117763157894737,157308.36560150376,23191660.0,5.0,174937.0,129.0,24302.390939597317,2024-04-24,Bajo,Larga
56,51,2024-04,1112.0,390573.58,3.031384892086331,152822.46492805754,23191660.0,5.0,174937.0,129.0,24302.390939597317,2024-04-25,Bajo,Media
59,51,2024-04,1091.0,420650.56,3.0236480293308894,158211.95967002749,23191660.0,5.0,174937.0,129.0,24302.390939597317,2024-04-26,Alto,Media
69,63,2024-04,1065.0,385747.59,3.072957746478873,157257.37370892017,23191660.0,5.0,174937.0,129.0,24302.390939597317,2024-04-27,Bajo,Larga
68,61,2024-04,1144.0,412969.15,3.0048076923076925,156461.81643356645,23191660.0,5.0,174937.0,129.0,24302.390939597317,2024-04-28,Medio,Corta
79,54,2024-04,1085.0,394256.4,3.1202764976958526,154205.77142857143,23191660.0,5.0,174937.0,129.0,24302.390939597317,2024-04-29,Bajo,Larga
58,50,2024-04,1122.0,419440.57,3.0297682709447415,154156.17736185383,23191660.0,5.0,174937.0,129.0,24302.390939597317,2024-04-30,Alto,Media
41,37,2024-05,1121.0,413939.4,3.0072256913470117,159246.30151650312,24004692.0,6.0,181150.0,129.0,24080.59513830679,2024-05-01,Medio,Corta
56,51,2024-05,1126.0,430152.84,2.9741563055062166,153602.30284191828,24004692.0,6.0,181150.0,129.0,24080.59513830679,2024-05-02,Alto,Corta
60,50,2024-05,1106.0,421028.41,2.9913200723327305,153300.14556962025,24004692.0,6.0,181150.0,129.0,24080.59513830679,2024-05-03,Alto,Corta
64,57,2024-05,1154.0,419240.83,3.041421143847487,152936.55719237434,24004692.0,6.0,181150.0,129.0,24080.59513830679,2024-05-04,Alto,Media
71,63,2024-05,1088.0,400936.23,3.0411764705882356,152552.83731617648,24004692.0,6.0,181150.0,129.0,24080.59513830679,2024-05-05,Bajo,Media
97,59,2024-05,1047.0,378735.98,3.031041069723018,152363.53008595988,24004692.0,6.0,181150.0,129.0,24080.59513830679,2024-05-06,Bajo,Media
74,58,2024-05,1131.0,407915.65,3.0310344827586206,152594.658709107,24004692.0,6.0,181150.0,129.0,24080.59513830679,2024-05-07,Medio,Media
44,44,2024-05,1086.0,408323.43,3.021546961325967,154866.35727440147,24004692.0,6.0,181150.0,129.0,24080.59513830679,2024-05-08,Medio,Media
43,39,2024-05,1065.0,392403.64,3.011737089201878,150875.99061032865,24004692.0,6.0,181150.0,129.0,24080.59513830679,2024-05-09,Bajo,Media
62,55,2024-05,1073.0,420031.05,3.024883504193849,156188.08667287978,24004692.0,6.0,181150.0,129.0,24080.59513830679,2024-05-10,Alto,Media
81,74,2024-05,1117.0,409189.2,2.99632945389436,154784.54700089525,24004692.0,6.0,181150.0,129.0,24080.59513830679,2024-05-11,Medio,Corta
77,71,2024-05,1122.0,425205.17,3.019073083778966,155695.01693404635,24004692.0,6.0,181150.0,129.0,24080.59513830679,2024-05-12,Alto,Media
71,65,2024-05,1094.0,403642.75,3.01672760511883,153377.03016453382,24004692.0,6.0,181150.0,129.0,24080.59513830679,2024-05-13,Medio,Media
48,43,2024-05,1075.0,426966.83,3.033674418604651,155894.84744186047,24004692.0,6.0,181150.0,129.0,24080.59513830679,2024-05-14,Alto,Media
46,39,2024-05,1043.0,386347.7,3.056375838926175,153598.14573346116,24004692.0,6.0,181150.0,129.0,24080.59513830679,2024-05-15,Bajo,Larga
48,46,2024-05,1172.0,436110.93,2.9910409556313993,157551.1424914676,24004692.0,6.0,181150.0,129.0,24080.59513830679,2024-05-16,Alto,Corta
48,48,2024-05,1102.0,392262.15,3.023502722323049,156707.45735027222,24004692.0,6.0,181150.0,129.0,24080.59513830679,2024-05-17,Bajo,Media
63,57,2024-05,1070.0,421649.64,3.059252336448598,157322.81775700935,24004692.0,6.0,181150.0,129.0,24080.59513830679,2024-05-18,Alto,Larga
86,68,2024-05,1072.0,400807.12,3.0441231343283586,160273.1343283582,24004692.0,6.0,181150.0,129.0,24080.59513830679,2024-05-19,Bajo,Media
56,48,2024-05,1137.0,440642.27,3.0372911169744943,153102.05540897098,24004692.0,6.0,181150.0,129.0,24080.59513830679,2024-05-20,Alto,Media
53,48,2024-05,1083.0,395658.91,2.988919667590028,155226.9778393352,24004692.0,6.0,181150.0,129.0,24080.59513830679,2024-05-21,Bajo,Corta
62,53,2024-05,1027.0,362076.44,2.9974683544303797,155890.11781888996,24004692.0,6.0,181150.0,129.0,24080.59513830679,2024-05-22,Bajo,Corta
52,43,2024-05,1097.0,406308.82,3.0030082041932546,156007.09662716498,24004692.0,6.0,181150.0,129.0,24080.59513830679,2024-05-23,Medio,Corta
60,54,2024-05,1122.0,427255.25,2.9789661319073084,158155.12210338682,24004692.0,6.0,181150.0,129.0,24080.59513830679,2024-05-24,Alto,Corta
67,55,2024-05,1056.0,389605.0,3.009090909090909,157376.2821969697,24004692.0,6.0,181150.0,129.0,24080.59513830679,2024-05-25,Bajo,Media
73,62,2024-05,1045.0,396786.48,3.0789473684210527,150333.68229665072,24004692.0,6.0,181150.0,129.0,24080.59513830679,2024-05-26,Bajo,Larga
64,54,2024-05,1087.0,402895.14,3.151241950321987,156091.33946642134,24004692.0,6.0,181150.0,129.0,24080.59513830679,2024-05-27,Medio,Larga
41,39,2024-05,1107.0,421598.99,2.9895212285456187,155344.47244805782,24004692.0,6.0,181150.0,129.0,24080.59513830679,2024-05-28,Alto,Corta
53,45,2024-05,1094.0,429356.63,3.0258683729433273,154466.13802559415,24004692.0,6.0,181150.0,129.0,24080.59513830679,2024-05-29,Alto,Media
59,55,2024-05,1065.0,407738.29,2.9768075117370896,153237.4591549296,24004692.0,6.0,181150.0,129.0,24080.59513830679,2024-05-30,Medio,Corta
54,50,2024-05,1097.0,407301.79,2.94102096627165,150256.21513217868,24004692.0,6.0,181150.0,129.0,24080.59513830679,2024-05-31,Medio,Corta
68,62,2024-06,1087.0,416452.35,3.0548298068077275,156058.41030358785,25188517.0,20.0,168500.0,129.0,24401.87813021703,2024-06-01,Medio,Larga
90,81,2024-06,1116.0,423357.23,2.999910394265233,153982.13888888888,25188517.0,20.0,168500.0,129.0,24401.87813021703,2024-06-02,Alto,Corta
55,49,2024-06,1067.0,386697.45,3.11377694470478,154613.08059981256,25188517.0,20.0,168500.0,129.0,24401.87813021703,2024-06-03,Bajo,Larga
64,56,2024-06,1085.0,411874.26,2.990322580645161,150126.01843317974,25188517.0,20.0,168500.0,129.0,24401.87813021703,2024-06-04,Medio,Corta
56,49,2024-06,1099.0,405988.18,2.9707006369426754,156379.70882620563,25188517.0,20.0,168500.0,129.0,24401.87813021703,2024-06-05,Medio,Corta
58,48,2024-06,1070.0,423594.47,2.980373831775701,154920.19813084113,25188517.0,20.0,168500.0,129.0,24401.87813021703,2024-06-06,Alto,Corta
57,47,2024-06,1103.0,396278.59,3.057932910244787,152600.0126926564,25188517.0,20.0,168500.0,129.0,24401.87813021703,2024-06-07,Bajo,Larga
67,61,2024-06,1066.0,408223.7,3.069418386491557,157621.3273921201,25188517.0,20.0,168500.0,129.0,24401.87813021703,2024-06-08,Medio,Larga
92,79,2024-06,1053.0,396362.0,3.1278252611585944,154086.5394112061,25188517.0,20.0,168500.0,129.0,24401.87813021703,2024-06-09,Bajo,Larga
45,42,2024-06,1133.0,408058.28,3.022241835834069,157000.60723742278,25188517.0,20.0,168500.0,129.0,24401.87813021703,2024-06-10,Medio,Media
63,55,2024-06,1089.0,422336.69,3.0418732782369147,154806.1551882461,25188517.0,20.0,168500.0,129.0,24401.87813021703,2024-06-11,Alto,Media
48,46,2024-06,1105.0,418459.47,3.0342081447963802,151434.84705882354,25188517.0,20.0,168500.0,129.0,24401.87813021703,2024-06-12,Alto,Media
45,45,2024-06,1101.0,400735.54,3.0063578564940965,151608.60944595822,25188517.0,20.0,168500.0,129.0,24401.87813021703,2024-06-13,Bajo,Corta
59,48,2024-06,1067.0,386978.89,2.987535145267104,157929.82099343956,25188517.0,20.0,168500.0,129.0,24401.87813021703,2024-06-14,Bajo,Corta
62,55,2024-06,1133.0,402769.01,2.9724624889673437,158158.81906443072,25188517.0,20.0,168500.0,129.0,24401.87813021703,2024-06-15,Medio,Corta
78,68,2024-06,1028.0,371870.41,3.038035019455253,153310.79182879376,25188517.0,20.0,168500.0,129.0,24401.87813021703,2024-06-16,Bajo,Media
58,51,2024-06,1081.0,395181.37,2.9933395004625347,155251.76780758557,25188517.0,20.0,168500.0,129.0,24401.87813021703,2024-06-17,Bajo,Corta
48,43,2024-06,1119.0,440149.9,2.968632707774799,156349.20822162644,25188517.0,20.0,168500.0,129.0,24401.87813021703,2024-06-18,Alto,Corta
45,41,2024-06,1055.0,390715.37,3.060663507109005,154670.2701421801,25188517.0,20.0,168500.0,129.0,24401.87813021703,2024-06-19,Bajo,Larga
61,47,2024-06,1144.0,422556.25,3.008304195804196,149221.7229020979,25188517.0,20.0,168500.0,129.0,24401.87813021703,2024-06-20,Alto,Corta
61,50,2024-06,1121.0,422663.2,3.019090098126673,154180.88046387155,25188517.0,20.0,168500.0,129.0,24401.87813021703,2024-06-21,Alto,Media
69,63,2024-06,1130.0,435734.32,3.004159292035398,154529.4575221239,25188517.0,20.0,168500.0,129.0,24401.87813021703,2024-06-22,Alto,Corta
77,63,2024-06,1130.0,427156.79,3.0072566371681413,151161.08761061946,25188517.0,20.0,168500.0,129.0,24401.87813021703,2024-06-23,Alto,Corta
59,54,2024-06,1109.0,403432.19,3.0716862037871957,153784.0703336339,25188517.0,20.0,168500.0,129.0,24401.87813021703,2024-06-24,Medio,Larga
66,55,2024-06,1075.0,396141.81,3.0068837209302326,154264.24279069767,25188517.0,20.0,168500.0,129.0,24401.87813021703,2024-06-25,Bajo,Corta
53,47,2024-06,1149.0,453536.39,2.9882506527415145,156043.96953872932,25188517.0,20.0,168500.0,129.0,24401.87813021703,2024-06-26,Alto,Corta
50,43,2024-06,1140.0,419822.04,3.023421052631579,153775.0850877193,25188517.0,20.0,168500.0,129.0,24401.87813021703,2024-06-27,Alto,Media
50,42,2024-06,1154.0,439251.99,3.085528596187175,158082.6958405546,25188517.0,20.0,168500.0,129.0,24401.87813021703,2024-06-28,Alto,Larga
74,61,2024-06,1124.0,422089.27999999997,3.157562277580071,157622.4190391459,25188517.0,20.0,168500.0,129.0,24401.87813021703,2024-06-29,Alto,Larga
76,64,2024-06,1095.0,433747.09,2.9964383561643837,160103.24840182648,25188517.0,20.0,168500.0,129.0,24401.87813021703,2024-06-30,Alto,Corta
60,52,2024-07,1046.0,379495.5,3.0332695984703633,154077.18068833652,25263171.0,3245.0,180904.0,129.0,24178.361344537814,2024-07-01,Bajo,Media
63,53,2024-07,1092.0,424352.67,3.0234432234432234,154185.98443223443,25263171.0,3245.0,180904.0,129.0,24178.361344537814,2024-07-02,Alto,Media
62,56,2024-07,1080.0,386799.8,3.012037037037037,152943.52222222224,25263171.0,3245.0,180904.0,129.0,24178.361344537814,2024-07-03,Bajo,Media
52,49,2024-07,1150.0,440867.07,3.068869565217391,155006.74521739132,25263171.0,3245.0,180904.0,129.0,24178.361344537814,2024-07-04,Alto,Larga
38,36,2024-07,1156.0,423385.34,3.037629757785467,159800.91435986158,25263171.0,3245.0,180904.0,129.0,24178.361344537814,2024-07-05,Alto,Media
59,56,2024-07,1118.0,398704.5,2.9948121645796064,162146.80858676208,25263171.0,3245.0,180904.0,129.0,24178.361344537814,2024-07-06,Bajo,Corta
88,65,2024-07,1012.0,392957.56,3.007707509881423,154110.25395256918,25263171.0,3245.0,180904.0,129.0,24178.361344537814,2024-07-07,Bajo,Corta
62,54,2024-07,1131.0,434232.81,3.080813439434129,156002.9964633068,25263171.0,3245.0,180904.0,129.0,24178.361344537814,2024-07-08,Alto,Larga
56,50,2024-07,1052.0,392538.34,3.049429657794677,156374.26901140684,25263171.0,3245.0,180904.0,129.0,24178.361344537814,2024-07-09,Bajo,Larga
64,50,2024-07,1109.0,392310.4,3.0888187556357076,155060.97114517583,25263171.0,3245.0,180904.0,129.0,24178.361344537814,2024-07-10,Bajo,Larga
46,43,2024-07,1093.0,412683.67,3.0731930466605673,157139.55535224153,25263171.0,3245.0,180904.0,129.0,24178.361344537814,2024-07-11,Medio,Larga
58,49,2024-07,1143.0,399461.98,2.999387576552931,156961.52668416448,25263171.0,3245.0,180904.0,129.0,24178.361344537814,2024-07-12,Bajo,Corta
68,62,2024-07,1072.0,411396.77,3.038805970149254,153887.80876865672,25263171.0,3245.0,180904.0,129.0,24178.361344537814,2024-07-13,Medio,Media
68,56,2024-07,1074.0,440392.27,3.126443202979516,153596.8184357542,25263171.0,3245.0,180904.0,129.0,24178.361344537814,2024-07-14,Alto,Larga
65,57,2024-07,1138.0,403705.02,3.0434094903339193,155277.51405975394,25263171.0,3245.0,180904.0,129.0,24178.361344537814,2024-07-15,Medio,Media
54,52,2024-07,1101.0,404524.16,3.1409627611262487,156735.61762034515,25263171.0,3245.0,180904.0,129.0,24178.361344537814,2024-07-16,Medio,Larga
52,47,2024-07,1109.0,411185.86,2.9925157799819657,155133.72948602345,25263171.0,3245.0,180904.0,129.0,24178.361344537814,2024-07-17,Medio,Corta
46,45,2024-07,1102.0,416398.64,3.0877495462794915,152451.15789473685,25263171.0,3245.0,180904.0,129.0,24178.361344537814,2024-07-18,Medio,Larga
89,55,2024-07,1082.0,422964.11,3.0083179297597042,149064.11552680223,25263171.0,3245.0,180904.0,129.0,24178.361344537814,2024-07-19,Alto,Corta
75,59,2024-07,1121.0,422484.78,3.0267618198037467,156602.28367528992,25263171.0,3245.0,180904.0,129.0,24178.361344537814,2024-07-20,Alto,Media
62,54,2024-07,1099.0,414895.35,3.0543221110100087,154524.44585987262,25263171.0,3245.0,180904.0,129.0,24178.361344537814,2024-07-21,Medio,Larga
53,50,2024-07,1078.0,414594.09,3.1012059369202225,155144.35157699444,25263171.0,3245.0,180904.0,129.0,24178.361344537814,2024-07-22,Medio,Larga
54,49,2024-07,1114.0,412257.42,3.0743267504488334,156158.45870736087,25263171.0,3245.0,180904.0,129.0,24178.361344537814,2024-07-23,Medio,Larga
55,52,2024-07,1122.0,422199.8,2.946524064171123,153957.0347593583,25263171.0,3245.0,180904.0,129.0,24178.361344537814,2024-07-24,Alto,Corta
60,52,2024-07,1100.0,411545.43,3.006,158667.89272727273,25263171.0,3245.0,180904.0,129.0,24178.361344537814,2024-07-25,Medio,Corta
53,46,2024-07,1090.0,392314.09,2.991834862385321,151956.81926605504,25263171.0,3245.0,180904.0,129.0,24178.361344537814,2024-07-26,Bajo,Corta
65,59,2024-07,1143.0,410630.89,3.1095363079615046,151974.05249343833,25263171.0,3245.0,180904.0,129.0,24178.361344537814,2024-07-27,Medio,Larga
60,50,2024-07,1090.0,378590.58,2.9899999999999998,159370.0266055046,25263171.0,3245.0,180904.0,129.0,24178.361344537814,2024-07-28,Bajo,Corta
53,47,2024-07,1125.0,422381.07,2.997333333333333,154609.22577777778,25263171.0,3245.0,180904.0,129.0,24178.361344537814,2024-07-29,Alto,Corta
59,55,2024-07,1073.0,406014.8,3.0915191053122086,153221.11463187326,25263171.0,3245.0,180904.0,129.0,24178.361344537814,2024-07-30,Medio,Larga
63,43,2024-07,1054.0,390539.27,3.1613851992409865,157325.36717267553,25263171.0,3245.0,180904.0,129.0,24178.361344537814,2024-07-31,Bajo,Larga
48,43,2024-08,1074.0,379042.81,3.05195530726257,150640.48789571694,25082867.0,337792.0,178799.0,130.0,24872.571189279734,2024-08-01,Bajo,Larga
53,49,2024-08,1074.0,413597.0,2.969366852886406,156633.39757914338,25082867.0,337792.0,178799.0,130.0,24872.571189279734,2024-08-02,Medio,Corta
61,53,2024-08,1127.0,429993.09,3.0378881987577637,152876.96539485359,25082867.0,337792.0,178799.0,130.0,24872.571189279734,2024-08-03,Alto,Media
85,65,2024-08,1101.0,429142.82,3.0014532243415077,154937.83378746593,25082867.0,337792.0,178799.0,130.0,24872.571189279734,2024-08-04,Alto,Corta
56,56,2024-08,1101.0,429890.94,3.0060853769300633,153540.39418710265,25082867.0,337792.0,178799.0,130.0,24872.571189279734,2024-08-05,Alto,Corta
62,51,2024-08,1113.0,413068.56,3.0115004492362987,154233.2345013477,25082867.0,337792.0,178799.0,130.0,24872.571189279734,2024-08-06,Medio,Media
45,40,2024-08,1091.0,426053.19,3.0450045829514205,153272.92667277728,25082867.0,337792.0,178799.0,130.0,24872.571189279734,2024-08-07,Alto,Media
47,44,2024-08,1040.0,386699.5,3.086153846153846,154825.6576923077,25082867.0,337792.0,178799.0,130.0,24872.571189279734,2024-08-08,Bajo,Larga
55,51,2024-08,1092.0,388225.8,3.0914835164835166,155542.87637362638,25082867.0,337792.0,178799.0,130.0,24872.571189279734,2024-08-09,Bajo,Larga
56,50,2024-08,1043.0,386764.31,3.100862895493768,154102.6021093001,25082867.0,337792.0,178799.0,130.0,24872.571189279734,2024-08-10,Bajo,Larga
76,71,2024-08,1077.0,406300.25,2.962024141132776,153549.6583101207,25082867.0,337792.0,178799.0,130.0,24872.571189279734,2024-08-11,Medio,Corta
55,53,2024-08,1072.0,384990.27,3.0169776119402982,156352.3264925373,25082867.0,337792.0,178799.0,130.0,24872.571189279734,2024-08-12,Bajo,Media
51,47,2024-08,1056.0,390894.4,3.030776515151515,152403.03598484848,25082867.0,337792.0,178799.0,130.0,24872.571189279734,2024-08-13,Bajo,Media
61,57,2024-08,1121.0,407028.28,3.0542372881355933,156767.28099910793,25082867.0,337792.0,178799.0,130.0,24872.571189279734,2024-08-14,Medio,Larga
58,52,2024-08,1171.0,450704.36,3.032450896669513,155500.6293766012,25082867.0,337792.0,178799.0,130.0,24872.571189279734,2024-08-15,Alto,Media
79,62,2024-08,1102.0,398575.21,3.037023593466425,155479.59074410165,25082867.0,337792.0,178799.0,130.0,24872.571189279734,2024-08-16,Bajo,Media
96,85,2024-08,1038.0,379727.08,3.0222543352601154,151869.77071290943,25082867.0,337792.0,178799.0,130.0,24872.571189279734,2024-08-17,Bajo,Media
93,76,2024-08,1145.0,420550.19,3.001659388646288,155680.97641921398,25082867.0,337792.0,178799.0,130.0,24872.571189279734,2024-08-18,Alto,Corta
77,65,2024-08,1069.0,406356.71,3.0643592142188965,154921.6800748363,25082867.0,337792.0,178799.0,130.0,24872.571189279734,2024-08-19,Medio,Larga
54,49,2024-08,1132.0,432779.77,3.0099823321554773,157494.20141342757,25082867.0,337792.0,178799.0,130.0,24872.571189279734,2024-08-20,Alto,Media
65,54,2024-08,1074.0,403111.88,2.983054003724395,152394.5018621974,25082867.0,337792.0,178799.0,130.0,24872.571189279734,2024-08-21,Medio,Corta
70,57,2024-08,1076.0,406040.4,3.0269516728624537,149466.02137546468,25082867.0,337792.0,178799.0,130.0,24872.571189279734,2024-08-22,Medio,Media
51,44,2024-08,1057.0,411729.42,2.9770104068117313,156472.33869441817,25082867.0,337792.0,178799.0,130.0,24872.571189279734,2024-08-23,Medio,Corta
65,63,2024-08,1184.0,444442.21,2.9955236486486485,159231.84037162163,25082867.0,337792.0,178799.0,130.0,24872.571189279734,2024-08-24,Alto,Corta
70,60,2024-08,1109.0,394650.01,2.9782687105500454,158199.8647430117,25082867.0,337792.0,178799.0,130.0,24872.571189279734,2024-08-25,Bajo,Corta
62,59,2024-08,1121.0,432598.63,3.0575379125780553,154763.4183764496,25082867.0,337792.0,178799.0,130.0,24872.571189279734,2024-08-26,Alto,Larga
54,47,2024-08,1075.0,415518.52,3.023627906976744,154238.16558139535,25082867.0,337792.0,178799.0,130.0,24872.571189279734,2024-08-27,Medio,Media
51,47,2024-08,1067.0,420219.57,3.040862230552952,150575.61668228678,25082867.0,337792.0,178799.0,130.0,24872.571189279734,2024-08-28,Alto,Media
56,49,2024-08,1108.0,424148.24,3.0641696750902527,155719.36823104694,25082867.0,337792.0,178799.0,130.0,24872.571189279734,2024-08-29,Alto,Larga
78,64,2024-08,1071.0,396092.82,3.081232492997199,157308.30718954248,25082867.0,337792.0,178799.0,130.0,24872.571189279734,2024-08-30,Bajo,Larga
64,56,2024-08,1072.0,384799.49,2.9681902985074626,153260.69776119402,25082867.0,337792.0,178799.0,130.0,24872.571189279734,2024-08-31,Bajo,Corta
75,64,2024-09,1106.0,420581.3,3.037974683544304,153904.89783001808,21888987.0,10.0,164757.0,130.0,25076.252086811353,2024-09-01,Alto,Media
61,57,2024-09,1102.0,404610.75,2.9536297640653357,153885.75771324863,21888987.0,10.0,164757.0,130.0,25076.252086811353,2024-09-02,Medio,Corta
63,57,2024-09,1070.0,388275.74,3.111495327102804,153131.47943925235,21888987.0,10.0,164757.0,130.0,25076.252086811353,2024-09-03,Bajo,Larga
51,44,2024-09,1103.0,414316.93,3.026291931097008,158278.1731640979,21888987.0,10.0,164757.0,130.0,25076.252086811353,2024-09-04,Medio,Media
44,40,2024-09,1082.0,427534.68,3.0657116451016635,152224.98243992607,21888987.0,10.0,164757.0,130.0,25076.252086811353,2024-09-05,Alto,Larga
50,40,2024-09,1110.0,422810.18,2.9505405405405405,158507.77117117116,21888987.0,10.0,164757.0,130.0,25076.252086811353,2024-09-06,Alto,Corta
85,65,2024-09,1025.0,401775.96,2.984780487804878,153824.24487804878,21888987.0,10.0,164757.0,130.0,25076.252086811353,2024-09-07,Bajo,Corta
86,73,2024-09,1075.0,390161.41,2.9368372093023254,156212.7934883721,21888987.0,10.0,164757.0,130.0,25076.252086811353,2024-09-08,Bajo,Corta
64,55,2024-09,1092.0,407610.45,3.092765567765568,153421.6923076923,21888987.0,10.0,164757.0,130.0,25076.252086811353,2024-09-09,Medio,Larga
67,54,2024-09,1048.0,385496.8,3.024141221374046,155642.74809160305,21888987.0,10.0,164757.0,130.0,25076.252086811353,2024-09-10,Bajo,Media
52,50,2024-09,1115.0,412569.56,3.033004484304933,155233.09417040358,21888987.0,10.0,164757.0,130.0,25076.252086811353,2024-09-11,Medio,Media
61,49,2024-09,1092.0,425463.9,2.9964285714285714,156673.45054945056,21888987.0,10.0,164757.0,130.0,25076.252086811353,2024-09-12,Alto,Corta
54,49,2024-09,1036.0,392209.84,2.991409266409266,156236.99227799228,21888987.0,10.0,164757.0,130.0,25076.252086811353,2024-09-13,Bajo,Corta
73,65,2024-09,1050.0,388109.89,2.995428571428571,152510.12,21888987.0,10.0,164757.0,130.0,25076.252086811353,2024-09-14,Bajo,Corta
85,71,2024-09,1110.0,423353.52,3.0071171171171174,154915.85405405404,21888987.0,10.0,164757.0,130.0,25076.252086811353,2024-09-15,Alto,Corta
74,60,2024-09,1142.0,426759.56,3.0456217162872155,153806.02977232926,21888987.0,10.0,164757.0,130.0,25076.252086811353,2024-09-16,Alto,Larga
44,44,2024-09,1064.0,411031.77,3.0098684210526314,154919.44078947368,21888987.0,10.0,164757.0,130.0,25076.252086811353,2024-09-17,Medio,Media
61,56,2024-09,1056.0,380734.66,3.1142992424242424,152647.36837121213,21888987.0,10.0,164757.0,130.0,25076.252086811353,2024-09-18,Bajo,Larga
63,59,2024-09,1138.0,408410.07,3.0048330404217927,153558.54657293498,21888987.0,10.0,164757.0,130.0,25076.252086811353,2024-09-19,Medio,Corta
53,49,2024-09,1043.0,387961.87,3.0668264621284753,157751.4007670182,21888987.0,10.0,164757.0,130.0,25076.252086811353,2024-09-20,Bajo,Larga
83,63,2024-09,1080.0,403172.73,2.9939814814814816,156748.53333333333,21888987.0,10.0,164757.0,130.0,25076.252086811353,2024-09-21,Medio,Corta
90,73,2024-09,1099.0,404823.6,3.08680618744313,157851.11555959962,21888987.0,10.0,164757.0,130.0,25076.252086811353,2024-09-22,Medio,Larga
72,62,2024-09,1112.0,426634.44,3.020323741007194,154796.52428057554,21888987.0,10.0,164757.0,130.0,25076.252086811353,2024-09-23,Alto,Media
50,49,2024-09,1070.0,410319.5,3.081214953271028,154502.30841121497,21888987.0,10.0,164757.0,130.0,25076.252086811353,2024-09-24,Medio,Larga
46,46,2024-09,1095.0,423618.05,3.026392694063927,152891.7095890411,21888987.0,10.0,164757.0,130.0,25076.252086811353,2024-09-25,Alto,Media
50,46,2024-09,1092.0,416847.39,3.0640109890109892,155224.03846153847,21888987.0,10.0,164757.0,130.0,25076.252086811353,2024-09-26,Medio,Larga
63,53,2024-09,1099.0,419659.05,3.1149226569608737,154294.27024567788,21888987.0,10.0,164757.0,130.0,25076.252086811353,2024-09-27,Alto,Larga
64,54,2024-09,1060.0,395766.5,3.025566037735849,155818.1575471698,21888987.0,10.0,164757.0,130.0,25076.252086811353,2024-09-28,Bajo,Media
78,66,2024-09,1086.0,423037.15,2.9604972375690606,157004.22744014734,21888987.0,10.0,164757.0,130.0,25076.252086811353,2024-09-29,Alto,Corta
63,49,2024-09,1090.0,414954.09,3.0099082568807343,153109.63027522937,21888987.0,10.0,164757.0,130.0,25076.252086811353,2024-09-30,Medio,Media
55,51,2024-10,1095.0,398323.99,3.0209132420091325,159195.83378995434,24979034.0,12.0,177912.0,130.0,25252.875,2024-10-01,Bajo,Media
54,52,2024-10,1125.0,405067.47,3.0507555555555554,155554.17155555554,24979034.0,12.0,177912.0,130.0,25252.875,2024-10-02,Medio,Larga
59,55,2024-10,1068.0,412693.73,3.082303370786517,156324.2902621723,24979034.0,12.0,177912.0,130.0,25252.875,2024-10-03,Medio,Larga
65,54,2024-10,1126.0,410852.18,3.0845470692717583,157076.96980461813,24979034.0,12.0,177912.0,130.0,25252.875,2024-10-04,Medio,Larga
95,67,2024-10,1117.0,419328.63,3.0656222023276634,160449.34467323188,24979034.0,12.0,177912.0,130.0,25252.875,2024-10-05,Alto,Larga
94,72,2024-10,1095.0,404343.29,2.9906849315068493,149609.99908675798,24979034.0,12.0,177912.0,130.0,25252.875,2024-10-06,Medio,Corta
52,49,2024-10,1128.0,425020.63,3.0252659574468086,150971.1019503546,24979034.0,12.0,177912.0,130.0,25252.875,2024-10-07,Alto,Media
53,50,2024-10,1075.0,412211.46,2.9848372093023254,157274.57488372092,24979034.0,12.0,177912.0,130.0,25252.875,2024-10-08,Medio,Corta
50,41,2024-10,1097.0,423476.22,3.018778486782133,155362.93710118506,24979034.0,12.0,177912.0,130.0,25252.875,2024-10-09,Alto,Media
54,51,2024-10,1093.0,414771.27999999997,3.0621225983531564,151896.50137236962,24979034.0,12.0,177912.0,130.0,25252.875,2024-10-10,Medio,Larga
54,50,2024-10,1059.0,426437.61,3.0270066100094426,152165.35410764872,24979034.0,12.0,177912.0,130.0,25252.875,2024-10-11,Alto,Media
63,51,2024-10,1097.0,409182.4,2.9837739288969916,149590.76845943482,24979034.0,12.0,177912.0,130.0,25252.875,2024-10-12,Medio,Corta
65,55,2024-10,1075.0,408716.55,3.0228837209302326,155346.67162790697,24979034.0,12.0,177912.0,130.0,25252.875,2024-10-13,Medio,Media
70,56,2024-10,1107.0,406651.48,2.9504968383017163,157908.21589882564,24979034.0,12.0,177912.0,130.0,25252.875,2024-10-14,Medio,Corta
59,48,2024-10,1147.0,431539.85,3.019703574542284,151266.0810810811,24979034.0,12.0,177912.0,130.0,25252.875,2024-10-15,Alto,Media
60,53,2024-10,1097.0,402183.59,2.9973564266180492,157137.49407474932,24979034.0,12.0,177912.0,130.0,25252.875,2024-10-16,Bajo,Corta
57,51,2024-10,1117.0,417335.53,3.106714413607878,150990.418084154,24979034.0,12.0,177912.0,130.0,25252.875,2024-10-17,Alto,Larga
59,56,2024-10,1133.0,415150.12,3.0280670785525157,155875.01765225065,24979034.0,12.0,177912.0,130.0,25252.875,2024-10-18,Medio,Media
90,71,2024-10,1082.0,383113.75,3.0679297597042514,157679.7652495379,24979034.0,12.0,177912.0,130.0,25252.875,2024-10-19,Bajo,Larga
65,58,2024-10,1095.0,418432.29,3.004931506849315,149605.57442922375,24979034.0,12.0,177912.0,130.0,25252.875,2024-10-20,Alto,Corta
79,62,2024-10,1082.0,396049.05,2.983826247689464,154852.8123844732,24979034.0,12.0,177912.0,130.0,25252.875,2024-10-21,Bajo,Corta
60,55,2024-10,1084.0,415867.48,3.0685424354243542,154675.18819188193,24979034.0,12.0,177912.0,130.0,25252.875,2024-10-22,Medio,Larga
47,37,2024-10,1046.0,391078.68,3.0436902485659654,150357.27437858508,24979034.0,12.0,177912.0,130.0,25252.875,2024-10-23,Bajo,Media
60,50,2024-10,1124.0,392933.58,3.0495551601423485,157161.56939501778,24979034.0,12.0,177912.0,130.0,25252.875,2024-10-24,Bajo,Larga
66,53,2024-10,1113.0,417741.71,2.962893081761006,152819.06199460916,24979034.0,12.0,177912.0,130.0,25252.875,2024-10-25,Alto,Corta
64,58,2024-10,1068.0,418864.69,3.025093632958802,150579.63576779026,24979034.0,12.0,177912.0,130.0,25252.875,2024-10-26,Alto,Media
67,57,2024-10,1106.0,411272.09,3.0363471971066907,156771.94122965643,24979034.0,12.0,177912.0,130.0,25252.875,2024-10-27,Medio,Media
52,44,2024-10,1092.0,429339.32,3.108882783882784,155381.9587912088,24979034.0,12.0,177912.0,130.0,25252.875,2024-10-28,Alto,Larga
55,50,2024-10,1102.0,423559.56,3.0735934664246822,149134.98457350273,24979034.0,12.0,177912.0,130.0,25252.875,2024-10-29,Alto,Larga
75,56,2024-10,1086.0,393749.34,2.985451197053407,154285.211786372,24979034.0,12.0,177912.0,130.0,25252.875,2024-10-30,Bajo,Corta
72,66,2024-10,1057.0,395197.07,3.100662251655629,153527.0444654683,24979034.0,12.0,177912.0,130.0,25252.875,2024-10-31,Bajo,Larga
53,48,2024-11,1100.0,413973.74,3.0383636363636364,156048.37545454546,24323052.0,5.0,173718.0,130.0,25296.38704318937,2024-11-01,Medio,Media
67,61,2024-11,1114.0,433712.48,3.014631956912029,159629.27468581687,24323052.0,5.0,173718.0,130.0,25296.38704318937,2024-11-02,Alto,Media
70,61,2024-11,1094.0,406472.81,3.0617915904936015,157280.65173674587,24323052.0,5.0,173718.0,130.0,25296.38704318937,2024-11-03,Medio,Larga
65,53,2024-11,1043.0,362159.48,3.0281879194630874,156796.83700862897,24323052.0,5.0,173718.0,130.0,25296.38704318937,2024-11-04,Bajo,Media
73,55,2024-11,1116.0,404840.79,3.0310931899641576,156110.12544802867,24323052.0,5.0,173718.0,130.0,25296.38704318937,2024-11-05,Medio,Media
55,47,2024-11,1109.0,418893.33,3.010189359783589,152120.94589720469,24323052.0,5.0,173718.0,130.0,25296.38704318937,2024-11-06,Alto,Media
54,52,2024-11,1097.0,413394.11,3.00975387420237,155747.3992707384,24323052.0,5.0,173718.0,130.0,25296.38704318937,2024-11-07,Medio,Media
56,49,2024-11,1088.0,436645.42,2.9901654411764707,153176.2325367647,24323052.0,5.0,173718.0,130.0,25296.38704318937,2024-11-08,Alto,Corta
67,61,2024-11,1050.0,390144.39,3.0532380952380955,158175.09523809524,24323052.0,5.0,173718.0,130.0,25296.38704318937,2024-11-09,Bajo,Larga
67,60,2024-11,1090.0,403918.75,3.1043119266055044,156876.97889908258,24323052.0,5.0,173718.0,130.0,25296.38704318937,2024-11-10,Medio,Larga
61,54,2024-11,1083.0,398613.6,3.06140350877193,157316.3056325023,24323052.0,5.0,173718.0,130.0,25296.38704318937,2024-11-11,Bajo,Larga
62,51,2024-11,1055.0,395766.84,2.982274881516588,158698.82180094786,24323052.0,5.0,173718.0,130.0,25296.38704318937,2024-11-12,Bajo,Corta
48,43,2024-11,1132.0,425191.54,3.054328621908127,154368.9019434629,24323052.0,5.0,173718.0,130.0,25296.38704318937,2024-11-13,Alto,Larga
39,37,2024-11,1119.0,421581.4,3.0352993744414656,154102.7926720286,24323052.0,5.0,173718.0,130.0,25296.38704318937,2024-11-14,Alto,Media
47,42,2024-11,1086.0,406634.44,2.949539594843462,154771.49539594844,24323052.0,5.0,173718.0,130.0,25296.38704318937,2024-11-15,Medio,Corta
88,60,2024-11,1118.0,427387.24,2.949194991055456,155590.5670840787,24323052.0,5.0,173718.0,130.0,25296.38704318937,2024-11-16,Alto,Corta
73,61,2024-11,1083.0,384350.49,3.069067405355494,152753.07202216066,24323052.0,5.0,173718.0,130.0,25296.38704318937,2024-11-17,Bajo,Larga
67,55,2024-11,1142.0,403810.74,3.021103327495622,155746.27408056043,24323052.0,5.0,173718.0,130.0,25296.38704318937,2024-11-18,Medio,Media
52,44,2024-11,1091.0,396434.76,3.057286892758937,153275.85426214483,24323052.0,5.0,173718.0,130.0,25296.38704318937,2024-11-19,Bajo,Larga
42,38,2024-11,1053.0,380259.48,3.1034188034188035,153663.16524216524,24323052.0,5.0,173718.0,130.0,25296.38704318937,2024-11-20,Bajo,Larga
48,40,2024-11,1140.0,425911.34,3.001140350877193,153242.699122807,24323052.0,5.0,173718.0,130.0,25296.38704318937,2024-11-21,Alto,Corta
44,35,2024-11,1175.0,444341.61,3.060170212765957,151646.26042553192,24323052.0,5.0,173718.0,130.0,25296.38704318937,2024-11-22,Alto,Larga
48,46,2024-11,1033.0,399325.42,3.0091965150048403,153951.7715392062,24323052.0,5.0,173718.0,130.0,25296.38704318937,2024-11-23,Bajo,Media
49,45,2024-11,1072.0,375071.48,3.044589552238806,153783.79757462686,24323052.0,5.0,173718.0,130.0,25296.38704318937,2024-11-24,Bajo,Media
40,36,2024-11,1076.0,413440.55,3.0638475836431227,155777.89591078067,24323052.0,5.0,173718.0,130.0,25296.38704318937,2024-11-25,Medio,Larga
46,38,2024-11,1025.0,366776.15,3.0605853658536586,159595.86731707316,24323052.0,5.0,173718.0,130.0,25296.38704318937,2024-11-26,Bajo,Larga
38,34,2024-11,1100.0,403601.0,2.9787272727272724,154836.15363636363,24323052.0,5.0,173718.0,130.0,25296.38704318937,2024-11-27,Medio,Corta
36,28,2024-11,1040.0,394538.91,2.9852884615384614,157995.45769230768,24323052.0,5.0,173718.0,130.0,25296.38704318937,2024-11-28,Bajo,Corta
57,48,2024-11,1071.0,388300.93,3.0652661064425772,157111.929038282,24323052.0,5.0,173718.0,130.0,25296.38704318937,2024-11-29,Bajo,Larga
52,44,2024-11,1150.0,407098.33,3.040695652173913,154289.3252173913,24323052.0,5.0,173718.0,130.0,25296.38704318937,2024-11-30,Medio,Media
66,60,2024-12,1072.0,389226.8,3.0595149253731346,155899.92444029852,28807003.0,67.0,174171.0,130.0,25490.58091286307,2024-12-01,Bajo,Larga
49,46,2024-12,1107.0,407239.54,3.0393857271906053,157726.60975609755,28807003.0,67.0,174171.0,130.0,25490.58091286307,2024-12-02,Medio,Media
35,29,2024-12,1062.0,401032.52,3.0025423728813556,151657.99717514124,28807003.0,67.0,174171.0,130.0,25490.58091286307,2024-12-03,Bajo,Corta
55,47,2024-12,1078.0,410424.98,3.04860853432282,155977.28478664192,28807003.0,67.0,174171.0,130.0,25490.58091286307,2024-12-04,Medio,Larga
49,41,2024-12,1123.0,410751.3,3.0138913624220836,159863.6500445236,28807003.0,67.0,174171.0,130.0,25490.58091286307,2024-12-05,Medio,Media
64,52,2024-12,1123.0,399294.28,3.0222617987533393,149308.76491540516,28807003.0,67.0,174171.0,130.0,25490.58091286307,2024-12-06,Bajo,Media
70,60,2024-12,1043.0,390552.58,3.0046979865771815,152812.94822627038,28807003.0,67.0,174171.0,130.0,25490.58091286307,2024-12-07,Bajo,Corta
59,58,2024-12,1084.0,414992.53,3.018542435424354,153232.5156826568,28807003.0,67.0,174171.0,130.0,25490.58091286307,2024-12-08,Medio,Media
68,57,2024-12,1036.0,383579.51,3.0304054054054053,150598.7384169884,28807003.0,67.0,174171.0,130.0,25490.58091286307,2024-12-09,Bajo,Media
63,56,2024-12,1089.0,416145.71,2.9744719926538106,153190.55371900825,28807003.0,67.0,174171.0,130.0,25490.58091286307,2024-12-10,Medio,Corta
55,42,2024-12,1088.0,391622.01,3.0446691176470586,153263.01654411765,28807003.0,67.0,174171.0,130.0,25490.58091286307,2024-12-11,Bajo,Media
53,44,2024-12,1122.0,428467.38,3.0720142602495546,156782.91532976826,28807003.0,67.0,174171.0,130.0,25490.58091286307,2024-12-12,Alto,Larga
72,58,2024-12,1108.0,395318.34,2.938898916967509,155333.68682310468,28807003.0,67.0,174171.0,130.0,25490.58091286307,2024-12-13,Bajo,Corta
60,50,2024-12,1042.0,384731.01,3.1427063339731283,158837.37140115164,28807003.0,67.0,174171.0,130.0,25490.58091286307,2024-12-14,Bajo,Larga
76,61,2024-12,1106.0,421264.7,2.9888788426763107,156514.57775768536,28807003.0,67.0,174171.0,130.0,25490.58091286307,2024-12-15,Alto,Corta
52,45,2024-12,1107.0,427719.29,3.073803071364047,152540.90785907858,28807003.0,67.0,174171.0,130.0,25490.58091286307,2024-12-16,Alto,Larga
45,39,2024-12,1162.0,400355.53,3.0545611015490532,154958.17728055076,28807003.0,67.0,174171.0,130.0,25490.58091286307,2024-12-17,Bajo,Larga
50,35,2024-12,1080.0,412610.32,3.0073148148148148,157458.56944444444,28807003.0,67.0,174171.0,130.0,25490.58091286307,2024-12-18,Medio,Corta
51,44,2024-12,1117.0,414387.94,3.042882721575649,152624.49776186212,28807003.0,67.0,174171.0,130.0,25490.58091286307,2024-12-19,Medio,Media
55,48,2024-12,1113.0,416846.39,3.059299191374663,152798.2911051213,28807003.0,67.0,174171.0,130.0,25490.58091286307,2024-12-20,Medio,Larga
64,53,2024-12,1145.0,407519.13,3.036244541484716,155345.45502183406,28807003.0,67.0,174171.0,130.0,25490.58091286307,2024-12-21,Medio,Media
54,47,2024-12,1146.0,429422.57,3.049214659685864,151499.0872600349,28807003.0,67.0,174171.0,130.0,25490.58091286307,2024-12-22,Alto,Larga
50,43,2024-12,1035.0,378068.7,3.0167149758454106,153581.5342995169,28807003.0,67.0,174171.0,130.0,25490.58091286307,2024-12-23,Bajo,Media
44,32,2024-12,1162.0,419913.68,3.0335628227194493,156749.64974182445,28807003.0,67.0,174171.0,130.0,25490.58091286307,2024-12-24,Alto,Media
63,47,2024-12,1050.0,395384.11,3.0705714285714283,157237.8361904762,28807003.0,67.0,174171.0,130.0,25490.58091286307,2024-12-25,Bajo,Larga
31,31,2024-12,1113.0,425058.77,2.976639712488769,156800.4501347709,28807003.0,67.0,174171.0,130.0,25490.58091286307,2024-12-26,Alto,Corta
26,26,2024-12,1072.0,425611.98,3.0460820895522387,158817.6427238806,28807003.0,67.0,174171.0,130.0,25490.58091286307,2024-12-27,Alto,Larga
31,27,2024-12,1044.0,371684.04,3.103927203065134,154232.16091954024,28807003.0,67.0,174171.0,130.0,25490.58091286307,2024-12-28,Bajo,Larga
19,19,2024-12,1139.0,434035.3,3.0780509218612817,155882.7287093942,28807003.0,67.0,174171.0,130.0,25490.58091286307,2024-12-29,Alto,Larga
20,20,2024-12,1046.0,388007.01,3.030210325047801,156214.08221797322,28807003.0,67.0,174171.0,130.0,25490.58091286307,2024-12-30,Bajo,Media
17,17,2024-12,1106.0,411563.13,3.021790235081374,157731.7513562387,28807003.0,67.0,174171.0,130.0,25490.58091286307,2024-12-31,Medio,Media
100,87,2025-01,,,,,28307965.0,10.0,161956.0,130.0,27101.034825870647,2025-01-01,,
55,47,2025-01,,,,,28307965.0,10.0,161956.0,130.0,27101.034825870647,2025-01-02,,
57,47,2025-01,,,,,28307965.0,10.0,161956.0,130.0,27101.034825870647,2025-01-03,,
54,48,2025-01,,,,,28307965.0,10.0,161956.0,130.0,27101.034825870647,2025-01-04,,
46,36,2025-01,,,,,28307965.0,10.0,161956.0,130.0,27101.034825870647,2025-01-05,,
67,54,2025-01,,,,,28307965.0,10.0,161956.0,130.0,27101.034825870647,2025-01-06,,
47,41,2025-01,,,,,28307965.0,10.0,161956.0,130.0,27101.034825870647,2025-01-07,,
63,59,2025-01,,,,,28307965.0,10.0,161956.0,130.0,27101.034825870647,2025-01-08,,
47,38,2025-01,,,,,28307965.0,10.0,161956.0,130.0,27101.034825870647,2025-01-09,,
52,44,2025-01,,,,,28307965.0,10.0,161956.0,130.0,27101.034825870647,2025-01-10,,
71,56,2025-01,,,,,28307965.0,10.0,161956.0,130.0,27101.034825870647,2025-01-11,,
76,70,2025-01,,,,,28307965.0,10.0,161956.0,130.0,27101.034825870647,2025-01-12,,
69,61,2025-01,,,,,28307965.0,10.0,161956.0,130.0,27101.034825870647,2025-01-13,,
46,43,2025-01,,,,,28307965.0,10.0,161956.0,130.0,27101.034825870647,2025-01-14,,
65,52,2025-01,,,,,28307965.0,10.0,161956.0,130.0,27101.034825870647,2025-01-15,,
58,49,2025-01,,,,,28307965.0,10.0,161956.0,130.0,27101.034825870647,2025-01-16,,
64,56,2025-01,,,,,28307965.0,10.0,161956.0,130.0,27101.034825870647,2025-01-17,,
72,64,2025-01,,,,,28307965.0,10.0,161956.0,130.0,27101.034825870647,2025-01-18,,
80,68,2025-01,,,,,28307965.0,10.0,161956.0,130.0,27101.034825870647,2025-01-19,,
54,46,2025-01,,,,,28307965.0,10.0,161956.0,130.0,27101.034825870647,2025-01-20,,
53,47,2025-01,,,,,28307965.0,10.0,161956.0,130.0,27101.034825870647,2025-01-21,,
59,48,2025-01,,,,,28307965.0,10.0,161956.0,130.0,27101.034825870647,2025-01-22,,
58,49,2025-01,,,,,28307965.0,10.0,161956.0,130.0,27101.034825870647,2025-01-23,,
50,44,2025-01,,,,,28307965.0,10.0,161956.0,130.0,27101.034825870647,2025-01-24,,
65,59,2025-01,,,,,28307965.0,10.0,161956.0,130.0,27101.034825870647,2025-01-25,,
69,57,2025-01,,,,,28307965.0,10.0,161956.0,130.0,27101.034825870647,2025-01-26,,
67,50,2025-01,,,,,28307965.0,10.0,161956.0,130.0,27101.034825870647,2025-01-27,,
50,48,2025-01,,,,,28307965.0,10.0,161956.0,130.0,27101.034825870647,2025-01-28,,
51,45,2025-01,,,,,28307965.0,10.0,161956.0,130.0,27101.034825870647,2025-01-29,,
49,44,2025-01,,,,,28307965.0,10.0,161956.0,130.0,27101.034825870647,2025-01-30,,
62,53,2025-01,,,,,28307965.0,10.0,161956.0,130.0,27101.034825870647,2025-01-31,,
77,61,2025-02,,,,,22376136.0,7.0,170795.0,131.0,26959.037891268534,2025-02-01,,
77,67,2025-02,,,,,22376136.0,7.0,170795.0,131.0,26959.037891268534,2025-02-02,,
84,64,2025-02,,,,,22376136.0,7.0,170795.0,131.0,26959.037891268534,2025-02-03,,
55,50,2025-02,,,,,22376136.0,7.0,170795.0,131.0,26959.037891268534,2025-02-04,,
43,41,2025-02,,,,,22376136.0,7.0,170795.0,131.0,26959.037891268534,2025-02-05,,
37,37,2025-02,,,,,22376136.0,7.0,170795.0,131.0,26959.037891268534,2025-02-06,,
56,50,2025-02,,,,,22376136.0,7.0,170795.0,131.0,26959.037891268534,2025-02-07,,
56,54,2025-02,,,,,22376136.0,7.0,170795.0,131.0,26959.037891268534,2025-02-08,,
49,36,2025-02,,,,,22376136.0,7.0,170795.0,131.0,26959.037891268534,2025-02-09,,
46,40,2025-02,,,,,22376136.0,7.0,170795.0,131.0,26959.037891268534,2025-02-10,,
51,43,2025-02,,,,,22376136.0,7.0,170795.0,131.0,26959.037891268534,2025-02-11,,
58,54,2025-02,,,,,22376136.0,7.0,170795.0,131.0,26959.037891268534,2025-02-12,,
92,54,2025-02,,,,,22376136.0,7.0,170795.0,131.0,26959.037891268534,2025-02-13,,
65,58,2025-02,,,,,22376136.0,7.0,170795.0,131.0,26959.037891268534,2025-02-14,,
64,60,2025-02,,,,,22376136.0,7.0,170795.0,131.0,26959.037891268534,2025-02-15,,
88,72,2025-02,,,,,22376136.0,7.0,170795.0,131.0,26959.037891268534,2025-02-16,,
68,61,2025-02,,,,,22376136.0,7.0,170795.0,131.0,26959.037891268534,2025-02-17,,
86,57,2025-02,,,,,22376136.0,7.0,170795.0,131.0,26959.037891268534,2025-02-18,,
56,48,2025-02,,,,,22376136.0,7.0,170795.0,131.0,26959.037891268534,2025-02-19,,
84,64,2025-02,,,,,22376136.0,7.0,170795.0,131.0,26959.037891268534,2025-02-20,,
51,44,2025-02,,,,,22376136.0,7.0,170795.0,131.0,26959.037891268534,2025-02-21,,
68,65,2025-02,,,,,22376136.0,7.0,170795.0,131.0,26959.037891268534,2025-02-22,,
89,77,2025-02,,,,,22376136.0,7.0,170795.0,131.0,26959.037891268534,2025-02-23,,
61,58,2025-02,,,,,22376136.0,7.0,170795.0,131.0,26959.037891268534,2025-02-24,,
49,46,2025-02,,,,,22376136.0,7.0,170795.0,131.0,26959.037891268534,2025-02-25,,
56,52,2025-02,,,,,22376136.0,7.0,170795.0,131.0,26959.037891268534,2025-02-26,,
68,54,2025-02,,,,,22376136.0,7.0,170795.0,131.0,26959.037891268534,2025-02-27,,
62,56,2025-02,,,,,22376136.0,7.0,170795.0,131.0,26959.037891268534,2025-02-28,,
87,80,2025-03,,,,,24828797.0,7.0,183474.0,131.0,27149.833881578947,2025-03-01,,
72,65,2025-03,,,,,24828797.0,7.0,183474.0,131.0,27149.833881578947,2025-03-02,,
68,61,2025-03,,,,,24828797.0,7.0,183474.0,131.0,27149.833881578947,2025-03-03,,
49,43,2025-03,,,,,24828797.0,7.0,183474.0,131.0,27149.833881578947,2025-03-04,,
56,42,2025-03,,,,,24828797.0,7.0,183474.0,131.0,27149.833881578947,2025-03-05,,
55,47,2025-03,,,,,24828797.0,7.0,183474.0,131.0,27149.833881578947,2025-03-06,,
67,58,2025-03,,,,,24828797.0,7.0,183474.0,131.0,27149.833881578947,2025-03-07,,
77,71,2025-03,,,,,24828797.0,7.0,183474.0,131.0,27149.833881578947,2025-03-08,,
74,69,2025-03,,,,,24828797.0,7.0,183474.0,131.0,27149.833881578947,2025-03-09,,
54,50,2025-03,,,,,24828797.0,7.0,183474.0,131.0,27149.833881578947,2025-03-10,,
57,53,2025-03,,,,,24828797.0,7.0,183474.0,131.0,27149.833881578947,2025-03-11,,
52,46,2025-03,,,,,24828797.0,7.0,183474.0,131.0,27149.833881578947,2025-03-12,,
56,50,2025-03,,,,,24828797.0,7.0,183474.0,131.0,27149.833881578947,2025-03-13,,
63,53,2025-03,,,,,24828797.0,7.0,183474.0,131.0,27149.833881578947,2025-03-14,,
78,63,2025-03,,,,,24828797.0,7.0,183474.0,131.0,27149.833881578947,2025-03-15,,
79,66,2025-03,,,,,24828797.0,7.0,183474.0,131.0,27149.833881578947,2025-03-16,,
76,66,2025-03,,,,,24828797.0,7.0,183474.0,131.0,27149.833881578947,2025-03-17,,
61,50,2025-03,,,,,24828797.0,7.0,183474.0,131.0,27149.833881578947,2025-03-18,,
67,51,2025-03,,,,,24828797.0,7.0,183474.0,131.0,27149.833881578947,2025-03-19,,
55,49,2025-03,,,,,24828797.0,7.0,183474.0,131.0,27149.833881578947,2025-03-20,,
57,47,2025-03,,,,,24828797.0,7.0,183474.0,131.0,27149.833881578947,2025-03-21,,
74,62,2025-03,,,,,24828797.0,7.0,183474.0,131.0,27149.833881578947,2025-03-22,,
92,80,2025-03,,,,,24828797.0,7.0,183474.0,131.0,27149.833881578947,2025-03-23,,
75,53,2025-03,,,,,24828797.0,7.0,183474.0,131.0,27149.833881578947,2025-03-24,,
59,50,2025-03,,,,,24828797.0,7.0,183474.0,131.0,27149.833881578947,2025-03-25,,
68,54,2025-03,,,,,24828797.0,7.0,183474.0,131.0,27149.833881578947,2025-03-26,,
50,42,2025-03,,,,,24828797.0,7.0,183474.0,131.0,27149.833881578947,2025-03-27,,
50,46,2025-03,,,,,24828797.0,7.0,183474.0,131.0,27149.833881578947,2025-03-28,,
52,50,2025-03,,,,,24828797.0,7.0,183474.0,131.0,27149.833881578947,2025-03-29,,
71,64,2025-03,,,,,24828797.0,7.0,183474.0,131.0,27149.833881578947,2025-03-30,,
72,61,2025-03,,,,,24828797.0,7.0,183474.0,131.0,27149.833881578947,2025-03-31,,
63,53,2025-04,,,,,26173286.0,12.0,177587.0,131.0,27197.353719008264,2025-04-01,,
57,53,2025-04,,,,,26173286.0,12.0,177587.0,131.0,27197.353719008264,2025-04-02,,
62,52,2025-04,,,,,26173286.0,12.0,177587.0,131.0,27197.353719008264,2025-04-03,,
58,56,2025-04,,,,,26173286.0,12.0,177587.0,131.0,27197.353719008264,2025-04-04,,
62,54,2025-04,,,,,26173286.0,12.0,177587.0,131.0,27197.353719008264,2025-04-05,,
81,69,2025-04,,,,,26173286.0,12.0,177587.0,131.0,27197.353719008264,2025-04-06,,
66,60,2025-04,,,,,26173286.0,12.0,177587.0,131.0,27197.353719008264,2025-04-07,,
48,45,2025-04,,,,,26173286.0,12.0,177587.0,131.0,27197.353719008264,2025-04-08,,
66,59,2025-04,,,,,26173286.0,12.0,177587.0,131.0,27197.353719008264,2025-04-09,,
58,53,2025-04,,,,,26173286.0,12.0,177587.0,131.0,27197.353719008264,2025-04-10,,
66,55,2025-04,,,,,26173286.0,12.0,177587.0,131.0,27197.353719008264,2025-04-11,,
71,67,2025-04,,,,,26173286.0,12.0,177587.0,131.0,27197.353719008264,2025-04-12,,
87,73,2025-04,,,,,26173286.0,12.0,177587.0,131.0,27197.353719008264,2025-04-13,,
67,57,2025-04,,,,,26173286.0,12.0,177587.0,131.0,27197.353719008264,2025-04-14,,
59,52,2025-04,,,,,26173286.0,12.0,177587.0,131.0,27197.353719008264,2025-04-15,,
44,40,2025-04,,,,,26173286.0,12.0,177587.0,131.0,27197.353719008264,2025-04-16,,
61,52,2025-04,,,,,26173286.0,12.0,177587.0,131.0,27197.353719008264,2025-04-17,,
55,48,2025-04,,,,,26173286.0,12.0,177587.0,131.0,27197.353719008264,2025-04-18,,
58,53,2025-04,,,,,26173286.0,12.0,177587.0,131.0,27197.353719008264,2025-04-19,,
72,59,2025-04,,,,,26173286.0,12.0,177587.0,131.0,27197.353719008264,2025-04-20,,
55,49,2025-04,,,,,26173286.0,12.0,177587.0,131.0,27197.353719008264,2025-04-21,,
53,48,2025-04,,,,,26173286.0,12.0,177587.0,131.0,27197.353719008264,2025-04-22,,
46,39,2025-04,,,,,26173286.0,12.0,177587.0,131.0,27197.353719008264,2025-04-23,,
79,48,2025-04,,,,,26173286.0,12.0,177587.0,131.0,27197.353719008264,2025-04-24,,
62,55,2025-04,,,,,26173286.0,12.0,177587.0,131.0,27197.353719008264,2025-04-25,,
66,60,2025-04,,,,,26173286.0,12.0,177587.0,131.0,27197.353719008264,2025-04-26,,
65,58,2025-04,,,,,26173286.0,12.0,177587.0,131.0,27197.353719008264,2025-04-27,,
68,60,2025-04,,,,,26173286.0,12.0,177587.0,131.0,27197.353719008264,2025-04-28,,
55,52,2025-04,,,,,26173286.0,12.0,177587.0,131.0,27197.353719008264,2025-04-29,,
54,47,2025-04,,,,,26173286.0,12.0,177587.0,131.0,27197.353719008264,2025-04-30,,
57,48,2025-05,,,,,24137545.0,16.0,179987.0,127.0,27900.655348047538,2025-05-01,,
66,49,2025-05,,,,,24137545.0,16.0,179987.0,127.0,27900.655348047538,2025-05-02,,
85,66,2025-05,,,,,24137545.0,16.0,179987.0,127.0,27900.655348047538,2025-05-03,,
81,64,2025-05,,,,,24137545.0,16.0,179987.0,127.0,27900.655348047538,2025-05-04,,
45,37,2025-05,,,,,24137545.0,16.0,179987.0,127.0,27900.655348047538,2025-05-05,,
43,42,2025-05,,,,,24137545.0,16.0,179987.0,127.0,27900.655348047538,2025-05-06,,
50,42,2025-05,,,,,24137545.0,16.0,179987.0,127.0,27900.655348047538,2025-05-07,,
49,44,2025-05,,,,,24137545.0,16.0,179987.0,127.0,27900.655348047538,2025-05-08,,
62,57,2025-05,,,,,24137545.0,16.0,179987.0,127.0,27900.655348047538,2025-05-09,,
74,66,2025-05,,,,,24137545.0,16.0,179987.0,127.0,27900.655348047538,2025-05-10,,
81,70,2025-05,,,,,24137545.0,16.0,179987.0,127.0,27900.655348047538,2025-05-11,,
68,63,2025-05,,,,,24137545.0,16.0,179987.0,127.0,27900.655348047538,2025-05-12,,
53,44,2025-05,,,,,24137545.0,16.0,179987.0,127.0,27900.655348047538,2025-05-13,,
50,44,2025-05,,,,,24137545.0,16.0,179987.0,127.0,27900.655348047538,2025-05-14,,
54,50,2025-05,,,,,24137545.0,16.0,179987.0,127.0,27900.655348047538,2025-05-15,,
65,57,2025-05,,,,,24137545.0,16.0,179987.0,127.0,27900.655348047538,2025-05-16,,
73,64,2025-05,,,,,24137545.0,16.0,179987.0,127.0,27900.655348047538,2025-05-17,,
69,62,2025-05,,,,,24137545.0,16.0,179987.0,127.0,27900.655348047538,2025-05-18,,
56,50,2025-05,,,,,24137545.0,16.0,179987.0,127.0,27900.655348047538,2025-05-19,,
49,46,2025-05,,,,,24137545.0,16.0,179987.0,127.0,27900.655348047538,2025-05-20,,
50,46,2025-05,,,,,24137545.0,16.0,179987.0,127.0,27900.655348047538,2025-05-21,,
48,43,2025-05,,,,,24137545.0,16.0,179987.0,127.0,27900.655348047538,2025-05-22,,
66,60,2025-05,,,,,24137545.0,16.0,179987.0,127.0,27900.655348047538,2025-05-23,,
47,44,2025-05,,,,,24137545.0,16.0,179987.0,127.0,27900.655348047538,2025-05-24,,
77,58,2025-05,,,,,24137545.0,16.0,179987.0,127.0,27900.655348047538,2025-05-25,,
48,42,2025-05,,,,,24137545.0,16.0,179987.0,127.0,27900.655348047538,2025-05-26,,
40,39,2025-05,,,,,24137545.0,16.0,179987.0,127.0,27900.655348047538,2025-05-27,,
27,26,2025-05,,,,,24137545.0,16.0,179987.0,127.0,27900.655348047538,2025-05-28,,
29,28,2025-05,,,,,24137545.0,16.0,179987.0,127.0,27900.655348047538,2025-05-29,,
30,30,2025-05,,,,,24137545.0,16.0,179987.0,127.0,27900.655348047538,2025-05-30,,
42,38,2025-05,,,,,24137545.0,16.0,179987.0,127.0,27900.655348047538,2025-05-31,,
60,57,2025-06,,,,,25834458.0,24.0,169007.0,127.0,27669.098471986417,2025-06-01,,
33,31,2025-06,,,,,25834458.0,24.0,169007.0,127.0,27669.098471986417,2025-06-02,,
35,35,2025-06,,,,,25834458.0,24.0,169007.0,127.0,27669.098471986417,2025-06-03,,
39,39,2025-06,,,,,25834458.0,24.0,169007.0,127.0,27669.098471986417,2025-06-04,,
49,39,2025-06,,,,,25834458.0,24.0,169007.0,127.0,27669.098471986417,2025-06-05,,
62,50,2025-06,,,,,25834458.0,24.0,169007.0,127.0,27669.098471986417,2025-06-06,,
61,54,2025-06,,,,,25834458.0,24.0,169007.0,127.0,27669.098471986417,2025-06-07,,
75,68,2025-06,,,,,25834458.0,24.0,169007.0,127.0,27669.098471986417,2025-06-08,,
56,52,2025-06,,,,,25834458.0,24.0,169007.0,127.0,27669.098471986417,2025-06-09,,
44,43,2025-06,,,,,25834458.0,24.0,169007.0,127.0,27669.098471986417,2025-06-10,,
59,50,2025-06,,,,,25834458.0,24.0,169007.0,127.0,27669.098471986417,2025-06-11,,
57,54,2025-06,,,,,25834458.0,24.0,169007.0,127.0,27669.098471986417,2025-06-12,,
51,44,2025-06,,,,,25834458.0,24.0,169007.0,127.0,27669.098471986417,2025-06-13,,
74,69,2025-06,,,,,25834458.0,24.0,169007.0,127.0,27669.098471986417,2025-06-14,,
78,66,2025-06,,,,,25834458.0,24.0,169007.0,127.0,27669.098471986417,2025-06-15,,
62,53,2025-06,,,,,25834458.0,24.0,169007.0,127.0,27669.098471986417,2025-06-16,,
59,48,2025-06,,,,,25834458.0,24.0,169007.0,127.0,27669.098471986417,2025-06-17,,
59,55,2025-06,,,,,25834458.0,24.0,169007.0,127.0,27669.098471986417,2025-06-18,,
56,54,2025-06,,,,,25834458.0,24.0,169007.0,127.0,27669.098471986417,2025-06-19,,
63,57,2025-06,,,,,25834458.0,24.0,169007.0,127.0,27669.098471986417,2025-06-20,,
83,74,2025-06,,,,,25834458.0,24.0,169007.0,127.0,27669.098471986417,2025-06-21,,
93,81,2025-06,,,,,25834458.0,24.0,169007.0,127.0,27669.098471986417,2025-06-22,,
74,61,2025-06,,,,,25834458.0,24.0,169007.0,127.0,27669.098471986417,2025-06-23,,
58,53,2025-06,,,,,25834458.0,24.0,169007.0,127.0,27669.098471986417,2025-06-24,,
50,40,2025-06,,,,,25834458.0,24.0,169007.0,127.0,27669.098471986417,2025-06-25,,
55,48,2025-06,,,,,25834458.0,24.0,169007.0,127.0,27669.098471986417,2025-06-26,,
65,63,2025-06,,,,,25834458.0,24.0,169007.0,127.0,27669.098471986417,2025-06-27,,
86,72,2025-06,,,,,25834458.0,24.0,169007.0,127.0,27669.098471986417,2025-06-28,,
97,75,2025-06,,,,,25834458.0,24.0,169007.0,127.0,27669.098471986417,2025-06-29,,
74,67,2025-06,,,,,25834458.0,24.0,169007.0,127.0,27669.098471986417,2025-06-30,,
61,53,2025-07,,,,,25395055.0,6.0,175366.0,126.0,27826.640545144804,2025-07-01,,
62,54,2025-07,,,,,25395055.0,6.0,175366.0,126.0,27826.640545144804,2025-07-02,,
73,62,2025-07,,,,,25395055.0,6.0,175366.0,126.0,27826.640545144804,2025-07-03,,
51,42,2025-07,,,,,25395055.0,6.0,175366.0,126.0,27826.640545144804,2025-07-04,,
77,63,2025-07,,,,,25395055.0,6.0,175366.0,126.0,27826.640545144804,2025-07-05,,
86,74,2025-07,,,,,25395055.0,6.0,175366.0,126.0,27826.640545144804,2025-07-06,,
57,55,2025-07,,,,,25395055.0,6.0,175366.0,126.0,27826.640545144804,2025-07-07,,
58,50,2025-07,,,,,25395055.0,6.0,175366.0,126.0,27826.640545144804,2025-07-08,,
64,58,2025-07,,,,,25395055.0,6.0,175366.0,126.0,27826.640545144804,2025-07-09,,
65,54,2025-07,,,,,25395055.0,6.0,175366.0,126.0,27826.640545144804,2025-07-10,,
60,45,2025-07,,,,,25395055.0,6.0,175366.0,126.0,27826.640545144804,2025-07-11,,
65,60,2025-07,,,,,25395055.0,6.0,175366.0,126.0,27826.640545144804,2025-07-12,,
77,64,2025-07,,,,,25395055.0,6.0,175366.0,126.0,27826.640545144804,2025-07-13,,
69,62,2025-07,,,,,25395055.0,6.0,175366.0,126.0,27826.640545144804,2025-07-14,,
47,45,2025-07,,,,,25395055.0,6.0,175366.0,126.0,27826.640545144804,2025-07-15,,
69,62,2025-07,,,,,25395055.0,6.0,175366.0,126.0,27826.640545144804,2025-07-16,,
57,48,2025-07,,,,,25395055.0,6.0,175366.0,126.0,27826.640545144804,2025-07-17,,
70,53,2025-07,,,,,25395055.0,6.0,175366.0,126.0,27826.640545144804,2025-07-18,,
72,61,2025-07,,,,,25395055.0,6.0,175366.0,126.0,27826.640545144804,2025-07-19,,
98,67,2025-07,,,,,25395055.0,6.0,175366.0,126.0,27826.640545144804,2025-07-20,,
60,53,2025-07,,,,,25395055.0,6.0,175366.0,126.0,27826.640545144804,2025-07-21,,
51,44,2025-07,,,,,25395055.0,6.0,175366.0,126.0,27826.640545144804,2025-07-22,,
58,45,2025-07,,,,,25395055.0,6.0,175366.0,126.0,27826.640545144804,2025-07-23,,
50,47,2025-07,,,,,25395055.0,6.0,175366.0,126.0,27826.640545144804,2025-07-24,,
63,55,2025-07,,,,,25395055.0,6.0,175366.0,126.0,27826.640545144804,2025-07-25,,
71,59,2025-07,,,,,25395055.0,6.0,175366.0,126.0,27826.640545144804,2025-07-26,,
85,74,2025-07,,,,,25395055.0,6.0,175366.0,126.0,27826.640545144804,2025-07-27,,
61,54,2025-07,,,,,25395055.0,6.0,175366.0,126.0,27826.640545144804,2025-07-28,,
57,47,2025-07,,,,,25395055.0,6.0,175366.0,126.0,27826.640545144804,2025-07-29,,
58,50,2025-07,,,,,25395055.0,6.0,175366.0,126.0,27826.640545144804,2025-07-30,,
61,57,2025-07,,,,,25395055.0,6.0,175366.0,126.0,27826.640545144804,2025-07-31,,
48,44,2025-08,,,,,26130436.0,8.0,176899.0,126.0,27097.25850340136,2025-08-01,,
86,72,2025-08,,,,,26130436.0,8.0,176899.0,126.0,27097.25850340136,2025-08-02,,
92,77,2025-08,,,,,26130436.0,8.0,176899.0,126.0,27097.25850340136,2025-08-03,,
66,60,2025-08,,,,,26130436.0,8.0,176899.0,126.0,27097.25850340136,2025-08-04,,
67,54,2025-08,,,,,26130436.0,8.0,176899.0,126.0,27097.25850340136,2025-08-05,,
64,53,2025-08,,,,,26130436.0,8.0,176899.0,126.0,27097.25850340136,2025-08-06,,
47,45,2025-08,,,,,26130436.0,8.0,176899.0,126.0,27097.25850340136,2025-08-07,,
59,51,2025-08,,,,,26130436.0,8.0,176899.0,126.0,27097.25850340136,2025-08-08,,
71,61,2025-08,,,,,26130436.0,8.0,176899.0,126.0,27097.25850340136,2025-08-09,,
73,64,2025-08,,,,,26130436.0,8.0,176899.0,126.0,27097.25850340136,2025-08-10,,
60,52,2025-08,,,,,26130436.0,8.0,176899.0,126.0,27097.25850340136,2025-08-11,,
67,59,2025-08,,,,,26130436.0,8.0,176899.0,126.0,27097.25850340136,2025-08-12,,
44,44,2025-08,,,,,26130436.0,8.0,176899.0,126.0,27097.25850340136,2025-08-13,,
48,46,2025-08,,,,,26130436.0,8.0,176899.0,126.0,27097.25850340136,2025-08-14,,
65,57,2025-08,,,,,26130436.0,8.0,176899.0,126.0,27097.25850340136,2025-08-15,,
87,67,2025-08,,,,,26130436.0,8.0,176899.0,126.0,27097.25850340136,2025-08-16,,
83,76,2025-08,,,,,26130436.0,8.0,176899.0,126.0,27097.25850340136,2025-08-17,,
72,72,2025-08,,,,,26130436.0,8.0,176899.0,126.0,27097.25850340136,2025-08-18,,
63,59,2025-08,,,,,26130436.0,8.0,176899.0,126.0,27097.25850340136,2025-08-19,,
55,53,2025-08,,,,,26130436.0,8.0,176899.0,126.0,27097.25850340136,2025-08-20,,
59,52,2025-08,,,,,26130436.0,8.0,176899.0,126.0,27097.25850340136,2025-08-21,,
59,50,2025-08,,,,,26130436.0,8.0,176899.0,126.0,27097.25850340136,2025-08-22,,
84,73,2025-08,,,,,26130436.0,8.0,176899.0,126.0,27097.25850340136,2025-08-23,,
68,60,2025-08,,,,,26130436.0,8.0,176899.0,126.0,27097.25850340136,2025-08-24,,
79,58,2025-08,,,,,26130436.0,8.0,176899.0,126.0,27097.25850340136,2025-08-25,,
55,42,2025-08,,,,,26130436.0,8.0,176899.0,126.0,27097.25850340136,2025-08-26,,
54,52,2025-08,,,,,26130436.0,8.0,176899.0,126.0,27097.25850340136,2025-08-27,,
52,50,2025-08,,,,,26130436.0,8.0,176899.0,126.0,27097.25850340136,2025-08-28,,
69,60,2025-08,,,,,26130436.0,8.0,176899.0,126.0,27097.25850340136,2025-08-29,,
98,74,2025-08,,,,,26130436.0,8.0,176899.0,126.0,27097.25850340136,2025-08-30,,
97,85,2025-08,,,,,26130436.0,8.0,176899.0,126.0,27097.25850340136,2025-08-31,,
71,59,2025-09,,,,,23904313.0,481.0,177138.0,126.0,27762.45408163265,2025-09-01,,
72,59,2025-09,,,,,23904313.0,481.0,177138.0,126.0,27762.45408163265,2025-09-02,,
57,48,2025-09,,,,,23904313.0,481.0,177138.0,126.0,27762.45408163265,2025-09-03,,
51,48,2025-09,,,,,23904313.0,481.0,177138.0,126.0,27762.45408163265,2025-09-04,,
63,60,2025-09,,,,,23904313.0,481.0,177138.0,126.0,27762.45408163265,2025-09-05,,
65,58,2025-09,,,,,23904313.0,481.0,177138.0,126.0,27762.45408163265,2025-09-06,,
77,59,2025-09,,,,,23904313.0,481.0,177138.0,126.0,27762.45408163265,2025-09-07,,
66,60,2025-09,,,,,23904313.0,481.0,177138.0,126.0,27762.45408163265,2025-09-08,,
69,58,2025-09,,,,,23904313.0,481.0,177138.0,126.0,27762.45408163265,2025-09-09,,
65,56,2025-09,,,,,23904313.0,481.0,177138.0,126.0,27762.45408163265,2025-09-10,,
47,43,2025-09,,,,,23904313.0,481.0,177138.0,126.0,27762.45408163265,2025-09-11,,
73,62,2025-09,,,,,23904313.0,481.0,177138.0,126.0,27762.45408163265,2025-09-12,,
67,59,2025-09,,,,,23904313.0,481.0,177138.0,126.0,27762.45408163265,2025-09-13,,
85,70,2025-09,,,,,23904313.0,481.0,177138.0,126.0,27762.45408163265,2025-09-14,,
59,52,2025-09,,,,,23904313.0,481.0,177138.0,126.0,27762.45408163265,2025-09-15,,
53,51,2025-09,,,,,23904313.0,481.0,177138.0,126.0,27762.45408163265,2025-09-16,,
65,59,2025-09,,,,,23904313.0,481.0,177138.0,126.0,27762.45408163265,2025-09-17,,
44,37,2025-09,,,,,23904313.0,481.0,177138.0,126.0,27762.45408163265,2025-09-18,,
74,57,2025-09,,,,,23904313.0,481.0,177138.0,126.0,27762.45408163265,2025-09-19,,
75,67,2025-09,,,,,23904313.0,481.0,177138.0,126.0,27762.45408163265,2025-09-20,,
88,75,2025-09,,,,,23904313.0,481.0,177138.0,126.0,27762.45408163265,2025-09-21,,
68,55,2025-09,,,,,23904313.0,481.0,177138.0,126.0,27762.45408163265,2025-09-22,,
48,47,2025-09,,,,,23904313.0,481.0,177138.0,126.0,27762.45408163265,2025-09-23,,
61,45,2025-09,,,,,23904313.0,481.0,177138.0,126.0,27762.45408163265,2025-09-24,,
69,56,2025-09,,,,,23904313.0,481.0,177138.0,126.0,27762.45408163265,2025-09-25,,
74,64,2025-09,,,,,23904313.0,481.0,177138.0,126.0,27762.45408163265,2025-09-26,,
81,68,2025-09,,,,,23904313.0,481.0,177138.0,126.0,27762.45408163265,2025-09-27,,
93,68,2025-09,,,,,23904313.0,481.0,177138.0,126.0,27762.45408163265,2025-09-28,,
68,64,2025-09,,,,,23904313.0,481.0,177138.0,126.0,27762.45408163265,2025-09-29,,
55,45,2025-09,,,,,23904313.0,481.0,177138.0,126.0,27762.45408163265,2025-09-30,,
63,52,2025-10,,,,,26577637.0,21.0,183438.0,127.0,26822.489451476795,2025-10-01,,
51,49,2025-10,,,,,26577637.0,21.0,183438.0,127.0,26822.489451476795,2025-10-02,,
64,59,2025-10,,,,,26577637.0,21.0,183438.0,127.0,26822.489451476795,2025-10-03,,
65,59,2025-10,,,,,26577637.0,21.0,183438.0,127.0,26822.489451476795,2025-10-04,,
92,73,2025-10,,,,,26577637.0,21.0,183438.0,127.0,26822.489451476795,2025-10-05,,
65,56,2025-10,,,,,26577637.0,21.0,183438.0,127.0,26822.489451476795,2025-10-06,,
45,45,2025-10,,,,,26577637.0,21.0,183438.0,127.0,26822.489451476795,2025-10-07,,
62,55,2025-10,,,,,26577637.0,21.0,183438.0,127.0,26822.489451476795,2025-10-08,,
64,52,2025-10,,,,,26577637.0,21.0,183438.0,127.0,26822.489451476795,2025-10-09,,
67,57,2025-10,,,,,26577637.0,21.0,183438.0,127.0,26822.489451476795,2025-10-10,,
77,64,2025-10,,,,,26577637.0,21.0,183438.0,127.0,26822.489451476795,2025-10-11,,
83,65,2025-10,,,,,26577637.0,21.0,183438.0,127.0,26822.489451476795,2025-10-12,,
70,55,2025-10,,,,,26577637.0,21.0,183438.0,127.0,26822.489451476795,2025-10-13,,
55,47,2025-10,,,,,26577637.0,21.0,183438.0,127.0,26822.489451476795,2025-10-14,,
55,46,2025-10,,,,,26577637.0,21.0,183438.0,127.0,26822.489451476795,2025-10-15,,
43,40,2025-10,,,,,26577637.0,21.0,183438.0,127.0,26822.489451476795,2025-10-16,,
62,57,2025-10,,,,,26577637.0,21.0,183438.0,127.0,26822.489451476795,2025-10-17,,
66,60,2025-10,,,,,26577637.0,21.0,183438.0,127.0,26822.489451476795,2025-10-18,,
68,57,2025-10,,,,,26577637.0,21.0,183438.0,127.0,26822.489451476795,2025-10-19,,
75,64,2025-10,,,,,26577637.0,21.0,183438.0,127.0,26822.489451476795,2025-10-20,,
56,52,2025-10,,,,,26577637.0,21.0,183438.0,127.0,26822.489451476795,2025-10-21,,
55,46,2025-10,,,,,26577637.0,21.0,183438.0,127.0,26822.489451476795,2025-10-22,,
62,54,2025-10,,,,,26577637.0,21.0,183438.0,127.0,26822.489451476795,2025-10-23,,
68,57,2025-10,,,,,26577637.0,21.0,183438.0,127.0,26822.489451476795,2025-10-24,,
74,65,2025-10,,,,,26577637.0,21.0,183438.0,127.0,26822.489451476795,2025-10-25,,
64,57,2025-10,,,,,26577637.0,21.0,183438.0,127.0,26822.489451476795,2025-10-26,,
72,51,2025-10,,,,,26577637.0,21.0,183438.0,127.0,26822.489451476795,2025-10-27,,
56,49,2025-10,,,,,26577637.0,21.0,183438.0,127.0,26822.489451476795,2025-10-28,,
49,43,2025-10,,,,,26577637.0,21.0,183438.0,127.0,26822.489451476795,2025-10-29,,
72,55,2025-10,,,,,26577637.0,21.0,183438.0,127.0,26822.489451476795,2025-10-30,,
72,58,2025-10,,,,,26577637.0,21.0,183438.0,127.0,26822.489451476795,2025-10-31,,
66,59,2025-11,,,,,25898975.0,20.0,179738.0,128.0,28026.158516020238,2025-11-01,,
71,66,2025-11,,,,,25898975.0,20.0,179738.0,128.0,28026.158516020238,2025-11-02,,
62,55,2025-11,,,,,25898975.0,20.0,179738.0,128.0,28026.158516020238,2025-11-03,,
59,53,2025-11,,,,,25898975.0,20.0,179738.0,128.0,28026.158516020238,2025-11-04,,
47,44,2025-11,,,,,25898975.0,20.0,179738.0,128.0,28026.158516020238,2025-11-05,,
60,51,2025-11,,,,,25898975.0,20.0,179738.0,128.0,28026.158516020238,2025-11-06,,
51,47,2025-11,,,,,25898975.0,20.0,179738.0,128.0,28026.158516020238,2025-11-07,,
81,63,2025-11,,,,,25898975.0,20.0,179738.0,128.0,28026.158516020238,2025-11-08,,
76,62,2025-11,,,,,25898975.0,20.0,179738.0,128.0,28026.158516020238,2025-11-09,,
60,46,2025-11,,,,,25898975.0,20.0,179738.0,128.0,28026.158516020238,2025-11-10,,
58,51,2025-11,,,,,25898975.0,20.0,179738.0,128.0,28026.158516020238,2025-11-11,,
50,43,2025-11,,,,,25898975.0,20.0,179738.0,128.0,28026.158516020238,2025-11-12,,
81,53,2025-11,,,,,25898975.0,20.0,179738.0,128.0,28026.158516020238,2025-11-13,,
60,57,2025-11,,,,,25898975.0,20.0,179738.0,128.0,28026.158516020238,2025-11-14,,
72,60,2025-11,,,,,25898975.0,20.0,179738.0,128.0,28026.158516020238,2025-11-15,,
77,71,2025-11,,,,,25898975.0,20.0,179738.0,128.0,28026.158516020238,2025-11-16,,
54,51,2025-11,,,,,25898975.0,20.0,179738.0,128.0,28026.158516020238,2025-11-17,,
65,50,2025-11,,,,,25898975.0,20.0,179738.0,128.0,28026.158516020238,2025-11-18,,
48,40,2025-11,,,,,25898975.0,20.0,179738.0,128.0,28026.158516020238,2025-11-19,,
44,39,2025-11,,,,,25898975.0,20.0,179738.0,128.0,28026.158516020238,2025-11-20,,
58,49,2025-11,,,,,25898975.0,20.0,179738.0,128.0,28026.158516020238,2025-11-21,,
75,60,2025-11,,,,,25898975.0,20.0,179738.0,128.0,28026.158516020238,2025-11-22,,
63,55,2025-11,,,,,25898975.0,20.0,179738.0,128.0,28026.158516020238,2025-11-23,,
49,44,2025-11,,,,,25898975.0,20.0,179738.0,128.0,28026.158516020238,2025-11-24,,
65,56,2025-11,,,,,25898975.0,20.0,179738.0,128.0,28026.158516020238,2025-11-25,,
66,57,2025-11,,,,,25898975.0,20.0,179738.0,128.0,28026.158516020238,2025-11-26,,
56,49,2025-11,,,,,25898975.0,20.0,179738.0,128.0,28026.158516020238,2025-11-27,,
61,48,2025-11,,,,,25898975.0,20.0,179738.0,128.0,28026.158516020238,2025-11-28,,
69,59,2025-11,,,,,25898975.0,20.0,179738.0,128.0,28026.158516020238,2025-11-29,,
80,69,2025-11,,,,,25898975.0,20.0,179738.0,128.0,28026.158516020238,2025-11-30,,
55,46,2025-12,,,,,30668799.0,1205.0,174668.0,128.0,27540.20556023589,2025-12-01,,
49,37,2025-12,,,,,30668799.0,1205.0,174668.0,128.0,27540.20556023589,2025-12-02,,
57,45,2025-12,,,,,30668799.0,1205.0,174668.0,128.0,27540.20556023589,2025-12-03,,
52,50,2025-12,,,,,30668799.0,1205.0,174668.0,128.0,27540.20556023589,2025-12-04,,
60,50,2025-12,,,,,30668799.0,1205.0,174668.0,128.0,27540.20556023589,2025-12-05,,
68,60,2025-12,,,,,30668799.0,1205.0,174668.0,128.0,27540.20556023589,2025-12-06,,
82,68,2025-12,,,,,30668799.0,1205.0,174668.0,128.0,27540.20556023589,2025-12-07,,
56,56,2025-12,,,,,30668799.0,1205.0,174668.0,128.0,27540.20556023589,2025-12-08,,
59,52,2025-12,,,,,30668799.0,1205.0,174668.0,128.0,27540.20556023589,2025-12-09,,
53,41,2025-12,,,,,30668799.0,1205.0,174668.0,128.0,27540.20556023589,2025-12-10,,
49,46,2025-12,,,,,30668799.0,1205.0,174668.0,128.0,27540.20556023589,2025-12-11,,
54,49,2025-12,,,,,30668799.0,1205.0,174668.0,128.0,27540.20556023589,2025-12-12,,
58,51,2025-12,,,,,30668799.0,1205.0,174668.0,128.0,27540.20556023589,2025-12-13,,
81,59,2025-12,,,,,30668799.0,1205.0,174668.0,128.0,27540.20556023589,2025-12-14,,
45,39,2025-12,,,,,30668799.0,1205.0,174668.0,128.0,27540.20556023589,2025-12-15,,
46,35,2025-12,,,,,30668799.0,1205.0,174668.0,128.0,27540.20556023589,2025-12-16,,
49,43,2025-12,,,,,30668799.0,1205.0,174668.0,128.0,27540.20556023589,2025-12-17,,
44,39,2025-12,,,,,30668799.0,1205.0,174668.0,128.0,27540.20556023589,2025-12-18,,
41,41,2025-12,,,,,30668799.0,1205.0,174668.0,128.0,27540.20556023589,2025-12-19,,
49,38,2025-12,,,,,30668799.0,1205.0,174668.0,128.0,27540.20556023589,2025-12-20,,
69,54,2025-12,,,,,30668799.0,1205.0,174668.0,128.0,27540.20556023589,2025-12-21,,
36,32,2025-12,,,,,30668799.0,1205.0,174668.0,128.0,27540.20556023589,2025-12-22,,
55,51,2025-12,,,,,30668799.0,1205.0,174668.0,128.0,27540.20556023589,2025-12-23,,
47,45,2025-12,,,,,30668799.0,1205.0,174668.0,128.0,27540.20556023589,2025-12-24,,
62,52,2025-12,,,,,30668799.0,1205.0,174668.0,128.0,27540.20556023589,2025-12-25,,
35,35,2025-12,,,,,30668799.0,1205.0,174668.0,128.0,27540.20556023589,2025-12-26,,
29,29,2025-12,,,,,30668799.0,1205.0,174668.0,128.0,27540.20556023589,2025-12-27,,
39,34,2025-12,,,,,30668799.0,1205.0,174668.0,128.0,27540.20556023589,2025-12-28,,
27,19,2025-12,,,,,30668799.0,1205.0,174668.0,128.0,27540.20556023589,2025-12-29,,
22,20,2025-12,,,,,30668799.0,1205.0,174668.0,128.0,27540.20556023589,2025-12-30,,
16,16,2025-12,,,,,30668799.0,1205.0,174668.0,128.0,27540.20556023589,2025-12-31,,
103,83,2026-01,,,,,30092225.0,76782.0,159312.0,128.0,29576.245016611294,2026-01-01,,
63,54,2026-01,,,,,30092225.0,76782.0,159312.0,128.0,29576.245016611294,2026-01-02,,
71,52,2026-01,,,,,30092225.0,76782.0,159312.0,128.0,29576.245016611294,2026-01-03,,
70,54,2026-01,,,,,30092225.0,76782.0,159312.0,128.0,29576.245016611294,2026-01-04,,
57,52,2026-01,,,,,30092225.0,76782.0,159312.0,128.0,29576.245016611294,2026-01-05,,
61,50,2026-01,,,,,30092225.0,76782.0,159312.0,128.0,29576.245016611294,2026-01-06,,
63,55,2026-01,,,,,30092225.0,76782.0,159312.0,128.0,29576.245016611294,2026-01-07,,
58,52,2026-01,,,,,30092225.0,76782.0,159312.0,128.0,29576.245016611294,2026-01-08,,
59,50,2026-01,,,,,30092225.0,76782.0,159312.0,128.0,29576.245016611294,2026-01-09,,
66,60,2026-01,,,,,30092225.0,76782.0,159312.0,128.0,29576.245016611294,2026-01-10,,
66,59,2026-01,,,,,30092225.0,76782.0,159312.0,128.0,29576.245016611294,2026-01-11,,
55,50,2026-01,,,,,30092225.0,76782.0,159312.0,128.0,29576.245016611294,2026-01-12,,
51,46,2026-01,,,,,30092225.0,76782.0,159312.0,128.0,29576.245016611294,2026-01-13,,
51,46,2026-01,,,,,30092225.0,76782.0,159312.0,128.0,29576.245016611294,2026-01-14,,
45,41,2026-01,,,,,30092225.0,76782.0,159312.0,128.0,29576.245016611294,2026-01-15,,
61,53,2026-01,,,,,30092225.0,76782.0,159312.0,128.0,29576.245016611294,2026-01-16,,
80,67,2026-01,,,,,30092225.0,76782.0,159312.0,128.0,29576.245016611294,2026-01-17,,
76,67,2026-01,,,,,30092225.0,76782.0,159312.0,128.0,29576.245016611294,2026-01-18,,
49,45,2026-01,,,,,30092225.0,76782.0,159312.0,128.0,29576.245016611294,2026-01-19,,
50,47,2026-01,,,,,30092225.0,76782.0,159312.0,128.0,29576.245016611294,2026-01-20,,
57,50,2026-01,,,,,30092225.0,76782.0,159312.0,128.0,29576.245016611294,2026-01-21,,
65,54,2026-01,,,,,30092225.0,76782.0,159312.0,128.0,29576.245016611294,2026-01-22,,
61,57,2026-01,,,,,30092225.0,76782.0,159312.0,128.0,29576.245016611294,2026-01-23,,
62,52,2026-01,,,,,30092225.0,76782.0,159312.0,128.0,29576.245016611294,2026-01-24,,
84,72,2026-01,,,,,30092225.0,76782.0,159312.0,128.0,29576.245016611294,2026-01-25,,
58,58,2026-01,,,,,30092225.0,76782.0,159312.0,128.0,29576.245016611294,2026-01-26,,
57,46,2026-01,,,,,30092225.0,76782.0,159312.0,128.0,29576.245016611294,2026-01-27,,
63,52,2026-01,,,,,30092225.0,76782.0,159312.0,128.0,29576.245016611294,2026-01-28,,
57,50,2026-01,,,,,30092225.0,76782.0,159312.0,128.0,29576.245016611294,2026-01-29,,
56,54,2026-01,,,,,30092225.0,76782.0,159312.0,128.0,29576.245016611294,2026-01-30,,
79,67,2026-01,,,,,30092225.0,76782.0,159312.0,128.0,29576.245016611294,2026-01-31,,
70,58,2026-02,,,,,22906103.0,4956.0,167850.0,128.0,29774.10741049126,2026-02-01,,
52,48,2026-02,,,,,22906103.0,4956.0,167850.0,128.0,29774.10741049126,2026-02-02,,
48,43,2026-02,,,,,22906103.0,4956.0,167850.0,128.0,29774.10741049126,2026-02-03,,
46,43,2026-02,,,,,22906103.0,4956.0,167850.0,128.0,29774.10741049126,2026-02-04,,
53,45,2026-02,,,,,22906103.0,4956.0,167850.0,128.0,29774.10741049126,2026-02-05,,
69,56,2026-02,,,,,22906103.0,4956.0,167850.0,128.0,29774.10741049126,2026-02-06,,
59,50,2026-02,,,,,22906103.0,4956.0,167850.0,128.0,29774.10741049126,2026-02-07,,
85,67,2026-02,,,,,22906103.0,4956.0,167850.0,128.0,29774.10741049126,2026-02-08,,
64,60,2026-02,,,,,22906103.0,4956.0,167850.0,128.0,29774.10741049126,2026-02-09,,
72,64,2026-02,,,,,22906103.0,4956.0,167850.0,128.0,29774.10741049126,2026-02-10,,
72,61,2026-02,,,,,22906103.0,4956.0,167850.0,128.0,29774.10741049126,2026-02-11,,
66,57,2026-02,,,,,22906103.0,4956.0,167850.0,128.0,29774.10741049126,2026-02-12,,
55,47,2026-02,,,,,22906103.0,4956.0,167850.0,128.0,29774.10741049126,2026-02-13,,
82,70,2026-02,,,,,22906103.0,4956.0,167850.0,128.0,29774.10741049126,2026-02-14,,
78,71,2026-02,,,,,22906103.0,4956.0,167850.0,128.0,29774.10741049126,2026-02-15,,
75,63,2026-02,,,,,22906103.0,4956.0,167850.0,128.0,29774.10741049126,2026-02-16,,
59,53,2026-02,,,,,22906103.0,4956.0,167850.0,128.0,29774.10741049126,2026-02-17,,
48,45,2026-02,,,,,22906103.0,4956.0,167850.0,128.0,29774.10741049126,2026-02-18,,
59,57,2026-02,,,,,22906103.0,4956.0,167850.0,128.0,29774.10741049126,2026-02-19,,
73,61,2026-02,,,,,22906103.0,4956.0,167850.0,128.0,29774.10741049126,2026-02-20,,
74,66,2026-02,,,,,22906103.0,4956.0,167850.0,128.0,29774.10741049126,2026-02-21,,
79,68,2026-02,,,,,22906103.0,4956.0,167850.0,128.0,29774.10741049126,2026-02-22,,
73,66,2026-02,,,,,22906103.0,4956.0,167850.0,128.0,29774.10741049126,2026-02-23,,
57,51,2026-02,,,,,22906103.0,4956.0,167850.0,128.0,29774.10741049126,2026-02-24,,
72,59,2026-02,,,,,22906103.0,4956.0,167850.0,128.0,29774.10741049126,2026-02-25,,
57,50,2026-02,,,,,22906103.0,4956.0,167850.0,128.0,29774.10741049126,2026-02-26,,
77,69,2026-02,,,,,22906103.0,4956.0,167850.0,128.0,29774.10741049126,2026-02-27,,
80,68,2026-02,,,,,22906103.0,4956.0,167850.0,128.0,29774.10741049126,2026-02-28,,
75,64,2026-03,,,,,26341611.0,24.0,184051.0,128.0,29582.683512841755,2026-03-01,,
79,69,2026-03,,,,,26341611.0,24.0,184051.0,128.0,29582.683512841755,2026-03-02,,
68,59,2026-03,,,,,26341611.0,24.0,184051.0,128.0,29582.683512841755,2026-03-03,,
53,51,2026-03,,,,,26341611.0,24.0,184051.0,128.0,29582.683512841755,2026-03-04,,
58,56,2026-03,,,,,26341611.0,24.0,184051.0,128.0,29582.683512841755,2026-03-05,,
76,56,2026-03,,,,,26341611.0,24.0,184051.0,128.0,29582.683512841755,2026-03-06,,
92,79,2026-03,,,,,26341611.0,24.0,184051.0,128.0,29582.683512841755,2026-03-07,,
78,69,2026-03,,,,,26341611.0,24.0,184051.0,128.0,29582.683512841755,2026-03-08,,
65,51,2026-03,,,,,26341611.0,24.0,184051.0,128.0,29582.683512841755,2026-03-09,,
86,74,2026-03,,,,,26341611.0,24.0,184051.0,128.0,29582.683512841755,2026-03-10,,
64,52,2026-03,,,,,26341611.0,24.0,184051.0,128.0,29582.683512841755,2026-03-11,,
58,51,2026-03,,,,,26341611.0,24.0,184051.0,128.0,29582.683512841755,2026-03-12,,
66,57,2026-03,,,,,26341611.0,24.0,184051.0,128.0,29582.683512841755,2026-03-13,,
75,62,2026-03,,,,,26341611.0,24.0,184051.0,128.0,29582.683512841755,2026-03-14,,
92,74,2026-03,,,,,26341611.0,24.0,184051.0,128.0,29582.683512841755,2026-03-15,,
73,70,2026-03,,,,,26341611.0,24.0,184051.0,128.0,29582.683512841755,2026-03-16,,
59,51,2026-03,,,,,26341611.0,24.0,184051.0,128.0,29582.683512841755,2026-03-17,,
63,57,2026-03,,,,,26341611.0,24.0,184051.0,128.0,29582.683512841755,2026-03-18,,
72,59,2026-03,,,,,26341611.0,24.0,184051.0,128.0,29582.683512841755,2026-03-19,,
64,61,2026-03,,,,,26341611.0,24.0,184051.0,128.0,29582.683512841755,2026-03-20,,
79,70,2026-03,,,,,26341611.0,24.0,184051.0,128.0,29582.683512841755,2026-03-21,,
105,85,2026-03,,,,,26341611.0,24.0,184051.0,128.0,29582.683512841755,2026-03-22,,
70,64,2026-03,,,,,26341611.0,24.0,184051.0,128.0,29582.683512841755,2026-03-23,,
62,52,2026-03,,,,,26341611.0,24.0,184051.0,128.0,29582.683512841755,2026-03-24,,
62,51,2026-03,,,,,26341611.0,24.0,184051.0,128.0,29582.683512841755,2026-03-25,,
52,48,2026-03,,,,,26341611.0,24.0,184051.0,128.0,29582.683512841755,2026-03-26,,
62,54,2026-03,,,,,26341611.0,24.0,184051.0,128.0,29582.683512841755,2026-03-27,,
81,66,2026-03,,,,,26341611.0,24.0,184051.0,128.0,29582.683512841755,2026-03-28,,
91,78,2026-03,,,,,26341611.0,24.0,184051.0,128.0,29582.683512841755,2026-03-29,,
64,57,2026-03,,,,,26341611.0,24.0,184051.0,128.0,29582.683512841755,2026-03-30,,
63,58,2026-03,,,,,26341611.0,24.0,184051.0,128.0,29582.683512841755,2026-03-31,,
70,60,2026-04,,,,,25913777.0,96.0,172547.0,128.0,29299.93786246893,2026-04-01,,
61,55,2026-04,,,,,25913777.0,96.0,172547.0,128.0,29299.93786246893,2026-04-02,,
38,36,2026-04,,,,,25913777.0,96.0,172547.0,128.0,29299.93786246893,2026-04-03,,
75,67,2026-04,,,,,25913777.0,96.0,172547.0,128.0,29299.93786246893,2026-04-04,,
61,58,2026-04,,,,,25913777.0,96.0,172547.0,128.0,29299.93786246893,2026-04-05,,
59,49,2026-04,,,,,25913777.0,96.0,172547.0,128.0,29299.93786246893,2026-04-06,,
59,49,2026-04,,,,,25913777.0,96.0,172547.0,128.0,29299.93786246893,2026-04-07,,
68,57,2026-04,,,,,25913777.0,96.0,172547.0,128.0,29299.93786246893,2026-04-08,,
62,54,2026-04,,,,,25913777.0,96.0,172547.0,128.0,29299.93786246893,2026-04-09,,
76,62,2026-04,,,,,25913777.0,96.0,172547.0,128.0,29299.93786246893,2026-04-10,,
81,72,2026-04,,,,,25913777.0,96.0,172547.0,128.0,29299.93786246893,2026-04-11,,
92,80,2026-04,,,,,25913777.0,96.0,172547.0,128.0,29299.93786246893,2026-04-12,,
75,69,2026-04,,,,,25913777.0,96.0,172547.0,128.0,29299.93786246893,2026-04-13,,
56,51,2026-04,,,,,25913777.0,96.0,172547.0,128.0,29299.93786246893,2026-04-14,,
52,44,2026-04,,,,,25913777.0,96.0,172547.0,128.0,29299.93786246893,2026-04-15,,
55,49,2026-04,,,,,25913777.0,96.0,172547.0,128.0,29299.93786246893,2026-04-16,,
66,56,2026-04,,,,,25913777.0,96.0,172547.0,128.0,29299.93786246893,2026-04-17,,
72,66,2026-04,,,,,25913777.0,96.0,172547.0,128.0,29299.93786246893,2026-04-18,,
73,70,2026-04,,,,,25913777.0,96.0,172547.0,128.0,29299.93786246893,2026-04-19,,
64,51,2026-04,,,,,25913777.0,96.0,172547.0,128.0,29299.93786246893,2026-04-20,,
69,60,2026-04,,,,,25913777.0,96.0,172547.0,128.0,29299.93786246893,2026-04-21,,
51,49,2026-04,,,,,25913777.0,96.0,172547.0,128.0,29299.93786246893,2026-04-22,,
58,54,2026-04,,,,,25913777.0,96.0,172547.0,128.0,29299.93786246893,2026-04-23,,
70,56,2026-04,,,,,25913777.0,96.0,172547.0,128.0,29299.93786246893,2026-04-24,,
85,71,2026-04,,,,,25913777.0,96.0,172547.0,128.0,29299.93786246893,2026-04-25,,
87,78,2026-04,,,,,25913777.0,96.0,172547.0,128.0,29299.93786246893,2026-04-26,,
60,52,2026-04,,,,,25913777.0,96.0,172547.0,128.0,29299.93786246893,2026-04-27,,
62,53,2026-04,,,,,25913777.0,96.0,172547.0,128.0,29299.93786246893,2026-04-28,,
57,46,2026-04,,,,,25913777.0,96.0,172547.0,128.0,29299.93786246893,2026-04-29,,
72,60,2026-04,,,,,25913777.0,96.0,172547.0,128.0,29299.93786246893,2026-04-30,,
82,72,2026-05,,,,,25748402.0,146714.0,180022.0,128.0,29560.369421487605,2026-05-01,,
77,68,2026-05,,,,,25748402.0,146714.0,180022.0,128.0,29560.369421487605,2026-05-02,,
94,68,2026-05,,,,,25748402.0,146714.0,180022.0,128.0,29560.369421487605,2026-05-03,,
63,53,2026-05,,,,,25748402.0,146714.0,180022.0,128.0,29560.369421487605,2026-05-04,,
63,56,2026-05,,,,,25748402.0,146714.0,180022.0,128.0,29560.369421487605,2026-05-05,,
61,50,2026-05,,,,,25748402.0,146714.0,180022.0,128.0,29560.369421487605,2026-05-06,,
66,56,2026-05,,,,,25748402.0,146714.0,180022.0,128.0,29560.369421487605,2026-05-07,,
59,52,2026-05,,,,,25748402.0,146714.0,180022.0,128.0,29560.369421487605,2026-05-08,,
86,71,2026-05,,,,,25748402.0,146714.0,180022.0,128.0,29560.369421487605,2026-05-09,,
106,84,2026-05,,,,,25748402.0,146714.0,180022.0,128.0,29560.369421487605,2026-05-10,,
69,61,2026-05,,,,,25748402.0,146714.0,180022.0,128.0,29560.369421487605,2026-05-11,,
62,58,2026-05,,,,,25748402.0,146714.0,180022.0,128.0,29560.369421487605,2026-05-12,,
54,42,2026-05,,,,,25748402.0,146714.0,180022.0,128.0,29560.369421487605,2026-05-13,,
62,52,2026-05,,,,,25748402.0,146714.0,180022.0,128.0,29560.369421487605,2026-05-14,,
59,56,2026-05,,,,,25748402.0,146714.0,180022.0,128.0,29560.369421487605,2026-05-15,,
71,63,2026-05,,,,,25748402.0,146714.0,180022.0,128.0,29560.369421487605,2026-05-16,,
88,80,2026-05,,,,,25748402.0,146714.0,180022.0,128.0,29560.369421487605,2026-05-17,,
84,70,2026-05,,,,,25748402.0,146714.0,180022.0,128.0,29560.369421487605,2026-05-18,,
69,59,2026-05,,,,,25748402.0,146714.0,180022.0,128.0,29560.369421487605,2026-05-19,,
61,54,2026-05,,,,,25748402.0,146714.0,180022.0,128.0,29560.369421487605,2026-05-20,,
58,52,2026-05,,,,,25748402.0,146714.0,180022.0,128.0,29560.369421487605,2026-05-21,,
65,56,2026-05,,,,,25748402.0,146714.0,180022.0,128.0,29560.369421487605,2026-05-22,,
69,60,2026-05,,,,,25748402.0,146714.0,180022.0,128.0,29560.369421487605,2026-05-23,,
88,70,2026-05,,,,,25748402.0,146714.0,180022.0,128.0,29560.369421487605,2026-05-24,,
53,53,2026-05,,,,,25748402.0,146714.0,180022.0,128.0,29560.369421487605,2026-05-25,,
66,60,2026-05,,,,,25748402.0,146714.0,180022.0,128.0,29560.369421487605,2026-05-26,,
70,52,2026-05,,,,,25748402.0,146714.0,180022.0,128.0,29560.369421487605,2026-05-27,,
55,52,2026-05,,,,,25748402.0,146714.0,180022.0,128.0,29560.369421487605,2026-05-28,,
59,51,2026-05,,,,,25748402.0,146714.0,180022.0,128.0,29560.369421487605,2026-05-29,,
71,62,2026-05,,,,,25748402.0,146714.0,180022.0,128.0,29560.369421487605,2026-05-30,,
65,55,2026-05,,,,,25748402.0,146714.0,180022.0,128.0,29560.369421487605,2026-05-31,,
59,53,2026-06,,,,,,,,,,2026-06-01,,
68,60,2026-06,,,,,,,,,,2026-06-02,,
60,57,2026-06,,,,,,,,,,2026-06-03,,
58,47,2026-06,,,,,,,,,,2026-06-04,,
57,43,2026-06,,,,,,,,,,2026-06-05,,
76,61,2026-06,,,,,,,,,,2026-06-06,,
72,61,2026-06,,,,,,,,,,2026-06-07,,
54,48,2026-06,,,,,,,,,,2026-06-08,,
75,61,2026-06,,,,,,,,,,2026-06-09,,
55,54,2026-06,,,,,,,,,,2026-06-10,,
52,42,2026-06,,,,,,,,,,2026-06-11,,
65,54,2026-06,,,,,,,,,,2026-06-12,,
73,57,2026-06,,,,,,,,,,2026-06-13,,
85,78,2026-06,,,,,,,,,,2026-06-14,,
68,55,2026-06,,,,,,,,,,2026-06-15,,
65,57,2026-06,,,,,,,,,,2026-06-16,,
68,57,2026-06,,,,,,,,,,2026-06-17,,
41,39,2026-06,,,,,,,,,,2026-06-18,,
67,59,2026-06,,,,,,,,,,2026-06-19,,
69,61,2026-06,,,,,,,,,,2026-06-20,,
64,53,2026-06,,,,,,,,,,2026-06-21,,
57,53,2026-06,,,,,,,,,,2026-06-22,,
56,51,2026-06,,,,,,,,,,2026-06-23,,
61,54,2026-06,,,,,,,,,,2026-06-24,,
54,48,2026-06,,,,,,,,,,2026-06-25,,
71,58,2026-06,,,,,,,,,,2026-06-26,,
90,68,2026-06,,,,,,,,,,2026-06-27,,
107,93,2026-06,,,,,,,,,,2026-06-28,,
70,64,2026-06,,,,,,,,,,2026-06-29,,
57,53,2026-06,,,,,,,,,,2026-06-30,,
62,52,2026-07,,,,,,,,,,2026-07-01,,
56,34,2026-07,,,,,,,,,,2026-07-02,,
65,53,2026-07,,,,,,,,,,2026-07-03,,
72,61,2026-07,,,,,,,,,,2026-07-04,,
85,73,2026-07,,,,,,,,,,2026-07-05,,
62,54,2026-07,,,,,,,,,,2026-07-06,,
74,54,2026-07,,,,,,,,,,2026-07-07,,
65,53,2026-07,,,,,,,,,,2026-07-08,,
69,57,2026-07,,,,,,,,,,2026-07-09,,
58,49,2026-07,,,,,,,,,,2026-07-10,,
71,61,2026-07,,,,,,,,,,2026-07-11,,
69,57,2026-07,,,,,,,,,,2026-07-12,,
70,56,2026-07,,,,,,,,,,2026-07-13,,
66,57,2026-07,,,,,,,,,,2026-07-14,,
51,47,2026-07,,,,,,,,,,2026-07-15,,
54,50,2026-07,,,,,,,,,,2026-07-16,,
68,58,2026-07,,,,,,,,,,2026-07-17,,
77,67,2026-07,,,,,,,,,,2026-07-18,,
58,49,2026-07,,,,,,,,,,2026-07-19,,
54,52,2026-07,,,,,,,,,,2026-07-20,,
64,52,2026-07,,,,,,,,,,2026-07-21,,
45,41,2026-07,,,,,,,,,,2026-07-22,,
39,31,2026-07,,,,,,,,,,2026-07-23,,
48,46,2026-07,,,,,,,,,,2026-07-24,,
63,55,2026-07,,,,,,,,,,2026-07-25,,
78,57,2026-07,,,,,,,,,,2026-07-26,,
49,42,2026-07,,,,,,,,,,2026-07-27,,
37,35,2026-07,,,,,,,,,,2026-07-28,,
45,32,2026-07,,,,,,,,,,2026-07-29,,
27,25,2026-07,,,,,,,,,,2026-07-30,,
24,22,2026-07,,,,,,,,,,2026-07-31,,
