PC1,PC2,PC3,PC4,PC5,PC6,PC7
1.23089801089692,-2.923945096389329,0.5499435705117758,-0.1498219422150473,-0.15174180310072088,2.2549472014406433,-1.9451850504989625
-1.1025073896326865,-1.242700861253546,0.08409562351854269,0.9589715654040686,-1.0444834513315513,-0.20489474602986343,-0.4580582959287262
-0.27025096244349156,0.6697100869523984,-0.29678400194499693,-0.9023184717354367,1.2362324160000393,0.6686467785596507,-1.0548944945191168
-0.4406266334182339,-0.33466933562302964,0.5706356590588166,1.8874722700609887,-0.38094818632515015,0.3941458378698182,-0.921632131737044
-0.3841989877028226,0.4198769409300459,-0.07040885086644229,-0.6755378325987124,-0.4107724927353015,0.771588267407339,-0.9118269666895639
-0.18487986813078486,2.2919469724003294,0.24565589189847084,0.6524795657251391,1.2915178986622322,0.7052435232820747,-1.1281762479283357
-1.115948658626538,-0.3679798643959435,-0.4813101916178079,-1.3233300569948927,-1.2098025565640316,0.09504841074057585,-0.3974877593041678
-1.1495044651017876,-2.1376501441369546,-0.29935795187763825,0.0020936893725623526,-0.6156740071709839,-0.29278509891000437,-0.4273707767712757
-1.2857278811978337,-0.1507360598184861,-0.08805974455551825,0.4354199363502084,-0.9509251053617248,-0.30176845123295326,-0.3255846476467496
-1.3478631522475204,-2.271895307288523,-0.7201490721805417,-1.5712375971000032,-1.4582160929114951,-0.2211374228306224,-0.25872756947296366
-0.6976226315531688,0.3126535751913353,-0.1130477292786407,-0.601027412762051,-0.9125695279357158,0.4865308792543601,-0.6845283475316122
-0.37255453745668216,-1.5175872161075978,-0.5401304724605452,-1.1936086982965377,1.177314789203909,0.45464283496269337,-1.0176025443118193
-1.0459268523931955,-1.9973628278051732,0.1309007859811432,1.2905150411762625,-0.8458957786315819,-0.2569099142444136,-0.5149446632675796
-1.4845531582056515,-1.8005065609281858,-0.24771025155527776,0.8652142437773036,-0.17079347260496044,-0.8034805869611703,-0.25600182025658363
-1.3521766804362652,-0.16095039953912824,-0.37976737423748314,0.30810025759873255,0.63905868515636,-0.6190711165096731,-0.3756574150977246
-1.4940233540985393,-1.0368604815584361,-0.32031583665003943,0.9646438392240932,0.7882015652351752,-0.9281699457656737,-0.3018004598613803
-0.9717987159584496,0.5540537042325935,-0.1770357738950683,0.1631135081101579,0.2992390803739472,-0.076180198016495,-0.5931815691203333
-0.8077276745834212,-0.36331175532718585,0.4312145754469978,1.258009047770885,-1.5981186479805836,0.23433635511134326,-0.5835824355434172
-0.2832457466705754,0.4437950439711057,0.10180894699653681,0.176453848624583,0.3483343134534384,0.6768574181068263,-1.0292899515241647
-1.2998075082671925,-0.416009463683797,-0.4603289238808353,-1.4185323713053781,-2.0739577816205856,0.03352449433642087,-0.2251177974079622
-1.2990061048226074,0.09114758728895252,-0.02800981585303933,0.6241732874912833,-0.8800371041272319,-0.33603747756558816,-0.30407480080676125
-1.585706159519141,1.790471961821414,-0.7159310248948706,-0.8258730480129278,0.8552078166109435,-0.6723232425838886,-0.20806151662839217
-1.2440175004488951,2.446604301753228,-0.14534302481052486,0.29137397576488544,0.35163202555541406,-0.28480581818652717,-0.3858001932698614
-0.7264539340970069,-1.1264718995794507,-0.8777128376773436,-2.421407406202716,0.3575045802116816,0.33568897471878517,-0.7056232464664854
-0.8957504883759767,0.4947859826277328,-0.4803277618969684,-0.6746577175185325,1.024559391921192,-0.028366366517933173,-0.6645609170108675
-1.3494232737384848,0.07167816183068408,-0.12174038902426139,0.43740941262742267,-0.8180034949042096,-0.37968674372101824,-0.29265289283008017
-0.8388908672774738,-0.6307946294955156,-0.1855743954049862,-0.12653881414042295,-0.20447210664103682,0.10146543227968718,-0.6382383739714925
-1.2299425586828938,2.1873274319943707,-0.3350535977196657,-0.3882272604300031,0.3314378737240953,-0.21551374776060458,-0.37901876429375886
-1.2734511190098017,0.5861952205340425,-0.4131747794713574,-0.4892392055520741,-0.1303294421720821,-0.27934384809429125,-0.3558525153355463
-1.2008437341040281,-0.5672554147414893,-0.5983036219127605,-0.8089634277741922,0.31958936443805436,-0.31350543297791134,-0.4323403204357739
-0.26013676415655007,-1.4590901909776484,-0.3870928312009818,-0.5865493080481811,1.6011557041987743,0.4564593566088576,-1.1293624205919617
-1.3896137691612278,0.479261285317592,0.3527032932336583,1.0407931931870151,-1.192503797635824,0.08250366152567762,-0.83154942503002
-0.29975975316011566,1.9626898166683566,0.1121544394185426,-0.8540810214047765,0.6095539124629565,1.2977451399116569,-1.5711206449117188
-0.8739622510409348,0.5972792635542852,-0.298856590122618,-1.1786730733133894,0.5872111704057098,0.6078674119795141,-1.2341060019264734
-1.8119795493721866,0.30948648083069424,-0.09114402818709186,0.18218729225310795,-1.0152194401386145,-0.3443386957687667,-0.5563950457025882
-1.2340233595126946,0.8075261402515094,-0.43029312876062664,-0.6496869100595732,1.539140003934744,0.013540678430528929,-1.0728714332055622
-1.3113028982732473,-1.2481421330012819,0.14412366114867192,1.3420681248035216,0.4982806604796335,-0.25016098855416546,-0.979535749374377
-1.153681540362107,-0.22412974913066835,-0.5899293002671897,-1.0937854918723562,1.6048102568194909,0.07259534557263364,-1.1375840855320867
-0.9443883658307483,-2.873962650682938,-0.6721873663390466,-1.685389107067754,0.7084085388420921,0.33298994444139807,-1.2130788166755577
-0.7109539135264403,2.087147425397562,-0.22633361790832313,-0.7433606504723226,1.9867836992794607,0.6169049514257718,-1.4065704135665686
-1.1897538907448881,2.132737001839571,0.2843657380006146,-0.04511222368837455,-1.5296733972530459,0.5735577261985415,-0.8891720912383643
-1.308328578161186,-2.550402882178701,-0.2690050099465258,0.22827807725507096,0.7037941569896374,-0.24941723200330648,-0.9969629913270728
-1.2788477109580538,-0.26624928420240374,-0.05203848723224617,1.4559654409718321,2.3997007431547956,-0.45673540892667674,-1.1426081735030074
-1.166175018262148,0.16448821008010248,-0.2122551576612218,-0.6960076559134589,-0.06512706423341855,0.3063195973004921,-1.012983500581842
-1.1283976076646576,1.9365858545068715,-0.09034870620205282,-0.32145285589862616,0.6451297303404722,0.3087103999702637,-1.055375620267289
-1.1000687768044342,-0.16636675853439012,-0.27365979953402,-0.6155623883432333,0.5237681220055438,0.25987587856333233,-1.1085810218737437
-1.856915324589376,-2.4733097306007417,-0.5654438022519448,-0.06886107796324138,0.5529751862094204,-0.7983568991629844,-0.656956369818736
-1.6571624974741492,-0.22595239794182764,-0.6375825195400799,-1.1705490323608188,0.40999319727338657,-0.2964511790342004,-0.7274311495109109
-1.1289472139440921,-0.3220294041549648,0.3046300305943451,0.7455708923075423,-0.9803783243286547,0.3179877487195263,-1.012455616306684
-1.5269739248943446,-0.747962389704026,0.04151531739428838,1.1975538179866414,0.47441158692610275,-0.4387440152691031,-0.8406851946018672
-1.3308254959951307,0.37253892516023485,0.17206354446397415,1.0409958475038774,0.1824738392830449,-0.07854797968090216,-0.954183481345669
-1.1605530094907286,-0.6083194288838504,-0.16073287545991682,-0.8212608964743026,-0.9040891449629351,0.40701044247113616,-0.9621016504738273
-0.7827001274867645,-3.0137993757743113,-0.07694667291624796,-0.33079902081363427,-0.40577738746379116,0.5458342359024723,-1.2696039794656735
-0.3540268577902898,0.46696633330360093,0.24370463307185564,-0.6853368418292877,-0.7107974144648399,1.3344612842994554,-1.4752711194310226
-1.028870738566786,-1.4494823062129611,0.28104054748302293,0.21960505710537406,-1.8301776273464925,0.5371924789821636,-0.9937001989007399
-1.0118334153253328,1.8757821075519774,0.35212250241225174,0.4096099639214459,-0.7309314482354781,0.5830338841240036,-1.0637614657231924
-1.5481397365070502,-0.9245090976869876,0.6009573193006311,2.4882724880362472,-1.0747290309461515,-0.35542419661225927,-0.7596934727467094
-0.9682146716677532,-0.888776943326611,0.5162691401754349,1.634769503500923,-0.42379612534434336,0.27694957040962187,-1.148471521002216
-0.9104837382659418,-1.1915707507016018,-0.43711320592501335,-0.9475342543493069,1.253132232678004,0.3170142832321047,-1.257558471545833
-0.2932487124776259,1.2389332817841752,0.10645265545791151,-1.0137348775414745,0.10774190597459238,1.3530682926816489,-1.543868036556197
-1.491298948344526,0.20778721453859544,1.68892314821801,-0.2265393621394535,0.45685962165818905,4.346411759907017,-1.0026978232632728
-2.5769769948985077,1.2046372385427202,0.9609893860466386,-1.726976613152256,-0.22734528599136092,3.4651674483185215,-0.26896474739582216
-3.0039101863112223,-0.0924040696483093,0.9829752413386488,0.1960922484273489,1.634388919350075,2.4065305574095914,-0.13956291054146364
-3.197479748822643,-0.4580866003147287,1.1252295730574775,0.6920857753682144,0.8874852196583914,2.236495664311071,0.013202698971423019
-2.706223736507181,-0.09415724674722802,0.796391334038999,-1.473783349597733,0.5417020036488995,3.0865068709299623,-0.24708310717615112
-3.1788731184426404,-0.706809418817488,1.1953951503486095,0.22716736961651093,-0.5455379582726133,2.518742778443229,0.08897282771613535
-2.3607340615049144,-1.8612323205764914,1.1156693264896045,-0.2054459845464999,1.1543249912832858,3.1266255693757086,-0.5203117221998098
-1.6853057711677868,0.312830085682896,1.7136674234810616,0.09045838542394141,0.35926936719908076,4.120661720213138,-0.8816822316799527
-3.0409212908168133,-1.5826259793305646,0.4079188005127445,-0.9289413078251029,2.812664393240124,2.191857913704393,-0.1780617036729425
-3.0576132795656745,-0.8718688506744322,1.416424803345648,0.36725457191296257,-1.4737404389544024,2.7749706438998607,0.07683376953802779
-3.399616521336924,-0.8383093740393984,1.3393060134756738,1.2717980237771052,-0.15356285802902045,2.089760287042195,0.20621344482268744
-3.800355773945467,-0.7151832717162405,0.7720678223079049,-0.3045036195187218,-0.3705742245969202,1.8452025492784176,0.49314311943486383
-3.781995447146087,-0.45624043231822614,1.0814397822325503,1.6074795100378307,1.240111546154988,1.4348319893007584,0.34211242132294334
-3.0398427704488107,-0.18783511139526052,1.1828841767175053,0.6523001319249438,0.9567921955930947,2.4242604158579835,-0.09151543671875328
-2.4489979349247766,0.6048075204887311,1.036396549104111,0.16879358163560595,3.0925685098419993,2.8408712531112927,-0.5673963372659278
-3.5262130283853197,0.6453949326529203,0.585936451683446,-1.420964393576498,0.03717684869056373,2.291617811616917,0.31225335099656876
-3.388194381416346,-0.7750640036109703,0.739960294272911,0.5217460983042704,2.5762997973955972,1.7482165814597568,0.03550059326772826
-3.9514291189546804,1.8940189355784207,0.917029999159609,0.1709307966112675,0.1046708753001904,1.7210526720336303,0.5797420913937259
-4.00499826992391,-0.12776245919714052,0.9376836564944219,1.5502687094422256,1.6275817139861686,1.1493464949829477,0.46737989249237827
-4.106665026945488,1.7989900835404489,0.7266239970325007,-0.7687272825387734,-0.9279481656233184,1.8062653731241125,0.7365890392426863
-5.365413632931889,-0.9357696359536255,0.2111736960421791,-0.1021999007284127,-0.7404582911926327,0.12196770936408624,1.487125509641932
-5.290980006786183,-1.009571305139396,0.1787065500810768,-0.33013202316535994,-0.8209924371145831,0.24004272205988528,1.4338231846290905
-5.222656676249309,1.818725250324283,0.17556551256706351,-1.415539546391024,-1.5213294048861319,0.7172732657610115,1.4971357037803938
-4.607427441713071,-1.05251656308867,0.6741930494891091,-0.08543424404095035,-1.7890645959278775,1.1294202200954344,1.0667768728554483
-5.610951038505618,1.255337421910981,-0.06698363678026743,-0.8942921362476733,-0.19667707843425028,-0.017404665340557336,1.6440323857326007
-5.282717806074011,-1.901013814550705,0.6172724826742092,1.811800298353164,-0.009685455240408288,-0.15978359176355952,1.3539984430712588
-5.033216860464273,1.2282585972961637,-0.3403354300037239,-1.5284508597137725,2.071919636588551,0.3323086939099699,1.1349588374764346
-5.314687868213597,1.1515223899754903,0.2534568560504192,-0.30300310799898267,-0.42160911045865584,0.2802300423557275,1.472443267240977
-5.660800833689973,-0.1410847840272101,-0.42124154498097477,-1.1155355777522686,1.1003365104612168,-0.34558431480373925,1.5728715179161346
-4.985093659031338,-0.6119315010174832,0.015339663831899527,-0.3047206288605939,1.3673691021918064,0.25669106409256875,1.1053316366980943
-5.090761583505458,-1.2547350749005217,0.10300723374520203,-0.853162176070515,-0.8058151021625186,0.49804294177109804,1.3143788493148667
-7.351610270801808,-3.9584712320166973,1.6517295715781104,0.9512338350540364,0.22564982539081432,1.3094452003839,1.9172208099294374
-7.144543513573761,0.5897944215831615,1.527954078747914,-0.4600068135223589,0.6250615388728507,1.9216287744950844,1.8055184209606085
-6.988051615028712,-8.655960258318684e-05,1.299136653233787,-1.7168607851980204,0.052101621492625504,2.275904572822907,1.760835730247779
-7.264220026155873,0.9417002556825194,1.167222945188688,-0.9921500063571895,1.8954128261954046,1.6610109319312467,1.8162876711684959
-7.084213182132812,-1.8645776934823026,1.3529223927810476,-0.37193592877433285,1.3303270236142701,1.7019336100439328,1.7217930070951832
-6.385727528376698,0.08155446747777267,1.9869162339343078,-0.5001713065661141,-0.6230992616025761,2.9404176694222697,1.400987418919183
-7.12053739829238,-2.309117512262202,1.2185916522957736,-0.9552236756742194,0.7845828291636494,1.7844403704947538,1.7610567718326033
-6.965448202239939,-0.7474679940110206,0.4922238872024736,-3.178756903376961,2.66649875053515,1.97905456548907,1.6152217131944417
-6.997307183565257,-0.8213589843646558,1.8590538344411742,-0.7705843931497358,-2.352300310502694,2.5012173362138945,1.8900109111768808
-7.7460457316151965,-1.5207841141601595,2.0289959223691674,1.8693080951521446,-0.92975663769212,1.1249158506625927,2.2218443902843865
-7.418008204889952,0.8239688565540834,0.8369666196577257,-2.460483181203732,0.9137017237825491,1.7852819881207178,2.0020955141034653
-7.200130155498436,1.3678837562404047,1.220909242998449,-1.1379339851211259,1.6014404646838802,1.8216337405221597,1.8023565449485754
-6.913714275094579,-0.7228812604273968,1.7071292601795665,0.3189171928525164,1.1023363853703134,1.935045126446864,1.621933505338669
-7.222901944210289,-0.6921079484807313,0.8780200135006742,-2.6074295893261032,0.38230516198284126,2.0016171586100158,1.9114257307182614
-7.017883593446573,0.7994364161200326,1.7153686361091405,-0.6100639680862189,-0.4667095253206669,2.2638117373245867,1.8080983505476342
-7.181312293314462,-1.0402323797228517,1.1363356869516257,-1.4406525148604503,0.7648515246943528,1.8492800506689042,1.828156299784424
-7.100280408066955,0.23139031211419492,1.2186878464188577,-2.28534268119616,-0.7009866610698039,2.342733570898309,1.8916571057748837
-7.40073193758995,0.17607793831577534,1.7533005263628056,-0.21962801258366377,-1.2897944337831295,1.8850858773199086,2.0961309548739946
-7.170922450710089,-0.3205138941634202,1.7338500034870254,0.5927084028794108,0.8458704603250553,1.68734354886991,1.7975824712228081
-6.840326193677471,0.287932624537323,1.545086848627823,-0.4754246220953406,1.3192889226023243,2.12739683131212,1.5890729505294567
-7.283776127168681,-0.41937846375173843,1.7467665617263943,0.34243262447579825,-0.11334810333342442,1.735445123687047,1.922849753978528
-7.029321756326746,-0.258397335408374,1.6379323849449157,0.014677410332615248,0.8057908597154056,1.9166839966675517,1.7126518969934381
-7.19239379712893,2.6781554421166884,1.910107200748596,0.6985397477272056,0.9542569032724413,1.8273695781053763,1.8428830789355646
-6.702726825895693,-1.4881931250193887,1.4597790194424456,-0.4600871852410196,1.6085426639948939,2.121196395008672,1.4547985355475825
-7.0542814551158175,0.442935909983325,1.5867678395088503,0.6040072528175222,2.504025772471935,1.6014145842092267,1.6283390781104827
-7.464476601727993,-0.563497590072744,1.6353537997293144,0.05242528770241475,-0.4623244357961772,1.6085159488549754,2.0638533325643307
-6.989174141332412,1.2342316182843658,1.948509274422092,0.46776220393105117,0.27518349892275507,2.093311212444865,1.7437645866625646
-6.986113090951442,-0.5775041035942996,1.1449215017627683,-1.808414542535853,0.7336739307483161,2.140415042815482,1.7151580244562987
-6.729422881051627,1.626527169863832,1.760211589660421,0.01978724209538272,1.5710689282397283,2.25043845067647,1.4996681720552327
-6.77656349916897,-0.21149026022265888,1.646973941553088,-0.09194084615227549,1.2724190449268227,2.139399806854636,1.5235727112124902
-6.5478074549105,-0.8380781231498753,1.9111049368809838,1.4748577046595421,-0.486597036356697,1.374661102519253,1.7821718797959727
-6.608263101623486,1.671806379260719,1.3877790222994373,0.4193373626916961,1.9140314020682319,1.1918461233730462,1.7190519734288283
-6.198380208084064,-2.4893879433551716,1.350282836629577,0.17871998828053748,1.24709382073885,1.5148076497480052,1.4492137421682403
-6.552246377925491,-0.6287893552086979,1.8371362414345553,1.451896789832093,0.0674651484593852,1.2956807378269566,1.758542374606269
-5.895162190656384,-1.4948980942773935,1.7203555951933933,0.19584337900530197,0.06055123722786467,2.101034533701207,1.3614942024426806
-6.1195758317218685,0.43809164061367384,1.3848671302775422,-1.2602803362153188,-0.321034300574026,2.184842440209865,1.5654246250742205
-6.519900223121779,0.19580900594387696,0.9556655246036195,-0.49596976002741483,2.8342716929478438,1.1408034638234439,1.6046699994614348
-5.705303234734118,-0.7172832682742837,2.0931589959582055,0.19276465840234264,-1.6740409108842504,2.641468066877455,1.356327700076451
-6.4657099237964735,-0.7183465249192629,1.4561702772076939,0.5124254484466738,1.0698016194334226,1.3247566036861256,1.6436457694989162
-6.27277767007746,-2.1297211358644152,1.5630826018604502,0.3373924286671711,0.09900032457827876,1.6162709339311274,1.5916520292090588
-5.754215607878937,-0.9555492106104326,2.1618030547492904,2.2806859319973443,1.5299072857154095,1.852320135031449,1.137075773424654
-6.418235332054557,-0.8272874809111661,1.059482085487782,-1.5424143971731343,0.013192808851361837,1.7458461395752827,1.7171401908335417
-7.071932170548503,-2.8747510382646895,0.9338769148764051,-0.17699611944142257,0.8503431318267242,0.607878380293415,2.0433040517042977
-6.280589262690701,0.6373302899335618,1.5951489189712957,0.05867798094355847,0.37910032743742533,1.7706971592046399,1.6111553744894183
-6.028195751082662,1.4211937351457344,1.4363197960897574,0.012925854657456545,2.313278354850845,1.805758982313475,1.3165271200070445
-6.033241821953662,0.12772544557280285,1.60646024164724,0.3238375829809158,1.2941579035795059,1.842986734288893,1.3823020410644213
-6.339837679645852,-0.2164418832675043,1.6667249659315235,0.4473479529944321,0.06320424690200363,1.6645535985490596,1.636371922871144
-5.907697660144746,0.9987727627527584,1.8657998066405928,0.23936111308942087,0.05154956713816835,2.246243129047265,1.3931247051406235
-6.337309612029176,-2.255720318372988,1.3161406245822138,0.29477501700923536,1.4784985056165445,1.3202796811223256,1.5446283806063021
-5.741837371926493,-1.6917232194771723,2.013012281795366,1.5071422612626066,0.9360696721287177,1.9850720458643707,1.195797081934717
-6.324297736667349,-0.42603841230765294,1.0084216363564737,-0.7861289343182921,2.277994027748649,1.435144237979759,1.522894887686166
-5.718852914202654,-0.34026167364187654,1.9824772363261243,0.7578260844095056,0.205051338851277,2.297523742990442,1.2274066861088877
-5.562483442475677,-1.511455511241686,2.0271182725858363,1.8869375289448707,2.1047608829089373,1.9748389084306526,0.995934318229416
-6.07540310563844,-0.96694708442957,1.6167885633497032,-0.39506313133148907,-0.6190930146054486,2.099009845666583,1.5439148536226588
-6.488038734574767,-1.5365659570202252,0.863384437243284,-1.2308051094484056,1.4772772962639504,1.3568413084010265,1.656308381422829
-5.921694380659905,-1.662181590076614,1.9470979359750058,1.2564305669555138,0.39836019501654285,1.8977733230372802,1.344312015415668
-6.231882452988249,0.5163086055092875,1.7083762055687852,0.7257765836657675,0.9411699743788301,1.661373191483438,1.528551673456941
-5.782485221464278,-0.3702742401910635,1.5762189360415224,0.35295885157646245,2.0817221497376837,1.9627055236826947,1.168420172058334
-6.205769753039426,-4.060852893301113,1.625036752433075,1.0061065143687855,0.3004472491900297,1.4725857073359119,1.4814850724872588
-5.567586922988021,-1.5787743285613107,1.3208219168541933,-0.5151356143790365,2.325900181574386,2.174698479902915,1.0144734982355712
-6.4268687542675,1.7007923524113742,2.005141914434335,1.1241163777949965,-0.4859238875854209,1.710075127271674,1.737086197317977
-2.7999605346678207,-0.3467246081540244,-0.07884322039346416,-0.23765856105398134,1.0335637997001899,-0.28517703439568726,-0.9007628252189667
-3.447874793214442,0.46559102716099654,-0.10744469742149367,0.2783780398850887,0.7220803861651335,-0.9634303767767297,-0.45769914471550627
-3.821695620979793,0.35936038635350015,-0.6950863309019762,-2.2793172336172414,-1.2166246376019572,-0.8193601710366222,-0.06412191407621395
-2.714997577190228,1.1492423895499686,0.46714331903149503,0.9984902970324764,0.502470570194504,-0.13745986072955235,-0.9099678102383183
-3.1358386791820045,-0.04003057681794215,-0.3881026103444074,-2.2258296525188044,-1.3674452165427937,-0.06256403912427738,-0.4806996631452893
-3.1979444249277633,-0.4375386676522652,-0.044798588410352905,0.2419612995136726,0.6525721934520605,-0.7315888504134708,-0.604765904074229
-2.8637608637179532,-1.4355332872408992,0.27564848515229523,0.32983364669809695,-0.9313931526211018,-0.1703622889326732,-0.7601022735458668
-3.3039429626795007,1.0861038276872295,-0.14657893640682867,-0.5328423769469026,0.08593716076758076,-0.5776553304582709,-0.49305629064462336
-2.9992062318115105,-0.4607960799628461,0.27008807990650585,0.4506773649633693,-0.6634472447089652,-0.3147156103390008,-0.6790882590823663
-3.4035577555718186,1.3741135144815073,-0.47538102143885075,-1.4663237177781163,0.3351252062837944,-0.6115395790476356,-0.44402188983717267
-3.3452535166304633,-2.272174223932248,-0.19495743081069367,-0.3783690120519345,-0.7428285930123009,-0.7213235267714121,-0.4663784815662641
-3.4689859057650927,-0.7165019636625595,0.18620359982231452,1.4482343336742938,0.42571733658955085,-1.1355842518295094,-0.45350684855681894
-2.993301749423946,0.9013131395774454,-0.03335597568212846,-0.2715124508063106,0.589318825291163,-0.3468053317440319,-0.7350531560525424
-3.1544993745802126,-0.5134100046549339,-0.2709321555660662,-0.9185981658767296,-0.03978275013256738,-0.45079284774444056,-0.6066027742991966
-3.967017959626496,-1.1740074965386873,-0.22333694373985286,1.3293281845695326,1.402374079837442,-1.8653583914674279,-0.20607520751420386
-3.2100964401149192,0.06255445739482322,-0.8103259542015034,-1.751694536553227,2.171808141457735,-0.7460531931596764,-0.6839353423458
-3.504996046871713,0.9326984855869187,-0.15089442921129576,0.007992690634244768,0.5110531968010679,-0.9352503885237325,-0.4021677093763845
-3.2138417391097476,1.2323827920403325,0.3492496424088523,0.7123733116697308,-0.5675840713766822,-0.49413067736021543,-0.5079142787897177
-3.138359619103544,1.702646879558715,-0.16361339390866064,0.027604585627473466,1.9896112656795564,-0.7139770510701592,-0.7155060857796307
-3.20000736927038,1.058406880644417,0.4211604249934568,0.9155979555320175,-0.8591716694570848,-0.4536347354661872,-0.5432331751247955
-2.694921237357481,0.25595323064166137,0.030003636889785135,0.22049571485140115,1.7328577183009022,-0.28971318472492663,-0.9998037035959834
-2.8792261663141208,0.08274012125909139,0.2751947634578806,0.3173643881636039,-0.35535809562042214,-0.18396927025447957,-0.7547541355235403
-2.9023303603680097,0.1693730406031366,0.49712958980851857,1.15004212920527,-0.29876502654415266,-0.29974894035895955,-0.7473243254111974
-3.4980604872635683,1.4339035540680227,0.009427096905354482,-0.05904213920474259,-0.5530420170003655,-0.7153003489405573,-0.34558909020721523
-2.9198194688360384,1.4713000436024197,0.06265210489009788,-0.8961287650243858,-0.7877200482582017,0.05268658320788488,-0.6692988432373606
-2.9682902665804254,1.21930764233389,-0.10571998381961635,-1.2846174913655584,-0.6456479484194795,0.0015858198058881197,-0.6548746337938726
-2.846719535147177,-0.5013800431443294,-0.0939782482466507,-1.1520006616588805,-0.6944210012082239,0.014496990902525096,-0.7258942777006451
-3.751146487651432,0.49526473491457723,-0.08185673210704804,0.06803097488300805,-0.7243971339882257,-1.0475486046375833,-0.1760424131811922
-3.5099861023394365,-0.31138759521065096,-0.12789204390373826,0.3168624490353942,0.4899109635799836,-1.0519922395314691,-0.4054037051072574
-3.158171861703756,-0.1945903341900146,-0.09164378344403025,-0.9294531817829547,-1.1312297885853035,-0.2622083175555994,-0.5199099053156928
-3.235603517393785,-2.1561790924206634,-0.7381263596444774,-1.0120924888358258,0.48382566501114094,-1.1181614317314448,-0.42702320149691037
-3.1931580114285274,-1.699598628421148,-0.3230468162530129,-0.47073146507526725,-0.9545441771379685,-0.872249558293668,-0.3447689022040996
-2.565055568202158,-0.9312996712295776,0.47148669063896625,1.7520093581514122,-0.05854913734576591,-0.4909174557143913,-0.8127813088181534
-2.8542026705837533,0.28145980630183604,0.046157442380603715,0.7176706909811963,0.4578323028042322,-0.7082780271213664,-0.6534743838076938
-2.9587825572689677,-0.7493640072351637,0.09090927685296486,0.15524207940369725,-1.584508551602584,-0.5108285009562762,-0.45519385449672495
-2.9516335982127515,0.6032683699266361,-0.2077123440623879,-0.5390791684930457,-0.3291639768563444,-0.544242086577026,-0.5170013701036386
-2.8949240152504894,-1.0202404273896781,-0.2050484623038876,-0.21536538216182274,-0.13242305066354063,-0.6540552356152618,-0.5723405212087215
-3.183350594595921,-1.0811677485538007,0.07839876274512338,1.63576658111905,0.5306218861378705,-1.2701944693583225,-0.47549565665498955
-2.570677877612366,-2.009817240749795,0.012735728285700887,-0.057604285497668876,-0.8484005478018839,-0.25266091222934045,-0.7626342640498998
-2.8343319017031767,-0.02596362568240717,0.019717889739284768,-0.01276294488304222,-0.7918406731175203,-0.43361160536107163,-0.5755993626581787
-2.725120137301899,1.5500996022506486,0.17262135070425788,0.06119353486305574,-0.727711673198301,-0.23099025188121594,-0.6179924731454476
-2.1476706621839887,0.6731465144143743,0.0496457788574114,-0.4482341526339718,0.4628984507363331,0.21987070757378707,-1.0592185413436028
-2.615093442490433,0.5651874894054411,0.6283813778807448,1.4021451552863375,-1.4506076187082018,-0.18711483289991343,-0.6929420583738922
-2.8517914435226634,0.18645721518026234,0.2683638963584046,0.7554285395967936,-1.0147023192733293,-0.4813025562725927,-0.561525911826142
-2.6296161862949905,0.21755499418308344,0.10911983491007561,-0.3755890505209402,-1.4878447887756683,-0.03629896684524948,-0.6713055857476198
-3.196999096541013,0.7558552529077812,-0.07763493920277778,-0.30824225844025793,-1.5048375137388437,-0.6394576041985658,-0.3101059921010282
-2.193749681589016,-0.17855258886732525,0.04194287324286545,-0.5175813087818115,-0.15745147473428286,0.2247506466393138,-1.020671849645256
-2.7319135295623305,2.34045180154438,0.23090068027053295,0.415758331741504,-0.23405046538969929,-0.2980004337703281,-0.657495402983709
-2.5562328268244108,0.40872661804628885,-0.3001613716802819,-1.3816691529652305,-0.230720391209531,-0.04539744896535581,-0.7600517643245852
-3.4718393761655273,-0.8407819257855226,-0.2339135220860213,0.5670018113408667,-0.0884064025815492,-1.3701348681382859,-0.23595479717049597
-2.3826188480766786,-0.5037126737490115,-0.14227675580420887,-0.3452541116709211,0.7338250576140124,-0.16483670309933524,-0.9726820545864201
-2.583338051220404,-2.24025886404086,0.21217361370075083,0.6530459292150956,-1.0112059767482944,-0.3265624439984,-0.762478795363423
-3.0621893192365186,0.26690309325982514,-0.3508949570350826,-0.8865240931884614,-0.4946504194440453,-0.6251475736675366,-0.4463396998923737
-3.1666187071171144,-0.2668272785458117,-0.0984663551427016,0.7917036892073542,0.48792789498125716,-1.105490425161816,-0.46525741484938726
-2.8608869589237806,0.09022634238645376,-0.40863442931503363,-1.5371499507464401,-0.794037145429445,-0.2998087857725554,-0.5385386957724655
-2.575904431759254,0.07073870778772647,-0.26665255460027426,-0.45671566700641675,1.0793545218290386,-0.3900541262304921,-0.8552956825323429
-2.7470369397727135,-0.18138806908303107,-0.3018869079926978,-1.0888945880068182,-0.43812368838575594,-0.29334048782971783,-0.6383794631487376
-2.637093565688525,-0.3833218308734325,-0.28355487173025795,-0.7730276915233615,0.3397275755091428,-0.3439965080389335,-0.7465069729776092
-2.7474422682724686,-1.6774530113472939,0.013434805048299558,-0.3169602088872118,-1.7670921587266377,-0.2531155484229433,-0.5969412738547832
-3.1609558760453123,1.1735749919896434,-0.048147097171352383,0.19656317152836422,-0.39287264261876603,-0.8068411636842003,-0.3821236656787062
-3.0349402359675275,0.6230626836437234,-0.4093622568748501,0.014205814875796563,1.8928113745276838,-1.0479322834033626,-0.6074776514011561
-2.5777272341488,0.9602235364428161,0.6077353817909819,1.2099472254240327,-1.948432829893653,-0.13568986454594062,-0.7548902955320783
-2.271945907612804,2.333743261106303,0.4708183793213265,1.0859468480319867,0.13653975025696946,-0.023595843725696085,-1.0669468722230782
-2.969578640376013,0.327985398851068,-0.6241591256875497,-0.8967467555342685,1.1116296878579075,-0.887352164872585,-0.6829434547868998
-3.084611351728278,-1.1435145242196532,0.327414171291205,1.809294258387261,-1.1382526168528126,-1.0289796646674754,-0.5169624748420536
-2.580476616178151,-1.366997946442298,-0.7609321717330948,-1.3284950766741972,1.7320751826912375,-0.619595464369561,-0.9695277354814424
-2.9489069958602925,1.2606664097432236,-0.13386068393278783,0.3365027450513363,0.5999236610762948,-0.8535819890284534,-0.6481045769886209
-3.5624585605935204,1.9505663998205232,-0.47055232626286175,-0.14307202131247354,0.45833616255969617,-1.4205087742586355,-0.25054362415192516
-2.8940550406736847,1.1158702939541938,0.1820824193429195,1.1668648226235183,0.026098083529812025,-0.7887296932863989,-0.6820615964349508
-2.6583878456908403,1.123534628283805,-0.37433512720599965,-1.2850763877962006,-0.051407751599898265,-0.2691408547915513,-0.7677328627522064
-2.6786070606449246,0.2533383672421646,0.050333809798530214,0.16172249893242896,-0.6737375900967549,-0.3912574622748078,-0.7634380944827253
-2.2974172631011545,-1.1354212364159904,0.3277207635555414,0.27610485778269184,-1.7794905681614648,0.10851494688199198,-0.9455052767030317
-2.4981138629819255,-0.37456817385206875,0.10285571281583648,0.4302868061739633,-0.21644743228606317,-0.3323436888291927,-0.9086841760583243
-3.189685777147969,-0.35393203520463085,0.37830637374463355,1.0764047505048935,-2.9042195326428435,-0.7375494258491578,-0.32706259336429694
-2.999413202417878,0.2696659221804128,0.5022889528464852,2.99041696786637,0.6974227491955768,-1.2554286348105823,-0.6863557647337374
-1.8204715618027951,0.37445389336857854,0.49439766808446833,0.7198172576632662,-0.1185808556725925,0.4283173369742835,-1.33585067910497
-2.9411641694946837,0.9791339418325494,-0.2766225928722565,0.28139296358235905,1.3247577388199305,-0.9689248809807206,-0.7171740170382204
-3.7543855027339252,0.15109125001877569,-0.21562068847820445,0.7579986450254717,-0.8559747366280464,-1.6307928738433433,-0.0896397125101378
-2.7379268612952465,2.3362867386003234,-0.24386981385414128,-0.7154569201089818,0.33880085562769174,-0.3974494999300833,-0.7459104010588102
-3.2026082840419465,-0.7088308251380857,-0.8653335492397345,-1.4901886001489504,0.6009919092688881,-1.0750357151507095,-0.4999384673038311
-2.855398216933252,-1.4645555932611733,0.035496508921098145,0.32486218962462343,-1.463249701631819,-0.5882389853903617,-0.6330089543969805
-2.9561629289726086,0.554664360499443,0.16904752825003652,1.1210851960124348,-0.32381023461550934,-0.8366889273756136,-0.6160955022826103
-2.412372842659171,-1.7255940950068647,-0.18553320619321426,0.08058409880353025,0.7284688213642767,-0.4326950208831986,-1.056437482495057
-3.063303621314775,-0.5291195393806482,-0.06880747742611344,0.8181957737374959,-0.047596123443988246,-1.0360624865987504,-0.5882091038149018
-2.992185533692829,0.12277764863010825,-0.1841384920123089,0.36549420317411174,0.3152947640859408,-0.9248742471505517,-0.6475818690468866
-2.7200425730642874,1.1036107485995348,-0.43516003123203756,-0.9394586202928527,0.7363186236548254,-0.4933625471687642,-0.8097103519920082
-2.76217448883909,2.814581500906339,0.12191067523605024,0.36366991328103065,-0.0277251376177854,-0.4433031016597531,-0.7235483848500043
-2.801363920660212,-0.6251999901479625,-0.1449494056634069,-0.014180429167041183,-0.30835075605624424,-0.6289409599063135,-0.7039285970708931
-2.1856283740869373,-1.1300782721221354,0.30744772461684056,1.1186933372309038,0.17909418280256942,-0.15728173236272008,-1.1776680217863456
-2.102545101405965,-2.5213956654958904,0.13083599117615127,0.20664315064499655,-0.5457510900475903,0.04777197973364062,-1.1629404921775208
-2.2705884401402594,-2.134720509896474,-0.25213046370858355,-0.6772520879702026,0.041247490352928656,-0.11715101410339564,-1.0840350227020936
-2.707384163869314,1.1600977651370081,-0.7260754321317127,-1.7114625747732293,1.3541600018904736,-0.49778078150453725,-0.8367592986296316
-2.2509703179371887,-0.4426160032260151,-0.21195633600117872,0.727100932116751,0.8729652076933834,-0.8557444483843188,-0.6551517990519989
-2.8994560906009914,0.16969914265544228,-0.4596206087890523,1.2509433701111545,1.9799092353978704,-1.7732448875483182,-0.3085698043008693
-2.0580557939653272,1.2388942837619341,0.25915494746651196,0.6068695629628188,-1.4367370313690386,-0.14759313120513012,-0.6229457368850109
-1.9894740268902864,-2.0893365745794648,-0.022161212333445708,0.894099675312037,-0.029582711751139648,-0.5405314432671658,-0.792519162892393
-0.7204210136642469,0.7792461848212734,0.41501797688432207,-0.20361208079860837,-0.4230509710335234,1.240874569451801,-1.5299768814417618
-1.9795530837309705,-1.2416003429030218,-0.23986939635944934,-0.02367325019475572,0.133957898586063,-0.4115093277754376,-0.7709782154693607
-2.155752948613923,-0.5709341282367607,-0.16834723331611728,-0.3017476169552865,-1.1829452257786044,-0.32349566641543237,-0.5786726030493485
-1.9106175541647963,0.3921919525094835,-0.13783937062449636,-0.6509444554887244,-0.91159802032732,0.00021611731496548603,-0.7158146324370572
-2.3436278073289474,1.2300831961209437,0.306434434539994,1.866677721644255,-0.16507533731299964,-0.7997592761082295,-0.5356265781210495
-2.3070401742323376,-0.32305716722811767,-0.18916006124932924,0.8088258431719906,0.6770140499384556,-0.8824434758661888,-0.6278199913289938
-2.2335738302213097,3.152229193393218,-0.31384258763705103,-0.6787027749679135,0.3085036834214774,-0.3696759722951465,-0.5758272041887714
-1.6314488341861175,-0.415701369684594,0.030048700539662486,0.7851427721624282,1.1521769716408548,-0.21474360755717198,-1.0518571341943959
-0.7978138229379179,0.04257287935063737,0.8129834542705141,0.6239270428100276,-2.050865806786715,1.280094887119208,-1.3903697032332858
-1.6791839546222571,0.6244548240244027,0.23910616185650915,0.4528734067673526,-0.7239369675778591,0.1369726215162048,-0.9060723038251253
-1.972672455770268,2.195882627996709,-0.02119858682326873,-0.5470623963728062,-1.1118084400596695,0.07623216409317216,-0.6741966915922248
-2.8192963390285137,1.3012598511357358,-0.27590553694794273,0.6091878720442684,0.12855092606258628,-1.2476407449141507,-0.22974719535826427
-1.9723978859137468,-0.22239834269236838,-1.0791837195359493,-3.054950932317438,0.4891155222242661,-0.08287529149985123,-0.7563125327395416
-1.3816595036387194,2.2051854870856493,-0.29298074229835175,-1.8772189005652962,-0.06999274338524532,0.70590422457006,-1.0900674018771925
-1.586457284315552,2.5422623767413417,0.22815215282188886,1.1677871246562481,1.7072458543455091,-0.09551664750443684,-1.1074930677657453
-0.6809012340227614,-0.1464181859229485,-0.08673920529469073,-1.8852932581802488,-0.3789456488607599,1.3863290639496342,-1.5333734918290867
-1.3478019491732478,0.03592394833578743,0.109080667481436,-0.37341629615827654,-0.6422663464759865,0.5378736958438382,-1.1049828921871587
-2.237873510744898,-1.123309395897055,-0.18067845243572014,0.37201061940115293,-0.22535869961003308,-0.6748229353193805,-0.5929557899131852
-2.0229322747758043,-0.6881321932814587,-0.43447515189032415,-0.6477348141494634,0.29541085543701384,-0.3815929229516921,-0.7579651672341267
-1.8745036873933567,-0.3382595667279359,0.17672005996370369,0.9018653647396444,-0.3614004095369497,-0.24773640852964313,-0.8205197267017441
-1.6352074075585785,-0.46784169287157984,-0.346009553818805,-1.3045018418976246,-0.32848174256223783,0.22996251447305233,-0.9416102374255289
-1.0640714081233438,-1.2273152323083296,-0.07726775684310255,-1.2828165684769568,-0.8101773726480582,0.8955956591771683,-1.2855244458557418
-1.2861157813159756,-1.08633659706273,-0.1310311969676295,-0.2012706658767233,1.0637693372889072,0.24560866193067016,-1.2696742500069178
-1.7848347375478553,0.4683811590468948,-0.3346976845340658,-0.43151067970197343,1.1400425513464107,-0.19682216041795325,-0.95318079914973
-2.098335699854488,-0.6380805321317436,-0.18582153015202843,-0.03505623239220269,-0.44112357884693204,-0.40750340350266334,-0.6720701349171306
-2.280774051756582,-0.5239471565550265,-0.2079244225497028,-0.26596273463702863,-1.195813058864529,-0.4609983991268424,-0.5023181505659403
-1.6830997950043012,1.6990817286467106,-0.15183634576028282,1.0098478225165686,0.3206931422420318,-0.7416567305721063,-0.7398389006410386
-1.5234287223600107,0.42270492233360485,-0.20483581243989685,-0.058343940974956945,-1.3640191768203347,-0.2693777613367591,-0.72943583893396
-1.1282780320195926,-0.7701597922875759,-0.4626050569800704,-0.824308613266454,-0.3567812845617734,0.01104468929185247,-1.0383715506193618
-1.2916704053833294,-0.39824688002614167,-0.025682439481499487,0.5125054316621267,-1.0739589916323267,-0.1732414197968734,-0.8891180956745073
-0.8491327759494535,-0.8759822751105059,-0.3936603552540614,0.14923567199796378,1.8386774767585485,-0.13672073300519305,-1.3522665129565397
-1.908052421131477,-1.2548621023452895,-0.5113161900601685,0.48508254080708335,0.03820945213606618,-1.087530293541495,-0.5988485261741955
-1.704970121095862,0.8335566336613696,-0.5087716637465662,-0.5475886197433115,-0.5644480241625496,-0.5240733446301641,-0.6521566520669277
-1.373876340614612,-0.22211415705474916,0.13450088806627075,1.35542116418258,-0.7552450034537217,-0.3891198276847082,-0.8718599388468506
-1.3895665785986497,-0.9635745816247981,-0.29082772652751826,-0.14900799457779998,-1.0935612269451573,-0.24337157382171107,-0.8443738025387385
-0.7769066415029615,-1.2756534296336526,-0.2609036389510745,0.12835555222797274,0.899364496355453,0.07294863450858027,-1.3535719619241133
-0.7195327506788233,-0.10604901088499741,0.034621535304668896,0.10209124557224158,-0.5327605759455287,0.4417087980229091,-1.278131643540709
-1.2818924920572792,-0.7893507353934149,-0.10246447370493912,0.48914023659227407,-0.7875002370330088,-0.2260375044441538,-0.9360807266883804
-1.2406888735847146,2.494273479630315,0.059851614189366534,0.37673514645133094,-0.6764499050099906,0.02204522633395152,-0.9156963863571909
-0.7246719962291035,-0.05276388999963606,-0.03191346547351519,0.30542605123956934,0.2970573813441879,0.2876293207496439,-1.3342209695355818
-1.812253661412536,1.7328194091953752,-0.8936491612928299,-2.0955797560159146,-0.7020444241005483,-0.415055414856652,-0.5114960402082126
-1.7702614638197383,-2.3974315161765083,-0.5267131289479179,0.2737483470802173,-0.307769065406468,-0.9302867230567714,-0.674979679176237
-0.7609855997926582,-0.7093420321561194,-0.32871524117255524,-0.6143652771433715,0.21693483129830482,0.31158765208568967,-1.3034146661688897
0.10354308392539034,2.719313593922686,0.20162433430092164,-1.0802551612547677,-0.4493612224533543,1.6490737763526817,-1.7442328315058955
-1.7957059480391175,0.32202929056165286,-0.2037990211042308,0.6524441786857983,-0.7992055007472613,-0.7451962449558547,-0.5949071209576728
-1.9003868846113445,2.271426324834833,-0.7985259839970675,-0.8746666524979022,0.8297745082351362,-0.8411528810101964,-0.5870313850256987
-0.5674807287312761,-1.0178053836218164,-0.05399422325521923,-0.5712619455556988,-1.162527014770111,0.7244868675078797,-1.3456933082909277
-1.816534242141155,-0.14587496157110472,0.049597286934601595,1.751121653774018,-0.7114716060335253,-0.9228096750248979,-0.6141715298498452
-1.311105008331717,0.7917673515829017,-0.3957562709789986,-1.4700995028658201,-1.914071049847338,0.2181282128736132,-0.7852605659207357
-0.22887197087571357,-0.44310585183891177,-0.33172955723895553,-0.050065855432475076,3.0288677263586807,0.41172260818267836,-1.7967787366815762
-0.9288390677081718,1.8317439866808394,0.1731524053889253,0.5284930930594284,-0.5174402927854587,0.2864946585778756,-1.129224747389724
-1.0370655022926394,-0.6600023085737422,-0.004107403909004502,0.5890755322057633,-0.5025452513096238,-0.0008127285613943196,-1.1032813100833847
-1.2272540577853823,-0.9310218648934444,-0.006234100306413313,0.8264802825196413,-0.6979482991087843,-0.2230847824452216,-0.9808972567125945
-1.806977651075143,-1.9230943773558191,-0.19810624638479823,1.502361080221691,-0.10216732724978286,-1.1014264953573851,-0.6650622226686974
-2.05633700325234,-1.462889939730374,-1.1405051231743646,-1.2525984811228168,0.5517167797675064,-1.172464777957621,-0.5139478752636824
-1.392871033015542,-1.0999308172692548,-0.4241084969069252,-0.2715051632973065,-0.4259468638308128,-0.35310143546257955,-0.87182333197508
-1.4055407343157436,0.10891743849970312,-0.3416640100191499,-0.09994450214953998,-0.22129158939474647,-0.34028010547912646,-0.8615872285351642
-1.4420020929195616,2.886924214737641,0.25435038171692576,1.0869351561797869,-0.45618776792676785,-0.15887600615068065,-0.883025274212091
-1.5227565119629318,-0.2400071808381735,-0.7362303386952198,-1.20750757777529,0.4672714492231686,-0.3603779122616601,-0.9112427895743657
-1.8774567234121664,-0.8904706095358579,-0.4004636548586466,-0.20292660704964682,-1.241148151581414,-0.6251846025043121,-0.6156382817856929
-1.8140112346287947,-0.40519769633315195,-0.1569534512726228,0.4537437641973266,-1.1796457832432394,-0.6071513147737199,-0.6330262257655247
-2.0654843644175473,-2.1664847929814064,-0.5071294651898756,1.0838623271153507,0.9313482414817275,-1.3967763105905584,-0.6597409822256636
-1.8580982396236827,0.47285642951018114,-0.38642926539836264,-0.2404821082025464,-0.7895008522471787,-0.5864148743931301,-0.6292670441443264
-1.5015453238409933,0.025864039974492967,-0.09973749897969238,0.6664921282537981,-0.19132772883462615,-0.4036598439759756,-0.9115051175206083
-1.0425876126804476,-0.8399404990292108,-0.2554887226721198,0.11664245211436924,0.7626690552700555,-0.03942807209537766,-1.275187328217657
-1.6070968477929124,-1.2872850778718843,-0.1429832649141806,0.501821504931264,-1.0763193617705256,-0.4445369289121731,-0.8174948204441119
-1.320712814282966,1.5986678357980497,-0.7686817655877806,-2.239887173412938,0.024468744960629424,0.1590502548668567,-0.9721263715923721
-1.8407666091882844,-0.6532419986905126,-0.5365467103256787,-0.7021889358873978,-1.0203185067774463,-0.5560841771471395,-0.6316303944491536
-1.5239338726114318,2.580198885536683,0.21133608263058465,1.0916536299028683,-0.6002643327951804,-0.2415639495373296,-0.8493042944470557
-1.9228853862232056,0.4997050665491071,-0.3870373503248787,0.2359353867227062,-0.15501386137559697,-0.800106933463394,-0.6604229328491921
-1.6187468234050317,2.318445647766454,-0.1380176713508817,-0.17006532999120386,-0.9630029989388268,-0.17917656972093676,-0.7487989175701382
-0.20609986344249775,-3.401647131357905,0.2336397349773147,0.8258037692847628,0.24036520785059276,0.7367325546782193,-1.7898617604714468
-1.306878002230237,-3.844769399535498,-0.7086200359893765,-1.278920541495921,-0.6631838506349234,-0.1618302524003043,-1.0251748570304773
-1.4598252439524388,1.8939095314599341,0.6962521078696209,1.5409517852995285,-3.167739216101974,0.15065518976091094,-0.7460983081758212
-1.7588033306854827,-2.5763529051076293,-0.7771368005905849,-1.0359014538221025,-0.5323344239081675,-0.6310711203405781,-0.7367632322885025
-1.8295322981110151,1.4606306255013317,-0.5326667401816142,-1.575909782955511,-1.8632567865770633,-0.183713898962112,-0.5494408410370905
-2.093839952718617,-0.9011026735690854,-0.7867648828093972,-0.7165292537708126,-0.13404984615869076,-0.9960836219199438,-0.5263155952360082
-1.3700877286291941,-0.3570465734877096,-0.14279941084720396,0.19357908085750683,-0.49401384915210556,-0.18983161964846962,-0.9544975364883622
0.1869458627188807,-1.4516374041957971,0.15030468080001327,-0.39644482024682504,0.36890640846344,1.4054855196086375,-2.0046092252275565
-0.9322361930684459,-0.2773419981304198,0.16035509929592898,0.6978762616107109,-0.4385730127362467,0.25191629959188716,-1.267458143939013
-1.7392795126708127,0.08029297389191027,-0.2924771484893231,0.18858670858880633,-0.450273147457698,-0.575232487179453,-0.7413723452848368
-1.7880248872746025,1.2417225746450602,-0.7136655859025486,-0.9456778486165979,0.6223978174171315,-0.6127219790930912,-0.7405355947815907
-1.7022040580961817,-0.00555906072432195,-0.8412968798891799,-1.5141468626920571,0.1642043505790103,-0.46522714852049063,-0.7765661964499472
-1.6104401467112237,0.44332716887085305,-0.22673002958695546,0.11146517919409135,-0.5708026432288414,-0.3785935342073284,-0.817705769161612
-1.3218527958649915,2.7925931894826994,0.05030207654075149,0.09313213376661159,-0.6576162115531656,0.10367746866570113,-0.936909788887584
-0.4291138156103047,-1.5950889583022483,0.3045350942750607,0.7783503523904528,-0.3130094704106903,0.6992691877271672,-1.601039867596386
-1.6388598370638328,-0.7413244440373968,-0.6708961262579619,-1.2033318733074823,-0.5356369145519647,-0.3605420987063929,-0.7903190816098016
-1.4142662672262,-0.6025848546731944,-0.7685754916463317,-0.8430921047005255,-0.8954781204316784,-0.6892435545957188,-0.5573910304095657
-1.0997039073200867,-1.6230922716460612,-0.651081655252321,-0.7180241055712931,-0.9424859413724337,-0.4095344443949665,-0.7624651904247766
-1.1512530020826413,-0.21246766137434225,-0.18306559699094663,1.0811533343216149,-0.3331105660210898,-0.6563705649846938,-0.7769345546247118
-1.352043822304779,-0.4896936470111918,-1.052707196480164,-0.9539744255377979,1.0401372608668398,-0.9082687061890607,-0.7216442787538004
-0.6765146350831172,0.4545808855367321,-0.20342971693444903,-0.5628405531974489,-1.6838188975754773,0.29873503237877425,-0.9549627992988842
-0.06743196638088918,0.2575389880986176,0.1363518918419785,-0.07454720203953752,-1.359409942482523,0.8617456822765379,-1.3530448283685355
-1.4140445320015738,0.04651160085348975,-0.3242070275354168,1.31811369705887,0.4626036546928233,-1.086436227623446,-0.6543954252039113
-1.1477173607231073,1.2814641419869652,-0.2893780882143427,0.5284540965448665,-0.06407717413258068,-0.5430577809193303,-0.7698404381656622
-0.9738453511329043,0.5763125910356383,-0.7729850118108461,-1.4296416851961355,-0.230704461193394,-0.16944685907302867,-0.8458275630199857
-1.7944967053798593,1.3660127693635526,-1.1666329057436262,-1.3614660273093906,0.5376379272593467,-1.1644268327160288,-0.3735384424149873
-1.5182215336071458,-0.5176100990528179,-0.48780698800538463,0.8332208533768696,0.09324761823032551,-1.1275563743340102,-0.5789234272723499
-0.35292740718592636,1.9746601585102994,-0.4413747676830931,-1.6973330634030115,-0.6480827913877063,0.7055239842181333,-1.1779506455668536
0.3159039314406241,-1.6547531991544895,0.24720424115577916,0.44579023552816816,-0.8667360881165073,1.0418513720443334,-1.679426555218388
-1.786103026883697,1.6490089469263016,-0.1627640944879188,1.2310488315592059,-1.313849839455116,-1.1030910957082858,-0.30294978359941355
-1.0495638839140917,0.5747282132288809,-0.7895376638824558,-0.8182174923758128,0.7922174809398591,-0.47714931587730747,-0.8803185268408704
-0.9949927436691791,1.0671905711419603,-0.39513191852374163,-0.15218949557603764,-0.3674328239905238,-0.2626623823976723,-0.8624684443126813
-1.3663617870180442,-0.3046314060341583,-0.8016225039459237,-0.5684437354673192,0.14299150486268977,-0.8124993370138482,-0.6437774419278961
-1.330049995981391,0.919608876395579,-0.3013549836018504,0.6365959354062148,-0.4852597914453561,-0.7109394127223789,-0.6463397316087688
-0.6322082586923328,1.3655778211557081,-0.11412925955745769,0.057492139434930985,-0.6735012189355601,0.18514954076996917,-1.0535436916635252
-0.42245634562087425,-0.43122650247136063,-0.47863460040414213,-0.5489135780596589,0.572066579264825,0.16729963011150262,-1.278534543127819
-1.2606325933629263,-0.6844651454611475,-0.48379875534492134,0.4501624329145341,0.03875291837259491,-0.8045626838456618,-0.7269815584739554
-1.2535537095662992,0.20446594036366944,-0.5838532746749783,-0.010198151533627674,0.19772072883359745,-0.7168608594790383,-0.7284794051385055
-1.4327738937449794,-1.518813928945258,-0.7447229385311424,-0.15278364908563075,-0.10277908790644254,-0.9689692668074361,-0.603235649712203
-0.5222574389152086,2.147169728709362,0.24050211366239,0.6492539754068202,-1.3733556644478273,0.41057283479983014,-1.0802839796155495
-0.7881758906007004,0.4132850272977909,0.0027809720068973282,1.5332927963293046,0.5019566681482214,-0.3871824494440805,-1.0650366673069565
-1.5767820839427649,0.356243636878753,-0.3805270262676732,0.4962930022161776,-1.09486109079656,-0.9141496221703761,-0.44755788555755066
-0.7292361840943261,-2.564080532400762,-0.5754775252872889,-0.44433936235299093,-0.22083564435268366,-0.2004320222980634,-1.0502435786241675
-1.714336647164106,0.05205827873324996,-0.5004554923690284,0.7809891506865517,-0.19592124908280914,-1.2629441908902743,-0.4133236920615873
-1.8801826501914698,1.5005731517772232,-0.8084254360832072,-0.2300512925295671,0.012688074183929313,-1.2811069229325858,-0.30758538842649236
-0.757435450962991,0.247083366774565,-0.31010526775894115,-0.037431552151526264,-0.2331293914635482,-0.09201912386754585,-0.9970773677202338
0.20075266877919626,0.26631178033254493,-0.16181715197380328,-0.4147758238352652,0.6711117757967145,0.8820448185190488,-1.6801478447655744
-0.8032520924704679,0.7927263722438032,-0.030648603445217297,-0.5788403348345024,0.2687898542927436,0.6183385497810638,-1.1341401816260066
-1.6454560353751921,0.5757780350654926,-0.2386815954580879,0.4380420641414601,1.160861247011336,-0.5846919180977913,-0.6702050656957209
-1.0020572615474348,0.11309784847530283,0.023133625361085413,-0.3547145918046884,-0.402077837671592,0.4296191100072585,-0.9515188452250292
-1.5103252897827348,-1.965405713901703,-0.1751335938790717,0.7985355347589133,0.7862312617957044,-0.5723999995430653,-0.7741291584372902
-1.0247339081335658,2.4064778519691887,0.25828848124773807,0.2887242113224159,-0.027017380417710513,0.43064394735423916,-0.9574011519150013
-1.012467709746574,1.381006047845321,0.3581678595676207,1.1761724106341735,0.6369943139134275,0.18071107158883162,-1.0266703311445464
-1.5960075315301194,-1.1183503665457655,-0.5814768124761517,-1.0938145917817448,0.07291859903225086,-0.3084999155226068,-0.6345705037562154
-1.3254627718674394,-0.3926412210704721,0.12117619216838532,1.4989231547307234,1.298112465031338,-0.4220608670511913,-0.8958162911253247
-1.466887306325421,-0.7408873684904972,0.07984116290222083,2.0371423454793844,2.0974930212619234,-0.7869577265875619,-0.8606602251789536
-1.9659768625321217,-0.29665341393267025,-0.22096170273497753,0.8962707141909335,0.6804961800297475,-0.9708828299395605,-0.4486566079504497
-2.256618772606609,1.3412903132551188,-0.08345471065274439,1.0110215778251441,-0.24920561044802672,-1.0531489617914966,-0.19188505383743945
-2.090845883772365,1.356698337401312,0.08919265128008609,0.8101384137521176,-1.351612670124224,-0.6695353454164347,-0.2271746660805107
-1.806729193555143,1.225303221011072,-0.13457257618688628,-0.3449307701338058,-1.3055443362320793,-0.24664480355176346,-0.4081996891276421
-1.6519447997001706,-2.5041848953601504,0.4608036128290898,1.8124124436827782,-2.2297783004669927,-0.3895586183808354,-0.50775091015306
-1.134298984376658,0.8626855750361083,0.008829505426330963,0.08653271420813019,0.3575158315999648,0.16993834689071816,-0.936050334353431
-1.4057683904992349,0.2556526141572667,0.03630418261054486,0.631092763179734,0.3014131913764493,-0.22630454286593008,-0.7487684311146151
-1.323435883448083,1.7741452591284068,0.42078988528118694,2.124074419196315,1.2983329165123638,-0.3453291566838005,-0.8734906729886426
-1.5279280085612719,2.190820761230892,-0.08047589743666485,0.2976013973329449,0.797236105379919,-0.27874352508165456,-0.693181466750913
-1.8323234486713944,0.9598137126360339,-0.21434352629495781,0.12294530280930965,0.072768502447931,-0.5675457737239451,-0.4586572949558838
-1.5568023505253878,1.4431202830236396,-0.1830561247527163,-0.7891484538009798,-0.9350237805352173,0.027398795117568698,-0.558889210918872
-2.2398306479667287,-1.2142912204197513,-1.066588867836767,-2.6711838760619835,-1.5156916737591632,-0.618377737746325,-0.11739188122720341
-2.1155145273073117,-1.935664529208632,-0.54455153502465,-0.23367697955233643,-0.3132271912634186,-0.9701658900694518,-0.29612847450892826
-1.2477560545931234,-0.9874955140998697,0.2205509944108875,0.25090114149694653,-1.8198388862800692,0.2542613006858021,-0.7511668420856895
-1.7553393335371679,-1.4297498858668183,-0.33737955748519244,0.3995176000807179,0.655856199505522,-0.7511091208974577,-0.5971926209584687
-1.4037990938704579,0.2412635446784542,-0.3602546690408473,-0.6121949958467346,0.6120808236669733,-0.14511347206991057,-0.7646764832196519
-2.202601538219194,2.1227159149481896,-0.15674776390898296,0.20391151254277348,-0.8866374117301546,-0.7546492864407485,-0.18003509669584214
-2.0330129800803776,1.3515475755608812,0.10702178247154477,1.350969445006256,-0.3778670094170427,-0.8091567174789568,-0.35700453848167496
-1.5941476092127609,-0.5227186287155092,-0.469113085467465,-1.4621471444282996,-1.1025099914949015,-0.04707086554833294,-0.5342236596914953
-1.7528894755552247,-0.9014178771339515,-0.2500321423265979,-0.05962271805964435,-0.5270267891189163,-0.48412630153739944,-0.4916859211374123
-0.1709903137838025,-0.505060619925222,0.10345062240453946,-0.9609383672728098,0.033981046456897625,1.3110621514803884,-1.5010713356003687
-0.23183600101708654,0.6652868679855306,-0.029489193649235156,-1.2813130429332127,0.5933916313368736,1.2632301891353035,-1.4850940009572455
-1.7762500324604282,-0.9056104797123647,0.29133678725434703,1.5292923751209782,-0.958217943041818,-0.47585224811131854,-0.7645898236719207
-1.9517397652296224,1.3714542328656545,-0.16690985041891185,-0.046053750254677735,-0.33942768332041046,-0.47001839726048744,-0.6201339519213863
-1.691568297927434,0.875925410423089,-0.372949401832338,-2.27277628761633,-2.712411622870649,0.4007478022189076,-0.6358587113157459
-1.5072562053390612,0.30017404991610475,0.0075185399410701145,0.4717157622597048,0.18258308143462648,-0.16977722008208398,-0.9845024968028535
-1.426192199171595,-1.6679990262263535,-0.13191863152504008,-0.06515619633487181,-0.3500735779027704,-0.07048063362643427,-1.0022515205741234
-0.8434994699497814,0.3623167081599476,0.39103578483072043,1.1323220529005251,0.8075350315607515,0.40454679859976683,-1.4311751273364406
-0.6479186356500881,1.2237493493504181,0.5878466189746094,1.0724804260852794,0.14973663413762195,0.7955040759141426,-1.5240589874911166
-1.8103187857304492,0.7020429563749754,-0.1652078668803384,-0.01757978984937959,-0.2739519885342113,-0.36025004713193653,-0.7529597347120079
-1.3306937823974063,-2.4986405698364176,-0.5869220601042417,-1.3435367511292762,0.29231360320481065,0.010230564032155939,-1.0945546260757792
-2.0194038554264795,-1.3931415783076608,-0.8832879536823723,-1.464040225563836,0.510476925245013,-0.7083550652191066,-0.6704173610216284
-1.4353136071617512,-1.1193443115456292,0.0852746640073967,0.3115901478332005,-0.948648483719997,0.012607323849684823,-0.9605310440989804
-2.1315025419835805,-0.2835140623060733,0.4184858803600181,2.985021205421619,0.1758470000660073,-1.162781123595167,-0.6217676122935932
-0.6244440300277105,1.8692951407823044,0.3488467041826038,-0.10491386889954862,-0.12251737912709684,1.0257766941417839,-1.494783328669246
-1.1123857890443085,-0.4218188624798766,0.11275430115314676,-0.42398753866762,-1.2993922672974672,0.5465423344547442,-1.1123646974434704
-1.107182690712086,2.9726629807733738,0.07207752143536739,-1.0468820380247363,-0.9750843190432645,0.7891945466945175,-1.1119735007702394
-1.958876955700917,-1.2598048384560483,-0.691030054462562,-1.3922106191929635,-0.4270510716037309,-0.49115553918174293,-0.643924002750459
-1.5677705737768695,0.9539833717717777,-0.2157975587376588,-0.0517187306940022,0.8426373035764335,-0.2502845148134352,-0.9615879149758606
-1.609275523393168,-0.17589496258006396,-0.28519669160570404,-0.4434382977874174,-0.014247325726557215,-0.19087954029389795,-0.8976105426973844
-1.697641315350625,0.8467876087803861,-0.6105456500426861,-2.3161004470762427,-1.1634069310359687,0.14740162568077103,-0.7215185652679567
-0.7395630298721686,0.024936749812939616,0.1389212087346656,-0.4873096772691567,-0.3622543474578938,0.8493356177391639,-1.4006611797321278
-0.5314452627870688,-0.5920092385032969,0.3082212745380115,-0.5369232140441876,-1.38096257849788,1.2177533815938402,-1.5048522753226747
-1.709510780848708,1.0103370011840538,0.2642733280185773,0.840921536686458,-1.1335257848521383,-0.18087326880815266,-0.7590785418828213
-1.5740517754821894,0.5525989517464528,0.047296086637730925,0.9218378090921268,0.5896768712025201,-0.33343190247947946,-0.9924200511709249
-1.9147589083861773,2.227656132781455,0.14587721871820994,1.3716685669142263,0.5133627179989191,-0.644727926038854,-0.7412428101999697
-1.9448713296336293,-1.0018671292508126,0.020384352612112727,0.9330084782258771,-0.802710462211679,-0.6315246416632107,-0.6734667352447782
-1.4788504547528796,2.9234923996734548,0.3037817482472332,1.0999682500563492,0.47928258471924867,-0.08266880257865707,-0.9890744157517409
-0.9496099163551281,-0.12469638661482407,0.3592428457908652,0.7259584312507763,-0.2781828676776973,0.47158322244627443,-1.3060049609818702
0.5035998453557349,-1.3731785175819418,0.7284411706197251,0.36703257536566813,0.2030619000280437,1.9743893292362877,-2.2561942071176477
-0.9691768955870282,0.9307663015249997,-0.5944436103132222,-0.32526714043114335,1.0996377709069953,-0.45292066260531794,-1.0225981305638583
-1.4694900425330455,-0.019939078204351163,-0.7014545487836198,-0.011015538231323667,0.6154002824878331,-1.0272340099769384,-0.6968633681078215
-1.0492524336988005,1.5688277809548303,-0.2851632994358614,0.5514172499922949,0.6126612874448902,-0.5094520205606412,-0.9591267385293036
-0.8430776548437606,0.7649624189139467,-0.11066352306789598,1.173578152684883,0.9010526623019542,-0.44140875028795135,-1.120513329407918
-1.39297107807847,0.013805310019884876,-0.7233104811746833,-0.5280193669543514,0.010457404734845679,-0.7902041050615727,-0.7002575599339306
-0.30211631903802977,-2.91017477868144,-0.5393038537092076,-0.8448422991780017,0.11744794364428884,0.25749208635122317,-1.4292055483937849
0.2683601080908217,-1.2384227571533577,0.6457878602277618,1.4596934535435897,-1.3798420524698416,1.0096453252146798,-1.7146232231774787
-0.7774088134058007,-0.8270311818219807,-0.48361178038177244,-0.26577730816619044,0.38237971769454604,-0.24744992007015268,-1.1044201622029755
-1.2740639971403964,-0.3508953540557944,-0.4777988601650335,0.13516637018438282,-0.2719897857377735,-0.699230554479034,-0.7860337121890341
-1.856139810944559,1.4194806938564877,-0.5236569602632393,0.6839725880096226,0.05405560167817554,-1.3403921967402548,-0.43967620423036596
-1.3881382533491553,2.153171219959818,-0.6202558761601225,-1.2962749541730298,-1.274659736103908,-0.3665799311550678,-0.5756789062893861
-1.3834676424133816,1.1035561608336488,-1.098603095641585,-1.052290193801481,1.958245597646071,-0.9615704887115524,-0.8284063160568821
-0.20181031681421888,0.6520662204707023,0.4312269610420288,1.9864783381448743,0.5140953198987291,0.24781870049153554,-1.5137950601044343
-0.49522523022543613,0.5228060719083362,0.19029806893684115,1.3321169774319672,0.008635862576009975,0.06014242059341596,-1.2955995420681277
-0.5793175128163162,0.17595493032279197,-0.36079683395467077,-0.46057860757808766,0.02871763040119209,0.12122047226577314,-1.2166610227883026
-1.5962996251470292,1.3467945793664924,-0.6548978684746928,0.015430438910511442,0.45263477946934627,-1.0537387300127432,-0.6060526162263542
-1.2335972831392188,0.38250478750665795,-0.14052585026524245,0.9500954744972013,-0.6364683752345657,-0.6314096065265244,-0.7914303860883691
-1.6981045845982978,0.8263091661070809,-0.5160173893179207,-0.6616644142109804,-2.259527543187379,-0.7010419205181793,-0.3626174879877139
-0.9876646236769121,1.35845880113713,-0.32755954608643895,0.3504434860452012,0.6793564331798495,-0.4485323111717509,-0.9856799777989275
-0.10006972500768897,2.0262403863262746,0.08042310033625252,0.024650418583252044,0.01766423833730262,0.728587589723537,-1.5032332927070648
-0.2499100192276618,-0.0021725507124963285,-0.666288539044731,-1.3985090815627224,1.2486417361738054,0.3765551788257929,-1.4810656262865611
-0.5384987610321905,-1.7461638748844233,0.08677438959040615,0.8504126496443525,-1.128589032658306,0.09125514579724796,-1.1990329157298836
-0.8528074952880463,-2.478121687793773,-0.4401644221910918,1.0009276317897786,1.5400156670872436,-0.745051225083464,-1.19238132033201
-1.395250561659729,-0.17364303582026833,-0.43524160323163685,0.042375537285032024,-1.0280508588241324,-0.6926556846821582,-0.661121305797308
-1.3066431385957324,0.8348920006327073,-0.9612556122320166,-1.7949774782703947,-0.18487125817951372,-0.48194904589445087,-0.7103578801036095
-0.4510732929421724,0.7524221712259723,-0.4558348165654043,-0.7181036051134443,0.7619973330046061,0.21222912515098685,-1.3379192518618757
-0.7466135692081663,-1.1804272680686536,-0.7015196624885607,-1.1298858324588852,0.11148841866433545,-0.09986083404762656,-1.117583722091611
-0.30410902049083277,-0.44433328024148855,-0.4986117638840331,-1.2272032408373803,0.03425662054464941,0.4679712313803321,-1.3944471211306808
-0.7497353610128864,0.08676542735634925,-0.419814543225813,-0.9309772430463524,-1.0147237490676242,0.14126304293888176,-1.0461210918982895
-0.7464721659699132,-1.0365350089787024,-0.47556366493622276,-0.6357078930571659,-0.5433262823261913,-0.02955662333620384,-1.1073928993139257
-0.7385241483112257,-3.5290417705305117,-0.46011562235783054,-0.5772953352735911,-1.4150988997737943,-0.05244679294614529,-1.0715167848370444
-2.3184593075033333,1.8582362084164292,-0.4518413532624286,-1.1229811773902336,-0.8317824302982161,-0.5241794820462659,-0.4778429501451518
-2.168967085266956,0.9610691790474142,-0.7216850812494979,-2.2165740203791553,-0.9177337324282023,-0.2940613953916284,-0.5460408760444327
-0.9986510471090632,-0.28274328768379803,-0.15657492575903278,-0.8025771530671877,0.6708236296439742,0.5433222406905126,-1.4413381437120225
-0.3836631392205273,-1.2396962299237158,0.15319649688517176,-1.4501884853634193,-1.2411008548941616,1.5365741526237051,-1.6976661086590392
-1.885737272753042,-1.9328611672254934,-0.38086910252199185,-0.057374332332655174,0.46968415960451027,-0.5999088187997799,-0.8948734043636531
-1.9470158890700155,0.7951940155636958,-0.3105104675318015,-0.5893028122677584,-0.16890402199539667,-0.3350765210739614,-0.7824110147459377
-1.7884983465876996,-0.7794386185328789,0.2504113187996651,0.9327171047709538,-1.2266224825475267,-0.24868312352838162,-0.8428768082606063
-1.7972885055669359,-0.5472933014201808,-0.6045540609982503,-1.3575148583865706,0.29530123500998046,-0.2500583338315382,-0.911302719589933
-2.0636696350629227,1.5785299681645746,-0.32116712398433955,-0.8473498882925139,-0.6708519934183464,-0.30519536655754326,-0.6780437619495789
-1.220648024463652,-0.995225106722998,0.24891328471399948,0.8570920299131239,0.14011747105962377,0.1647593676035156,-1.2985767265721555
-1.1775276252306284,0.3568871545998476,-0.08789072464305427,-1.1534347558380764,-0.7400048901846511,0.6457689691074017,-1.2293945625757159
-1.906602910817173,3.115941997366296,0.09250486477907303,-0.09653456543566606,-0.9845830261179082,-0.06020269183639002,-0.7363756838950651
-1.4934121811465204,-1.9965581881093382,-0.16685986115406307,-0.840418794416152,-1.324537314988205,0.19617515863035237,-1.0023240987888633
-1.4107943046247065,-0.840437026392922,0.09742626796772007,0.6055713120684281,0.28005874500447664,-0.038822833921039614,-1.1660684268623687
-1.4936482620729263,0.24677790993674625,-0.6217153280432289,-1.3801849012599061,1.5689577571539273,-0.06174406663165286,-1.1671132810251208
-1.8370600105356047,1.8904922146658876,-0.1881709958739902,-0.330432073333228,0.2422552691342473,-0.2347458965729552,-0.8631734231180965
-2.049915452772912,2.338292564389101,0.0376198392347126,0.7571794904941868,0.2959527090243629,-0.561041997675452,-0.7501050514504751
-1.0591300681122942,-1.710340900134058,0.011788772696918828,-0.33258006213869984,-0.3393397066988815,0.49862117668242556,-1.369309565320834
-2.214640423854579,1.1980369185892144,0.34685385970793475,0.4463436865350177,-3.330990332260837,-0.2084378504233031,-0.4278484266152844
-1.9486950417004951,-1.7596709462957685,0.23965445203564723,2.696414398217029,1.294897136234494,-1.0679333784263039,-0.9546085758291926
-1.6587741452759532,0.5924678930703073,0.41098095719760014,0.6158961151713535,-2.0524359467282456,0.15028606822607274,-0.8579511700491139
-1.9823508280855575,-0.9480301623163484,-0.09277397157458159,1.0500591892801994,0.7215955900101257,-0.7983940406177485,-0.8493007906611034
-2.161386192716886,0.7749004765778239,-0.11577344069835657,0.3704175349429894,-0.2608500094257942,-0.6616261494773437,-0.6451537523252191
-0.48860197006490963,1.5403113684598255,0.3921505217140521,-0.3804954283897637,-0.08316078693962843,1.3057612348400105,-1.689627052257665
-1.2132174933479405,-0.3309265025886299,-0.014227947828680228,0.0021658112782287934,0.6670959331682073,0.21412961161106317,-1.2987572489102603
-1.5225809280720102,3.1452225067004225,0.005804380103683835,-0.4956010629636588,-0.05049606719937776,0.26344343049145796,-1.0341354208831772
-2.5628823231973192,-0.3837586070087341,-0.7270182975781649,-0.9917685554485464,-0.24497729175900912,-1.0499911736806926,-0.38507008187164987
-2.4886690194788237,1.1914686165173514,0.017611714291765918,1.1083667428220947,-0.5923054863541906,-1.019940943415028,-0.43491238942240557
-2.1449567173422968,-0.04821587234267213,-0.2976268136646447,0.013048295056925278,-0.0028707269377707266,-0.6985802437116633,-0.686260949342037
-2.3022059007417304,-0.9022487914842611,-0.183852279330286,1.5259642486684852,1.2947985899924346,-1.289000610452285,-0.7050684962982419
-2.7354564447069745,0.5436899781839574,0.0758738831559466,-0.2275281376130834,0.06616666086003885,-0.3303969460136727,-0.5883912354276095
-3.1163570042746223,0.9757884073732326,-0.11166885062787668,-0.40941944630119825,0.14478799951456084,-0.7265348395577695,-0.33017860344831107
-2.679020940526204,1.1214418825707224,0.23645690938730718,0.1678654081838329,0.04380939444422425,-0.2628698928741618,-0.6359647313990436
-3.0115659735176434,-1.568278508500596,-0.4041560005175421,-1.1268188562342818,0.002697856754713659,-0.6711162062764411,-0.4327811161547766
-3.3002474690543355,0.3170656759334993,-0.26741173478508606,-0.3234593266623764,0.5629497040990094,-1.047887952552611,-0.2579814408401742
-2.8947607299185356,1.3000771103031685,0.1639371953790876,-0.12698726201687843,-0.531374936147377,-0.3731783041105422,-0.449287956134833
-2.7297444683487626,1.4443603546657708,-0.17561257349426973,-0.9174712657617231,0.8744101852877788,-0.32676903021377296,-0.614656025061698
-2.137387454660805,-1.51946586160922,-0.10050998786072685,-1.4268266529000353,-0.03734949738662934,0.34023877830507454,-0.9524681754519806
-2.5278464275746546,-2.0863073142187023,-0.039411631970168066,-0.58884543578283,-0.21326247239376234,-0.18909847127229415,-0.71748813835169
-3.248207599046399,-1.1414160007107996,-0.11934957456654238,0.39026826093697237,0.5104349871776938,-1.1492624460571295,-0.3094618762353851
-2.3969149248822377,0.9388452431636899,-0.38608384782351335,-1.73733620047926,1.5234756000960932,-0.00788245146748461,-0.8576633610714965
-2.9853339995190677,-0.07670745120327732,-0.20160191979613873,0.019115068267755605,1.4222922487054321,-0.8871196775736858,-0.5427441672819664
-2.961867261446172,0.000753700567887141,0.14368881175488038,1.0602912117933647,1.269052229114643,-0.9464220993563432,-0.5264458585444065
-2.7299294079219,-0.11286046416049875,0.0826552623009074,-0.3235388224290738,-0.3864533386138068,-0.2855383095202076,-0.566106018870795
-2.0727333629608515,-1.8962764961726755,0.12095322050991783,-1.1847384629640285,-1.083223288731048,0.532210607509367,-0.9420005293262
-1.840109652530252,-1.3790339316254898,0.28275393372744045,-0.46925351976063273,-0.007421752714433952,0.5840121943040347,-1.1705504887192726
-2.6015291417500617,-1.2593521580996916,0.13860295074703285,-0.3765743521649834,-0.8920862347344078,-0.13344807908130693,-0.6140106510652509
-2.846585945169213,0.5189756206339429,0.1800804697396897,-0.4807577266192477,-1.4960363023591723,-0.1787905616291625,-0.4265685269914951
-2.8504711566343035,-0.2905530437008291,0.12201205453628847,-0.203425024927613,-0.8910183144416182,-0.3602386528611806,-0.4747984921144591
-2.3379162337786226,-1.576734614528498,-0.25017787020454985,-1.1212554103238896,1.0026224251868847,-0.08648810647657307,-0.8893788776655596
-2.3557786875471907,-0.3838473890121275,0.11052006164098907,-0.5329724659371927,0.05622544354652283,0.061654184382793874,-0.8130370399094583
-1.730646130570495,-1.6923346996691186,0.6116894345576416,0.23389744806524584,-0.7066000453851159,0.7244189676162353,-1.2020345392137166
-1.892046550406456,-0.9812844510232022,0.18339782761103132,-1.0509419917466145,-0.41119732071596415,0.6740746750538669,-1.095519235136198
-2.6469751374135035,0.3234216010463507,0.6068655399045845,1.466681665527636,-0.1941360055077302,-0.37584312645978335,-0.6562499538188573
-2.726711486709733,0.21779064450094418,-0.18366732082083936,-0.7788905748335374,0.736419214956636,-0.3950957046069493,-0.6221016617889936
-2.77077445666981,-1.702123042344763,0.4289192909921154,1.7163962366081429,0.3868412069585818,-0.7644005337173869,-0.6364494496656941
-2.4039905513412907,-0.31259105785559155,0.20909714809543503,-0.7217327759450147,-1.1574049226979692,0.22961396339970724,-0.7201456338588621
-2.665457335084472,-1.8175737951823212,-0.15763824064219378,-0.19373030412500208,1.0433475646308938,-0.565204985427342,-0.7162997294887362
-2.7360340568461474,0.5800642138023501,-0.11018637188639835,-0.4284946784586882,0.997511856801157,-0.45846961483531945,-0.6370344315558492
-2.1436042528620107,0.8284141043929812,0.5472621854220472,1.0662011001753244,1.0994468044824088,0.05322271572161282,-1.0404099412092194
-2.1901606538863923,0.38500555028984834,0.5971622276554521,0.8570674005623862,-0.0001999265200176494,0.17288450475206313,-0.9581972817271442
-0.9750115816371203,0.8708847508422998,-0.6685437537132081,0.04330211789602313,-0.3733845782039825,-0.8076656405480304,-1.043733175310769
-1.2203390691031635,1.0299048492017384,-0.7954174727545467,-0.10184940067874462,-0.4443207523214962,-1.0440296893655403,-0.8870797053581012
-0.8430564095421839,0.8806684253799486,-0.2782961304479165,1.9675365573706154,1.058541557330359,-1.0880091261577045,-1.2266067228947326
-1.3004324623734635,0.5801057650619817,-0.6511912014148553,0.6469247506532798,-0.3913128205754148,-1.2485725438703756,-0.8503594490021007
-0.2793923069703981,-1.03485377428158,-1.4099965993834076,-2.569848852763344,0.9898004353168023,-0.10402183149252411,-1.5552064258109095
0.1228086743917575,0.48767232787103143,-0.05867811472447307,0.8902512344925594,0.15103121119858243,0.21855743042078282,-1.758324542452028
-1.0098178341209476,-1.1877621414809054,-0.8448647369397422,-0.6725210645780715,-1.392646459624845,-0.7457867959026416,-0.9647631842774739
-1.1795010442589822,2.394557713323244,-0.6612487298730729,0.0870607280641025,-0.2738506884018115,-0.9625572815677182,-0.8878814797177884
-1.6330869554827574,0.5061884810982397,-1.5755456865107227,-1.4418182902699346,1.0176657111106784,-1.6391007838024922,-0.695518500158268
-1.2435355537946342,0.15539385008316176,-0.7770783718278912,0.5587704046255539,0.379688588984432,-1.3314090635335065,-0.9189938632440823
-0.8897799054638904,3.3443791487213583,-0.26047184410686003,1.2506007318219265,0.28949459059159083,-0.7791378720768861,-1.1356049738420995
-0.8495054671133976,-0.8820078082645086,-0.5050671854835919,1.5681545653701707,1.1015324834000975,-1.1714934537756052,-1.2549298761825989
-0.9452376737333208,0.067433943957677,-0.46219079143005176,1.1831833140755255,0.23876405227582587,-1.0453251304389946,-1.1048251698073335
-1.0282101993155728,2.1661033694503202,-0.6302887268946354,-0.6828957896940534,-1.635386539346309,-0.5107137353316944,-0.896895579240469
-1.0883656844977383,0.8782261192545651,-1.0366251280537673,-0.6223995633288455,0.5741641365775544,-1.0180851076463586,-1.0198727451116822
-1.2196102803236033,1.9814068456985803,-0.7681739776517716,-0.42321246462980233,-0.8489829049276608,-0.8862137198737136,-0.8403438633759975
-1.5009716079134223,1.5719206190287482,-0.8680741110728929,0.7982617087256687,1.1880415920363574,-1.6758028828918714,-0.815275340329361
-1.779230082066444,-0.5368153025285818,-1.0131299539168406,0.02860972976786953,-0.8913743387881865,-1.7129880428165314,-0.5230294643019757
-0.5831961693372781,1.3915244384431054,-0.11646417269431576,2.027800456657584,0.8829241301029218,-0.734611611482201,-1.4049622213433024
-0.13062527547844766,-0.6363366209292701,-0.4751749667277531,-0.8806679215127933,-1.591453277020463,0.32544885158930276,-1.495674750129871
-0.9416645502460346,1.3360916319815959,-0.6897681318498092,-1.2209466649875058,-2.368319623603332,-0.2928961427089355,-0.9188555594721382
-0.8663436295907623,1.6653670025465195,-0.6176724952750761,0.2861817540498291,0.400042630450757,-0.785807988279034,-1.1440917437197595
-1.436827923796793,-0.16249525790804484,-0.7883665040248792,1.0099589789942138,0.6014329305801459,-1.6467749113374752,-0.8308999755839999
-1.4350797041738654,-1.4981217761839787,-1.0855906490647393,-1.1297634852147427,-1.943614297476812,-1.1072144523643233,-0.6583485226475257
-1.3845830182649428,0.02077148871660342,-1.371285084560705,-1.1530187156503884,0.6797931092657605,-1.3673661916258848,-0.8430086340684547
-0.27756679637150783,0.3199649257199589,-0.4988007601070803,-0.25943598486272945,-0.3132504824302209,-0.043292475014129556,-1.4846804293223963
-0.24003270349043332,-2.0161045315980743,-0.7958624872865903,-1.094181801493926,-0.6958480329486433,-0.0035649503133541567,-1.509538776700861
-0.17280386265827152,0.35664094291000936,-0.42515709712809135,0.661717566337325,1.19998825722523,-0.2556745516369893,-1.670495638184034
-1.1661675487536365,-1.592900464979167,-0.480979425474122,0.8953517052849943,-1.5389325249771093,-1.080935699515881,-0.8910411423344614
-1.3537094625275703,-1.5447783048736525,-1.1354408017435786,0.4914148399639641,1.668139674986966,-1.75829824955403,-0.967388337254613
-1.1038114256155274,1.5695144196621675,-0.4634244887728945,-0.03513633988670562,-1.2073396250112667,-0.6391767381270573,-0.5717890191269267
-1.0988284632028524,1.9007885273001894,-0.5997456359152417,-0.09958118983354367,-0.3234075483641422,-0.7420052777798699,-0.643793766673374
-0.47344138811768477,0.29300193986652956,-0.4307362583691048,0.06803295842133701,0.05391473984635514,-0.22688470948136555,-1.0701464578534214
-0.14269662654145557,0.1746593108492351,-0.33261455613373914,-0.542812911347362,-0.8807219258955086,0.3465324866603225,-1.212640746626337
-1.2374481843065233,0.3176317555834673,-0.8909295180135692,-0.7353897454857726,-0.48614187988208896,-0.9121866683751275,-0.5422136072959369
-0.9943807371320301,0.969796409051105,-0.19218007526900832,0.7789087797836655,-1.4311081882175762,-0.6030265020759912,-0.6433041060149804
-0.648502079612847,1.7881918398163645,-0.4556095656221766,-0.7048948751922215,-1.1688286524430331,-0.05260057755434054,-0.8545244527083595
-1.3128320139404184,0.8740430131399967,-0.499529935465591,1.1288673901374244,0.32854232362501706,-1.277180357970576,-0.5762457802494194
-1.0670515953144843,0.10850266200660605,-0.9182479965803624,-1.2764286478115234,-0.9109592237998952,-0.6131239944543039,-0.6141846336656791
-0.9981228064836597,-1.2117125290851631,-0.15807626251477036,1.8412279099105746,-0.6018259152913709,-0.9812940002198858,-0.7600870749732629
-0.0147541051348923,0.6471543024624752,0.2481238025922783,1.9354045188112987,0.3626227052525968,0.07209245742584919,-1.4096631904114703
-0.827633086630227,0.8416273465548605,-0.3455637553806868,1.344687403362538,1.1440080273772286,-0.8943939815628411,-0.9149056427850558
-1.0386375568742627,0.33712704458393367,-0.4948882190576839,0.342099345586967,-0.6196107509466099,-0.7741650966760234,-0.6838497335562927
-1.6865853070036994,0.11758113337108261,-0.5632434345164068,1.2665148964775998,-0.33019338245597246,-1.6530669068108996,-0.30910063139127725
-0.892493371257703,-1.4235788664475295,-0.7663028045146848,-0.05127178270002062,0.1953413988925694,-0.8118543943322546,-0.8516752864604862
-0.6065280971239615,-3.611447907176581,0.0009083679010505904,1.4932339750300978,-2.070643101511985,-0.43444510832798544,-0.9146960291525719
0.6877778094561822,1.2933742427523272,0.8739629520503813,1.6031687148188458,-2.3217724509224555,1.3625597129116995,-1.676063772906506
0.09170418000449708,1.2180245788430453,0.3160725820232082,1.022761648277372,-1.221576778329766,0.5673987296074671,-1.3349260379015935
-0.6303461430268994,1.249932055841195,-0.009482104065382134,1.2839075709171726,-0.6069759181211866,-0.3585311601655825,-0.9367042444484686
-1.2172520418061734,2.661623799772274,-0.619747631213436,-0.3872957953103864,-0.8077298709518778,-0.716916404870708,-0.5332290274508188
-1.1495878818854757,1.9237976372310746,-0.9415856732264616,-0.8874079081063257,0.4282282261298079,-0.8398196939373126,-0.6371936719417712
-1.3094669961053782,0.12411821335605003,-0.532348404365104,1.0160590580717284,0.0966808024258073,-1.2758078183971022,-0.5614043444277543
-0.5490024438035634,0.8487940627885097,-0.16401841500533293,0.6827411200110308,-0.6340763037909537,-0.22657063668823094,-0.9880060155769659
-1.2631952038491916,-0.5947918130329448,-0.8904135441557496,-0.6023871800508505,-0.6927523804606115,-0.9784907391406062,-0.5322295977873339
-0.5118022612462757,0.5302877335321904,-0.04057603666178573,1.8722918266941815,0.7266779717622582,-0.5409727887877409,-1.1272636778467156
-1.8062302401909223,-0.1757082100409603,-0.6536055350370548,1.0104616644581141,-0.6278183408464835,-1.733919000455203,-0.20843018530205154
-1.4366957357238082,1.2925261021190322,-0.4955514251711941,0.9963043149235933,-0.13882286128070684,-1.300988532780764,-0.46080805648547235
-1.0933059187142173,0.11331024047475748,-0.8814002206758662,-0.4289398033129407,0.4028694416148621,-0.9397550100348759,-0.6850179692199778
-1.0914178374170544,1.6338726610612302,-0.7351005284851151,-0.32072423458387267,0.0856777622517511,-0.7925828181545732,-0.6785281759752005
-1.0776606112357436,-0.42747704957647353,-0.717454785170968,-0.18185289129383028,-0.5643070031922919,-0.8181653467582245,-0.6816459587117008
-0.1525386663255616,2.087543379159769,-0.37932676349632305,-0.7475130445527,-0.2174743946943105,0.37247369535807423,-1.2174043581551979
-0.2516572412454276,-1.330770226140404,-0.6892864951889925,-0.8130290542152523,1.5274438986158774,-0.029755221964119536,-1.0530357792009424
-0.7674402980498055,-1.212373625183238,-0.46690943938374485,0.062376172239553766,0.20639641155555122,-0.4751205137240123,-0.6636465767238188
-1.4118439180708042,-0.6252016405648233,-0.15468553177238434,1.0195953548477488,-1.7582561857117043,-0.9400028929622447,-0.14735107691560678
-1.6381789521757564,1.9064768261522236,-0.9774965254199672,-0.9057503768669625,0.5604907292773436,-1.2043637769362254,-0.09232786558528748
-1.0735552299689273,-0.6104090343879421,-0.5992307580816494,-0.19852261608664384,-0.060617807663060595,-0.7071572335062372,-0.45220622379234904
-0.3418354768058828,2.1420512802086624,0.041612433042691056,-0.08970732307900303,-1.0460449447224938,0.43155542124610813,-0.8085791862555298
-0.9273237579648655,0.7082691169121434,0.1017232009300749,1.3969303020740953,-0.9129209771441086,-0.4844566013593309,-0.499259475570671
0.9263837765009537,0.6791820598036751,0.20105968787945022,-0.3134224427171733,0.4481874651945262,1.5430412739652943,-1.72841382899661
-1.329264424695036,-0.1419899994788481,-0.28694063929646085,0.3248488135473344,-1.8073755806966112,-0.7342074595323622,-0.19561752561416912
-1.0852898312713475,-0.3708165083453684,-0.42981309600568557,0.29141471153606,-0.23754713003895808,-0.726048954587638,-0.439178862447707
-1.3783343885311337,0.44436267155630793,-0.28280721373711853,1.7375490427064575,0.9887959975411296,-1.344325610397469,-0.3404447196050633
-1.2901448190427431,1.5538822409798039,-0.5830008132430067,0.42287058123408644,1.2144356041588393,-1.0755709896163521,-0.3823050331878758
-0.4702789498223522,0.8995697775898068,-0.18441591542237834,0.4363759427507365,0.5965109244427588,-0.10364068166813108,-0.868502264984855
0.08573066482946545,2.6723733119930793,0.30548842529997805,0.505143720051352,-0.36654988533370325,0.7796121714503789,-1.1406882101144546
-0.5485076906041471,-0.7721956001870972,0.1100831693395276,1.3263854772939652,-0.5357423211621942,-0.21307346900278387,-0.7635922935869922
-0.574745986363778,-0.3257509720362283,-0.22320958810688551,-0.12391669604885988,-0.9469625554530909,0.0018316206244693239,-0.704874895900041
-0.5980408039628093,-0.29610458234839315,-0.15729408002349446,0.7473691839393724,0.2007451092668246,-0.29382276598245327,-0.7748207714616189
-1.1493591224825421,-0.7344519345278244,-0.4674662378549586,0.49221773071744046,0.059801591724961384,-0.887722652574377,-0.42946260308076195
-1.1500520571441435,-1.1620923650594905,-0.2134073903468569,0.7003250414400066,-1.4350712613681516,-0.7000537037860055,-0.3380176136973745
-1.2626429432704929,1.6467482527090578,-0.3314275143381457,-0.40700502437468516,-1.978288983594061,-0.4449704841458803,-0.1868448602168965
-0.6500659893129986,0.23038229356595108,-0.2433177306451405,0.450747869963951,0.21900736122040976,-0.2866917720156091,-0.7486931602317
0.18259754067116193,0.22145399173323974,-0.14827201939338708,-0.5436155187888896,0.10714919092067138,0.7592801955968469,-1.2390802397325331
-1.098597863716756,-0.2528918867451336,-0.4194449424564048,0.708211672948089,0.5007800509981419,-0.8940843681555958,-0.4793582552176137
-1.548020873871222,1.1470796879429148,0.01099609553560798,1.2571364962475344,-2.1802911865237915,-0.932692277693368,-0.025774494470860866
-1.008033090247053,-1.2878540685041109,-0.3749452839978765,-0.14488783677324157,-1.5389474228113347,-0.44935828229613645,-0.4009321991515928
-1.102962507901292,2.2472972383466234,-0.10019625921721721,0.8410326805802998,-0.5749531365452486,-0.5735981606495139,-0.4048396755671559
-1.2802106684864103,-0.798935430174558,-0.37148395439580545,0.8918390538343189,-0.26246602886385667,-1.0257928495251145,-0.33938552313356674
-0.05695810646225503,-2.7321301279622126,-0.0987960865300933,-0.09416110235230093,-1.220499670732607,0.4681501615994377,-1.0498464504399965
0.43135646799197125,-0.3397925151072786,-0.16605294619914562,-0.4283445911706456,0.944842451830594,0.8558066029344334,-1.4563255483757833
-1.33506186270819,1.6007035720861416,-0.3482533187924389,0.14355527978284383,-1.0889462331404338,-0.7235640306045931,-0.21772465761099646
-1.147767545177461,0.15828923061832934,-0.3755421076318307,0.18686173858941316,-0.7764192937819417,-0.6656462890578602,-0.356547249429655
-1.0511455015538764,0.990592297440595,-0.9734957516977182,-0.0292198898561857,0.9484291394422145,-1.6283524106887743,0.34237172651326175
-0.8830358469380342,1.103761131946021,-0.33830011052961745,0.8330557123645903,-1.2007297673330957,-1.1807953062601637,0.3719165321271315
-0.13409140127200006,-1.3794651398659838,-0.4213115813594723,0.04749030698226975,-0.9113395267115092,-0.47166900317967086,-0.12946911879109185
0.14391465495258668,1.3912833938894698,-0.300785361581598,-0.35711503620682433,-0.6667270806441101,0.02151926628879003,-0.2872048547311658
0.8476550496561134,-0.5193376676546376,-0.5985982053205108,-0.8062176434316436,1.8006438913151932,0.3371110696543588,-0.9011304205979195
0.24096303582001297,1.2754554887201188,-0.1029603938200159,0.4634737014929764,-0.15180295479020128,-0.048172580510452735,-0.37368629572273165
-0.3640403733191555,0.016212651081746677,-0.5369053151787221,0.0985004708365496,-0.14416341915287256,-0.76618925298798,-0.017254894479775722
-0.7706926302646706,-0.8610218067940361,-0.9305909053427247,-1.13607177617216,-1.2512615107275864,-0.9781857817663954,0.32657352585962934
-0.6238613540917664,1.5859087591952457,-0.7138137761980154,-0.09036841296849354,0.6003804623014625,-1.0568669172872034,0.12762379207819524
0.006858354997509525,-1.5999076428019874,-0.5238150660141222,-1.6122713285874402,-3.0603224099326565,0.1840568205440953,-0.06483175270924334
-0.08337131277361971,-0.009947672409812272,-0.7601645573481132,-1.2467180516102658,-0.3580245592880546,-0.28449424958837033,-0.15689284302818995
0.45481378323247584,0.9467650128093044,-0.3540671621689095,-0.20398743418471119,0.6875475493610725,0.11025066953575191,-0.5808252950272732
-0.20891231057224977,0.6055611390065412,-0.8044510600026503,-1.2844916163226567,-0.2713022983957436,-0.3936036677752091,-0.08156025615016042
-0.181365064296552,2.238132549129095,-0.29372743757587455,-0.28380552521141533,-1.116945149377338,-0.22735818328089516,-0.029150826237807886
-1.1075390332121093,2.3707646217629916,-0.8598175639174075,-0.6079119700694288,-0.5283308593581193,-1.310129462785847,0.5032485742598432
-0.5121448713563425,1.562881099251429,-0.5822843835493436,0.45840550880606995,1.050240861738442,-1.0608257980728115,0.02034891798292911
-0.01328525110304358,0.16279877681870653,-0.568071056831007,-0.38213580737469205,0.24779906343801583,-0.3802155382082281,-0.24721355352847105
0.34258566332799767,1.7600807403647825,-0.17629683765542195,-0.5662368157590252,-1.2659713009892046,0.3881634872183508,-0.3823111390831643
1.735065880527895,-1.1859281138385387,0.16796471293237297,0.13974006462502983,0.6776166348561599,1.3658619274622996,-1.3977561856115006
-0.13438380781538398,-1.548256044169061,-0.3613581117554819,1.0833005498671047,0.621072023446926,-0.8353412557060242,-0.2311630213056142
-0.17893967546626235,1.4304065899641167,-0.24274554479191815,-0.06672540488232426,-1.3806445983473825,-0.25529598500071254,-0.03216225666273196
-0.5257287905268447,0.23318439903215926,-0.9540617401783592,-1.1045626195416622,0.05153309416406485,-0.8419719021873647,0.09203739606891949
-0.48692789784486307,1.2371032652564904,-0.6997349158630477,-0.23500509375914244,0.4313423479361111,-0.8809737856929628,0.03605553002123675
0.14428719370085133,1.1808526063093978,-0.1804361443649088,-0.23238373054510889,-1.3388453948840655,0.10313272435333998,-0.2502873877048625
0.38951223644207805,-1.1544720611489823,-0.49726107760553956,0.06020289344787499,1.2362045827105659,-0.21676383634815552,-0.5866469357193482
1.433962314390884,0.24400465755873488,-0.2524044440663109,-1.8558843285496331,-0.5596559161774496,1.5226021465876656,-1.0885548364358133
-0.08797507199165767,-1.4737768577175185,-0.6077339293140281,-0.5846968130088666,-0.7396404894825783,-0.38937542616803544,-0.16065575982145297
-0.45894126196424595,-0.5209567910772628,-1.0856312273119162,-1.3084610492843216,0.5002942532464285,-0.8690367651278961,0.024473400621284908
-1.031673257609096,0.5315598294646557,-0.7409300840838964,-0.8414022636751436,-2.2175382220439115,-1.0549228519102727,0.5596786827678516
-0.9656521385702317,-1.1952331885966574,-0.7918131914488438,-0.35087162307982916,-1.4802961234729275,-1.2555089528535888,0.4275819869321801
-0.23000633839480877,-0.8070936077854943,-0.7565029330197504,0.5462055509710732,-0.29107633867649996,-1.2764132970746682,0.27197951453836167
0.29699305584568647,1.3154356882769762,-0.5019287813974831,0.23894396296556067,-0.28511461569045704,-0.5206601076414298,-0.028007438436783782
1.4139757250555118,1.0604896016498178,0.11986504165667028,0.6936917327763759,-0.5644245765527582,0.7086506845422189,-0.717561536599116
-0.23161987566208098,-1.3046540071777264,-1.0336081117706417,-0.6813289153607587,-0.8918982268818874,-1.091727001353185,0.33076202714820224
-0.5678529881951077,-0.4135744037557473,-1.003384735292661,0.41513046939181497,0.2685830177298341,-1.7002284516633055,0.4392313798353653
-0.5020167589766028,-0.7962887133935466,-0.6505347639662359,0.4605466413571634,-1.9901099756852938,-1.297921868234077,0.5435915856088023
0.06630147074095691,-1.465356438518051,-0.9212896993157401,0.06356572449700787,0.5007395341680966,-1.0639239391735003,0.031886382106310014
0.52750219054162,1.1644179216659494,-0.35762049558522324,0.12085582490153482,-0.9518618458961312,-0.15065992798143044,-0.14597979730803046
0.6401694070343701,0.6589159033434276,0.3741289077007462,1.9917491079962155,-2.227931214486774,-0.04786726964655206,-0.1531561499876936
0.7472092581864002,0.02151988518492785,-1.2451808022202573,-2.393401036255468,0.5248645415330636,0.04240349372640426,-0.358722027543205
-0.11878641702655662,0.572876275218925,-0.9003885825870478,-0.2222942480497646,0.012894012355847832,-1.0287082346311078,0.19220083881868932
-0.2457915668674827,0.8604413370038473,-0.7614740572886456,-0.416092452090508,-1.4819411882408955,-0.8992562700000891,0.3924778260737106
-0.1297619636160891,-1.446335976508276,-0.9904509151043086,0.29471387706089075,0.8758531063323236,-1.3662396341645104,0.13253896535983478
0.021436801683136008,1.3905591831989335,-0.7629901227979332,-1.0405950405624866,-1.7295429907575588,-0.4606563719838496,0.244584370715757
-0.06348209150369237,-2.749730942793707,-0.8578862591831381,0.532925330678586,0.10612498201115583,-1.2776350765556173,0.12066980749706085
1.2722553781201547,0.18676243264776307,-0.7328760373698577,-1.2737836060178351,0.8097715355897722,0.4740312283079306,-0.6948552922051455
1.333283050979609,-1.7035307792832703,-0.39851924200694694,-0.3270813385949513,-0.30524088987337883,0.5063834920300521,-0.7155562688478282
0.3132406474574886,-0.7023734723598192,-0.39878889352530894,0.41038579431074723,-1.4556809822674532,-0.4595998218000678,-0.004989632193255222
0.14717513790546882,1.4601277428425297,0.11420887376277673,1.603983564309171,-2.316124907732784,-0.49181719047141054,0.1695529480973984
0.12642627206705323,0.22644605195844422,-1.0042702671859696,-0.3069270951204046,1.1911451416461702,-0.9600838466343492,-0.02430672353512726
-0.4208078390316424,1.4271322420503516,-1.0458775492471377,-0.9052119625620778,-0.8032361212571704,-1.11297689210233,0.45826419635654414
0.2708759629142568,-1.4443513416021705,-0.2510098769354629,1.8852328667144127,0.0043046002170524485,-0.9427003456589929,-0.0800896506788731
0.16202430058146294,0.8855341698962189,-0.5295624973802515,0.3775785840806343,-0.3019215878143491,-0.7161496949729176,0.0720404756368534
0.4661459562700175,0.6662276132673701,-0.5143832926218365,-1.0496943998424413,-2.458797384081515,0.1071017396639388,0.002104037912625027
-0.4603738429345677,-0.012140232769578905,-0.9590196121618715,0.5028580867768063,0.7095766543215433,-1.6410870640811488,0.3767686097694183
-0.5210195740185045,-1.1485355353314781,-0.8944518465017601,1.1582522564055657,0.7956797016429049,-1.855599842618621,0.36027231373372903
-0.24203990264101127,-0.3800137575437462,-1.3164639389695423,-0.7013309719704143,1.3375936891209994,-1.3973446998903234,0.20816372992843624
-0.36703892054846216,0.4843785161917877,-0.7342288095874433,-0.17872135297144184,-1.7729288896590176,-1.0326087366337404,0.46328499155630554
-0.10808738323603023,-1.0639113951864014,-0.904325516226529,-0.4725904341415977,-0.9744493166619851,-0.9435356192782649,0.24803331131378603
-0.041347175532841,-1.5000593627212018,-1.3665334457914196,-0.6387338323225636,1.8552447099798286,-1.328374969418609,0.013112307650512516
0.6413319194855327,0.5505825239134913,-0.8899913082803487,-0.9254982927043515,0.829611051953276,-0.24289194536885925,-0.3133904522329239
-0.432618408353897,-0.34775105059453204,-0.9404931022928131,-0.5036037933527039,-0.21107513947140885,-1.0076313272325532,0.22862077545221762
-1.1174299701252557,1.4075754777205316,-0.593304649032833,1.3454237181622624,-0.30712743658808034,-1.8361740849550507,0.6735221751617521
-0.44809492125600814,1.2202743581982054,-0.5803486590371647,-0.4406128312352757,-1.90999123629173,-0.665209299046661,0.3857699753366008
-0.7963149237479347,1.9398035146619241,-0.7228431063869621,0.7635832933347604,0.6040854247629097,-1.5293060216686856,0.4295343180936202
0.05294674149322607,1.1284404309728164,-0.654307248269869,-0.765142685645484,-0.5756464515592086,-0.29377299391847156,0.0013745692775363326
0.13698842923338977,0.8719100069232916,-0.1057581613204656,1.5250606338071888,0.04257855342717845,-0.540118215338883,-0.15523558056206846
0.6226995471550332,1.629930869177116,0.4042656390925396,1.7207474517291295,-1.3050178820117515,0.24057059540675943,-0.34581660398689307
0.23511286451121222,-0.24697988143467567,-0.355267690845618,0.26081981959254946,-0.7789417592345159,-0.2444824540714814,-0.15490676666517847
-0.22918723064203386,0.35038813131053104,-0.19318673796242128,1.0494937427381454,-1.436642609418524,-0.7038357810828048,0.18813511821715448
-0.2538105852159336,0.2615842723498172,-0.9992598971216005,-0.6292911183158552,0.7581838482574925,-0.9140785958753217,0.07872521189482863
-0.012597300180122244,0.43409755483527446,-0.4176454936579466,-0.16225393948456907,-1.553299520534639,-0.3141983200505947,0.07606137905707412
0.370865828245556,-2.7066514090913003,-0.7137936570860508,0.0753046525201106,0.7984696601433355,-0.4861971193462054,-0.35761314453605614
1.2414773545932565,-1.1145098306682426,0.3438164128025826,2.4353778239854957,1.1790764080759004,0.28662234926013885,-0.9342083145544953
1.3049195257192385,-2.121019964856099,-0.17431285527056986,0.2748954611808339,0.3682945690668551,0.6448564504483333,-0.9170047784753157
0.42246402558844226,-0.36536776021125744,-0.8821282071690609,-0.21570151201137713,2.457225096766885,-0.5128990753816468,-0.4615319425300599
0.01869181070878937,-2.1917304929368777,-0.10488916482907583,1.8839396805234625,-0.7684986434060049,-0.7793159986039605,-0.0619309574400433
-0.5248788315632926,1.3786881544700256,-0.7183537393304454,-0.0010344530256969555,-0.29713645974821956,-1.042061989963595,0.32547037473297763
0.23253920701415876,1.2803942659832293,-0.45118207572109625,-0.27796849532386314,-0.5072326387199446,-0.14113116397786313,-0.13065964523846504
-0.17565538396759264,-0.30139100583948136,-0.23984769903539846,1.5318423640779462,-0.311202151478424,-0.9136769072962969,0.0657618465304622
0.7211200057075878,-1.3645636311807927,-0.27559061289455883,0.5956981154249869,0.37030361362817843,0.002922684691050729,-0.5257520842916831
0.7036179053908542,-0.7556524302538764,-0.2503864119963138,1.0112941732394083,1.1941199991594829,-0.15244332897766943,-0.5598641314747881
0.2254059515847059,0.16177271577716754,-0.3595945825148385,0.3466019489466662,-0.4141698487825933,-0.2986514950828096,-0.15749611115423665
-0.7791170548249936,0.3176985426671271,-0.5223499976984384,0.6686873002229866,-1.5332324255448606,-1.2638229230035392,0.5344144339449582
0.17867359795404547,-2.585573585899954,-0.6309941940076382,0.1702975041862271,-0.05922760742931472,-0.5683065477920312,-0.17413491676899565
-0.5050060944799186,1.4280974839645622,-0.20979069754333096,1.9424162639331684,-0.0469127149439204,-1.2519422570970622,0.2619537942369951
-0.22775652599564802,-0.5720388734533174,-1.1170165652477457,-1.5821376500156754,-0.45642498511871854,-0.6505491163352106,0.15184543245975518
0.5414366873601276,1.1302062797332044,-0.23895447625710156,-0.02235302939643074,-0.6540983033615418,0.19222803577782263,-0.3221690477921298
0.28689814362134697,0.08415533178667221,-0.2785751234546745,0.36773599655607,-0.7649596083179505,-0.18233484520058674,-0.17058397858221436
0.18480760699936777,0.10056742857220952,-0.6787843363932302,-0.8760993661864477,-0.6208921443009411,-0.19527558406883533,-0.08485923484046046
-0.374158254800866,-0.8584909917393668,-0.9510541621033195,-0.6313352828387905,-0.315585488490718,-0.9518863314668173,0.21862552127092674
0.09194131381766125,-0.29376093074710147,-1.168856333958571,0.6313575067630209,1.2787722989649375,-1.749639985474354,0.35043164100212065
0.2524795768060667,1.567956281428599,-0.6159829916999318,1.54062244937807,0.3772289879656751,-1.3976045889834068,0.3107615435387959
1.278220788139785,-0.3598968896366583,-0.3705181121211017,1.2257455143899798,0.2415028924474268,-0.3184259757557407,-0.3561764885231935
0.7535604672849339,-0.7414939575823607,-0.970748136803845,-0.3088072414327001,-0.20984315170292855,-0.7015877758504799,0.019482216501886078
1.0173744735171584,-0.4312279190568448,-0.9914269682923138,-1.0093962673092933,-0.504483803810301,-0.269771199488036,-0.10929050431008824
0.3171692560380663,-0.7302705823120431,-1.2180529475789814,-0.5412486516548797,-0.17187451106220752,-1.1730997606157667,0.30255362031374156
0.42173339156239587,0.5347021024651468,-0.7220611921573779,0.10681565144206019,-1.5341348958053134,-0.8245036828550825,0.33311696460294027
0.9570250007371721,-1.17582830106063,-1.369990173077842,-1.390984289771323,0.9708222241240179,-0.5860664269216742,-0.1510062861621762
-0.34598912616906213,-0.09427711298447417,-0.9893983000847355,0.9374271694195465,-0.5851264045629962,-1.9576868765515245,0.7317054934363547
0.503594125813664,-1.2706276341063834,-1.0304670275781864,-0.4022251878342027,-0.8410751588117414,-0.9087580581468837,0.2261618912054691
0.8377580787976849,-3.722322811827248,-0.8371928355623889,-0.4405026931881211,-2.25539381343621,-0.462058209294617,0.07006150860172602
0.6395163504209125,-0.9733884858884121,-0.9876085906662828,-0.4794459647914855,-0.8746140287687438,-0.7180308601088382,0.12264465015025175
-0.13435273598162953,-1.0740749644572507,-0.7945991114346883,0.2924491295821,-2.894298721906193,-1.3520711285044091,0.7480142661235629
-0.007253528664165179,0.7250057443399497,-1.0854719485997149,-0.06214321308685632,-0.6022772188318061,-1.417713294754567,0.5275396864261769
-0.2779791030370979,1.1670420021160415,-1.336411059949127,0.3180042687780197,1.2741535092583773,-2.0322671556463736,0.5890582180204345
-0.041353761299965264,1.6809959244334396,-1.1417919903394371,0.4158190959504844,1.0882009010013802,-1.7206023059524014,0.4786043767221553
0.3169343275513585,1.3127795658403847,-0.4717978570840642,1.6224206944776818,-0.3735924912585399,-1.2303274779572244,0.3124324621531882
1.127349743724499,0.758631130148753,-0.9520881450850315,-1.0758886275501893,-0.04159087624012561,-0.14276696042711978,-0.17117753232468585
1.410184344004567,-0.4794652820699448,-0.19427190673548736,0.9875274370411887,-1.0614098686591995,0.05163673171591521,-0.34833681361892216
0.8209610819405427,0.9659475415968696,-1.0781131086397509,-0.9322013004994815,0.18727998331485068,-0.5156859069340456,-0.020740344604788137
0.527374747479275,0.4634427773709283,-1.455384349516055,-1.9154426792236772,-0.06655036862793959,-0.7400446326274652,0.20402503173720482
0.39352455369462425,2.7301942671818824,-0.6005846457969736,0.7214243011677441,-0.4421313993224105,-0.9504229485017909,0.29649718335225195
0.7311011573311441,0.6796243228401225,-0.93351806795187,0.0010757103069544327,0.6561835359196814,-0.8078429774702027,0.003525470339339248
1.4849838541200193,0.6462463615336232,-0.27851794850760914,-0.056319131888471846,-1.747173989155916,0.4185627671043316,-0.30590574440737717
2.039431934521216,1.029163117663009,-0.18949112617398603,0.3539177570960905,0.09220054549973802,0.7323837442148027,-0.7886603819734287
0.6934679945203067,-0.7157142128930425,-0.8847123372998056,-0.14352982103851378,-0.6972680069371944,-0.702892858591281,0.07334789099363728
0.027778660075884688,0.48754585291676306,-0.7817228960312181,1.0624357428901914,-0.5159343666073579,-1.5234517660603781,0.4872007411692809
0.3813771463162863,-0.3209636742461077,-0.49922222247773573,1.8407928478457851,-0.2006361975442301,-1.3144756850697625,0.24284837678229704
0.4435692783144011,0.9955931850498041,-1.3413049270954018,-0.8763384577966515,1.0099511774934005,-1.0713086416998678,0.15959066033577665
0.813973618308167,0.7352741560078331,-1.153430788084015,-0.7895491311970583,0.8950415353745733,-0.6676828081310847,-0.05821289214189657
0.8389100818577906,-1.7238444396604158,-1.3135220738971964,-1.210080907982916,0.31532055248460644,-0.6631719585877975,-0.060259738853714
2.668557607051536,-0.9029689354662628,-0.08783190739334613,-1.7829300696812098,0.2169008058441402,2.2684306194118724,-1.2030464785836803
1.038788233190515,0.626060363111244,-0.06764064838559104,0.24315808483644047,-0.06676406751149899,0.379017348922252,-0.1500687001843069
0.8153419061836017,-0.9191225011836177,-0.4688393394883112,-0.08571857198674078,0.7029872811923373,-0.051843687703571256,-0.10194306710485282
0.5484971414423164,-0.6244096598140026,-0.14333347637607502,0.4619372792293288,-1.0788834382668246,-0.10657645750503622,0.18908779494057074
0.8206494265827663,-2.0843885169897765,-0.7184560375106201,-0.45452159619893867,1.3544243573980455,-0.1924566473575609,-0.1355123847638218
0.06263278517899744,-1.6413677979970407,-0.8613337458203275,-0.05679849400578304,1.046974287123041,-0.9998275980671246,0.349246829021955
-0.10813530988686436,0.2880069368417334,-1.0848555834519118,-1.1627760173849837,0.7219531925487079,-0.9013227975688913,0.5125297413807052
1.3673375412230253,-0.45499554373749945,-0.12134454762126787,-0.07559246950955238,0.19519725347188419,0.6688067844114979,-0.3875245176828392
1.0449864947621126,-0.2380521975211555,-0.2440315734822987,0.3092778410772259,0.9020879383696323,0.17232485759962585,-0.2389381393120016
0.6640112171666868,1.5867667600381092,-0.012565104330791907,0.5692929731641801,-0.6438436777945162,0.08861381079555154,0.09890072136594778
-0.2754369121225078,-0.7992384349462973,-0.6004648500733946,0.7303716373321156,0.14958362617140017,-1.2628783139852346,0.626931179280979
0.24546578749258752,2.4607249833496523,-0.815743256514386,-0.5139576083149967,1.8877885560155,-0.612922360331959,0.21412095897258118
-0.29658301028186923,1.5297645697024167,-0.8643387738008996,-0.14227801163203818,1.0922177534887083,-1.1947948332708742,0.6076316223655076
0.3768558916815794,1.0927726464058125,-0.33483282170362294,-0.4085271085396866,-1.2949581998133461,-0.06174800743754985,0.3313889262891821
1.3020765283991396,0.3045040378260993,0.1597447879333982,0.539990312662647,-0.586027253097881,0.7154643473912664,-0.33024788683045314
0.7138731603224926,0.6153416764932949,0.16089206379069265,1.25410104731688,-0.7411700193497964,0.026133946357723082,0.058362808886171555
0.4437420682846981,-1.861997528306613,-0.03126204012624125,2.4022572643620457,1.046910781212016,-0.8386794611488082,0.07498918834605016
-0.09208345973594376,1.8610748410194213,-0.25599353932795665,0.5509559154950264,-1.0291388441794898,-0.6782842641336447,0.6124616070139155
-0.12016399877405946,-1.0866542670607258,-0.985094323174459,-0.3293203846893977,1.0509632018623785,-1.1402053499000544,0.46994295928019947
0.2972896279130268,-2.0555776970829194,-0.7012639066556022,-1.6400704725242898,-2.5328015247214544,-0.033361612613760444,0.44861049947099396
0.06858575961487805,0.6943633759871625,-0.5419093960961594,-0.39586238846688027,-0.9246334107704423,-0.48996626204181737,0.4877095255012999
0.8882629037468636,0.20519029563668267,-0.7648152698697792,-1.2053036559161479,1.3222823471456757,0.11224613682283173,-0.1387130075543526
0.600273002913969,0.64294963911261,-0.008360156400688953,0.7697517678872452,-0.819049058788478,-0.03722673650903113,0.14112039166419424
0.22654855173776434,-0.9635844909950199,-0.5206956866042709,0.7212492004832145,0.9432104872141286,-0.8368601371694279,0.2551930735071063
0.31494219016595637,-0.03961228689888182,-0.33840858850870564,0.049780240493013925,-1.0671769646781022,-0.2833647804923527,0.32262908621019165
0.17166036499528903,0.8993455147754313,-0.5932098861594977,0.2645035893314612,1.0623237153296365,-0.7459022273774586,0.2921599104955117
0.1976198892341301,-1.7101772436630625,-0.63011358471632,-0.33827319097671016,-0.6977755016969271,-0.5475262094115428,0.38144934553706195
0.206554630439385,0.5633696493880125,-1.1762994163791658,-1.4397510855812048,1.8358926885266076,-0.6816544909423601,0.25300274727052613
0.476033276265835,0.9779256537981701,-0.3189722547065647,0.532308760474566,0.623410866961185,-0.3598008693841971,0.13322977272927414
1.2637994514570692,-2.296605677261152,0.004979572794030354,-0.017449162121870945,-1.6445647625077005,0.726871905853423,-0.2483725867771189
0.6913877408508958,-0.7673649655871192,-0.6090257637937957,-0.2943727391293732,0.9895894780315794,-0.20634537482652887,-0.032613951022648205
-0.6428589475206755,0.9838112846372722,-0.013965157117576312,1.5544217820780644,0.5719873763003974,-0.8771225344370431,0.1628735133377625
-0.21218267409433963,-1.1347402874437373,-0.2997234943964725,-0.3966900639734732,-0.7084331528595903,-0.13327251759413383,-0.011000364890408168
-0.120049633786983,-1.2053512760511593,0.18871833461726342,1.0713002014703346,-1.0298372500909128,-0.13283586400627212,-0.07008485707890115
0.2624091978321913,-0.37970380371617324,-0.10278581803632512,0.23110077461509101,0.8207220600872501,0.1359372172115961,-0.39689000739117825
0.5109784690690117,0.25293027181161265,0.20415093128850265,0.6469065591217465,0.36875988278407335,0.49063834569463327,-0.5471617440740154
1.3712162225085966,-0.3096541496563474,0.5781331296876722,1.1175707771777823,1.0129756180172487,1.260999158259301,-1.1249618768595213
-0.2095192326884102,-0.025426808866345883,-0.5063571018888909,-0.8589495600434492,0.2611348314967166,-0.16610656474452243,-0.05539478634047489
-0.5987082689932226,0.4570948535006235,0.32035213195858786,2.5984916135207743,0.16920562677254128,-0.9024211203396081,0.13493801204256323
-0.2640369495309232,0.24856295668035316,-0.4034748998935202,-0.7268243482724175,-0.34771452237165135,-0.11882111685750263,-0.007946429039713229
-0.5680989775194885,-0.023354235539765372,-0.6661407345441955,-1.310897827148266,-0.5714624786678366,-0.3852704511790793,0.21809952173964112
-0.5679005543971681,1.6840597599012037,0.3660941656281523,1.1595707625697278,-2.296636290093611,-0.25072585921672674,0.3110112468621175
0.0731988320391287,-0.3990974705904242,0.04156727888013342,0.7304231143763953,0.15086595181189652,-0.015480896752045082,-0.2632761415966557
0.6427337682350062,-1.846993352327459,0.4440377523538816,1.124280948147638,-0.8294027719975487,0.6468903520801498,-0.5928531577708125
-0.4924160188248393,-1.1958403135099913,-0.8357627009563823,-1.4245323579175047,0.0878440023738886,-0.46643807715974406,0.1035978617318662
-0.3185867308223495,-0.7037374811708307,-0.5536439609912882,-1.077226771751716,-0.4553788804504108,-0.1919031396211096,0.04035314386913992
0.3517819813296023,-0.8872443149668475,-0.5761863474850677,-2.6992184163093818,-1.5560115703514465,0.8874877445924099,-0.2966069903160585
0.23695945006373312,1.2700784549750066,-0.3934835695233409,-1.2435875859032348,0.4722151277063595,0.4261434490172328,-0.34492359267222
-0.7573515251250269,3.170569214850869,-0.9036719113998927,-1.9599399453271702,0.4783367327118791,-0.48993628885148005,0.3083438080507893
1.102297858437513,-1.075611860174894,-0.022148075745728073,-0.5874399221487787,0.8244950228106018,1.1141919365588382,-0.9282065648173264
1.083326990498544,-0.9061608814282409,0.5227240592599185,0.6848580949417893,-0.5581576845291102,1.200128588235747,-0.8645264345551055
-0.02638662126393665,-0.36943257007061653,-0.17185389820873517,-0.1414602376375985,-0.3560821746475553,0.0471760174276125,-0.16602819717677772
0.14394767717486742,1.9753420324346487,0.15293956544583312,-0.01543158983967158,-0.9217391808001746,0.46429937210252814,-0.20451606388516141
-0.24425190990894777,1.12003465612395,0.22996249388820889,1.026344419943462,-0.9777032491569264,-0.11743026547512742,0.0016294245971486352
-0.5301909887231254,-0.5635314277318959,0.0484534579676081,2.3215002810031016,1.339771625807943,-1.0521887885840342,0.01780880242107773
-0.42442397367981477,0.9139973084691743,0.015481097164827049,0.6893856878392435,-0.737067329668099,-0.336660727803374,0.10368873422378057
0.20205810241582797,0.37331180387821805,-0.9374734347419666,-2.1844289935184245,1.9258230612746816,0.1958758874396982,-0.4224542920400883
0.29547521435992957,-0.7773740380530327,-0.273289124708008,-0.6537323455295476,0.16944651220299486,0.3463359774271419,-0.38910260435417393
0.19291775036420897,0.4274985831162637,-0.03148929110369608,0.7675477325780311,1.3568672426469301,-0.022634124365641627,-0.4124333712855264
0.07685517503628722,0.12058057910090207,-0.5991139498317593,0.556889396161207,-0.5430868485362389,-1.0221404523257127,0.1133121830922768
0.5686000131526329,1.5039958700453466,-0.40378497492775933,0.4008333049598648,-0.19491630918043681,-0.42562168920154636,-0.18892283396613205
0.2833207053054597,-1.1479479004182647,-0.7220317982748852,-0.25808153683687124,-1.065359567758452,-0.7124486681945845,0.03401605825944636
0.3920606936483993,0.2163310516139184,-0.5868957466419813,0.4764189786006598,0.13768889068203985,-0.7625154263733697,-0.13126730600845163
1.0424204285276846,0.6939870263515654,-0.9837694455893938,-0.7551827686748772,2.528465642070845,-0.25835044245494543,-0.6773338778568835
1.2831578504442915,-0.4734581382759559,-0.3723657402986617,-0.30102631610599156,-0.438453011990327,0.35434688168320894,-0.6304650751864154
0.42541999363894817,-0.7791330872114314,-1.1498301432094173,-0.9784892049389264,0.9804957229422339,-0.7784005867597926,-0.1869887359157397
0.6228905689918195,2.1402543421799263,-0.3096761952246366,0.5427976534641921,-0.15608657074500312,-0.3453922882558247,-0.21672508292284406
0.4002091151642798,1.7575198646988626,-0.6104596498987002,-0.5240371147341462,-0.8974311997889906,-0.392977000019931,-0.01688381714966992
0.006991581767782332,0.5465477874402072,-0.6537650460547071,0.5341586695740584,-0.20495627987353227,-1.1271843668145074,0.15202978117556054
0.5003446160997949,1.356894446794221,-0.21012517683487525,0.9751827002876099,-0.7355962524053709,-0.48010622876623665,-0.13507328856985973
1.648215270000591,0.32376396660073326,-0.2660277467600742,-0.11861008870114544,0.5292025489972524,0.6412088186694419,-0.9151502814745851
1.2012832812435823,-0.002776413053325107,-0.3688207841269908,0.18142161160269213,0.43087403618906533,0.10354406105281111,-0.6275652469747104
0.5875922509725158,-0.7372822463296056,-0.6787781578156907,0.36735561225180635,0.7400679699502911,-0.6895983645646454,-0.30495871077000414
0.7532212286156793,0.32845029507665,-0.9766482690909308,-1.679681014750146,-0.18642748469366532,-0.08228062840264574,-0.3000934447877051
0.588160352084262,-0.9696207457842186,-0.7594490931644834,-0.020120945882696483,0.563816910315469,-0.6427479501653395,-0.26719117039229384
-0.2237447844448256,0.509202040619883,-1.021479663064139,-0.14825676982757055,0.2977317250433406,-1.395282789037497,0.26291193624850606
1.8740428545614058,-0.8870923789515776,-0.07328059290492046,-0.954697759973052,-2.2454336472346434,1.3459280761964187,-0.8956995011592653
1.756699476668356,-0.4791794018911935,0.14743825436828287,0.8991199941614203,-0.3726959066291662,0.7512344930396039,-0.9508751707471383
3.1868013464350557,1.3896822470680246,0.7261996355991801,1.0451539629293578,0.6992125111891789,2.28830156362201,-1.9120990092605863
1.7900831719244736,-0.17889415337201559,-0.12801124816933906,0.6742273990854636,1.2762519864567885,0.5694656466971145,-1.0761150845059846
1.0478803747965415,-0.14712128036392827,-0.3789545775742157,0.21702883417437843,0.05284952773640594,-0.019163519775676457,-0.5155221821473268
0.5795838336697151,-0.1835590952414159,-1.0599175528155107,-2.0906413096440697,-1.0875133340780792,-0.12419899600963955,-0.13323305882083705
0.36463598241570594,3.074963028178644,-0.26540178049394836,0.8154260036343023,-0.3515441602977016,-0.5682944439001181,-0.04283771224927948
1.1773768251451493,0.4283810625982983,-0.004250791662015984,1.435720926341178,0.3429387549828386,-0.004197075920075595,-0.6375881350964322
1.0923866615402862,-0.5404640280606273,-0.5885244336410154,0.09253516673982035,1.1268532671644855,-0.14675434601932172,-0.6390761728144329
1.1846160072982526,0.17170370520704306,0.01473248872556403,1.0221568497794937,-0.5937290097046526,0.17493022699683525,-0.5655032218899222
0.42743554563827846,-0.1983130917382222,-1.050082942012849,-0.9817186040730514,0.4840862087638051,-0.6567924104427856,-0.15938502321328682
0.42373375504474753,2.214349062770372,-0.8651488448396205,-1.2439859563799704,-0.37439118919164854,-0.3409358445193797,-0.07423692340524204
0.7740054256223106,-0.1140586613429759,-1.27235378989762,-2.2828280903465648,0.5268979375848766,-0.13630013963592505,-0.36917492451205297
-0.11639455564462785,-1.5799767858594111,-0.3233209818936088,1.3900571042914691,-2.0681270482266405,-1.1887995545527426,0.2973235391048451
0.3315446322476324,-0.2615911505396305,0.07722682615881776,0.8891543155577925,-1.9630846505792467,-0.1289475350727663,0.17070552916864418
1.3131917011442278,2.072762526515794,0.10163190138438714,0.8728063376194619,1.5431463755961523,0.561991490204031,-0.6422138974224839
1.638322828652957,0.052361382820619314,-0.060756548667620036,0.8475883375969727,2.730446628418732,0.610330313113385,-0.9523605799154505
0.7147046612163582,-0.31012931368070085,-0.23069205790967684,0.31469372605235457,0.14438120605959573,0.017926226147844507,-0.1931699598150792
1.0826330842162952,0.2576239586292816,0.09733474885136233,0.6641444864169792,-0.1912890655940996,0.48542980719060996,-0.40777384845426207
0.5602628063863309,-0.6022622411332363,0.20377642497881032,1.8913895115970039,-0.4352921590305837,-0.23857081723057305,-0.09603151989403677
0.29203400724982786,0.8729467798408393,-0.8539599589503238,-1.0492262463492934,1.1364367268486693,-0.40215999376580486,0.05983945599614243
0.26581458196595215,-0.8789690889189016,-0.18934110148094022,0.7688186428907633,-0.7328813790977442,-0.4300251121144734,0.14371336561916576
0.74333835151079,2.0842384208524702,-0.614371866857473,-1.3590796759358197,0.5637853474073349,0.30998107529914826,-0.19515084061166582
1.5265413504561127,-0.15451743939127047,0.3507246550787557,0.8623634588034189,-0.5046590189994493,0.9892328392233073,-0.6914477144798085
0.09233498202149937,0.6729646584845954,-0.15283374923507792,0.10750867540100636,-2.174666857548262,-0.22429408389136873,0.36186022988685757
0.3790040296112096,0.029031075384955064,-0.4581091368474873,-1.197004347245226,-2.0118818002387897,0.16282854755600176,0.17625261110670315
1.3045323713457508,-1.1316919663591636,0.4614661533681387,1.9649881055671328,-0.06342574176905819,0.4877933421147688,-0.5766134904800062
0.9237703333630171,-1.670938106949965,-0.2936508944743889,-0.30345657734471815,-0.5024218874354551,0.32835409600843707,-0.285242166158842
-0.5657761666614189,0.0018445921223321788,-0.351270269815718,1.2399676502911017,-0.7552832714809404,-1.348079787588357,0.6752942167539652
0.5494197402515401,-1.31880620748799,-0.6388850859506681,-0.542557670975207,0.4709489974634098,-0.19815819634096646,-0.10439504674192118
1.2920260416384177,0.8070471633093143,0.10020473219369395,-0.2523829106322331,-1.1476914405907035,1.0010594713860923,-0.4614610801469023
0.376388357407647,-1.090376461427135,-0.9280514654090221,-1.070277856528982,0.9950701495076243,-0.4036253990847436,-0.03071966432754615
-0.12003448857280673,-0.3791054157848445,-1.2050201991293858,-1.3643130426146035,1.1674308109228027,-0.9089532948837448,0.2779057332771971
0.550780745743371,-1.9356699542444409,-0.4638037755727641,-0.1486486548521636,-0.2641740330576557,-0.15596490088800985,-0.08423927652107706
0.17992454682145825,-0.8506254591737319,-0.8969980570806106,-0.8931538311293145,0.6847278836573834,-0.5786883113859781,0.12190732077806093
0.326171589709893,1.435184361648421,-0.5170151796403849,0.3506840509556468,1.7200276430194827,-0.5576963137606922,-0.03247152081414463
0.7873599507113261,-1.3019710581399622,0.38550288442205016,1.5922420851793917,-1.8081086797942154,0.21555273998759503,-0.14159918518985404
1.3549185590262371,0.4274480864911431,0.04008871327052039,-0.19434137895582906,-0.5999226264850737,0.9541813732280301,-0.5429335620515496
0.5307381065028203,-1.8150194377179052,-0.3548550745020223,0.6541925371074746,0.4919668649120495,-0.37199215941540414,-0.13228602311437562
-0.11076467376900077,-0.9090689338695127,-0.4649770723309649,1.115844275063381,0.6272546829374289,-1.0985751121114355,0.2643134224601439
0.364704503111674,0.42339275781067487,-0.46026886119105265,-0.6666202490819111,-0.9063158925769248,-0.056059966623546925,0.10538654334059061
-0.2357084228537115,0.6944728489913097,-0.40414523365279537,0.575461992804089,-0.4975603365563467,-0.9043824535519662,0.4550544254499832
0.4624772217642463,-0.4881085043052842,-0.3649592832330566,0.5242589260145338,0.639646123064778,-0.37365100482312463,-0.07908080081046058
2.050331283918213,-0.6001483457222615,-0.07629386877718258,-0.6523434627929267,0.9785343641915009,1.4564403711059242,-1.0711218044773214
1.9109250979720604,1.4404878843960431,-0.383326917620673,-1.636080796798961,-0.4159194538775677,1.331683769705586,-1.17354690452413
0.902775902389607,0.8433840371471882,-0.6192873632720574,0.0363199841640532,1.2366541960571824,-0.26574956222125196,-0.6799248780278837
0.261600003170602,-1.257026919767023,-1.17557484128617,-1.0762892438722635,0.21749335472420905,-0.8376213336081825,-0.23945336351292246
-0.03222992377521923,-0.7969103658321076,-0.5139421730363142,0.7664027913074268,-1.4622109325279768,-1.0570549738042365,0.035228219557696366
0.7167198697007913,-1.0271795652428473,-0.3760262951006204,0.6682583913176261,-0.5022586784514028,-0.3801437151539836,-0.4885060387621599
-0.08976750245872528,-0.13595680474664648,-0.7445017553449202,0.41259627190104803,-0.4911611905053907,-1.195826251294559,0.015908926902858812
0.8869220022370734,1.4852523327691776,-0.23785996933385833,0.9002745528957067,0.4120215585667761,-0.1948207445942699,-0.6364100651148352
0.9838595227051059,0.327067037144528,-0.13158221761902344,0.1727038152948554,-1.915543136953783,0.28709294312309624,-0.5658111019965273
0.39946750050914254,-1.7058684277517233,-0.4078636188202895,1.2606565427882466,-0.3873902342930411,-0.8532145782961095,-0.32749853453060174
-0.22954123371447918,-0.07816272944760218,-0.7029813216122711,0.810623764175086,-0.35504530810130275,-1.4133158591908372,0.10107206829230088
0.48491521483895145,0.4474114245630552,-0.5487104434494444,-0.11656342228579512,-0.973665495218546,-0.3846694973116046,-0.3022206519863979
0.4838988510372227,-1.2244643426900481,-0.5441085935824018,0.23115613341283303,-0.972481907774113,-0.5304825857971818,-0.32101878615682655
0.8036877911159549,-0.2687093242524098,-0.8481560737777474,-0.5623259884596767,0.9063417755196556,-0.33149240678560477,-0.61372496417449
0.9573156585244401,-1.6142394256795751,0.07806182142086175,1.4844092123980326,-1.629742570459,-0.05034619251805492,-0.5942655006510974
1.669201877248771,0.6003284822204165,-0.10628285660117988,-0.1480832199334971,-0.5720229407237822,0.8853451731722815,-1.0589610160118679
0.4813702772917628,0.05686742786388319,-0.7098830294666604,-0.24812061460888649,-0.21564256305391588,-0.5255629292278778,-0.3341907546964317
0.48267155256400057,-3.408494690056034,-0.6840082576191031,0.6827379363796962,0.0014027824088100507,-0.8741065561406514,-0.41283474429627304
-0.41388452224323163,0.17157153837579245,-0.9897550754210577,0.5564782470466958,0.6811765928791687,-1.7416955206386193,0.15430034764141745
0.2877284176197103,0.34254966645489776,-0.5293124689030881,0.039342614906812845,-1.3488407814200116,-0.5722967365295811,-0.14096727872314865
0.43326358997025227,0.6421846131088013,-0.4400299232934142,1.3033363613224636,1.0224323272477116,-0.9001370379263608,-0.3839765191510853
1.440254118818386,0.14192483786183926,0.35818015628693206,1.8203795821665578,-0.8631782858730577,0.4472070586413171,-0.9337180466885464
2.1752093666610848,1.187048066632894,0.03279555585019748,-0.33856544845576164,-0.25388001780579544,1.4602494176046545,-1.3984190631884739
0.5847184304856896,0.015474927230693613,-0.9679722697319662,-1.7408928541512727,-1.0364205636792811,-0.127880002804356,-0.33526829962254806
0.28643188915230045,0.30618406313967333,-0.6993710915521977,0.3337527182430865,0.2706314930663611,-0.8584455345384018,-0.26933719925845423
0.7892194666328683,1.941200918421561,-0.558647366861493,-0.11836752934409987,0.5102992104106603,-0.18272309329913894,-0.5770173374664797
0.5779603588667815,-0.1382364552483886,-1.1075023643633273,-1.638810572684,0.05843369293018178,-0.3318419919853494,-0.39744817721035297
1.0716302916118332,0.8541428664875731,0.09111305702922227,1.4133020443510402,-0.608069757779395,0.08316037946658453,-0.7093113147577452
0.5505964700187841,3.712993437568359,-0.5291026882997145,-0.7379470619660113,-0.9038847270707084,-0.04443093274325459,-0.3170778076544707
0.7187023910863689,1.9877146209348564,-0.7905857688722747,-0.33672558999630736,1.5944318479096418,-0.4154038372104114,-0.5736839248350968
-0.03990955952103099,-0.900219735217352,-1.433224070438725,-1.890204608773429,-0.228492435764873,-1.0018024235412184,0.00935226530567599
0.962280363823158,0.925824617879888,-0.430194145511707,0.2367430066010924,0.5215886575732429,-0.1001300941083673,-0.6745967644770847
0.6644157694241615,1.7289168537598265,0.2048814843672266,0.7544698995315131,-1.2048974569635011,0.3174530706484399,-0.22839606850734986
0.3408076180591769,0.09018535382379783,-0.47767233403446563,0.07650786477530498,0.6200748319996237,-0.3717586533950475,-0.15028164643345052
0.79179879351629,-1.621766743061463,-0.10703935366238239,0.22849658163698164,-1.0238992522055936,0.27022822390182116,-0.3582473361727431
0.7695305070362772,1.0705822778187077,0.07309896119822631,0.7242639514319856,-0.3953854701587958,0.2719122053871266,-0.373160761773938
1.4288895213626294,-1.1376940409944827,-0.11671586959477122,-0.5704652053020149,-0.4294864171670863,0.9977432300299482,-0.7705241149187552
0.8892370469990866,2.1445362786670126,0.06583634642385391,0.3446593350399151,-0.23442076683442922,0.4829237217433692,-0.4214758095464874
-0.45997987414049274,-0.4010213850952284,-0.8293959142953349,-0.247485233690776,-0.08093070967793971,-1.153009789583252,0.3929456321717405
0.8170710544377581,2.251196259307043,-0.051110729167358676,0.8224635832886703,1.254210034818069,0.12684799187564594,-0.4896563706680885
0.4505895469599339,-1.4688720753375484,-0.5126433268840858,0.8421280317459509,2.0521673234596776,-0.6574044645236256,-0.33242939837610286
0.5754467429480287,0.46936895060093703,-0.04877628978981244,0.7419017481499363,-0.23334927896061863,-0.01680724292403516,-0.24798193725719228
0.5728720741159813,0.14581649753508383,-0.0032526765636585425,1.2009773252972868,0.12711516907429307,-0.1402217458722589,-0.2966165837833716
1.2524866394287424,-1.3259459734895322,-0.05364939252883713,0.2831510144027635,0.17791311812028598,0.6051741383852105,-0.7142919908371511
0.7558787403177176,2.5880700014558524,0.05677946335448377,0.5450352978791129,0.0010294677292546092,0.3043125823353952,-0.34925126128034345
0.11995256154326746,0.16796059183614856,-0.6894927174075615,-0.732182563346439,-0.15378280873971129,-0.40229540280303316,0.027683086993636113
0.41338973151718894,1.5174762144468599,-0.49302175014224414,-0.6062422693784302,0.17907143811993742,-0.05835911731265856,-0.14365853084049046
0.7102716163304627,0.17315226642574733,-0.10141120954673706,0.34516174906241975,-0.3395783073512587,0.17107763929638953,-0.3200838904938381
1.0737659410675744,-1.2304410550590372,0.3978994811277419,1.5282144189154991,-1.067880597616182,0.4863015622715266,-0.5494032911084237
0.8603567370790367,1.6924368075984377,0.002169205484896048,-0.4970848640719766,-1.7278688055952272,0.750037759654416,-0.3211367002729462
0.10592844656206714,-0.34830651497115206,-0.47259339988265037,-0.046780559504019284,-0.559832194690704,-0.45735532172609256,0.050905393080628775
0.10672266999231451,2.445476401091919,0.12122821832316541,1.8454182572372224,0.05185463683939252,-0.5665859487484496,0.019326501767727176
0.42078416673728875,-1.1919168969118832,-0.5035549143461154,-0.10603921219465735,0.14039324834826006,-0.26704385949096976,-0.1940774936783767
0.420400044547722,-1.453761590135519,-0.6848319155437181,-0.28554811157278,0.9763427109723825,-0.4018382430442499,-0.23777467501779054
0.20374291867529282,2.4039308068383605,-0.27858682962069964,0.284213442786387,0.10771426142090103,-0.3123539499735473,-0.018511155961880663
1.1489536053648601,-1.365156964584216,0.1282089366790182,0.8736228826055424,-0.2856501519421833,0.502529754895436,-0.6347656087835911
1.8785154389779137,1.7101149691334694,-0.016863996586343546,-1.440319317389208,-0.4417729057248098,1.7784664190028288,-1.022571641730473
1.0411198330361824,-0.4151768336397629,0.08742200821420412,-0.03386401053635219,-1.6548226127929537,0.7526388399578344,-0.4520574655480622
0.8540132839618144,-1.1964133527432455,-0.02683137532418053,0.3329890512925738,-1.0724392114058838,0.3669467243335382,-0.40090848593113126
0.19478019519794465,0.47519829550017173,-0.7992666543166036,-1.5719813652557022,-0.6005922890420913,-0.14643550858143642,0.04051798173450047
0.4775815794724411,-0.38999869206095455,-0.3454305970380775,-0.11910252547962678,-0.4661660913213518,-0.0557732145339418,-0.17429712441692566
0.5515002528790094,-1.438376525085044,-0.2747523244662014,-0.23397560640217405,-1.366802577536803,0.11487653246519752,-0.175874290094657
0.335286584875088,-0.03829579634877174,-0.5075891417603521,0.3341402977417865,-0.33348441551547464,-0.6720974992523312,0.1940146525459509
1.5860377936885737,0.5584655690478846,-0.13906208202299133,0.37490127729257633,0.9781388270267051,0.5547060637049651,-0.6821289800671192
2.830551354167444,2.4980876311070612,0.4496418544667956,0.33818560321968305,1.165590335600931,2.0461604444121684,-1.4584648906366575
0.903060464322894,0.9002422587362947,-0.2887335210453384,0.07955860941597044,-0.3594039268359556,0.05513306713201852,-0.1545118293358929
1.1007608613827427,0.7321346474439204,-0.10849640869228203,-0.12618343760235196,-1.4957743134039252,0.46816349454034994,-0.20906715448321034
1.0589697795053508,-0.3612685644919795,-0.7485320944794458,-1.0110947670593455,0.6723432218575299,0.09488079082757489,-0.3188440884405119
1.2314499100592204,0.8891607632349713,0.6596330138773645,2.143271308219307,-1.9712468041423072,0.46671214784415876,-0.28066529059012646
-0.051187493589329475,1.9101564654899843,-0.5338237270870554,0.2377725613577146,-0.6642169510238255,-0.9177564634613916,0.48908373636716806
2.2090934560618867,-2.3205951865641525,-0.12288870495263701,-0.45915867185401227,0.04744490871829887,1.292750184421463,-1.0146831403822805
1.0567077400083216,-0.5342314935829372,-0.6560793553790875,-0.8559743732203137,0.2659023118661262,0.12986237714582527,-0.2945264812404567
1.140820758638601,-0.5133607200396082,-0.1781935771984645,0.8554178955653108,0.49588488971680555,0.014289927801667861,-0.3846629794915874
0.6454908818722976,-0.10838334441026289,0.07478627719510011,1.1731959435450734,-1.9824038257564163,-0.14473899385182654,0.06157937030725242
0.3677882970125793,-1.1079052571938404,-0.7669087338573968,-0.27680129527165453,-0.15544137613401848,-0.6631651185256375,0.12814593859595041
0.49416305928354903,0.3533197545343207,0.12301951206506001,1.8549456964256497,-1.21992686715229,-0.4785105210675318,0.11787088508780913
1.327049624699262,0.892143980616537,-0.05497186704225452,0.7433947628228612,0.4819050583363875,0.3288536250272432,-0.4910666164412865
2.185783200892379,-0.6822950588021589,0.039168975607212664,0.24700875569674793,0.8052683536763526,1.182276591751138,-1.0485063137960553
2.180218709191591,1.6763286211987822,-0.19597351721561881,-1.2172834280085794,0.49201844482801194,1.5292965393018465,-0.9853845920399611
0.34461155904129936,-1.9206677146282434,-0.2657926017110865,1.0223945885861117,-1.495116428515292,-0.6603514004819235,0.20104954966708577
0.38502375058969585,0.8268324713942294,-0.8536357608757458,-1.4443653817971265,-0.9709995223014851,-0.2712353317661424,0.2111253580231901
0.07684088246616255,0.2594885631876165,-0.772023538677278,0.39417454430700105,0.9824236308938773,-1.1587011824445281,0.27983330051747657
0.5632236691345726,-1.396971496281987,-0.8085270392642014,-0.963737743450049,-0.6222313674814194,-0.32602948258333186,0.06782338538660998
0.7826189596849574,0.9665383663302486,-0.8241423448410319,-0.32322242144579827,2.205202006853801,-0.4418775444418857,-0.23940375528117258
0.6823903171161279,3.1655688035272096,-0.2489945506416805,0.893846656901424,1.134092276598421,-0.36482397265448974,-0.10100641966696379
1.699771837680457,-1.810278914280442,-0.6263934621101533,-1.15657786201558,0.8034532949353386,0.7137181170645219,-0.752948184523209
0.9772914263147896,1.803227575881599,-0.6526640144486325,-0.9817957305895881,0.7302490909056394,0.12710782141904786,-0.23142771743073381
0.4015856776378016,0.9009876198202875,-0.519515950261593,0.053050239601225596,-0.2567671567738255,-0.5195349404416029,0.15652011760854512
0.5444101668306047,-1.7878839114997376,-1.405986795683681,-2.686560373365315,-0.03247284976886735,-0.2893990007633573,0.05529649240436652
0.8995031959163521,-0.23295521784594547,-0.1422185069202627,0.4028645039707113,-1.1569306399837191,0.06975082288839655,-0.10960686255293738
1.074629230134702,1.0149139862420815,0.14908653434755503,1.2017378781609527,-0.7804740846025353,0.21321927500272522,-0.2727783863456222
1.2924591001287347,0.6872139962041158,-0.2509998921508093,-0.46132650331943603,-0.6050491716185319,0.5703254036324477,-0.37673951743595563
3.205686095445172,0.6948937361371045,1.0070566650148878,0.9916824470378576,-1.0265843020689212,2.631815714351998,-1.5842373639775034
1.3579742800056447,0.3415785323207578,-0.3555198454345038,-0.4510003943642236,1.4889694815104901,0.6049466600507404,-0.7009463429995254
0.504412269357164,-1.8085293097786368,0.3255243606581167,2.536874108349741,-0.8931765983613251,-0.40396718449907465,-0.11115500760947986
0.8918304385869542,2.1426375922425875,-0.16647162344922026,0.193960883254582,0.819168503951202,0.2385788768161172,-0.3432771256328226
0.7641164422091349,0.3324933702540219,-0.34844826991769035,-0.0029706922989873614,0.5036574862905766,0.057732473781605495,-0.2941254411313712
0.1567592067983954,-2.892262163061434,-0.3815023272489505,1.0437336984272032,-0.1958544517236916,-0.8286625902273945,0.09790548006769126
1.0945897581435715,-2.2400841692520146,0.035770530673144556,0.9597156198001308,-0.27586928281044254,0.2829094198746817,-0.4773717882432285
1.7019219184515546,3.6221455995637415,0.8950708202032562,2.6320028027497218,1.0762152999032777,0.95011042456871,-0.8835705522876166
1.185937250512603,0.3516611620963364,-0.33210813808045725,-0.9117960755176355,-0.048169250210490934,0.7060472089613609,-0.4922632996054273
0.6021561313788095,0.20855528412291138,-0.09417880529117682,1.2104072297810051,0.6359505495278793,-0.2811152946881701,-0.19852162059255743
0.4971497838960031,-0.06321231770225044,-0.533788508373471,-0.8116225795493587,-0.597542402277225,-0.013956531402263309,-0.02804177193306433
0.366669556525684,-2.2364975275112156,-0.49843614983443174,-0.165672180857431,-0.7998873303317406,-0.33500563329637484,0.03855991594984451
0.890161196265405,0.4109168050470798,-0.7247934021595446,-1.5954221329168705,0.49121558526342374,0.3646307559286552,-0.3373605602759881
1.379564357497412,-0.9150367461939989,-0.1778009777182496,-0.6544469208742693,-0.582593540213197,0.9019526441303413,-0.6067791020828954
1.6563018499473026,-0.10149613346394387,0.7620582149401472,1.6390570763890047,-1.4486338252046813,1.1614473975433925,-0.7215275964817766
0.44185673398242586,-0.2973240005944104,-0.008517233718456977,1.497102163516125,-0.047509146411969634,-0.4140554684252274,-0.06023687687697176
0.40845445208878045,0.17341983163467847,-0.3915992391819915,0.2209177790088054,0.21418109470176866,-0.33138211049941185,-0.03861545038896132
1.1781464970073967,-0.6574266206632784,-0.28533805701507803,-0.02846693383582133,0.810487581228305,0.4113461690203621,-0.5881579252830295
0.30307666268254163,0.617915024861122,-0.4119410627467666,-0.2712887682869236,-0.7897137546484589,-0.2052547950622077,0.08332409000626143
1.3570880624204213,-2.5412314426939058,-0.1783748171315119,0.44052706919894247,0.8322041722249478,0.43358719809899177,-0.7107887162429041
0.4605644821838769,0.8512648871258292,-0.2762964952617816,-0.4679128773711911,-1.5117977980324684,0.11840447523188802,0.04467034743009676
1.4790709321538271,1.1568588536835973,0.4206471270237518,0.18023978647962122,-2.0287757376529383,1.2935381337690586,-0.5693863947836264
0.6436535990954259,0.13548226181561848,-0.6361947365922879,-1.448787414361566,-0.6776966529255537,0.24464991275022105,-0.1210188731682132
0.3849195999469223,1.6904803674426172,0.08037373642616122,1.2060871096269632,-0.6832963120759056,-0.21342054589201906,0.02329821015119785
0.6062487152238201,-0.6321074454779042,-0.10283801767472832,0.47333164414768797,-1.1045845428577366,0.027357077977116777,-0.11181669924826802
-0.007283011694574777,1.5928264754775956,-0.6428081351234072,-0.8326249853081507,-0.7420554080313203,-0.4428080647883473,0.3061549740930942
0.5661554016298037,0.1665803638522221,-0.43761932047199353,-0.8044303634841583,-1.019691555804504,0.14875059685572992,-0.058251480520152575
0.7976552623920035,0.0773182359881019,-0.348094069265311,-0.26982790122999956,0.05176401161998755,0.173888731266902,-0.2696552369299802
1.4491092624206043,-1.2366670006956493,0.45596100791160804,1.8203549557410892,-0.16145579262419277,0.6410605360079202,-0.7189788220193906
1.219789472165984,-1.0704664624589963,-0.15188752724431692,0.397913288647626,0.7904426058081798,0.38287126135473276,-0.5921659339343512
0.14879659081823948,0.867779251539781,-0.6054771261674223,0.2802802678298221,1.3275406306227182,-0.7611153195323584,0.0643019495951899
0.7669869049897481,-1.4400432293863075,-0.7176599914049258,-1.120643721743651,0.2556531209476964,0.09832048757470802,-0.27897050157647757
0.6805336250064854,0.8468635812503162,0.30297877137121126,0.8827238232195651,-1.0339675933300532,0.3951225830709679,-0.10931036219656783
0.3105956059291092,2.3127694495324875,-0.30099534634685976,-0.6835615824578315,-0.45991349706909607,0.15003495488106014,0.10289393789782847
1.348979554524446,1.1103455306754049,0.5821984957980424,1.801590275129318,0.7504401851693123,0.7856189010403777,-0.6684003786778152
1.9407801086778307,1.1055543974962643,-0.14589225452508708,-0.7425941598299818,2.5567708841658052,1.4201813536780667,-1.128624977146376
0.28687917574694133,-2.5487132394768888,0.03447069752767818,1.4854870998934693,-0.5789408471530358,-0.39166255173399495,0.03847643604620812
-0.10837694373988443,-0.9808187651888202,-0.6435113897108153,-0.8665983003678752,-0.8923908637268838,-0.44568901725809834,0.3674828935039329
0.616329498996079,-0.21208310460376364,-0.5193139326735077,-0.24000441937099393,1.8303471601953458,-0.08460060416389333,-0.2570299275338834
-0.04844636038599244,1.5727230744440321,-0.044158811444702,1.031009266109293,-0.18998275873945628,-0.5220816475215397,0.30073709592755027
0.48817563934771385,0.1494354358613631,-0.4837230201699997,-0.09303202559374435,1.6193162284702094,-0.18458741751998434,-0.1657749373855839
0.547192958690477,0.22781749092961012,-0.14398894606409468,0.43741522388576787,0.43962885040383787,0.024487991408594686,-0.1498618108445544
2.231181710793449,0.898126787902869,0.6314902558124573,0.060618619017894025,-0.37726304636651786,2.1099375535379115,-1.1101314873205677
1.0700159351025025,-2.4711199419910814,-0.096660637110403,-0.10396246024465067,-0.3840015130607379,0.6163761421624524,-0.43180253473231983
0.2832374220751464,-0.3049410210850344,-0.010328876878375666,0.8449206537492325,-0.5761991775497537,-0.1901637617360024,0.0905475876343681
0.707341355012638,-0.5722924669060577,-0.20359608219358868,-0.7694772913509017,-1.276315354994528,0.5469684286070599,-0.12977543402442732
0.1374004660619288,0.5118935778110569,0.3784778805312196,1.8070752079867003,-1.552497698146848,-0.24018088534476534,0.2303789790485387
0.6325565276012145,-0.47447811224442443,-0.5295274012515314,-0.8134257083779979,0.7678482894606162,0.14354587134194155,-0.19212526244621103
1.4255094958295558,0.18561623084979162,0.37399663364826635,0.22252425970524958,-0.9519743528332247,1.2428474054004262,-0.5944438908443427
1.511584934803776,0.6904958859623028,-0.19365884931844024,-0.8808159669620265,1.2284874233506113,1.1397387688890723,-0.7787674792896578
0.7331459235051283,-0.8588102561642612,-0.39336772397877734,0.21301471983744572,1.9242531214628846,-0.05749845098207774,-0.34747699255343517
0.2581565096049203,0.30436749512286626,-0.6977851300761626,-1.2697180695166659,0.33838151450453596,-0.11359446422541,0.10023512955901079
0.3291818536128589,-2.8639459311963193,-0.3959208218234721,-0.28162836157009263,-0.9714738590528111,-0.12352462214981705,0.06192876084499432
-0.31503762068852614,-1.3807670795424587,-0.9723510547899539,-0.4641830700522815,1.4336705804931944,-1.1178655169259,0.35394491492223074
0.5736146817418327,0.36935616927857395,0.14485100980862664,1.367437045906523,0.48403525895185145,-0.04685160029945595,-0.14844672775591125
1.2944437057843743,0.08728209981374477,0.14127140305500369,0.11520247410939265,0.08423802143693171,0.9318115570835341,-0.5622002210746382
1.7758729160118982,-1.3083733765713113,0.10492223287544197,-0.8321609146982144,-0.7299593188940882,1.612952561861351,-0.8428617853177762
1.4830600593551078,1.2522552084878815,0.4311444445942975,0.36759917810838516,-0.5404249403527415,1.2988244409348604,-0.6586194579709481
0.8393061984780096,1.0052035719756325,0.1530602369297383,0.7432405280700989,0.21602509895621583,0.3994581704973602,-0.2904886220284819
0.21337045792845302,-1.7455422821683038,-0.9105635618641071,-1.2628314987964526,0.8174425367548436,-0.36810076154308796,0.05541577136829764
-0.38695064496000997,0.6856189597018483,-0.34782632132450936,0.2814361513578484,-0.9652628944897166,-0.7498864721630994,0.531964749984184
1.357239985413887,-0.2359843754197778,0.21985484676196815,0.41137825464893174,0.11354069513347015,0.9496886519893941,-0.6242367585855313
1.1731856690003875,0.7277160162324163,-0.5799763491737501,-1.6820036067511925,-0.06205586074903325,0.6613890881136396,-0.30435280696077066
2.2439738581988697,-0.8021293381567209,0.46515463703420806,1.094177632458431,0.5149676256767902,1.3862308167616681,-1.073960259511427
0.6193898636684807,0.6502297648853744,-0.2521220360452346,0.5660296491016052,0.34309872781652395,-0.2555690107808948,-0.015200968444054897
0.9622151358389983,-2.3565978706414006,-0.4368403676486716,0.0058762437202554635,0.36656926878620527,-0.013058543347170277,-0.25947989099783925
0.1596169252984537,-1.8032098883413716,-1.1374855593566555,-0.6958433817008113,1.7342714124838339,-1.020247221038374,0.17110751049317668
-0.16587721579977638,0.43879728743927854,-0.44266466438707125,1.6515490983110002,1.4439015222573668,-1.4370415403621666,0.40726897407855206
1.7261353985326082,-0.08673027109375964,0.5101682508641251,1.5964430193685495,-0.02362947741809553,0.8868332669330887,-0.7073252439052742
1.595242651064107,-1.7112332654218705,-0.284807363830791,-0.4303142758866431,0.5526316387565251,0.7511942179636097,-0.656832835208915
1.256461436405199,1.2350535241244758,0.05055193494673759,-0.04138371842129806,-0.8066766726707171,0.7374785132334511,-0.3204565406404509
1.0945552570672616,-0.3682747924828116,0.08442748205113959,0.7457786309862291,-0.6666991722533395,0.35357811759658025,-0.2688199097275069
0.08800853951742509,0.7143976233779663,-0.6768124167396454,-0.5434607034795432,-0.39712163410130563,-0.6115888149949976,0.3703679128401996
0.00396491849333123,2.2191216469726336,-0.2514762186575996,-0.06324196639009623,-2.0052265805168012,-0.4045159100369459,0.5495100389381196
0.8766661776045861,1.229006766459762,-0.7892961357793095,-2.3230450171862675,-0.5317779564058607,0.5043382446537508,-0.08114102420774988
1.2303708914173355,1.6516278004956104,-0.5734037712615603,-1.4759894448904782,0.744136103863083,0.6394029790035994,-0.3987154769381072
1.4435083356095033,1.0955448427111252,0.43801442452603484,0.5918066401705634,-1.8751168217176086,1.0500471095925579,-0.40612215209288216
2.366244560121065,-1.114739430337548,0.7811848699810634,1.6930038008651203,-0.3498461915358351,1.5841566398288982,-1.1252246278808746
1.2221564670957201,0.22134384731177986,0.390209260115064,1.8663834823818763,-0.05967756411596983,0.3247252050885873,-0.40027110414592143
0.2376594131272548,-0.7983774341234475,-0.83424902115212,-1.3955674549776116,-1.0410262094133476,-0.35595643892545764,0.32430994842278543
-0.11927416702182328,1.2087495162432345,-0.6616426012747586,0.12065325258273023,0.3510700286815161,-0.997780068120433,0.448142534634092
0.24127287134210795,0.9578158270580106,0.03729135970974584,1.2386253691470193,-1.426231812818536,-0.43806615782987385,0.3029682944681403
0.7172161082184341,1.8465997351117083,0.19838824280363646,1.6066616895812489,-0.04894803665757453,-0.1107835097570301,-0.05861114404301515
1.039011851223772,0.66411842456706,-0.2022742813475866,-1.0174692116914996,-1.8145026835836247,0.7203526836233027,-0.12397457582074409
0.8584849684244085,-2.5589453091861896,-0.7562547760976436,-0.8843580949704789,0.489754891098754,-0.0712522704620131,-0.1916778821972503
0.337360044495232,0.5760718987647381,-0.5946624521220194,-0.5997334479697362,-0.3764310620749238,-0.34133088236544984,0.21908235673802828
0.5122061611755334,-3.4088260870937184,-0.4198718010551471,0.8283031729643027,0.107363459281183,-0.6255107782603595,0.013157280513772617
0.0015969606717804819,-0.05713001657538528,-0.22877127800410563,0.7180946403091305,-1.601220942340056,-0.6951583996076444,0.4776576294109166
0.36241450626134186,0.5246196169336214,-0.8275166264525323,-1.2850881958850817,-0.1184505923243556,-0.2823107337434553,0.17376719278393343
0.939617561521121,-0.9354283029492961,-0.13180983602931104,0.5345725467578695,-0.200501343711242,0.08766886473641122,-0.19129037696095075
1.3876838436461103,-1.9719819106497094,0.20794291814052349,0.7394096419914564,-1.3116602627574152,0.6816919074418527,-0.4319202633765454
2.4081337195083594,-0.9420611309090481,0.0017872552507879381,-0.37584470999693115,1.2611867052095527,1.5946366992862868,-1.2185914593364977
1.4934002549031988,0.1379643441276773,0.23981093318490004,0.84127417117439,-0.1944802077453095,0.7457726386296397,-0.5392460104527795
0.14418518973885852,-1.0487677027840991,-0.4292510724871218,0.5079379661053888,0.5352655759705145,-0.5921123975214334,0.08443773878482108
0.3145264470239308,2.478045233448525,-0.256436518143203,0.32184158835301413,0.8604614567791844,-0.2081614521863049,0.0044177784363434065
0.32182948122637356,-1.9485242096419868,-0.21005490972506521,0.9296078718907342,0.05705030348925825,-0.42222528035651286,0.002089601192682106
0.5405332759702731,-1.3816065602471017,-0.6941564619037464,-0.5583208867906538,1.3699279908958697,-0.19776147857131324,-0.1965295288634088
0.45668819556741747,-0.5656129131352478,-0.027106570947003725,0.4083633398738726,-1.2835730539071832,0.0855303591208334,0.021349013255036436
1.69977009861024,-1.0783050686933626,0.28861877376418854,0.697988675302446,0.4768679604849262,1.1311077885431127,-0.8784527614119375
0.35376278401341965,-2.2783293555214548,-0.5861154488214005,-0.45694735709932527,-0.013024036699402212,-0.25718818365384016,0.00796496264792754
0.27901985408036456,0.06828857164279761,-0.37681504651375386,-0.3407922753358739,-0.5563352053426583,-0.11320165626792134,0.10975116232539353
0.1760508745141151,-2.7830856236126507,-0.6103390681103594,-0.8223084906720848,-1.2065668797608502,-0.26347550875041686,0.204077561091737
0.10669460126670699,0.889879643235266,-0.9985969737561345,-1.358774256964747,1.5788925605716428,-0.48881234593606754,0.10331147247678618
0.4136396390572597,-1.610227866468677,-0.6257868402484515,-0.49744950301915997,0.5970379118774416,-0.23939449906839655,-0.06341321948520719
1.9600454271689036,-0.02861381285805853,0.22870354285778569,0.06617150789642628,0.821982414946105,1.4999664983517873,-1.0466313514566037
1.2925486456010558,0.6261646628089512,-0.6158771086480636,-2.4567332624368157,0.19683541282720868,1.1496896214808998,-0.5352311100133791
0.20617107780171215,0.07703229204732365,-0.19703581753802918,0.06872451527398568,-1.1951950300246414,-0.13518439019062603,0.19542535097462185
0.5427979480573638,0.702581275997999,0.07782811800803685,1.6554342745498432,1.0758998025332038,-0.23765326560183597,-0.19133156612422994
0.01113223327679949,-0.13916639948487872,-0.43014081195301196,0.48779970059250416,0.5037481173785988,-0.6771476897205476,0.18884900255555984
0.07180453076218049,1.0395136807237344,-0.39160553419383326,0.17016911627939457,0.29606516677249584,-0.4699887349404545,0.1900930620325839
0.7275872184011711,2.0832886644116972,-0.048093259751396646,0.2015584528348636,0.2411988249612721,0.3387483209399911,-0.2184017461058045
1.411057298856606,-0.8606926347593327,0.4538268188371118,-0.1550764068644126,-2.9920343826362816,1.4604567380896156,-0.45642604439804557
1.245938245984777,-0.18606626552626712,0.30803640457638704,1.2059985971012597,0.34357292552517754,0.6516088435127433,-0.5839686219062744
0.5761221893924033,1.3177530607272208,-0.06424945076399832,0.24076495332095396,-0.30773935448421674,0.20384998040733482,-0.09834655700427034
0.2590374735100519,-0.21363291229108558,-0.9693660788578493,-0.21857201122398567,3.647560073313406,-0.8415343221393742,-0.12860075914171176
0.31630624123262585,0.05391822262864234,-0.2916695726030082,0.6547871540357828,0.8408039745766294,-0.3956241349854285,-0.01922061450463942
0.711665826627402,1.2722366649179075,-0.14830720587750887,-0.2896354004494642,-0.34590406762603554,0.41091824420086154,-0.16837024567584358
0.37360506034290136,3.9549353652682275,0.01532911889141763,-0.21340421750134636,-1.1597948500204234,0.32170678041539486,0.15032414893472082
1.0278858004344587,-1.2666347221407357,-0.0706113332372334,0.06995631223509444,-0.2471707790523558,0.5469242848334646,-0.402603470144403
0.5565350717144484,-1.1133687926269173,-0.03577430411913499,1.1148121562813877,0.26805372881911194,-0.16239096864856664,-0.1365559998401423
0.0496476779919248,0.15378336550482716,-0.41153615908355534,1.1756901671964786,1.9333046926919613,-0.9148434289353896,0.07491300984274285
-0.29796481653689966,0.695943154625488,-0.4231273483059598,0.2226275845633059,-0.6086154397415177,-0.7646573659533368,0.46758087236588686
-0.6128110579554353,-0.8232381286886901,-0.565096198877037,0.7180895174533907,-0.20519217047854849,-1.3277361865474222,0.6094015529193212
0.5257632057366264,-2.3435735850019004,-1.0679900273982,-0.9093666565093036,0.010959085099791249,-0.9365904832143579,1.0085610365652207
1.3569507526074371,-2.8465030993949707,-0.5025244071145548,0.8346043861907156,1.6689373852880363,-0.48375364937876186,0.35933356857475374
1.630125952394141,-2.6659029812869184,-0.40148513629402943,0.21671812551728104,0.5936023382301738,0.07156360053424499,0.2507782770216768
1.2704752061453732,-0.24472753177181603,0.15497811663417507,1.7180779246704085,-0.45748801989810534,-0.15973967796573288,0.5519151418442735
0.8958541690075387,-3.1351162286004706,-1.104743339178061,-0.8398935907280428,1.2006141434350504,-0.7740819349292912,0.7035924210700719
0.9106750058840264,1.4192239486104237,-0.94670425611589,-2.0427894276254475,-0.4415579330216724,-0.07484389127156718,0.8495584624589276
1.7359252472275521,1.0078160555093527,-0.10635437966518793,0.16336432647107504,0.20249163174874976,0.49370013477346625,0.25588493261074535
1.2162712023888274,-0.5703715160212622,-0.8224982250406403,-1.499448535111753,-0.10579694570320801,0.02656989579836805,0.617289417425659
1.183954366678119,0.9700829396204784,0.19975459007035992,2.4489833784774855,0.8165798514805983,-0.45366718217914737,0.5224531290238731
1.1565677882150087,-0.7286473270337569,0.016809951692319268,1.1943333305016994,-0.973513049818292,-0.1857389279761183,0.6693359274958083
1.3019415211045702,-0.9473249217966261,-0.25578243870111383,0.32822489308013714,-0.4193925353166087,-0.0376200834877837,0.5524952921011106
1.264028180120581,3.0008449896529132,-0.6720175088711318,-1.8428166147223073,-0.24261765733076593,0.3648421759905204,0.6507570909826665
0.04627675539978064,-2.2720601111160468,-1.0288276932082918,0.4123744480442565,0.9770874687686947,-1.760932009346289,1.248764181867437
0.6795077153086959,0.4768261964298527,-0.6707176732930641,-0.3424388106660269,-0.055224111087214006,-0.633289675211345,0.954049634265294
0.9505059491937388,1.9674143512374627,-0.7481175468075909,-1.0184689054504594,0.4107142992784101,-0.23111776334245515,0.7477487659691701
1.205118826089981,-1.267381283565463,-0.10531727195370474,1.7986280039573896,0.9262654173630736,-0.5294642835693509,0.4998057140051001
1.8977759531041685,-1.9066081017408976,0.31576970364685064,1.808272634395463,-0.18215930315430143,0.37788846458996095,0.13232257289410354
2.2000095657560936,-1.1133328295675589,-0.03778801215356517,-0.4918160499365941,-0.9616353402874399,1.1252617728904564,0.03221702286222243
0.7984656853163783,-0.3023646467709601,-0.7151616893126705,0.10421689401652302,1.112746566241308,-0.7805260249380355,0.7836369990366809
0.5059377573358188,-1.515222873754438,-0.8663822705201512,-0.506645122146592,-0.2816414361356167,-0.9036607604362125,1.059097755727115
-0.24015531978303303,0.45325264047576286,-1.0204589875688983,-0.7030160949333529,-1.0678079970039658,-1.4593359088217301,1.5802199141667874
0.6052907019641253,-2.5028995683101942,-0.5900202395207894,0.8553499795466183,0.2981113917212667,-1.0860326105575229,0.9248041150696055
1.403718631032137,-0.019259393234605585,-0.198408533450596,0.8834954928095361,0.9112286372387741,-0.13389082419064816,0.4124288486709669
1.625814976289908,-0.7061599451394522,-0.6250881040416985,-0.5296439558463827,1.5314808352471303,0.11417208205098194,0.24806186425426427
1.684477111158085,3.0328091085372555,-0.5106562936755439,-1.0698932226359343,1.2984247268492997,0.5151246882309007,0.2688699433896474
0.3319028829876592,-0.9370721385590199,-0.24032140513993966,1.8627237222322937,-0.43340917939081497,-1.2717822751735417,1.1291225059665597
0.018011746850198945,-0.8387364295772469,-0.5386509099207775,1.7253848095357485,0.4992144543869082,-1.7517281196308687,1.2732199684533483
0.246210582227459,1.1513133996794203,-0.9451171008736149,-0.6148816727766251,0.29561149132557973,-1.1003151172909682,1.2080411672967009
-0.07021963750752679,0.3639131518560961,-0.9043813179416018,0.13810931222625886,0.14773424539421376,-1.5518617963568317,1.373703550550174
0.1646412009957547,0.7823722805494749,-0.7560976312696226,0.24290493174581168,0.2635548532441015,-1.2980059335703351,1.2473656135745328
1.5435560931377212,-0.6310526945252647,0.014438589262488052,0.6541351526110789,-0.8327275989862792,0.2852808395904931,0.4271665194701726
2.805538238839485,2.018598771314925,0.6926901758553722,0.026024121470864567,0.09910285836232241,2.067054197537993,-0.23334151938161377
1.6627445462065595,-1.4904468548392764,-0.013454594092603701,0.1327673501774605,0.5157230464349642,0.48605072463248417,0.4155834508363258
0.8384452420606948,-1.9877755879940397,-1.2644285980722383,-3.102080823835565,0.3416437673341465,-0.10772488536567763,0.9731532886823904
0.8947210214413189,1.9722265239657006,-0.5383311618023142,-1.3668865024902173,0.41053352788112685,0.019259789304079896,0.9703932319798179
0.3855199209632421,0.04378495466146445,-0.3066789638270175,-0.21460312437579376,-1.2275205297489422,-0.527771957463195,1.345603122001126
0.9353326412427088,3.5915490023049155,-0.3186915856987484,-0.9954154811910175,0.39330573892351,0.1313440010182112,0.970157450063013
0.8248781564123483,-1.2354374307817708,-0.2702643707918692,0.2619501553629798,0.11555354071032042,-0.37660382381237817,0.9431068727825795
1.12829754368,0.052821397485191525,0.10359746047048135,0.5429658890626016,-0.5677611733037268,0.12742619694427604,0.8012409175730657
0.857873487454654,-0.12502149866433185,-0.7648769341776639,-1.9505629783429563,-0.05476478716131328,-0.024033463288845276,1.0081027780518659
1.5727942164541484,-0.951147052886758,-0.030948851041708778,0.04769670874212111,0.38000639355947546,0.4534164665822375,0.47783717578862156
0.8700302604366467,0.22948717761383455,-0.043697914949580786,0.3069525758754323,-0.5639469474727419,-0.13405898193221216,0.9979061940659677
0.3603017841867979,0.34300457293660724,-0.29014785750224953,0.44548107394323794,0.0038883046916259813,-0.8032475481921065,1.2899624961872695
0.8632472282343703,1.9176568339560012,-0.03031235787630646,0.3553841854339225,0.020276220064942445,-0.12767786482000384,0.9721191076146456
1.4975521986930829,1.3967670961274272,0.1212467978297625,-0.018670598092768755,-0.07735366169914826,0.5989777460983345,0.5878882800675562
1.126307589966569,1.550515820541384,-0.3876899569833555,-0.4064046193261095,1.6637403807225324,-0.04388638482712034,0.7170229101419799
0.7452803787035057,-0.5934826879071244,-0.8612313694474651,-2.0591170151697,-0.17141524694321483,-0.1459980736085404,1.065079751026447
1.0570314902731712,1.4757390480191197,0.13452802932523406,0.21183910050742233,-0.9754444818287055,0.2323302284195003,0.9156863220358119
0.4303466544833902,1.1425966905962233,0.042304389535543566,0.4362291104310209,-1.8483844576680748,-0.37277117733903736,1.3557007094832578
1.143756438812464,0.17685332784853816,-0.2278553936755938,-0.5628191455033286,-0.22281709166475896,0.20467002738531653,0.8077536703049528
0.8506108494712158,0.534022012647865,0.10811543647944383,1.191300261263495,0.09523720862435285,-0.3283196551560835,0.9487425893174357
1.2984213393582376,0.6244785025668521,0.20696849479293436,0.7709992233544163,-0.06046104433688318,0.24544720064900416,0.6847725278629916
1.882963062629953,-1.2533798033268715,0.31399509103108875,0.32791515809543104,-0.6730489258865553,0.9196129629075157,0.34359159126777256
1.2323570029793518,4.278201113977329,0.06760762296229805,-0.31152593240403786,0.13292183086422624,0.4814922052633532,0.791136428664807
1.1203349214386773,-2.404500206761567,-0.8811419760740757,-1.962906815720413,0.5850560081833671,0.021969126386149864,0.7747318733670066
0.6306183914854107,-0.24352156923052004,-0.1331732732302013,0.07483365409340913,-1.2721515561669239,-0.2948552222591371,1.187762905471024
0.8525897889668684,-0.7179139403011053,0.08613090148816549,1.3462278716004537,0.07578995516844331,-0.4203433076574145,0.9351771236360173
0.6432498449362077,-0.151374722718755,-0.40110968311346873,-0.45693197037030936,-0.40138997402526155,-0.3578007058466346,1.1265591379417967
1.4273062026660577,-0.9733617377480014,-0.11534176784970913,0.49877029924487626,1.4566340257287858,0.0674316792882286,0.5116478187158795
2.792212857546869,-0.6494705485915399,0.7890921499965879,1.273409760397423,0.7168913398222596,1.6563778816976107,-0.31890120305253133
1.384082103026975,1.2968132115707778,-0.197107909082642,-0.5824192318478564,0.6704374855538726,0.4037210515114927,0.6189515371525663
0.8087741501957723,1.3372679793136364,-0.20735057698793738,-0.24252329005584283,-0.19337269840755905,-0.13704101883886208,1.0441912493884271
0.5508407859826338,1.6693892128968795,-0.28985522427345534,-1.8929503798126317,-0.1412060841943224,0.7098948646953444,0.6116387952987301
0.7687445822085259,0.6874718260419385,-0.07032101013121525,-0.8276880288786984,0.7261147348166664,0.6367737232255949,0.4195446724319417
1.2484958208971084,0.9773278556567461,0.38222098194736376,0.055500956914250055,0.7786359532825717,1.0942471410807426,0.1030215854367482
2.229873208111179,0.04158055706957394,0.8883104963308949,1.1656909532398103,1.8442603876915942,1.849792379121649,-0.6142062541918754
2.0598036918551776,2.834893684521259,0.8573577774344701,-0.011267621844569501,0.390480110774188,2.192616034478576,-0.3713938634043836
1.060748225209523,2.0296758135178887,0.21269326059484886,-0.2416439206070351,1.2424765896251462,0.9086029876942906,0.20782826630756662
0.2494557212063541,-0.30321357662345905,-0.2640212788610887,-1.9635293636151228,-2.0254920268155896,0.5500323217147023,0.911041623869783
0.2514720139077121,-1.4097561499108806,-0.011058064060122885,0.6607017070529476,0.7911702070194355,-0.2339948432923871,0.6782541742931859
0.2467464232080245,2.29550872576546,0.7530709721057536,2.6028918489007435,0.6768681297392977,-0.18062306811980697,0.7085866127407634
0.2224502256305643,1.2927072255867793,-0.37021194036606975,-1.5335917004309196,0.08436751868646723,0.24086379945648115,0.8142442285781212
1.1437329524904107,-0.9343295818801457,0.35085495076611434,-0.1083086300898764,-0.384999833423903,1.0580255068098792,0.21471333276111687
1.3638816850297462,-0.23676975123531488,0.5723804498919498,1.0456521163204953,1.149303625636198,0.9897708628165091,-0.03879553204572871
0.22882215514430954,0.5629699981603615,0.45780638875924795,1.1116514234129107,-0.8206207598209568,0.07585683388467747,0.8233506788377356
0.1356872514991445,0.9926036421783923,0.3249836854166451,0.13412423655388878,-1.9511607935515785,0.2845540302559909,0.951050554762762
0.521319465402804,-0.659079282822594,0.1887697967136417,-0.2923953224535284,-1.2898370714397305,0.5423212648601763,0.6716412483446764
0.09604207962505386,-1.7599345616281756,-0.021665849149676286,-0.20367861723905434,-1.4041181178997015,0.010593617946482128,0.9111012244561097
1.3528076828484568,0.9757218723965823,1.0742783011511747,1.7601700554343096,-0.5717153562936826,1.2623302005660058,0.061827352712991564
0.8280641881655205,0.9512758843857795,0.2638518663300353,-0.29418608347098163,-0.35263465870104055,0.8427575876096219,0.4270975748857837
1.171824872400372,2.2325949584338955,0.8722146770669691,0.957455299631618,-0.6970887756836875,1.2394659685026923,0.22188453637308994
0.41709729115138217,-0.1556091062256236,0.4303241165528957,1.3347593367395003,0.01911496823463887,0.08568216077574108,0.6316113124689754
0.35673712764574256,3.1947656613942645,0.174019472990343,0.43107309595575977,1.1548038085773666,0.14661192540171006,0.6437638358563709
0.16608954667053535,-2.6283555647116,-0.5022101862896413,-0.7725542137793296,0.7241264699928979,-0.2519514673381832,0.7433368958536145
0.5459222839811065,-1.3906831834441562,-0.3850084855120778,-1.5383174110520963,0.11064994624499246,0.4228635746423633,0.5887904838564942
0.8055541368306244,2.3504664240744395,0.2020018818588982,0.045497502651371,1.2192056067411472,0.6208650448085453,0.3605129294121421
1.219860469016153,1.725965647745757,-0.22818731769813705,-1.3429664442202045,2.422649900651638,0.9964344772652837,0.022974834792172893
1.5339047075512666,-1.1551185037790017,0.9145923580929467,1.6943951817197687,0.26246542636251163,1.1898931219130795,-0.08580618246082006
0.585975499675642,-0.4122556983876638,0.4516393014822136,1.6992226633416174,1.0376429039800363,0.05266359055470559,0.4752923445116824
0.6711467213351513,-0.38050710952934147,0.2303090857833367,1.0061511051781027,1.4240961997859078,0.1633681705259855,0.3897014456652752
1.134142011348772,-0.1289143096887853,-0.3226626724622359,0.6727643433635885,1.4394665332603294,-0.36959337745096466,0.4131177913693767
1.3994033349332757,-0.9390352086242795,-0.02875228270116786,0.5786298637992652,-0.34029195799666556,0.17026794940550838,0.34197032956640516
0.9551941336585149,-0.5208673739617546,-0.41862288682947013,0.7711589002770627,1.5336153817434102,-0.6141774852231136,0.4915866107231473
2.5842457346924412,-2.196062606725899,0.32880401680279586,0.8070982879786589,0.5932375999321122,1.2388293914632162,-0.4692127705896156
2.3317652838226377,-1.0288063818707156,0.372156676019861,0.898793003264344,0.1460022767735505,1.0972793874273334,-0.28303300702289597
1.0752210528717039,-1.0183571908730251,-1.095978747769462,-1.645763491236314,1.7474295600954308,-0.30128251416171553,0.4339371413799765
1.0940467400030767,-1.0490036332683073,-0.12448294472006449,0.21487384558578707,-1.2588713846698418,0.0030726937296205177,0.6043173881299009
1.2056558119512395,1.3700484686548395,-0.11215559902152208,0.278995034835773,-0.009049715166228453,0.08070942858789373,0.47230633342539213
0.9732772656984885,1.2866864225418355,-0.5962027194422541,-0.6012071306649355,0.9429617751823347,-0.2470604025757462,0.5709268987189353
1.1981591217540992,-0.2727608161248546,-0.15652696497415106,0.6723078510290317,0.44549436344432203,-0.14994110500044447,0.4384564030321156
0.779304838420741,-1.810135514855155,-0.43199698949588383,0.37407491140957083,-0.05252985502324533,-0.6058070941600635,0.7126813202526266
1.4957893256894097,0.1608973953189682,-0.10261207835671166,1.0031582308512832,1.744520479536272,-0.0313753332600383,0.17487101284978085
1.2460703201183534,2.0329387242814607,-0.04937051760049012,0.929943114127641,1.1727069800319383,-0.08621758505058114,0.3718095371244171
1.2999145762795818,-1.1148483470185162,0.4428503248635729,1.96483589823109,-1.2201819116295352,0.04239319172903507,0.45662042500464484
0.7479631895264832,-0.3168313049102522,-0.7179408363827092,-1.093166555903493,-0.4345958292564348,-0.33179520713239435,0.7843755311196147
0.961544430737474,-1.7638655999303277,-0.838647211690892,-1.993412481828648,-1.215082210050686,0.02633403733879216,0.7077256532484844
0.92448374643657,0.8218145811370224,-0.7961215742475525,-1.1733795337518944,0.9268067946580968,-0.27216221674473623,0.610339313119573
1.9873777464548215,-0.9743745777455003,-0.6753637815980126,-1.119803924423855,2.6112264902260733,0.5221965368286634,-0.17094662483272716
3.5641139651078153,-1.1298645556567215,0.4610293755451004,-0.983060871567932,-0.512696801423126,2.76230013159376,-0.9818076975314278
1.7090499331186453,-0.7362159369267282,-0.034806762088539334,0.5202525707715955,0.5692361627510869,0.38947011198503817,0.09660271867200605
1.411704343604213,0.9901925005695001,-0.44669029605299637,-0.8465171821565889,0.6684403963939246,0.2876528843184238,0.3317368613437465
1.1836523210625838,-0.03711259073247808,-0.43477900698320515,-0.7891013841274461,-0.49550277697616485,0.15562769561355577,0.499590015131469
0.8611836378156293,-0.2819228154091211,-0.6113799450611488,-0.8695309336396614,-0.34266808664779236,-0.2443187145579835,0.7198419466532481
1.3330558223707734,0.2809681373052207,-0.3233016209662934,0.2478139508957966,1.3353565351581385,-0.059096979631814185,0.2980524622887936
1.5035925898395348,-0.4066763621749113,-0.19621193611274904,-1.0883194785610528,-1.8723965189992096,0.7358968444842294,0.3987727778847995
2.027457381269374,0.2277897456002132,0.34877265766081683,0.30355913926292827,-1.1979814473528996,1.1120714322975291,0.01966248639915916
1.335125081433788,0.9042718063827945,0.13054176853341287,0.4199069326505019,-1.2310352275400005,0.37707789627865457,0.45616930273806544
1.2586323483765962,2.296417767954611,0.02682647222691098,0.1786376568384689,-0.5661772880764846,0.2936141171624937,0.5060468936332787
0.8441762249197176,-0.33737074862071376,-0.5473309054095168,-0.3608849096744592,0.15381366750284994,-0.4003651908943587,0.701336607794215
0.6766530279731248,0.288070997342289,-0.4102859309343729,-0.6770809876825212,-1.7341455917204296,-0.2068676282550986,0.9097261243943555
0.8804287501104272,-0.3302440700762385,-0.6700322867682704,-1.4124875937715469,-0.9797235491082644,-0.0662445998561638,0.7438700320864128
1.7040819343307125,1.1487029654737164,0.5649627092381208,1.7015531134781983,0.44982459777072925,0.6254990363755389,0.21311953627583397
2.471951315265719,1.2434828932918396,0.27502348760310913,0.7002372636469054,2.7774362041790277,1.2201228433421665,-0.3995130667672462
0.8671813878668465,-2.523532490112743,-0.09572618581975392,0.939717074411768,-0.2832962601844069,-0.35249398614449473,0.7533629536603538
1.2467363124407862,0.17622673313272388,0.06295863258349832,0.375883067382298,-0.36323645069707977,0.3192446280646581,0.5466315149709355
1.5799669732791002,0.26133699940596866,0.6630076636510193,2.0997676325560692,-0.19986419198464928,0.49506552450831104,0.3068604308057912
1.7307116047743918,0.6750320508919834,0.45939042110088574,1.234637621427042,0.06656376942299941,0.7407854368371312,0.19276266941411563
0.6763316396388541,-0.7526279015649576,-0.5845248745816336,-1.6492049947865548,-1.7652250307243276,0.051124100281619414,1.011508891631629
1.6267712257795754,1.1603106130941538,0.14017284434539617,-0.06073486752225071,-0.25177743522655865,0.8339924730586015,0.3188808982679817
2.1424407719610326,-1.3592610872845103,-0.17910829318180516,-0.6273789015332024,1.442367575420166,1.0302571239807143,-0.11392955175889401
1.5585659213827912,1.5833400157181705,-0.13572521256007983,-0.08926747627909179,1.5473483773474783,0.5014149396096853,0.2521389537759424
0.9927884568344137,-0.5334913664200096,-0.16773776177704813,0.29925140042253984,0.14448790661296193,-0.08841890919618257,0.6857193464950357
0.7746443855152781,0.030965273489203686,-0.4062105937479839,-0.5370113898652651,-0.3542957242376655,-0.12224019092346648,0.8377564497748452
1.0272580120997234,2.1472167514820626,-0.1367038478608723,-0.10878953157892696,0.21016952747133072,0.15933682990145695,0.6758329147795451
1.4762258714054377,0.6983207227871921,0.2044439665100588,1.066398063171502,0.8289328581308147,0.3497419490568067,0.3211928678843056
2.0269430782709983,-0.3417688059176323,0.47135344778041316,1.5703792951297333,1.189634699123928,0.785795516233855,-0.052703074386569106
2.401870321891121,1.5764758894497157,0.9376590046476528,1.6884198367211007,-0.05572684179753426,1.5209863448394632,-0.2113748895816921
1.094419681129404,0.23616885904517174,0.2595031347351515,1.2973563275457767,-0.3250102150675099,0.04993295448273406,0.6398055667236743
0.9231994134590621,-0.26024019657368774,-0.14095132622272122,0.7835106535374822,0.719148928241669,-0.2849447851606147,0.6722174043042917
0.6308921476352417,1.90239207911983,-0.8150504968793857,-0.8873749586090557,2.1853981506666975,-0.5377482459045468,0.8183474901478778
0.7896841567230262,0.8224506948190893,-0.9089411981963936,-1.8198921259945933,1.0673823623547827,-0.1549846973859571,0.7825321067162182
0.9364198528811187,-2.20963661534152,-0.1920764428829636,0.5357994683805165,-0.06588878441038123,-0.2487989630434708,0.706779299879146
1.3210894729015843,-3.333292680361504,0.5302383269855827,0.985530734276951,-3.5357851897377817,0.6190892360242598,0.6537841805481356
1.9733527218429958,-0.8586173592560373,0.0058821077171599635,-1.0238920016622466,-0.9297018081315328,1.2960237908443515,0.13836133102279663
1.38590641664524,-1.056203031997364,-0.22529992638017982,-0.21416538715247288,0.4576982599194867,0.3215463841800142,0.41226542761320323
0.8383397817044915,1.1034056003007993,0.04829922665743346,1.3017496178315568,0.7139643173198306,-0.3453129934704102,0.7406843221978429
0.36688207414753693,1.1943403415697589,-0.18498538870886078,0.2919949441526796,-0.9431995863545202,-0.4981014503730067,1.1513503789298256
0.5899557155928453,0.12308403194456569,-0.6706423496118034,-0.9379877860069861,0.2415345403250853,-0.3795644798478381,0.9328801625825959
2.3628427204064346,-1.582188836283328,0.35437922064621385,1.2033009006810282,1.6975161657609983,1.0428938973394644,-0.3256284021252358
1.8812384250167826,0.3747356988397351,0.03297876882685717,-0.27999943380967857,0.525473526325382,0.96392088117741,0.1122673224212129
2.149641049902119,-0.26947978428269664,-0.01767671389638641,-0.8928592298198412,0.23513745217778925,1.3305502458926168,-0.03530698770695543
2.0508298675357586,1.899108556964811,0.4068626221477038,0.5295642105666709,0.13716944072464454,1.1682895733509302,-0.08743586632176362
1.514115904224972,-0.15215748632634757,-0.4902493256486534,-1.4654611960560615,0.16370546612436995,0.634891674196893,0.25082388152732665
0.9535499543429027,-0.3423378709572535,-0.4711853935212633,-0.25441367169378626,0.6518286657106738,-0.2047987503955085,0.5532126687892975
0.9967508561641524,-1.8569739433331194,-0.23717527321667545,1.0694925312417956,1.064318432173343,-0.45198846475733334,0.4537945452680064
1.5272561893454515,0.33577644140639024,-0.09352400375436364,-0.5211692124740762,-0.5803004723435623,0.70658121639743,0.2713808432574821
1.8996909511796465,0.4116006094363374,-0.06160195496498402,-0.7263968842132453,-0.033768674760561994,1.0575795971303965,0.021637195577560147
2.537515123101774,-1.7579340817409288,0.38141508911786837,0.4784823633644675,0.23796948107677718,1.4630121904622424,-0.4324557372221728
2.235737659057965,-1.3346367254542817,0.5046451009409545,1.2076490438065255,0.0855767771194158,1.1025476687859073,-0.23551906388246782
0.9974239559501314,-0.6708990777050494,-0.18610983609736784,0.8251083935257669,0.7036461845453733,-0.2920044447784511,0.49196194321428677
0.3956604975426124,0.13806522332117896,-0.3719912053744686,-0.19342106641161538,-1.3697304014688803,-0.4783130050116502,1.0248374264889013
0.2290240573004871,-2.2739051498468217,-0.9393543975166515,-0.8475295232085842,-0.09287762737532472,-0.9598194067652429,1.0399546473015857
1.1432674735760147,0.6722529581535432,-0.3670001127052453,-0.5255953053223562,0.35395810429262337,0.1479900254541576,0.46757581167801276
1.181894365007005,0.46172488033925974,-0.5345370547154452,-0.7757037888453034,1.0386950659514393,0.09509545592976759,0.3956618775617112
1.673745054600153,-0.7031893165270424,0.35011866309880957,1.3525325701677047,-0.023359000775331033,0.52281702906799,0.11030360366702566
0.9640660431760141,0.608753494346416,0.0415528539614452,1.5820206422739387,1.051677060569608,-0.38397194149466596,0.5136123016645898
0.3003417817911187,-3.1041886943389434,-0.5377913857028299,1.5019326019512689,1.5001367146135076,-1.4262988465949182,0.8509696658458051
0.7823004049666501,1.5275688236291918,-0.30838869922807804,-0.11371226425834545,0.05882500930552264,-0.19690835132021955,0.7234774131644226
0.564018061468076,-0.3535137768380049,-0.9427343818885371,-2.015111207980795,-0.6238720400353427,-0.2557633722776628,0.892604764253955
1.5734421576843962,0.6066509206641573,0.14038189786608973,0.027699699259550136,-0.8770435939108452,0.7654329676701547,0.2633125327580134
1.8283197153764097,1.1561068013645361,0.4939578598961224,2.237737759361076,1.81213807006965,0.43421781845701185,-0.09877152271928172
1.5708763582925755,-3.985466114673614,-0.4145654291176909,-1.2300834960847953,-1.282249203897848,0.6615188665404669,0.24441724884472749
0.11017130933438024,1.177344127665337,-0.45578473374281603,0.49808783168133636,0.18729577583742452,-1.0546463978490266,1.1302299814168968
0.9413992752140671,-0.7333178692900842,-0.4238786383692307,0.32509190707074137,1.2367310161526375,-0.39535086125554386,0.5095664569110724
1.1353278589467448,0.41982231702550177,-0.22625716280402627,0.12455773912842531,0.4478761410909744,0.04552018648923446,0.440063842881545
0.21322579319526358,-0.6477793402767174,-0.48260697968598654,-0.3539155930537594,-1.7097852929532573,-0.6645337527105339,1.162354322036051
0.7923821895166606,1.0770945402909842,-0.5960413077821197,-0.2906815187377853,1.4838545361655253,-0.419606535866603,0.6077568062720614
1.6861968177834639,0.39983882184010294,-0.009868433264087298,0.45347650376844684,1.1914034460439185,0.5059242201315011,0.049977945893381316
1.9330288272542553,0.8424793409137644,0.2237635551245391,0.29752530301346986,0.23921262160157003,0.9735932513382695,-0.02046531848742452
1.3157286932959247,1.3466411452937006,-0.022118944471690917,-0.01307666259576378,-0.26982846885717393,0.43083690988678186,0.4022416409901711
0.40284982173484946,0.8396783587799974,-0.6322836460616317,-0.9101782428037002,-0.6209347059646886,-0.4739117545679374,1.000394535881579
1.0859101064437207,0.88882718385523,-0.5309156946509588,-1.0949815782747776,0.37783983519040926,0.14774111788330094,0.528768316886655
0.522994276601733,-1.0027435149445907,-0.1401200857004123,0.7433543393669185,-1.4184918754911924,-0.6185928304050061,1.1673382900321059
1.268260033005663,0.4256733598137136,0.11989262457965953,1.0472529038144296,-0.05022282703445007,0.06499766358201099,0.596086805946807
2.3716030992776314,1.0589459174437172,0.6323194297290741,0.6002920293699626,-0.9875912383474371,1.5328914516398737,-0.020671143728859
2.092915722701206,1.449967390512717,0.3415012926257927,0.38804487802134063,-0.07071385818355037,1.1235672530790544,0.09862275107833732
2.137360275861597,-1.820627802178312,-0.33272059265119786,-0.9084103132618683,0.9649382323865051,0.9281430262581313,-0.011440640763643118
1.6164607008107015,0.2681969226228449,0.12526300458692333,-0.17946466846145018,-1.4991221896482614,0.8009805232502147,0.47957796306500805
1.1101280229705992,0.2693689896752245,-0.31882040755699403,-0.09935757549715911,0.23832270936943672,-0.049551099916126176,0.6848965522819362
1.0316658619912362,1.2904037735456608,-0.7985767298188443,-2.4675216285025914,-0.7543235171419413,0.3243126645365319,0.8549133344654044
1.1969105828573388,3.642999198124533,-0.01852089768711265,0.710782509402972,1.2543078395941316,0.021679210746256557,0.5903144456030084
1.7304448009632714,0.33834138983521467,-0.7989801949366254,-2.893710403497008,0.1030410323848321,0.9486361886272149,0.36408132275839805
2.1531156018818396,0.9067921896552626,-0.6142719982507372,-2.220420704023711,1.4851175435332706,1.1729976917072713,-0.0073497221423323945
1.4238687910812327,-2.366799535779581,-0.33246478221038167,0.47580987979718914,1.2871863896215343,-0.09330328824780819,0.3776413281984655
1.34692431232319,-0.6322912291306473,-0.14949038825074173,0.3091532853751154,0.26911667339837797,0.10494991866473563,0.5393965504226059
0.0579737576745925,-0.28830450757903286,-0.5466224978187703,-0.35752674849288935,-1.9021632888245754,-0.8952431294332062,1.4830679478002182
0.9374376455074879,1.6607389103815602,0.25617156623476717,1.3518532333587636,-0.823909159566221,-0.1362317176601545,0.8764686790982293
1.304857408195294,-1.0289480619744924,0.003072983929217929,0.16935388146182848,-1.417221863881167,0.32217208629233257,0.6437405712729034
2.1794688751286926,-0.883715853269992,-0.07354155603011618,-0.4380266991514658,0.6131454741149781,1.0406896933454326,0.0010365461145185652
2.6387280673829867,-0.23617561456941052,0.23033793683424603,0.06575605748416927,0.9995306262202603,1.486622819120208,-0.32617636651656184
2.1422264208919093,-0.29773870503886474,-0.2984096419538138,-1.5165176828183595,0.20201300802477837,1.2135283788336626,0.06672959699558437
1.3017970829051226,-0.9524150726400176,-0.03728829195346131,0.2073570293901004,-1.040087170628537,0.25918901835572167,0.6241367324020719
0.8680963822720771,-0.2851495790827461,-0.5357571437199956,-0.6019706227613696,-0.07099619373764436,-0.25981547525594884,0.8740231505356053
1.2873530538236366,-0.30648778652286596,-0.32467171419695906,0.4710653642555839,1.6205594270613657,-0.16517438414169386,0.46451599731692866
1.6350043228195283,-0.7652090490919423,-0.4183473160247879,-1.0456052391826567,0.2633818105303402,0.5602150778427227,0.3639408953605641
2.585374037715705,-0.6313629542117911,0.3456355067416799,0.8723132067067554,1.4746622220678438,1.241130281627127,-0.3279543076942771
2.061930104514121,4.136428852611616,-0.08191669564315344,-1.7186409880772335,-0.19585580508691008,1.4944349543752953,0.19427393629597403
0.6343150648996612,0.4708305079381328,-0.5910034056841467,-1.0209392130255104,-0.9497412626180982,-0.2841606506705655,1.0699578150703588
0.9349206315129267,1.4150870640753541,-0.5703465827154856,-0.836075445907318,0.48004418153149075,-0.13367513260070693,0.7978220063367004
0.6111240222322952,0.12567990034165738,-0.40485644490954187,-0.24014169659388424,-0.8792426072368668,-0.4270792487582009,1.080926304726205
1.0846175952123094,-1.1138325785950105,0.1153334430553764,1.182207160004526,-0.8534453802247419,-0.12712945273205323,0.7497486822915947
1.3011450081955787,-0.7235073882797396,-0.021514461288631517,-0.08233824562621118,-1.5431937951823547,0.37832728314757974,0.6806651026370385
2.6009376285567183,-0.7679524360833317,0.07789093985517241,-0.49985071542179293,1.1871810650516113,1.520878827591857,-0.22524316392918373
2.0622764997968153,1.4847830722129063,0.46375486984979536,0.6098265899039741,-0.002228398479370134,1.1395312170052798,0.20438456183611672
1.4672208998395144,0.7642274172849626,0.02413145573349793,0.4153016784318467,0.7231030278239358,0.3278534182533686,0.5424314917731159
1.0406211447622828,0.5037267867639659,0.3528900037929227,1.9271980314253185,-0.09571317866748527,-0.18135589680721317,0.8093338812132115
1.1947231973090418,-0.48039672699057673,0.09160799002671131,0.6612795351625154,-0.5798399834614758,0.1287676272989016,0.766900671278986
0.21449069253841713,1.1393074769902545,0.05640550087875515,2.1719892927896343,0.29642241332561703,-1.1523044556421138,1.3119947186886367
1.378880036242361,-1.4443751964974636,-0.5797539766127835,-1.4418224284210364,0.12331121116584927,0.3779407204071487,0.6104215234845577
0.5587293981073166,0.5380451067131851,-0.7919180742632037,-1.619658428327955,-0.3420026840426304,-0.31890165170978513,1.1817813617370718
2.4492677697104632,0.7134978906608938,0.6072801319482797,0.31435065664036765,-0.7201480204159875,1.6658091121850158,0.005733345650237669
0.751532858614573,0.8545160310596831,-0.2047592846498602,0.5787490123335385,0.5085373798965968,-0.44361326829532755,0.9855092691538649
1.5356282004454245,-0.8099867342095368,0.039682854697397164,-0.19773355270661183,-1.0505716194322927,0.6538571812754446,0.5794255516450054
0.6706571908072576,-0.051178101100779486,-0.6843584683663173,-0.9267990396787606,0.3190374013163034,-0.40686069624761584,1.0500843404233182
1.0677562714228506,-1.8229181538035768,-0.035336578669556654,0.8235787049906244,-0.24111882818115576,-0.173021282099523,0.8180373163334989
1.2107063894637822,-1.946746360415554,0.06662928181896292,0.7888571645605341,-0.7825578123160605,0.07780181657201858,0.726131765723185
1.5556053265144367,-2.281146700895392,0.3641033413693391,1.696316688183768,-0.14553650262718168,0.2418122333339492,0.47602640233220056
2.6942676461600454,-0.7375078261491069,0.7956628445753171,0.9305799795786645,-0.7066124617160964,1.7818381675774386,-0.1768791472469947
1.6516648051354073,0.38772813345528384,-0.4154202256590526,-0.5914167487124079,2.1505325626912533,0.38804477632055234,0.3330067319636839
0.9730278698631775,0.14971811690291353,-0.42624622830769293,-0.6702046028469446,0.022284984193067923,-0.037397926196890044,0.8879555359352183
0.8677036778395185,-0.2103626146681071,-0.04813212032556928,1.074260719864153,0.33428062374461637,-0.40738428642786645,0.913169525051222
1.2489240378838105,4.54434830624744,0.35455523122953914,0.08976162277241934,-1.4109373752638659,0.7064588981512775,0.8427161479345416
1.5314318287769857,1.4613950106604023,0.19425111941030898,0.49768874725365936,0.11217422747453355,0.5372310370764029,0.5337501877263248
1.1680517141540858,-1.5757370294057786,-0.27360196733594633,-0.49751188634299953,-0.7988693294109743,0.18244553191491317,0.7956010949849801
1.8879926715532842,-0.6379927252898007,0.2750606735846159,0.484092862327033,-0.250277653012767,0.8591045918359981,0.3105836274707604
1.1681327865600446,-1.0561761203861775,-0.2089151385909674,-0.3605419199092637,-0.8377236296769064,0.21205026203331354,0.7877532437463408
1.0672802712083314,1.5085553530253855,-0.3632648507915471,-0.04395230417674249,1.6202315222094428,-0.16587786236052948,0.7464706031567352
1.0998633726825158,-0.5217082117029614,-0.3251439758590691,-0.6487970973614737,-0.4983396697734289,0.1401084644540793,0.8399161188233957
1.1857823304902646,1.3469500043130769,0.21707527911263125,0.5447715540771673,-0.9584947790751449,0.30730314213686466,0.8253623019818537
0.9917639170864252,-0.043732714052408354,0.08528132384868091,1.2196493004775126,0.09235713044716426,-0.23261488843270592,0.8443768254373165
1.5133693651514002,-1.1405866638821747,0.11754425389226658,0.8767541243038913,0.22702638354469096,0.2972963006430965,0.48377975140922885
1.6261951364699736,0.7619204121552356,0.2116281520802203,0.8075399348477065,0.5335755658604914,0.5025616916370396,0.4232786543122039
1.0276915240537858,0.3150007042991805,-0.08538204679110578,0.13489027304104434,-0.657532344715786,0.06712536140290411,0.8631911298818373
0.8121973637534087,-1.596186463796034,0.1969125665050633,2.0349330603452596,0.15763862277890367,-0.5327696114666776,0.8603708724628909
0.3303521227845114,0.10569150610380006,-0.09429910760636398,0.6700967155289429,-1.1036224304239417,-0.6257258810148106,1.2972774377160814
0.8486480758059712,-0.0228938952424199,0.07941562592987873,0.4401591276166376,-1.3935160712099472,0.021382869225826728,0.9666722685441403
0.8379285236423121,-0.2779840478154995,0.04812958049243027,0.6303878683681216,-0.8868983525624586,-0.11113200550247401,0.9510261571253638
1.5064242820093792,0.5470803568234264,0.46701631861157966,1.3517059336002708,-0.17969292280097615,0.5049289393763685,0.47910225482624746
2.0023209153614143,0.5859955646644635,0.39519132338739665,0.9982484032925185,1.1679524669484243,0.8767434478338844,0.11106909844070903
1.042125219633401,0.4657449998859063,0.2439249348027047,0.2169339533813801,-2.212114919612863,0.4230267891536003,0.9031245636661235
1.668086722880614,-0.6039438654842302,-0.13348028551040514,-0.3730853605034902,0.7515882821716016,0.633352605191814,0.3483947909998719
0.5119380609892413,3.1977356299974216,-0.22133959129255043,0.3544947180705234,0.8041775865724659,-0.49041483692383453,1.0838361708034425
0.3321801741808642,3.186471327123736,-0.5535135661988277,-0.4563721831291297,1.1149171319358702,-0.6654223574642583,1.212508551809817
0.6756616774052099,0.22889402475695267,-0.3763599871208697,-0.7242090208784626,-0.7928958996205925,-0.13895165897769246,1.0792031108762343
1.7750906445523722,-2.572114235657639,0.36391997731464837,0.9473753743797181,-0.5860518939564638,0.7040866010222088,0.32783114704497884
1.7398397476360539,-0.09951519858356776,-0.27030001187814323,-0.8367738452456304,1.1881715522220142,0.7249499779196769,0.2830047081727316
0.7965111166152102,0.9084313855779337,-0.35886614741755096,-0.6920815513318848,-0.25680307776562183,-0.047903522908944826,0.9734697716363424
0.3073319365002262,-2.1088032208042136,-0.7901814009529512,-0.956714959246896,-0.26592249347971514,-0.7677481463666284,1.2762358862789136
0.9398280407710835,0.6319424337450482,-0.4810770630086159,-1.4505255818335985,-0.5388493045155085,0.2153737230344538,0.9131391781534813
0.7418027505594914,1.5856321341579518,0.27162161074805624,1.3781704681663214,-0.5096343120703861,-0.23751471154450554,1.0102300644243591
0.9281921194928549,0.07227667150387686,-0.3814562884960334,-0.8430047177968287,-0.3166413096705742,0.0690916112651571,0.891286847145635
2.516250718977016,0.2550115481351052,0.18989408046999065,0.3287293754807168,2.6553717427429753,1.2602222285636697,-0.2982602636753779
1.5706636259990248,-0.4112239559135824,0.21700888721182113,-0.056499334451992275,-1.2525782531466352,0.8242869581957345,0.5332912546015629
1.8138700782572956,0.894877755384371,0.30390772589622267,1.0985804122253324,1.522830200790139,0.6219229398083811,0.19893095343859982
0.7779406525148306,0.08557881704196862,-0.3076885488294229,0.05036971002318259,0.4695045850461612,-0.31546299167547937,0.9286339155509143
1.2787196581187243,3.450257440651539,0.15799499305822048,-0.40177571903153564,-0.8898161415271145,0.7267337995081192,0.7348909678964471
1.1161059074048065,-1.969363420995727,-0.09512015030325491,-0.29366901983408117,-1.4724327841823739,0.275115695905499,0.8176483517346022
1.4649162112590908,-2.2293119523845246,0.16716435485241735,0.9996574119950299,0.0344226169026995,0.2799357042452563,0.4687652869033384
2.2387522816085395,-0.34095970373804213,0.3588671396738246,0.6109516324795653,0.9776393438235439,1.152579229369598,-0.03773189036906763
1.500838672965305,0.16180497197892468,-0.6280224062398426,-1.451631012717521,1.8846977210872355,0.42629223744645167,0.40019628464178003
0.8490835930984694,0.7579934540811486,-0.35955226473208973,-0.40586961555381473,0.408008627127323,-0.13551174075855804,0.898707888037789
1.6293357606541512,-1.2730689975826657,-0.3875821431639897,-0.912428686246084,1.022288030928753,0.5636356455724831,0.33583984691245683
0.917350932803078,-0.5100667129235064,-0.4311372258437109,-0.25161564432699374,0.8666716817697823,-0.2277195916924747,0.8018356957493992
1.4322918975620083,-1.7259076134002391,-0.5439179334592036,-0.8372341076064819,1.5769227327312787,0.21283706360739973,0.43858069063688326
1.2778227618630078,0.5166012123984709,0.08848579321036736,1.2354056951862569,2.0021652540885277,0.016548341470886713,0.32566558082711433
2.2703948725866443,-0.43539425490111594,0.1987438316363504,-0.5234586071460133,0.3554362001134062,1.5076833243171228,-0.1869983764409852
2.097721409879946,-0.46002030199089716,0.49883519126959475,1.3130654162812867,1.3054324602223073,0.9734975578208696,-0.15918466075782625
0.6880988325947145,1.210539586502501,-0.19981786634909948,-0.11409057207927581,-0.04286826079753083,-0.13228750816718357,0.8436134280897547
1.3466587367646436,0.2388875932887118,-0.09533114287096718,-0.9957683128763909,-0.9600770414252751,0.7795453202723097,0.47908888720252335
0.72181946094145,-1.19285198831615,-0.5207854336189591,-0.847347893440508,-0.09640857700905667,-0.16456436238049987,0.8005246292758041
1.296758564898961,-0.07739410941330832,0.028729873324881253,1.0279752261053987,1.7478961549214738,0.06730943283810528,0.3016327739486316
1.3968477840576796,1.080700606370137,-0.19338753885790605,-1.0593745516532933,0.1209075424221138,0.719980848970618,0.40565335902439764
1.537608555553022,0.0036308731583840725,-0.2645170652276046,-1.36175243698731,0.0012034321672808217,0.859033979842702,0.31121594244750705
1.7195798602298382,1.074850085739391,0.30875232754837445,0.8965385305424207,1.3581041989047378,0.6815959456010047,0.10725769647059578
1.182289535603646,-0.42171056622827435,-0.6348723277831125,-1.9487831599575918,0.19675450845350162,0.4659269689609612,0.5139395923553621
0.6211869403058955,-0.26787579760508307,-0.08647482913911188,0.38053739839034756,-0.6200271572198573,-0.2621244324196935,0.903428213641041
0.9427745506502946,-2.2272989438421056,-0.2047633579081135,0.5019941850331091,0.5553235627836044,-0.22670166130568864,0.5944563309157643
0.48457361424355416,1.0824912542146814,-0.32737432341489275,0.39504126566435876,1.1794821404968776,-0.6155794097667707,0.8890475885817138
0.9523690400583787,0.3394899236937083,-0.1971955495785841,-0.3159975163857893,-0.062387769575066386,0.1331487519459852,0.6614834396017926
1.959577185493534,-0.9058875810026378,0.15973939387384092,0.677148825472955,1.8319615278289016,0.7725280753311279,-0.10827352122242143
2.7522469272453116,-1.7770986983160768,0.3610493378732301,0.27531144351467096,1.6669779698670255,1.6665584609746347,-0.588525851211123
1.4435840817872811,-0.5932997001778819,0.03797843004387638,-0.18815057252277936,-0.26758135370243685,0.6340878372623396,0.3826589363276125
1.2019693236727527,-0.057642788084062146,0.056801131910196576,-0.01585132174952305,-0.6928186546410587,0.457989557460486,0.529983460493483
0.9591154185687055,-0.08804796065911918,-0.10194992221253883,-0.5754442725852539,-1.309169865521556,0.33534485143444503,0.745985706122914
0.6721376948972281,-1.2084416747095157,-0.19525016637207604,1.0064860575050294,1.0795242555002234,-0.5992430070869865,0.7395914993407693
1.450302397094469,1.1839204270505232,-0.14491917201460452,-0.43786347338641546,1.0850979318908425,0.57459375828262,0.283864896408509
2.0078600866880536,-1.3891106046044346,-0.21975164837249633,-1.3013298118575547,0.6583586239553573,1.1814176737700277,-0.033899241688796565
2.6536838763310895,-0.155081221156474,0.598177048494121,-0.664919271118046,-1.4564860397554633,2.2582695905055563,-0.3112295783308907
1.4491870487699015,-0.9101172453742072,0.07044664401487176,-0.3005157860265075,-0.8086465477773247,0.7175407751425417,0.411467927737672
0.3378074211490338,0.7042559761753578,-0.5349879135827167,-0.8598463949328256,-0.40212850960865243,-0.4207072669441135,1.0807074915678703
1.0692183344326014,-1.2434718673156866,-0.08802267341089533,0.008370178430153443,-0.3737156339483688,0.1719541552143109,0.6092338716674709
0.9738608373173,1.4047850659051004,-0.409906309727115,-1.3726595609699803,-0.1625910068297543,0.35078028255145016,0.6758234134436341
0.7542708612930672,-0.09088742658953844,-0.10529441236892602,0.30522968078407986,-0.25867327280743135,-0.14701262990391908,0.7812114628935308
1.8125085225601365,-0.6396552956617152,0.0954720179607975,0.23766919505037568,1.1275096495262718,0.781638956167963,0.04112661191951203
2.1323082621848504,0.2753367901069418,0.429030105691334,0.6961888304947907,-0.9903173870126424,1.0167862478877912,0.17339727008862263
2.1894367011254054,-2.019058795182404,0.45556703624385825,1.4595728845352336,-0.4523412049234141,0.7698956057033114,0.06361289217452759
1.6542174388988766,-0.9546711508076624,-0.44148768922607584,-0.09411170129485863,1.5919845491371833,0.07416524438497593,0.2978921270991352
0.8731939628848808,0.8162904525634246,-0.31428081670091335,0.6763660954691328,0.6672527119516246,-0.6179830488366395,0.8665257259699195
0.952266724641588,1.9259064819173777,-0.004384944309571821,0.21928657290657988,-1.725942668862269,-0.026302233862081435,0.9732087983427385
1.3918954034274924,1.002717763803978,-0.2653541756688939,-0.2542274122327299,0.16148662783480672,0.14644299313704612,0.5979127345980126
2.2679420800862897,-0.504803809751573,-0.48193510096385916,-2.2677727982596556,-0.3019828506639363,1.3103528133856603,0.07457379135843556
1.9345748650837584,2.385543748288454,-0.3013361167438494,-0.9975454027225485,1.0581557360715736,0.7766009469400484,0.21935350463101302
1.2971171242016946,-0.01777444020638705,0.05263151481502745,0.6039452873316749,-1.147443429782149,0.1025401054719539,0.6909269413382229
0.983856497492062,-1.8156019770374785,-0.27484389853321717,0.5360831594501383,-0.5287493276484708,-0.4615528919620756,0.8527278470027148
0.5357461858355828,1.9462060918430037,-0.07570992856377035,1.468009190117246,0.016661798556841967,-0.8997780297419605,1.124569982507479
1.486863733847538,1.371116891705716,0.4713804729203405,1.5791178894204434,-1.0967512539906203,0.2976711165374648,0.5689363300081213
1.3634820546547972,0.5216327857490305,-0.11174186784903162,1.0122663670642627,1.2370553160438935,-0.2158596366091599,0.5215640604539704
2.2303205112454445,0.2744011323684054,-0.17749399851576747,-0.4841464623792264,1.0833828244593735,0.9236124215450913,-0.033323142618183685
2.49393043521013,2.9253539989636552,0.4588646009582575,0.5023679620401446,0.4980472785666928,1.3740975081358162,-0.11343187172637248
1.4580491968375273,0.3341247736993505,-0.21509728662946465,-0.09951299560184695,0.013943483940488055,0.18696483013830972,0.5483473778985
1.9044872850683028,-1.7065051848853028,-0.027573078529778146,0.282979036639863,-0.10317954710272167,0.5375086038417971,0.23306364237254854
1.8167398130944687,1.4665452086460566,0.30070922945681083,0.5801069616691584,-0.7939051675873816,0.7225455318816596,0.37030389325711777
2.026010930062063,0.42459971303204863,-0.2349564931369461,-0.5527148093885516,0.9821720478488898,0.7172727383497874,0.14566311791416844
1.2150272012538452,1.188654260698087,-0.41431477639269354,-0.555954711985163,0.12839361984211578,-0.00028883984186458487,0.7059263052303877
2.119107858460419,-0.2704807526292976,0.3217346045877992,1.0480257394107535,0.21182734817625756,0.7362910505462886,0.10635202320907468
2.140225014260199,0.2598457544831835,0.10562946412563705,0.467508713490851,0.7448803173775066,0.7754002921694824,0.04572998389493978
1.8241782937963185,-1.1505185760321355,0.06749460652519244,0.7732393241925388,0.18395103822759565,0.3864707950974069,0.27079444834153205
0.2732745346387912,1.4212643994456073,-0.8282190933171449,-0.7671932284157884,0.014127322954434182,-1.0021421153395897,1.3256650947705804
0.8505599339689149,0.15945771379110343,-0.02948769436805638,1.7822942996067495,0.5062774719030501,-0.772914163822338,0.8696303067756773
2.074135314916576,0.07349778100353672,0.13203592832320127,0.3304517201717807,0.12826549173790106,0.7960704208001693,0.1478832972677441
0.6874329207798779,-0.39924398295929187,-0.38980600187064957,0.8034877169778641,0.44568586744398586,-0.882956427329633,0.9864621565546935
0.9832901199644869,0.6751362449584447,-0.7268085037027823,-1.148544487711787,0.2596605719215694,-0.2516397202398579,0.8399031106261992
1.9697784969905912,0.2476382024656796,0.0723310955573576,-0.17354608972736021,-0.7261117455817019,0.8830282268140174,0.25764434829289
1.1474750892195613,-0.5072548018893263,-0.1862462016043438,0.09689902378810578,-1.0240615684766028,-0.06896077674392567,0.796694672190836
1.8110756666117451,-0.3793441690470404,0.311232505493885,1.0263018517874192,-0.6979986990662417,0.5333048021474655,0.35232801527936963
0.8682798708707236,-0.5593598783999434,-0.14560218171415068,0.7317083812907904,-1.010615650275491,-0.5614290396474122,1.1578461338966755
0.5734908230846981,0.6599903267243739,-0.6670419139113831,-1.0746576948343882,-1.3683167997856638,-0.5634487522929695,1.374474473089757
1.5161876408057262,-0.9823086651688089,-0.2014352751566167,-0.16381933013689748,-0.6303283532291403,0.1654981137441312,0.7358954656443545
2.5544642228740186,-2.301671159717485,-0.06862827777876833,-0.1646291638865394,0.9088122558507846,0.996509869220461,-0.032012829830734016
2.5539111285623055,-0.2261748312422686,0.34793235430023495,-0.14958266770466155,-1.175158141817782,1.4642635529630663,0.10948943200197651
2.005437567119752,-0.3429479221921741,-0.19665418331536355,-0.7463316296135722,-0.2205242771952519,0.7539277589406981,0.3939544298789462
1.9857240092653665,-2.017307156445678,0.20984025913138582,0.5762619440283782,-1.191229810119875,0.6439355377901603,0.4305987409970347
1.1795419984590088,0.5301341804619544,-0.4559755808235203,-0.5293136684499093,-0.046877871759461925,-0.16356002993180752,0.9125845940815126
1.025645312233156,0.251106533090947,-0.34983707564313254,0.6485356641379696,0.9176910164434378,-0.6272839718808246,0.9291895856210461
1.9449221639222092,-2.017291449427829,-0.32941659780978866,-0.3689572180347693,0.5536374688570919,0.41871466455387135,0.3496845845149937
2.38168926421767,0.7617393289137471,-0.03055507873531745,-0.9076985980415021,-0.1885882874536847,1.2588449481748392,0.16373008213886056
2.143015679029452,1.9565835172327668,0.32591709255751833,0.5528633587621079,0.009865005555816103,0.8830953423524448,0.3173287896813363
1.055573678716661,-0.4068651504147999,-0.633050160137767,-0.6851521969845512,0.21807794748670808,-0.39320518409954325,0.9813573464461495
1.0978147791719237,-1.217025538656694,-0.12955586348295225,0.7775260800531606,-0.710123409962026,-0.394613956350194,0.9667196174895224
1.2452314929929797,-0.8349868973442731,-0.4061616337642322,-0.3778589674061221,-0.42141998798210956,-0.13500775252923944,0.8813279798421292
1.3422226213973036,-0.3063693071137261,-0.30111943786389134,0.7383002073098558,1.4118612954486904,-0.3950203741364454,0.6824761599125079
1.298687697466496,0.3602538187159985,-0.15706005555508618,0.03449265671472822,-0.7883045857241076,0.022208035818742252,0.8644184178428341
2.2455853083353947,-0.5596279794242895,-0.22527849526450183,-0.4022952205639389,1.2328165768148382,0.7417339046498652,0.14364666679498342
1.7298489883588701,-0.14593453357967523,0.10487580399297389,0.2713539483929869,-1.045716057845159,0.48530820996066854,0.6126242501327352
1.748957449194111,1.79035478670731,-0.24304706985263486,-1.0972756685099476,-0.45364939088314715,0.6758469785867964,0.6067670977407135
1.3908718806774223,-0.7861551990701636,-0.42856333102639554,0.22975511789108985,1.2519453790153532,-0.2928807135176663,0.6571539112683259
0.8390192973795014,-0.6706660825883581,-0.10881372964160392,1.230927043162322,-0.5741675789676649,-0.7129327892708713,1.1073306444286428
1.2332709650119582,-0.9076506458654994,-0.33626432547604806,0.2719039073227688,0.23047414003639013,-0.32032498489079764,0.8271324965836963
0.6416067531530247,-1.4227231433609664,-1.0979936719189787,-1.2251416636537544,0.7312092445460351,-0.9437675514179021,1.1871430674657053
1.5066833784046394,-2.2358204085881015,-0.3249266051130525,-0.39571383114133635,-0.8201598771778241,0.13339340253074988,0.7218122257274876
2.850676391541316,-0.23391221914773894,0.5068707975887318,0.30895009334564644,-0.5083891470900128,1.6400612159574808,-0.11608295581706236
1.466262559282203,-1.1932803328746384,-0.250439375744554,0.698921223213302,1.0762608300204959,-0.26090926372482404,0.6346027050814884
1.072656582680248,-0.16138389805963219,-0.9796827988661516,-1.292292139272152,1.5140428255249647,-0.4985886973569586,0.8824412761530849
1.652841860952207,-0.03878551019058621,0.19094368047975674,0.7780810447683366,-0.8386703366744276,0.3207301400562788,0.645471358028497
1.1569323294392098,-0.4727564121630485,-0.20320760375291663,0.7224071233785616,0.13318083966596805,-0.40852291997553314,0.8824232379489503
2.433364303802191,0.7809759611362451,-0.4601646545039241,-1.5466032151718905,0.45945273277201387,0.895282149063152,0.6945773031718788
2.641588302097934,1.346380221331534,0.22247414344923422,0.31170003554954756,0.09529895954089694,1.0357152687505822,0.5591618042107511
2.828009103699601,0.2418287183195941,0.29370865289884496,0.7589480851647468,0.5279691842288835,1.0608419921241257,0.38606442820806247
1.6812821252177668,0.012505536628271934,-0.2548885189919647,1.0588140823048429,1.5871662199569083,-0.44194002106484864,1.059314613967652
1.2948585000358073,0.8621888427321901,-0.6946921759066657,-0.9136895487886738,0.012175907698562227,-0.36331580670535607,1.4235246922489628
1.4895658562031526,-1.8714861586355984,-0.3564303378090191,-0.1832019004917635,-1.4624664548637545,-0.1579534684445674,1.3398918529397628
1.401254064630892,-0.3120888561196865,-0.5536931657948003,0.01584785990301814,0.6821654152899557,-0.5226604566453135,1.2922091560632587
1.988918691553489,1.0491983611594564,-0.21883972874220356,-0.671785691591124,-0.8201213925281269,0.5387031659099337,1.0153944674237776
1.9363917739842553,-0.6022066649722414,0.40202175091429126,1.5166785432031826,-1.588539453446334,0.26586389139012123,1.0763602590148584
2.0801505638179925,1.4603425946486859,-0.03356782283079392,0.28969692602880903,0.21937925525796229,0.39957261909688857,0.899593376627449
1.8205161410471593,1.339088976951762,0.06336885416163589,0.6005602752299922,-0.6021991275680483,0.19811437294564566,1.1197349715585991
1.9049869991873147,1.1617751003475916,-0.14503930787570032,-0.16908054633004688,-0.49207885333892654,0.34372708032095234,1.0609622801154304
2.1522607647669667,-0.3836363435924124,-0.15027373604913039,0.12109351442272476,0.2370348945519216,0.37273653444418176,0.8449344293619904
1.2573037296826983,-0.44359423429498424,-0.36275091582529384,0.8302415591259732,0.4665489371465245,-0.741032163869687,1.3855067072436786
0.9162192063286404,0.4253528593543481,-0.818988693328552,-0.78334529397274,-0.11754872207050907,-0.8088761673701741,1.66886334879042
1.8552789520741129,-0.5531651528221876,-0.3787152020967378,-0.20738535634692268,0.19311283283807468,0.07482066154220669,1.0193547980212865
2.1567887098335263,-0.8594500216533623,-0.23774006758678765,0.06934647150713721,0.5538263666966392,0.3027692233424567,0.8137482993531581
2.3612216047266696,0.4410046607613188,0.7699959041777958,2.2635334558505655,-1.1715755969495205,0.6721965923686403,0.7592766863861798
1.4055738164280946,0.09946050138010676,-0.3368501658005599,0.11216427459643513,-0.5047179925595098,-0.3081975159312386,1.3538874020421372
1.4497170132385016,0.2577148161342455,-0.7047399676756096,-2.034961542413213,-1.7976748767446098,0.17063281593906127,1.4597452691287494
1.1551935672937665,1.8409252320650324,-0.7494798239042139,-0.47077889569799536,1.1673381391882292,-0.6829239987170191,1.433531377902077
1.4553812796755266,-2.1564687830146467,-0.41542855340121576,0.8716003114306874,0.7895808883311842,-0.6842657534946583,1.2140906363096964
3.1642699736827953,0.858439687275346,0.4932842472119207,-0.04460147483400909,-1.1977816132536037,1.8354758263590718,0.2939694108423145
2.8885711755565295,-0.699907241928861,0.1117122270745491,-0.2622912370676923,-0.33558463983228615,1.3081263489892836,0.4098917051882776
1.9834552305396684,-2.333924623719368,-0.5247378339045228,-0.4851957474106863,0.4649383542036774,0.08029222634578977,0.9350022458215591
1.9603927016132259,-1.3713172340454203,-0.136159098925004,0.6155978679128505,0.132068177595615,0.06217462901496916,0.9492681669454253
1.681806132132078,-0.9861147681611091,0.3542276103823879,1.936849813078366,-1.3785912731650851,-0.11710587214868015,1.2028784151079848
1.8188988423499348,-1.974986136508731,-0.14641245211496687,1.2051014401604423,0.7245823862863808,-0.29199313083147216,0.9957192165712735
1.7593686914484745,0.5688966123897309,0.20170179563925172,0.7031480652064631,-1.7963652779269257,0.2580078369683923,1.231091918872492
2.2373215933739714,-0.24806016106510403,0.34644494247762914,1.7509264967641633,0.2382587526882822,0.3098379394245959,0.7732561370859535
0.3389373554930932,0.2904228767552045,-0.9709017780358637,-0.1538527247382633,0.39890770945591053,-1.608206858114506,1.9848229612092705
2.869849124015985,-1.1873489903758512,0.0366168107087559,-0.030108085987625138,1.327505635161458,0.9838400992321157,0.10150660765094588
1.7953512128129892,-1.7985092573166412,-0.3659526904727089,0.3540619182952087,1.543338404184748,-0.3322426022095015,0.7553308567924752
2.019731938343471,-0.07492391599869978,-0.01820928575874633,0.11991648263281288,-0.029917581120692958,0.3076022032941656,0.726480200463578
0.950517599116355,-3.6045580239158004,-0.5169445999954025,-0.2289455195950091,-1.652156245726458,-0.8240761174809806,1.4756641797862977
1.4838132194239753,-3.110145506056241,-0.04634839619324447,1.1403314369703272,-0.6218609878988036,-0.49528220879148394,1.04542236149712
1.48469943205177,0.9850982743409068,-0.03176769899085122,1.186526633624392,0.9687033229479656,-0.49030561482688295,1.001607451757393
2.6289049087709584,-0.6502943327903138,0.6442416907735898,1.7967295988572656,0.25147214932790457,0.7289355114149736,0.3212587950661447
1.214326377643263,-0.48268330995540476,-0.8509600134606492,-0.5518312723706936,1.9797140378802363,-0.873610862296207,1.1177256858688793
1.5944047985669618,2.117802405580447,-0.04185509134665114,-0.42651045901234985,-1.365506927319177,0.24766544399034857,1.0912206964595168
0.9534627111203616,0.6235539559485439,-0.4450442160524567,0.0053948222800776656,-0.10371953378265994,-0.8162221590312856,1.4139057376620836
1.717734515388358,3.0141791257616637,0.00675368882514441,-0.4212988563089765,-0.7306048534861842,0.3254384336172608,1.039576413651537
1.974477727709755,0.8019292575726304,-0.4043833429630215,-0.7844494743265269,1.0692331506019235,0.23255579908753948,0.7007936847488186
1.8160938808497182,-1.1502760909530325,-0.07019755078524051,0.7949007647044795,0.6522549051606256,-0.16932915739471593,0.7980081632300272
1.8274584613263056,-0.5015267887665138,-0.04531903612016328,0.13932349631052607,-0.4480243319850045,0.12548265400391612,0.8817637602096863
1.4143988187383585,-0.5575344942665253,-0.6410036437144639,-1.9023347154844885,-1.514754885420605,0.04127512224542105,1.2288443164235323
1.8127568558038165,-0.9108642054310601,-0.0909327985645555,-0.44153321135016455,-1.4267712993104047,0.29666836822114345,0.9622109445924981
1.3711256870938169,-0.5520376115101242,-0.25944329125062615,1.168784648968506,1.5421212901505337,-0.8033381232260727,1.0063524180887045
0.9632408093107465,-0.5571022339347143,-0.1777786614911145,1.2012241721570769,-0.09085674813561162,-1.005134875161474,1.3772191761947927
1.8449792539493188,-1.4885146609679483,-0.2596076439811829,0.12468546315459222,0.5202094747288188,-0.06301059402988911,0.7716190431759974
2.3035589399589513,-0.10057871897348601,0.5158667379893493,1.0880108390094372,-0.9521550446964231,0.6664532952648637,0.6071673359403976
1.6465386707203824,2.4459103085312943,-0.23335464836765127,-0.5065452313738966,0.13631494880981573,0.09161611653783884,0.9833920860439448
2.098035154471245,0.08364338852640502,-0.3189140834890002,-1.0426056991216281,0.20913937438841645,0.4794345522141485,0.6986680047625301
1.3090562421217864,3.016229742922323,0.08806741417345679,0.571114544521107,-0.783548014614225,-0.2107175044177882,1.2424224250952376
1.8019267028852206,0.15304283254622753,0.22015931252253845,1.5051240842581346,0.3842100793707281,-0.12518581627433384,0.811899361227845
1.69197888439093,-0.9670927042890158,0.3501396088295571,2.1403876060035922,0.03724108733866575,-0.3344823670386373,0.8955802253096002
1.7961713751594324,-2.6169585999153027,-0.5903036544154298,-0.6982466951510856,0.7591345543502969,-0.15140622884044974,0.8063562314134397
1.7642577063779992,0.6470133486085915,0.12162500590711647,1.0289838760444923,0.3841970410566554,-0.09590726769635756,0.8768842341716016
1.9380451432174683,-0.038751466427912974,-0.00915021769707344,0.5703055095646714,0.6086633483603107,0.06690477761426648,0.7462319736532421
1.8597024660230186,-0.273359239469349,-0.5317110531160643,-1.3553301094202461,0.21943686775658594,0.22181276283455625,0.8452492071336705
1.218566751547083,0.6901645375709878,-0.21833679649798085,0.3463694099011476,-0.13827473493283765,-0.5498050932599067,1.2607306326228296
1.0458919062733616,0.6503364210607987,-0.413576527571099,-0.09412990031221832,-0.19380948364292744,-0.689037335302583,1.3704413543902554
0.6293612798375833,-1.2545030015679488,-0.9225602692494069,-1.1416223016347513,1.4971413287739745,-0.8721352468436164,0.7611082616476429
2.190243989630964,-0.22232112919536165,0.6291790817989411,0.38128319004654626,-1.3534804513821341,1.2377754776843999,-0.046864418611210434
1.223030536584408,0.40660020108688094,0.08909724566156553,0.10082819705081672,-0.7345548868981684,0.12816571078567296,0.5306542600869035
2.377657850933508,-0.19859331336763766,0.3449960079173886,0.09386280109701764,0.6141528607229407,1.1629415099974463,-0.27944927379717094
1.079215736020327,-1.41508110417422,-0.0013020828218678175,0.04722413168010485,-1.3340855829731608,-0.0491390530527815,0.6405927568042293
0.7673603732500875,1.1359925650698603,-1.043590098176319,-2.157855387658721,1.6880623950947866,-0.4891842294640135,0.6981600068989803
1.2886021650133883,0.9556650039911857,-0.1891888988594132,-0.2460653803471331,0.8931745900377169,0.013731818595779365,0.3947704468541025
0.9766523327714826,-0.19186018944553443,0.14447624791235072,1.2625707064184912,0.1700044628144494,-0.44876951473749066,0.6055780631867181
1.5350881817645932,-0.5563177187808873,0.5543907655413357,2.805417101053263,1.735147361304064,-0.2536777723814485,0.12850783008122227
2.2575992524155453,-1.0762090607435026,-0.2113905511685432,-1.1816652189647985,1.2873193447030618,0.9966264308253217,-0.2464787934320523
2.4493099151994038,-0.2339849275402935,0.8015007903506398,1.306545871001438,-0.05659116200180267,1.2270228087618908,-0.31024786554114486
1.4632333581980494,0.34332263459189233,0.2689140634676485,0.4024918728055854,-0.6952717548464759,0.3535329442792459,0.37917133976025424
1.7377038429478489,-1.2321291619567096,0.18681761149922724,0.29164494874073693,0.004254164867758643,0.4482896123025715,0.17823608362985013
2.0154885690125957,0.9830741495301659,-0.025140079858310068,-0.8743550625199692,0.7516432194552276,0.9095488993919743,-0.029322474562463226
1.710823378192569,2.431327553508182,0.3099019207864954,0.07703793187801439,0.19926892022765924,0.6384969032561241,0.25100029928942474
1.6276587629961872,0.13099311249454523,0.3953479815938259,1.347645352420367,0.6185520765160047,0.2185494498201605,0.17398213669298426
2.2616770128071995,0.9345463747524707,0.37104926689417617,-0.425182483384955,-0.45281203429058214,1.329740911112859,-0.12043211764353651
2.6312732413440045,-2.897644003437815,0.694144932274003,1.3773489373131738,0.476180927197159,1.1556852178145611,-0.45116186961679167
1.4360307235320446,1.3210937632531028,0.32601661500176354,0.8114755003778256,0.08770588369172036,0.21346257896473791,0.37556732633139783
1.4009482003427314,-1.2895599206405035,-0.04778969254654068,0.32151326719905127,0.5860605402952397,-0.02193731337698225,0.33427545302140965
1.0028736516858503,0.047329659661151505,0.041312428158280734,0.2732242055359524,-0.8529663512639538,-0.1391818584603928,0.6659439937378215
1.1313106930906314,-0.06667431466260917,-0.33542740438023255,-1.242474209905566,-0.8185610186244123,0.14460887738093392,0.6099847560806869
1.8045909205031878,1.4140401071403144,0.03660660584098824,-0.9861477537503779,-0.3760675491388121,0.8959101779653127,0.17199367058977014
2.2906848051363915,0.25886074729559033,0.620143647428247,0.6930990423082617,-0.10982028264295733,1.1439607955131421,-0.1634589411630199
2.7563728005933177,1.1162059451251385,0.5092446778700335,-0.19499738488892002,0.499925552808545,1.7205560487383955,-0.497033646559822
0.667857950103037,-0.14499550786111556,-0.31521538613944755,-0.14224027748247406,-0.23977665783528213,-0.5816024225237022,0.8443974420113097
1.7579084372334322,1.6960409480461787,0.04258491563776168,-0.42434888887530015,0.6100248176653206,0.6486853511658741,0.12955863233782186
1.0108750516107752,-0.16899748730220024,-0.6234937260696958,-0.4495256573176148,2.286444692163341,-0.5727946831429235,0.47849407787062986
1.285114937575692,1.9210117859004854,-0.0965965784897011,-0.4219911295907942,0.3210430763483614,0.17893215593328854,0.45559516791590643
1.362639273929432,0.5700947866190235,-0.16787858737183645,0.5343857866473529,0.47362675139947397,-0.41025291853837037,0.8718131528821328
2.7156975509238506,0.02746453328385646,0.28836582740171895,0.12895920011475842,0.3071623093542902,1.1311658682420986,0.04281360111691533
4.331840828792981,-2.4916971953434306,0.4039025058100957,-1.0741511590961128,1.0916438115701526,2.7597259423561145,-0.9914593984131737
1.6717021139029145,-3.5092694174198913,-0.9888792713950765,-1.595373958570654,1.4765123350807519,-0.27808182566173645,0.6191998225310247
1.0489846010856225,-0.5664036430738976,-0.6718441703146404,-0.9290766675034854,-0.07776862925405678,-0.6040529683902524,1.13115457533372
1.9840481383947026,-0.6457815889295303,0.649082655250068,1.0690196205409006,-2.7285017175309645,0.6579090288099588,0.6757108056829377
1.7943107831681293,0.12469555915298754,-0.4733268486270644,-0.9777398927620768,0.8774044920041487,0.12547813789377554,0.6166145546614664
2.3073753195734596,0.6555306424300962,0.31050716763519454,0.09958425101851548,-0.8151223733511942,0.8964432616700094,0.38035153942746847
1.8299875843202382,-0.3117491174721867,-0.13940850234771798,-0.903593444408726,-1.3167008824879385,0.4785016293926913,0.728737241573065
3.2514248414608202,-0.9636559005692584,0.4556309613850932,-0.8108456444757757,-1.200124781324987,1.9851270419679599,-0.14001571317616957
2.4663129215174093,-1.2726761474692692,-0.5599141081506536,-2.4412504632140175,0.05951069055427818,1.066800733603569,0.2459576424455893
1.563619277196785,1.0098168620572014,-0.23240606676436656,-0.36210319241364286,0.022884691822032087,0.0018310104688458518,0.8044890546826035
1.5038872144096758,2.0469310576852933,0.36063899574068237,1.5143627213196729,-0.14650739194263476,-0.16827475915129703,0.8621640059144163
1.5116617193028798,1.0236640860470827,0.2094563391826408,0.745720280456264,-1.0691960209482974,0.007738653287431541,0.8851749466058704
2.125342128591986,0.4545448236970524,-0.26849001596908384,-0.8684496994789798,0.8489103341130435,0.5047550996637037,0.4294848803721296
3.0671494405198763,0.40227983038428716,0.7634688114526769,0.1731420415469849,-1.4625584237382812,1.8103752591158708,-0.010018954814406521
2.8889327415995205,-0.7969068675393948,0.5790995632435302,0.09818262135421209,-1.335661582680931,1.5220570484664815,0.08136925713341102
2.2326150160942535,-0.9531806240276124,0.26725800670859196,0.042360693204222984,-1.2296781257037106,0.7669538555613159,0.481452423980287
1.1746322220108663,1.7174010170585607,-0.3740141722144657,-0.7521892662366785,-0.3973810185295606,-0.29243858051187543,1.1286345747371582
1.8757407903897758,-0.22435444515383265,-0.21804020657057102,0.7063245844943316,2.4535936189207694,-0.22997550984167078,0.44125906019471883
1.962659579800873,-0.6404263878047528,-0.4029589408052076,-1.6524482510445142,-0.5801011809262316,0.5582174332653765,0.6253160504265026
1.8257307850596665,0.7257724397704856,0.08454937988081089,0.3745955883063786,-0.06724469585626644,0.2133523653026242,0.6412515787026265
2.9475627156912836,-3.06465327861927,0.20419447175591496,-0.11907070732408792,-0.006083365733457227,1.2594679923744887,-0.09446619270568325
2.3844272284261803,1.5120122607720163,0.2455441778331103,0.32445373740221434,0.64210042761236,0.7806442937747736,0.2524584222680351
0.8041908594194931,-1.4756681229480129,-0.3511169260827831,0.5250396286935454,-0.5874184501889558,-1.0016699566031328,1.283217051134176
2.1126951336056927,-0.8134909375059564,-0.4094952005596773,-1.1690536167775791,0.6744325991152506,0.4696882245338669,0.4313462111222649
1.3985711177711553,2.8582066460617637,-0.3508869452450996,-0.4915492340712354,0.8235958060928006,-0.1775046385859896,0.8787149872508419
1.4618407615435085,-0.48049926408696764,0.05463224402368442,1.2055171586605766,0.26459493720928506,-0.4121739036558909,0.8364736459966265
0.8228134944731399,-0.1229462836809164,-0.09710392584253832,1.5843735432686523,0.3558356645224931,-1.1573295654455715,1.2297162113384281
1.84817518314214,0.017752067438381907,0.17696675610338977,0.8452616419969522,0.0009591675623494616,0.13308191704418987,0.6110899203558624
2.5372344288024316,2.9807388658278833,0.44850557738866603,0.062126533045046596,-0.2038156671277505,1.2054060439419092,0.23781528533862648
0.2514058961413195,2.4992108391624535,-0.17908749531232804,0.08563655221530417,0.2769372099913142,-0.6556290541419876,0.9717785434322268
0.5743994530550415,1.0543745075517832,0.08205419348372052,1.3147232680215126,1.17743280179631,-0.6553499274448592,0.6734355091930069
-0.22875077970945867,2.5951747047469857,-0.19369721494826103,0.6696508244959758,0.11424714424478125,-1.2176074432061181,1.2709234212277585
1.1387638830010827,2.1714125771554085,0.573962248954376,1.0178144117327212,-0.6652013366240881,0.3687195455141424,0.461907400155665
1.4291614795422873,-0.23977550198888067,0.34267827329716566,0.7047665241903084,0.3195798628509066,0.406756491977369,0.21423033811489448
1.2393034171710318,-0.759184062561185,0.05100933020631419,-0.11393140947481745,-0.04232058873660791,0.3059165284177829,0.3472724019599792
1.7386137079411894,-2.0270671078916145,0.569479870440631,1.1009309155857472,-0.2320923639872371,0.6815776913754295,0.0416046475241103
1.4462523882503706,-0.9843169848244667,0.05683844734791514,-0.170883510923893,0.4474319209126898,0.44215123877950974,0.21331671367547425
1.1000734452891308,0.24252285790851658,0.37920620361150753,0.7505591690669533,-0.7605831338551577,0.2475414573860383,0.4601042994772231
1.5350079352202948,-1.2695581828653049,0.3766858884141525,0.7477487689985035,0.015013299430416408,0.5068568859158472,0.1382635633429651
0.3885609632144986,-0.036968954230402924,-0.10890923472350458,0.1794579609164296,-0.5896907343447799,-0.5384757419079944,0.9129179505165639
1.1512869119836209,-0.03826342557791924,-0.2637389375106159,-1.0659991153438828,0.43660115069023986,0.26760212593921845,0.4199679074796574
1.401864837043244,0.1567707878186002,0.06443738666007516,0.35424665461242183,1.6204325913011608,0.23073275830865694,0.15790407506393103
2.2580440017192838,0.5475163109322794,0.40454172581381725,0.11473976949325497,1.3747145295037666,1.2805723300152756,-0.3719175516052765
1.1257253426942757,0.7199168087676409,0.5081286309520749,1.4429327989290595,0.08284187024723441,0.09232408504591201,0.4219487891511903
1.192751205431981,0.571669220366798,0.1487232516875043,1.0354495912514705,1.919362587596416,-0.09457396313339124,0.2711282790241015
0.7291491306978434,-1.0739752581461262,-0.19587791302600768,-0.6263975317791303,-0.6710949329503983,-0.14713610268289212,0.7636447227307737
0.5663070515107038,1.5984581336854131,0.25554160368540146,1.2936180976751046,0.2094468627950015,-0.4777377031193453,0.7652680763824395
0.5377049616780368,-0.2238390852002838,-0.12017402777291708,0.34696345213727603,0.18227208787269447,-0.5256246417215067,0.7741935108127767
1.7129382208373662,1.0262894982312907,0.4568098880616505,0.3375888870401885,0.14266916574147423,0.8711301461946124,0.06646633336118667
2.046205346210962,-1.845914192199509,0.3797956994648055,0.16039718781447995,0.1806929005961048,1.0705394329867943,-0.17832903469576658
0.7740870491291238,-0.824631793333742,0.3540775491134496,1.3870236626271413,-0.6879879237528598,-0.26417682504024376,0.6463886594253301
0.4393156043009453,-0.5599114671492335,0.3181569929501063,1.900263255008318,-0.2592947247382861,-0.7462727199505875,0.8438773798787336
0.939473017875442,-1.8356020513659794,-0.5327621427398836,-0.4779898478279825,1.9529769629567837,-0.37753908089959376,0.3959914665053491
1.1636612550543133,-0.36102788814358766,-0.03770967373680398,-0.588593358046938,-0.4799210559746898,0.3701321493080321,0.4160836164267665
1.1957694059348776,0.27617961652435713,0.29071316831459265,1.0603108098119665,0.8956336068845967,0.05013961165023003,0.330070832025568
1.9229638546249168,-1.7325274890979758,0.15188457692244947,0.17928979283119506,1.4059318751272178,0.7464438635479189,-0.18759647187311426
1.8037900430018774,1.108803660252672,0.608675338583349,0.8655821329342304,0.30001977094831156,0.9053923939306394,-0.028958019821281357
1.9588007963934189,-1.0034219017294639,-0.20030394030713583,-1.4028770082546922,1.4800084190665803,0.9656030998550216,-0.13004269878207078
1.1670261023220527,0.9480415574057722,0.08756918461541881,-0.21698889451219683,-0.013448745451468253,0.33953250829621423,0.4183253092393715
0.3229140091634086,0.7333376313063068,-0.04184809478225763,1.5781833271191916,0.6808005638496223,-1.1386944040481175,0.9572504726435586
1.2534748444847363,1.5552373987041925,0.3248281997746966,0.3909424754286319,-1.057153107726226,0.3492021345200839,0.5197445380771188
1.350477358133834,0.7521814194675799,0.22201202025278294,0.07309865562105793,-0.9046581477578542,0.40875942664193404,0.46080871565726467
1.718232579486633,1.5994508469043667,0.06625714906472573,-0.6947633960133296,-0.032821800052988,0.8209812385961073,0.16837038349680752
2.132280233631907,-0.5210986834745601,0.1384070193487466,-0.7731307310370644,-0.24090117155309587,1.1838273355965103,-0.08621675953407931
2.7817221704170776,-2.282133938602228,0.449756806707214,-0.6483591514457282,-0.4885207616212616,1.7947901816140925,-0.4103894365257971
2.0524139914489465,0.671181591346053,0.234271878614631,-0.6274760431828955,-0.31256506063431316,1.163681958337567,-0.007502532290386605
0.6802502980961372,-0.1850844338537599,-0.225329375058164,0.10136739416383803,-0.22460894065438647,-0.5026369477418858,0.7970367581520547
0.5205293873500011,-1.1476131662053257,-0.4328021804353797,-0.935136875308075,-1.5532017725151006,-0.4288231001576898,0.9930364238439925
1.5612920404891444,-0.09635256191487195,0.18427117584397806,0.46568583337545894,0.3799707413172409,0.34442913037373696,0.23549138033389702
2.7573537029892856,0.3905992975436401,0.8048037266199225,0.5421737397924404,-0.1989074535009613,1.8029654113853901,-0.4969198162473042
2.5327075165525437,1.0841889753867249,0.6349083237105421,0.4587418816008761,0.4481405940218541,1.500669729450957,-0.38196530802280754
2.183461131458687,-0.2719274708835225,0.3549493544561512,-0.18672020578023663,-0.40022652311200213,1.2248445575810634,-0.11998177507190881
0.7534202522635648,0.2651021190186087,-0.20061828505306473,0.20388822316755148,0.324568519337743,-0.49863796314188674,0.7512343954090834
0.6042882379640622,-1.9677932333756505,-0.5851145109710183,-0.7451733313016083,-0.1583002115337652,-0.633951261452305,0.8541622860947417
0.8254534968267208,2.6872249183904224,0.2583794940695538,1.3083150873336364,0.25545813831492536,-0.3526833565052899,0.6844693505871655
0.9246948762370785,-0.5270356556179581,-0.06937379339915657,0.6634740401070708,0.2829318653089652,-0.3855534555394048,0.5841353306642818
1.657161258945929,-0.17429727251885418,0.05154447559398071,0.3248072220005269,1.2617291257398413,0.3205100329592649,0.12037351133631666
2.684431613579739,-1.0501978225515491,0.6839178846340089,1.4913091762474235,1.8866541856924604,1.186066452750247,-0.56779616480282
1.1727877509963578,2.1151965742838796,-0.10032646361250486,-0.6577442053332819,-0.0943523490058432,0.24473542031075196,0.5425848023752616
1.072432151882818,-0.7281331291642302,0.14437208333351753,0.7006047044215757,-0.6543092036244512,-0.09462852624707552,0.5712360748863593
1.51504652676954,-3.267511751863392,0.21013806444106697,0.8372875714964443,-0.49481120355859404,0.19327707369382147,0.26341029498237534
0.8726088531948697,-0.04215339939651474,0.043583357985685946,0.7087819498187053,-0.18833636120689481,-0.3529752365789689,0.688698859169289
1.4390055933625692,1.2545826022315227,0.5614389834677299,1.685411157501639,0.21523610638537818,0.2015585479400112,0.3049123617277172
1.709756731244635,-1.6469047379195942,0.3483972628335144,1.0873725540300139,0.29085314159424014,0.36004740462755985,0.12312072683293515
2.187337336987132,-1.6057049826285261,-0.21153864843102044,-1.9620693110271912,-0.2651740568169064,1.2940055983513683,-0.09330666271086013
1.6335180439116113,-0.6584210340539476,-0.6007810932826692,-1.2908492337024322,2.399261239142462,0.24667673229807602,0.07444885494446771
0.4088687553359257,0.8291027764970444,-0.06943411405003674,0.6583368033273497,-0.5894167819460274,-0.7409280964284242,1.0007722071458176
0.9755916224185687,0.7784652701214047,-0.09902714985658037,-0.09898192156614927,-0.08824606542179492,-0.12191580657496678,0.6512912597044168
1.485741544423439,-0.6112323741282569,0.300758656148839,0.2776183885185919,-1.2597371398198869,0.5116341544112936,0.36841721387098203
1.1864024733835319,0.17266657488991263,0.30415675568098266,-0.11233259341455196,-2.6313196786489934,0.48939388960941416,0.6444907200108607
1.9349206465268958,-0.029129578121659196,0.2603330087634754,0.031482697451969924,0.971445384258693,0.872713169140298,0.10239940733403809
3.2091465283991414,0.8772076221698347,1.069472139216639,0.24508873178268137,-0.142752699644335,2.510013488088876,-0.616914330727749
1.163264210749352,-1.6121257372770628,-0.5455012638257555,-1.2167738382369375,1.2520509728633906,-0.006516979737623785,0.5562337625023158
1.6473921798087812,-0.025772228568974636,0.29249754492128777,-0.8361250485176361,-1.7056517344476765,1.065844748501179,0.4661351647191845
1.1303482779920946,-0.00962632996503365,0.48336820607122366,1.2770830594643312,-0.521697054744835,0.08843246883859972,0.6754258906333073
1.1620575652135023,0.0747607739543797,0.37834614158130003,0.6722507879173262,-0.6969708987899053,0.21037432648217963,0.7065590184368242
1.1528389290450496,-0.36451412714203163,-0.23100843723585626,-1.0426757204625265,-0.09086042091817612,0.2570910550863981,0.6635973743150497
1.868007641124239,-0.83576699360541,0.17976530486762912,0.29481977664544884,1.5322850191328783,0.6289604811928464,0.09875615836211961
3.2498543557784827,-1.6903602754702503,0.19500169158632194,-1.4823545919553829,1.7828111797199693,2.253013229215605,-0.750989300559671
0.5841409950148717,0.7377174417289619,-0.013050386697141458,0.7225153502067996,0.4435916091901055,-0.5647558796034101,0.9509152930968103
1.5599199405401774,0.30941780068143754,0.15192940442800898,-0.18905108880514815,0.3907008311864325,0.5880004680258805,0.3898629360797804
0.8443523321702594,0.620174799222563,-0.23739683387382388,-1.1039912965337915,-0.7413531913978985,0.08988127982762138,0.8997173399992353
0.7209186239524553,-0.10580656484255013,-0.13502139695963272,-0.6416072430108136,-1.2681394133913402,-0.053467506190919015,0.9796044574863796
1.1877053756660938,-1.4795355872370162,0.4213472749147886,1.5237521188093937,0.031778091104184655,-0.05934444910049909,0.5958865982171166
1.494894820563135,0.5188999490585876,0.7192196144864953,1.814172051322597,0.07708210876907179,0.38346921902972236,0.393454674696479
2.4633082631601733,-2.9652940651330884,0.3547929257577752,-0.4672073300760991,-0.20622297188459013,1.5104241826356946,-0.17719835461525596
1.2748236351306566,-0.8307611024340917,0.31799774124644464,0.647320235733278,-0.4882890551256463,0.2556928187230428,0.5816679658922467
0.6805386363790771,1.7744776952005805,0.37622478992937086,1.2242656721734633,-0.4654665878981284,-0.30457435406931793,0.9838530713039249
0.5857590401517762,-1.5898339676080466,-0.44518607440017044,-0.4986786626287282,0.27546488793705787,-0.5675605747047402,0.9709480941646675
1.27208563150438,1.6440245556172979,0.06452435719423169,-1.378664851995519,-1.574105125096539,0.78670462561116,0.723047327026946
1.3354510997385864,1.054437828626649,0.212436051751446,-0.061566329708782286,-0.13898409450134008,0.45702379213542194,0.5680277566490128
1.9867191248694882,1.72305241362899,0.5995586286382717,0.2689043249221832,-0.0943508583988916,1.1905046685746772,0.15009673819720737
2.2547793143521564,1.4255826153906337,0.5445152102491254,-0.749025460091202,-0.897805672935612,1.6966498463285118,0.06115001317066644
1.4336897228834098,-0.020497721492769214,-0.14917237559147187,-0.8755159758934232,0.5383161903802085,0.47971996632735286,0.4372545942439868
1.6545550894323537,-0.9492224957452271,0.3456210850982984,0.18015758774940352,-0.4490850592426384,0.7092201600867799,0.3607862152658585
0.9630537802392974,2.8818950292593657,0.39744118048692734,0.8615402190787596,-0.05656304837051663,0.0539399578114441,0.7993480384862146
0.7851037037107983,1.3842327383733084,-0.04977649050432114,-0.2585801303568491,-0.26482381585393394,-0.0905870135650322,0.9070238047150407
0.7294479357500488,2.266934823741471,-0.23779605879282806,0.12023808393920353,1.9726475137444501,-0.49423516917959376,0.8169982480135862
2.0970340533630893,0.7741652287139963,-0.2066378880487494,-0.9319218267495151,3.1880826378440563,0.8460673910187014,-0.10468229222354615
2.1833049231019857,0.8037181604011593,0.9504666428254621,2.027350727410867,1.193751045387161,0.9578717975722822,-0.05947921440927091
1.5516462288244983,-2.2031026060573624,-0.06379458509538469,-0.23894138926048378,-0.28402464879624667,0.17391716212366,0.39810626790929343
1.650895700395218,0.5122322320548024,0.14931706501518618,-0.1256039000683395,-0.1214127235573855,0.41767844797007586,0.3730667482085604
1.742227554407393,-1.1653777170849182,0.1326259627648876,-0.2692934346020606,-0.8036298391220108,0.5437299424298258,0.3097716417425774
1.1938415337396497,2.3254263466224163,-0.22939036131978663,-0.545633965899085,0.9149850084337473,-0.08947422071719871,0.5901438850958889
0.3144311037038973,1.7920152002105392,-0.19667549636480716,1.294592809374474,1.393390183425177,-1.3657534133361406,1.0638792629140406
1.5743182163964493,-0.034838461937565554,0.6178562917280153,2.6820436785682693,1.3687464439774637,-0.2134401400865349,0.23606641648389318
2.7955335415282754,-2.4492532656042547,0.6200507917323181,0.15166295688023437,-0.44094893734754764,1.51401486179484,-0.31508547844149776
1.6534773574955646,1.5985713191020479,-0.09277090086510316,-0.3905810185301844,1.4010059967388373,0.27857663214458045,0.27842595135482323
1.3487862465253484,-1.6210544187075382,-0.128191026939164,0.18716776672289248,0.6045004723067909,-0.20009092069028497,0.4707194221983014
1.6096847482210914,-0.48669303153528964,-0.26822306402073864,-0.7253027883961027,1.0566162773338779,0.1833794760053379,0.3071686302238183
0.8151704049729585,0.01307878712186705,-0.4031302958013713,0.03521072306937811,1.244719318363943,-0.7743049312331394,0.7752243798640358
1.3559566011931117,0.6218974821770715,0.3093044023939174,1.072785268098353,0.1059422519312627,-0.05313145518955312,0.49103657009754426
2.106526213411554,-0.45962720555823044,0.17823297201429242,-0.38609034049845936,0.05372709883657257,0.8665899124755293,0.05593883756281961
1.9244082162503326,0.5969098730419108,-0.4090721995614069,-1.7546794645759618,1.5261121546212126,0.6253571224843865,0.14460978626104173
1.8496610749080957,0.6135164422096004,0.1540630311444224,-0.021519105889829943,0.5063891057088811,0.5451738889084866,0.17291761729367264
1.3746053259259872,-0.2672878267652233,-0.6341872056253147,-0.9834087512569702,2.3443613894586317,-0.23610066056971704,0.35526617400291766
1.1175212494314033,0.4247586300904684,0.15844496638783098,0.5878613858535608,-0.5268761852433871,-0.1834443998829004,0.6927068049091254
0.9188397632145447,0.40456669139400897,-0.6495057490759159,-1.5533505805880197,0.3253323920562995,-0.32278929938887974,0.7874083999030924
2.524124901471189,0.29565630447000724,0.41054995925380294,-1.4017538471793511,-1.5388038950844607,1.712617485035021,0.0031001897832512106
2.1887487856801,0.9602204885096237,0.48238574373936666,0.5802152784212076,0.7013327347630358,0.8420320071879507,-0.014435227596251828
1.6648174182274267,0.23968437148351135,-0.03834972807426403,-0.43635633526174944,0.44579781504618027,0.36081146364946143,0.31547626394139766
1.2745867790724852,-0.26476173234464717,-0.49351750803723843,-0.9296339274817004,1.2677058550781466,-0.18612160213796425,0.5024797457030238
1.2581810634008703,0.42242794056930055,-0.2547311607667726,-0.24215651452981987,1.12864300627852,-0.2058899285585657,0.5111479521150867
1.3614848009700313,1.1988461851190821,0.5196761592876488,0.8805940294129924,-1.4716530173306555,0.2613881606864587,0.6000420519604903
1.4961104360747604,0.1374008638105279,0.3775245586287611,1.461761694511642,0.6711552676990492,-0.06270911525477604,0.377237717823338
1.1462632515995261,-0.6514791630372936,-0.0026796414789231225,-0.3182522213274878,-1.4683350499786314,0.02110812229019102,0.7346099637350342
1.956273867420901,0.9442633834225402,-0.35722166591112764,-1.9251640901039309,0.804923110854911,0.8328311565416077,0.11417418732519992
1.4353043210689413,-1.339508051039938,0.4340414438795556,1.9393586387611623,0.4106395620587412,-0.23032350691831788,0.3966466216126799
1.147976891762514,1.1962886080629926,0.1484377895525004,0.3526555335695067,-0.5004613423136727,-0.08116714300599384,0.6883368953598352
1.6322914897107395,-0.6792355334712487,-0.3867190508587849,-1.3334073625604856,0.6348371939556364,0.3289404728828151,0.31787536992242854
1.3537886176575264,-1.8435565884926377,-0.7691266287447724,-1.0970218036343995,2.6959960484353696,-0.42442324942445736,0.3913026910978655
1.5878814876082372,-1.6734656586002108,5.781920768990429,-3.671562962919875,-0.6350437537936456,-3.6694206447159363,0.11368244361091778
1.8483918714533722,-0.33664998955857256,6.719450484675477,-0.7866462579004383,-0.24179236750844274,-3.6530527860371165,-0.07981068557641349
2.259583831501422,1.3525187252086333,6.360573719589544,-2.8469554987931427,0.15878443967411188,-2.9402792499412422,-0.31191744211233585
3.3400371341893527,0.7093042232625096,7.116385170280124,-1.684985013708293,0.26035685682427884,-1.922257437935455,-0.9749598978079869
2.194318026411592,0.8438115991574071,6.52763765953635,-2.2127649281739625,-0.25044166028604403,-3.0403038121738364,-0.274246006897476
2.2131881388013976,0.4166714329265096,6.5389909594066005,-2.058010597553196,-0.034273619255417956,-3.103264129468782,-0.2892091596648224
1.3576598804560998,0.4893543903105911,5.929695460419576,-2.87894165230741,0.1259306916334349,-3.995335817755303,0.24812315366258658
1.564860499797486,-2.2152174788573613,5.716472158243811,-2.9310333137246602,0.9871533313479998,-4.066968402789068,0.021459334643089526
2.0290382362375925,-1.1170162163973734,5.947012119313635,-2.7561113069794003,1.440241110945319,-3.5637432579499055,-0.30290464472345613
2.03887070956396,-2.1922430637876307,5.790130656264934,-3.3263373737161444,1.14223004210921,-3.5228374548390966,-0.27199963471508704
3.2777663694176615,-0.5905793897425033,7.1987938728643135,-1.5097922128846928,-0.9061255779827971,-1.8920361738877938,-0.9304685385180845
2.0677854454555784,-1.5704266617775378,6.446032205185448,-1.4746462574263248,0.3805889737431252,-3.5104659013644133,-0.2844954525449914
1.782865077646654,-1.6055892581901894,6.071459354417389,-2.8677905615757084,-0.4652661482196255,-3.5587569469170846,-0.01841707662811248
2.3763293437365114,0.23128556262500832,6.427017710844599,-1.8778486966840056,1.341226030426574,-3.1625442883621058,-0.5097848520594502
2.108091663857781,3.05341698716145,6.51055591654144,-2.0216078958671995,0.8796590505103287,-3.196199111530103,-0.2626736196608773
3.083434357601737,-0.5012938520173323,6.762174554249629,-1.9818565828729586,0.7982078523711476,-2.3348407353166074,-0.8862465188378649
4.372345735327392,-2.579686544076377,7.123553441255106,-2.761041336762909,-0.3111216433375779,-0.7697914678378098,-1.6447729848292008
3.937982524595863,1.2449158384214412,7.405083858120627,-1.4070707062938401,0.6023962462505025,-1.2940057944771977,-1.3995481603680486
3.129954364498074,-0.9240172398811046,6.556636091631593,-2.5450605553827317,1.0974963683768784,-2.300410046666186,-0.9290199233556328
1.8763358711233047,1.5501015242306102,6.587391321019402,-1.1114906180169166,0.8349049130012458,-3.637442409271835,-0.1445416284967959
2.4097436978228655,-0.728179564048228,6.672022812650305,-2.19080833265396,-1.0463658495208117,-2.7845325658553817,-0.3525639456884272
2.690260909181277,-0.6034813008763094,6.387885262219929,-3.661078020976206,-1.0058067401610957,-2.322075845506017,-0.5022104512369655
1.6288694073799224,-0.7602951360805873,6.565226756063401,-0.9564477932030611,-0.23495468205912046,-3.913592623560725,0.06883275110067594
2.6410881747989894,3.032836283301628,7.115001408201094,-0.3564197563054168,1.3295681936024595,-2.8371546979488484,-0.669024993491346
2.7147130597453284,-0.442193966607013,7.092221283737218,-0.3633008286768715,0.4497506982070004,-2.8443084939528496,-0.6806667194760566
2.4760706336446634,1.2505115961590814,6.393318928519219,-2.5534283668877644,1.014473533692148,-2.8677485342902425,-0.5174671495232216
1.8455284445630973,-0.2775463966144898,6.278852072629466,-2.2577705429361155,0.04574402408951911,-3.5516733685449937,-0.06523296856776742
1.7865715999803382,-0.21601549803158834,5.980306410857253,-3.5943602116294207,-0.6188336390049936,-3.3703272874680157,0.029597349861314296
1.9681380539114672,0.6559742262111191,6.174470072814001,-2.3822042021367653,1.2126217170749114,-3.526277904065213,-0.2092851153567599
3.1185314976090135,-1.3494117949201452,6.539769366034274,-2.0578088518118096,1.9467482971063956,-2.525684859491314,-0.9880164378626678
2.442960880540952,-1.4775182163354519,6.783610833204759,-1.6938737483468194,-1.148863561663111,-2.824355119401451,-0.40231152138952564
1.9942560212620808,0.5640903889298412,0.5465914937699424,-0.38588420409129565,0.2740199190484225,1.4699033560589727,-0.17340172897166736
1.3313910908995186,0.032357903192761384,0.7757573038164388,0.7788258771325862,-1.3344455706906424,0.8418145413233359,0.2913824371699022
1.4488286448872048,-1.5024335448273811,-0.2588517637675634,-1.6236195058253502,0.9756213957618537,0.7475334205938752,0.09588038348796879
0.5916020744077668,0.2942229223255834,0.22955520306149793,1.0101089068153157,0.900025252683613,-0.35237115533831276,0.6300254016950559
0.3028477285305113,0.44099719188156183,-0.40471047682381894,-1.374006825081342,-0.042388158219286445,-0.27405600596404966,0.912045832557419
0.4034353812664731,0.8910410094600687,0.6694375387701185,2.1106538509272528,-0.2778675586083188,-0.4516041730254844,0.825173634030262
2.315827527951865,-1.814752597769774,0.9343477466789021,0.3502402139531247,-0.7721746657183682,1.7549145681321145,-0.3029040028621471
2.5824905861804726,-1.2053726867440315,1.460423719300748,1.7786923819189633,-0.8705525309262638,1.9757497615814383,-0.5231665204018177
1.3972510058656844,-0.2635516633965259,-0.0960165397367604,-1.3063154512999409,0.854519705531736,0.7530184632399789,0.1588517264061512
1.425846764040135,-1.9908641659749342,0.3883146691167552,0.3307860231406645,0.13197487417409912,0.6180665510386923,0.1574420994924166
0.8439895035537238,0.5082749220516894,0.15279872500959082,0.03738755173725494,0.2839633987543998,0.14678519796496906,0.5059100823877708
1.0508824576673346,0.5359763619513135,0.550458080542058,0.95081742533815,0.1178961146153186,0.2997988403099162,0.42045406409703145
0.8580865767629491,-1.902495554722469,0.37817140200100813,0.9237343875312118,-0.3564653418211281,0.012100695896221272,0.521924862516635
1.9788958177728724,-1.7848430054065354,0.6513269456770082,-0.1680243110055175,-1.027932940664579,1.489593831859642,-0.1214253629421059
2.503290724239536,0.7460972225896049,1.004021960042955,0.365611706918473,0.14553918314473782,1.9916800158383046,-0.48375653299826443
1.8346052139029736,1.5616621292743753,0.4743132887812584,-0.5317331002492368,0.4283410418798423,1.3457116991957647,-0.06975861788347723
0.40441123367599136,-0.5519841420125021,0.06162664087106823,0.23257164396079683,-0.3526864752806423,-0.33383564226944834,0.818317384156102
1.3640782260670161,-2.0787775001046698,-0.3560744829197741,-1.801761457501539,0.8236679763048118,0.6588480403587572,0.1517312631292832
1.472998085216888,0.8573084027460774,0.528072157552957,-0.020217511647483078,-0.47221042622802306,0.9997567180043768,0.15839849887998814
0.8409231587738923,-2.057771055948888,-0.04428496210851292,0.3294980584735363,1.2674934437318002,-0.21352921144370343,0.4292265843229103
2.1723452910670735,-0.661744950728061,0.9931116409916054,1.0945149500466718,0.19892666774211698,1.4432906751675612,-0.2899453297806239
2.7265819124866244,-0.3931124656018714,0.6854455618836528,0.16101521011257464,2.161766577339613,1.8659685882942667,-0.759233614898591
1.8250931947357438,0.9472888425909686,0.6413624035926356,0.10790486480699955,0.21639261298833845,1.2650614534374731,-0.06740791005536026
0.7709957637051558,-0.5769655168551483,-0.2569968114884511,-0.8641205236147625,0.7958841394163091,0.002213701870996799,0.5316790760089738
0.5446574357452052,0.5917984190815749,-0.031858232356762065,-0.6026062488850471,-0.46999408926825365,0.001235389594024873,0.7591131770595372
0.6599102657294253,0.15808493772966245,-0.127232354922999,-0.4224541972562765,0.7411850154869346,-0.11244314804279613,0.612133506771069
1.2965519630185802,0.31008153955525236,-0.21414581895478285,-1.3804188594722626,1.4919333463729338,0.5810730993500821,0.19781855918211633
1.3314100550864227,-1.3372258522124074,0.367592522328185,0.3465127280298701,0.24723381714227544,0.5369389014064609,0.21004293673225538
2.1015050030006677,0.28855084601372205,1.2058432845660358,1.6077879975351865,-0.20324795839874435,1.4421039813370138,-0.22971797652491352
1.1458353480559311,0.1236668751265635,0.33503970179056086,-0.27255117486048724,-0.6119227887947432,0.6199125706772349,0.4187279021760755
1.3767414922545766,-0.49729018007153314,0.16138785437482578,1.4377993159914855,0.9472475887879355,-0.35092372338069183,0.4539133395416604
1.4136602786855914,0.41623350005477655,-0.14162293915945465,-0.05614267126512507,0.5839896338329241,-0.03719431502219734,0.4721025148214633
1.6589361029079783,-0.5635547562773805,-0.2423605791298897,-0.28538934402432764,1.2981264682949325,0.07449061055095833,0.2970581438336229
1.8020110194301153,0.5544252429849392,-0.10713292695548807,-0.07053837922524003,1.6413661062644815,0.2292285004184627,0.1940807224154602
3.085082046312965,0.5654385391587583,0.7131884971781688,1.2330804217964795,2.4807635208268803,1.3791800678731958,-0.6221340847917562
3.2853621494061613,-0.18250647737880638,0.7459577245428788,-0.9006048258131576,-1.6199560474638637,2.432126180145697,-0.48937891854122106
1.2740690664619985,1.386031152232164,-0.20214062456005513,-1.098264429718559,-0.9517840529394904,0.21656907485040183,0.6959807307825436
1.2816655995795936,-0.28241319412372,0.27018532752484,1.3386665662585928,-0.13117222609289195,-0.26438065085770707,0.5981122033624074
0.9172799466333159,0.6267146031015636,-0.12839571814189113,0.26391928978055795,-0.049316065316002466,-0.5219472042728935,0.8637892607015301
1.406460063385802,0.1715633198163574,-0.3865261388643679,-1.3245272719478896,-0.17982733412057408,0.1843260537812384,0.5600200569454805
1.3552396647657259,-0.03940544467405983,-0.18159081326747023,-0.7876610196539857,-0.6998022778362032,0.13576653802589028,0.637667844395112
1.6713890832621199,0.17459071265806342,0.13055173718705726,-0.8964934972953236,-2.0338270040742907,0.7258956685143558,0.5256616871610333
1.8294891794329573,-0.4795040615520134,0.17317651948800844,0.26730890059857276,0.09240899772279738,0.40247744910112965,0.2715620243682742
1.97247254051107,0.16094277435136084,0.8335038807685068,2.0533269561382643,-0.37144783110583834,0.4956170803203254,0.1924072684549012
1.4431831669792246,2.0271878934984358,-0.045031604502525566,-0.934556222776288,-0.8730209562665324,0.41103523330568986,0.6109930141749855
1.5979503525589185,-0.24924952659180755,0.3233256948014629,1.1605805434020886,0.09179499924537758,0.0737751549377668,0.38602756708694813
1.514931956744702,0.7180809234209763,-0.6363124600919338,-2.208054356848136,0.39346846763179627,0.33827256897669317,0.476356064240033
1.680073621928186,0.9847811260057445,0.1463312711342692,0.35461900746502967,0.4035715700885179,0.28237798419860977,0.32361993747038204
3.104480848842659,-1.5290796212125264,0.4868768086507475,0.4362015518796349,1.5855448093350095,1.5005967209319104,-0.6282817553122346
1.9620257018648546,0.4418495641278822,0.1147434989679864,-1.1842295205416888,-1.5853716201990233,1.0285149501622495,0.3141677539849382
2.4735169646357646,-0.805680533319919,0.6597554184704748,0.7180931864325599,-0.5984529544616457,1.1617889918606863,-0.08903665135366792
1.696120724765583,-0.05634944707555415,-0.19206015410090221,-0.5812133853586322,0.6921363487318897,0.27564722644210954,0.32074396684088097
0.755213189608824,-1.6381942873070985,-0.6560213839409078,-1.537570807749657,-1.1901491081039937,-0.48430324816161263,1.036676716332579
1.5195406470292163,-0.11408397297571425,-0.023615240128388268,0.45684121690519924,0.9447672056639838,-0.06833973198120342,0.3862206201846666
1.792313240783294,0.8062523533263541,0.4797308644797276,0.3475136133137182,-1.456713548930377,0.6823205311872786,0.40630675504324615
1.9298420499671505,-0.1537206909164084,-0.007543859029368924,-1.186510821438106,-1.0477710796932589,0.8668421951755791,0.30105453701657864
1.9473688681994568,0.2170627255168216,0.22618338424366746,0.512986564106508,0.7660557870208535,0.4491762313776008,0.1503658035272708
1.098242915878495,0.6042240119740739,-0.6253257742257985,-0.9876799292562702,1.4973868675401285,-0.44122412307237074,0.673114206022006
1.4238321767410032,0.7342915205091277,-0.5486627722349037,-2.314670913658714,-0.6455771515171661,0.4126570607077816,0.606699900554842
2.163856472087462,-0.7818552406273052,0.5046481829557931,0.5145113184220195,-0.7830723110103317,0.8663811060873448,0.1228373676395006
2.4400071162606833,-1.506044692608428,-0.1978246411758483,-1.3045022959057162,0.9360312667866473,1.0479305475112959,-0.16813981007720816
1.1357874298116355,0.24915541995597773,-0.04715108227038753,0.22037916064789856,0.4974898928498583,-0.18969913198461413,0.5948418934965761
1.9356657552073653,1.2234056773745432,0.6219602557572899,1.6257377625972145,1.3003211561162795,0.4930583498140137,0.045061776911321315
2.068042316731964,-0.29231579294852705,0.22368065179776733,0.3161739843851646,1.3433136072297902,0.6693515631936888,-0.04115518314514364
1.6697765432458862,-3.001326060735282,0.15708126938367759,0.6759005618929205,0.3037125763092111,0.1785167287686916,0.23684986009294265
1.9619024501708517,0.17792191382093336,0.3592073884831976,0.395200390375391,0.5421233971055964,0.694959631207849,0.09747034781275117
1.1819440599502737,0.738893216942548,-0.00012517163604073794,-0.5551355991020545,-0.9355700628937181,0.19834318407783488,0.6807130156640967
1.2907587177282485,0.201229870082001,0.17429121136650674,0.5403611940787898,-0.02990653743931466,0.03458090971316031,0.5175209678056194
1.2548219119519743,0.9929540310833297,0.20829965521849977,0.005991770694264251,-0.9311704008588587,0.23439007146330867,0.6459152269086049
1.9757894593222203,-1.8481517108312822,0.2142756054954201,0.7112466269224188,1.270981125897856,0.4385085580502663,-0.005351497022043163
1.9624828208061518,-0.5227932104718632,-0.11736978193621182,-0.397630792042969,1.9018405298112446,0.5218852823205885,-0.008776254514295069
1.5739061690011291,-0.7937591817191217,0.005293256537939623,0.3168423753645001,1.1952575926422921,0.11048170835176457,0.26535827991935895
1.4724748562857932,-1.3958796737591954,0.5085033875826115,1.8182688845351151,0.17015177694770836,-0.036734968655783067,0.38571276541174243
0.8363536867591047,1.3860725532675917,-0.2992759761398196,-0.5246241918212778,0.36955873296103753,-0.3535478368633905,0.8095191061908901
0.3698754419672563,1.0391054213852242,-0.39886129656994035,-0.35885376754461695,-0.14260859272842952,-0.8301969392798196,1.12145242534218
0.7475624114714778,-0.14896385109966132,0.283988312095233,1.0679664514391294,-1.4303832427087475,-0.42787843231265343,0.943174039467133
2.541786488662149,1.1826628077585042,1.1434484266984415,1.3713185219047503,-0.7215676352638097,1.4973953953614219,-0.14582242810748153
2.2032115114913635,-1.3215004900448297,-0.00018357396542443787,-1.0883465696320285,0.2032304395970417,1.0786386264898593,-0.04816629020805916
1.7845323729986642,0.7199418495502192,0.3436449469582877,0.4304644603989333,0.2830185648323791,0.5776806190009853,0.20276842220172578
1.0090575278079672,-0.5907727079664074,-0.3653698644821622,-0.847428440930892,-0.02464901991241326,-0.19429491022472198,0.713123319021843
0.5318095193793532,-2.0583758486163943,-0.8954838535968925,-1.3833998289780973,0.6087708535779592,-0.8661115217140863,0.9550668586253571
0.7310078504612538,1.6875828014739525,-0.038891630912468195,-0.12294356914008275,-0.8036228856761993,-0.3075714644832417,0.9533764209824332
0.46998142277796023,3.1000264404169595,-0.5308375166866477,-1.4533689857935488,-0.15383081028287723,-0.4771186176240428,1.1130080514151897
0.9336874149339267,-1.6317850864762684,-0.11642677561128768,0.0014603779235855272,-0.7374341470455503,-0.3187370185854109,0.7865648938256565
0.9542703261055396,-1.8060928012827058,-0.33883333037961694,-0.490862636369017,-0.24194369807448216,-0.33011613306753385,0.7236477741463222
0.3649790130653009,-0.25401703990336505,-0.5523932963432517,-0.261531264078341,0.6562836998031771,-1.0610979370795577,1.0747233330369366
0.5989436624168168,-3.2227159785567805,-0.37241841904299566,0.9862645593468049,1.3424682865169473,-1.2284961774306327,0.8343082990197933
0.22752213509930344,0.020027294414276937,-0.10188795123683335,0.662254188278671,-1.0265312301314553,-1.0185182530404984,1.2416237845072626
-0.04805343761085962,-1.6426426977158015,-0.17089714352679525,1.4867270251479048,-0.29100859356364106,-1.642901784117543,1.3658718522350326
1.2653430697084753,-1.4277023123884058,-0.1724450116231707,0.1981354227058775,1.079990304907726,-0.24604420273460556,0.4641953821516696
0.9934220861908103,1.070562079670721,-0.15812592329219852,-0.3167917208777362,0.10101350202782233,-0.17474849837499254,0.7120771010277965
2.3171838024733105,-1.374393112439436,-0.06583042162588168,-0.018474859017173755,0.7735925248019352,0.41428621886746925,0.3411770097955496
1.326100026672664,0.1279912961071299,-0.2070162857205233,0.7334990779991568,0.8541040164088202,-0.6824713431073027,0.9544691630713169
0.3893247961318426,-0.8285270731022812,-0.6525976726414571,-0.6052612520093791,-1.6038810320673134,-1.268562955003559,1.7248249631094532
1.5508859475596166,-0.35640738579172665,-0.2609989652947596,0.08165302324902009,0.5691390387974288,-0.35865755246043274,0.8621991459126903
1.1376011166748692,0.610758459444768,0.0007900041771997555,1.7078352352909243,0.9900412638383276,-0.9864415988320986,1.0674612300354667
2.0312917206643295,0.2827352432289533,-0.1621034008279986,-1.472148383205254,-1.472892448102877,0.7057807744973015,0.705885314681929
2.4420889314861265,-1.8049878988864543,0.18414722511508008,-0.1752446180820448,-0.9423004428100468,0.8091931838054969,0.3907636143851742
2.04037407858044,0.009602542264756873,0.004090739645436759,-0.28749677186119843,-0.5107017494871812,0.42810506862597203,0.6120947490248233
2.311416782071597,-2.2114876537926036,-0.1417203971812207,-1.1878833249254888,-1.1580720142334129,0.7739485317971546,0.49664426234717945
2.0809296669229638,0.22043734917767627,0.31642006024645963,0.31247859328565997,-1.2267323525175577,0.5350116729634734,0.6422854473701659
1.4151578785954828,-0.8135939689497743,-0.4171051677868096,-0.6442098089199703,-0.2928065771957492,-0.3289971472086447,1.0052452277175508
1.3868642820822754,1.2316226347597699,-0.376238691935857,-0.031995111131438714,1.2825918793549766,-0.5414906509301151,0.9386454161770894
2.3975972137447625,-0.20128090936262402,0.7627103678436963,1.495391793680237,-1.2621238460885567,0.7457558792401542,0.42516010251981223
1.814241703606206,-2.3218164142729316,-0.6912457647397687,-0.3389816632304215,2.7397066104491854,-0.495837124055076,0.5470176480869462
2.6086149721361256,0.6549820131380454,0.618598946704186,1.1158156544852988,0.02501987609333286,0.86460885701487,0.24755987250288483
1.4223140878531466,0.9606417810370218,-0.5755900007396483,-1.3136467674173264,0.1963913574608285,-0.2150971614258165,0.9981159700667637
1.0076929414658657,1.06612761632206,-0.5099925823600583,-0.28964508670279465,0.3820588734460026,-0.7947348464785433,1.1930910366384648
0.984888556276104,-0.15822906368278286,-0.1420820341516905,1.0587763152943448,0.17301578979650808,-1.0211583269289854,1.252160794760748
1.3565398021493706,0.7011365075263927,-0.412650792666497,-0.8364657757986265,-0.3506534905280641,-0.2634276044854078,1.0518765841480322
1.6087858763345249,0.6675823473704162,-0.4080799179753423,-1.0057054127249323,0.01989887740141854,-0.02642771072108495,0.8754454606151203
2.0194972480988853,0.9345902226187746,0.035082606509337796,0.11425461151733038,0.3862515374365935,0.2782456299961628,0.5766754326124263
1.5483689459272854,1.8928827357665583,-0.37955888213826583,-1.2640680729552563,-0.38497198473848565,0.07708146268048362,0.9523252632390036
1.2934116888155536,-2.4085825708556,-0.349646145492496,-0.15606011898083463,-0.8419234163882923,-0.5272439184148427,1.0838340517179297
0.7201004597454232,1.8428165332054292,-0.37376578683758666,0.4827650650723457,0.5319376032564872,-1.1772490335408998,1.392581053553626
1.791671193632927,-1.6043309101509884,-0.2776527311205635,0.17287993659706558,1.1938221366082182,-0.28666046051166366,0.6807695300626666
0.2801822259427569,1.1304876243007125,-0.2434743053364787,1.2530835267218454,-0.5367669633117397,-1.6170262966052869,1.702212724034714
-0.02881800561581471,0.17288939626270344,-0.7537908384211028,0.8530276868918051,1.0080210919881134,-2.2339382347664407,1.8091625642685825
0.22763929629003066,-2.532125237956737,-1.3103858448784143,-1.220931357138297,0.5400128114921331,-1.8337048925608899,1.6628720039082305
-0.43691377764548867,1.9438214136544063,-1.1809226088449802,-0.4779669409813075,0.8405824877193038,-2.408597586003451,2.095304369888683
-0.37250134713289607,-1.74007826825087,-0.9792975065215189,0.3387119563605315,-0.20642351646612964,-2.491559101912985,2.0713934703845047
-0.5829054740848548,0.4358592827286575,-0.8608220116040307,0.8736389444440876,0.2063941827732048,-2.7047475819308846,2.1882515880599174
