ACCIDENTES,MUNICIPIOS_ACCIDENTES,SERVICIOS_TALLER,COSTO_TALLER,DURACION_PROMEDIO_TALLER,KILOMETRAJE_PROMEDIO,TRAFICO,EVASORES,EXENTOS,PEAJES,TARIFA_PROMEDIO
2.0929918144819437,2.464226166571255,-3.157871163346166,-0.8245077807518949,-0.02262192623240639,-0.40671218301328654,-0.019940719732573407,-0.13622393908979527,-0.48524996004333926,-1.203217506763292,-0.10013154983354045
-0.4802895078992889,-0.4126904275714388,-0.6182066304334675,-1.2846788636681725,-1.2613682423745027,0.17922433818681274,-0.019940719732573407,-0.13622393908979527,-0.48524996004333926,-1.203217506763292,-0.10013154983354045
0.4238363621265496,0.5981181055057239,0.009239901227316947,1.1385549189492086,1.4931237154942993,-0.015343845062574366,-0.019940719732573407,-0.13622393908979527,-0.48524996004333926,-1.203217506763292,-0.10013154983354045
0.2847400744302668,0.4426091004169296,0.24826715138380626,-0.7528038618943146,-1.5306936561079252,1.1782417430018552,-0.019940719732573407,-0.13622393908979527,-0.48524996004333926,-1.203217506763292,-0.10013154983354045
0.2847400744302668,0.4426091004169296,0.8159568705054683,-0.2208972710261719,0.13825201462545014,-0.8991919840146421,-0.019940719732573407,-0.13622393908979527,-0.48524996004333926,-1.203217506763292,-0.10013154983354045
0.5629326498228325,0.753627110594518,1.682430652322742,1.7504317958739628,0.34633168502152584,1.1342516977890398,-0.019940719732573407,-0.13622393908979527,-0.48524996004333926,-1.203217506763292,-0.10013154983354045
-0.5498376517474304,-0.49044493011583595,-0.020638505042244217,-0.6375480033274843,0.10480332571461552,-1.7608737042646363,-0.019940719732573407,-0.13622393908979527,-0.48524996004333926,-1.203217506763292,-0.10013154983354045
-0.5498376517474304,-0.49044493011583595,-2.261518975259331,-0.8488036736189882,-0.23896728792730906,-0.2225880081080845,-0.019940719732573407,-0.13622393908979527,-0.48524996004333926,-1.203217506763292,-0.10013154983354045
-0.6889339394437132,-0.6459539352046302,-0.020638505042244217,-0.33676274369322584,-0.9068775320827296,-0.1924527284220142,-0.019940719732573407,-0.13622393908979527,-0.48524996004333926,-1.203217506763292,-0.10013154983354045
-0.8280302271399961,-0.8014629402934245,-1.1858963495551296,-2.2045887576842063,0.2809775179490703,-1.9810152128722547,-0.019940719732573407,-0.13622393908979527,-0.48524996004333926,-1.203217506763292,-0.10013154983354045
-0.06300064481044035,0.05383658769494393,0.6366864328881013,-0.2760590341768657,-0.2610653381762334,-1.109612693435211,-0.019940719732573407,-0.13622393908979527,-0.48524996004333926,-1.203217506763292,-0.10013154983354045
0.2847400744302668,0.4426091004169296,-1.096261130746446,-0.8558314158052936,1.8677994117230396,-0.15549059633531828,-0.019940719732573407,-0.13622393908979527,-0.48524996004333926,-1.203217506763292,-0.10013154983354045
-0.4107413640511475,-0.3349359250270417,-1.3054099746333743,-1.6406608007152255,-1.2853717897566916,0.6007778439939149,-0.019940719732573407,-0.13622393908979527,-0.48524996004333926,-1.203217506763292,-0.10013154983354045
-0.8975783709881375,-0.8792174428378216,-1.9029781000245973,-0.716740200114357,-0.4655525544972717,0.7859928939842836,-0.019940719732573407,-0.13622393908979527,-0.48524996004333926,-1.203217506763292,-0.10013154983354045
-0.7584820832918546,-0.7237084377490274,-0.19990894265961118,0.007212012357968942,0.42104486776200967,0.7679203153996789,-0.019940719732573407,-0.13622393908979527,-0.48524996004333926,-1.203217506763292,-0.10013154983354045
-0.8975783709881375,-0.8792174428378216,-1.3651667871724964,-0.06764084042458521,0.15040934284984017,1.456803023199617,-0.019940719732573407,-0.13622393908979527,-0.48524996004333926,-1.203217506763292,-0.10013154983354045
-0.3411932202030061,-0.2571814224826446,0.7263216516967849,0.08358058747153242,0.1687000097709618,0.32258837729968615,-0.019940719732573407,-0.13622393908979527,-0.48524996004333926,-1.203217506763292,-0.10013154983354045
-0.13254878865858177,-0.0239179148494532,-0.8273554743203956,0.12077813147790385,-2.0523121610991404,-0.03879637866907666,-0.019940719732573407,-0.13622393908979527,-0.48524996004333926,-1.203217506763292,-0.10013154983354045
0.4238363621265496,0.5981181055057239,0.6665648391576625,0.04623562769182914,0.12154696776357057,0.25084501028483897,-0.019940719732573407,-0.13622393908979527,-0.48524996004333926,-1.203217506763292,-0.10013154983354045
-0.7584820832918546,-0.7237084377490274,-0.19990894265961118,-0.6386502964596167,-0.4838796544794655,-2.367904452584484,-0.019940719732573407,-0.13622393908979527,-0.48524996004333926,-1.203217506763292,-0.10013154983354045
-0.6889339394437132,-0.6459539352046302,-0.5883282241639063,0.5763488447160419,-1.0376286345659986,-9.969104481629613e-05,-0.019940719732573407,-0.13622393908979527,-0.48524996004333926,-1.203217506763292,-0.10013154983354045
-1.0366746586844204,-1.0347264479266158,1.2940113708184469,1.2911485327654633,1.2388642580219766,-0.04053877672175435,-0.019940719732573407,-0.13622393908979527,-0.48524996004333926,-1.203217506763292,-0.10013154983354045
-0.6193857955955717,-0.5681994326602331,1.1744977457402022,2.290831419547491,-0.04978958636943367,0.41624434521690845,-0.019940719732573407,-0.13622393908979527,-0.48524996004333926,-1.203217506763292,-0.10013154983354045
-0.13254878865858177,-0.0239179148494532,-1.6041940373289858,0.09768872033461777,2.0438240206153915,-1.6070433047389483,-0.019940719732573407,-0.13622393908979527,-0.48524996004333926,-1.203217506763292,-0.10013154983354045
-0.2716450763548646,-0.17942691993824744,0.2781455576533674,0.5475412533126551,1.2849364972908137,0.1376306846041735,-0.019940719732573407,-0.13622393908979527,-0.48524996004333926,-1.203217506763292,-0.10013154983354045
-0.7584820832918546,-0.7237084377490274,0.1885103388446839,-0.2213450602925189,-0.8127783912831991,-0.10447853800176059,-0.019940719732573407,-0.13622393908979527,-0.48524996004333926,-1.203217506763292,-0.10013154983354045
-0.2020969325067232,-0.10167241739385033,-0.7974770680508344,-0.11102707593750215,0.023733566481867394,-0.18978184648446175,-0.019940719732573407,-0.13622393908979527,-0.48524996004333926,-1.203217506763292,-0.10013154983354045
-0.6193857955955717,-0.5681994326602331,0.6665648391576625,2.4396005361768,0.40522575274349965,-0.11496832618010654,-0.019940719732573407,-0.13622393908979527,-0.48524996004333926,-1.203217506763292,-0.10013154983354045
-0.6889339394437132,-0.6459539352046302,0.21838874511424508,0.5719163960127804,0.29028509596438656,-0.4144951812304131,-0.019940719732573407,-0.13622393908979527,-0.48524996004333926,-1.203217506763292,-0.10013154983354045
-0.6193857955955717,-0.5681994326602331,-0.7974770680508344,0.019742907285383585,0.9392465120366649,-0.3194208520180547,-0.019940719732573407,-0.13622393908979527,-0.48524996004333926,-1.203217506763292,-0.10013154983354045
0.4238363621265496,0.5981181055057239,-0.737720255511712,-1.0817045238308882,1.7781458547878342,0.5729421747128175,-0.019940719732573407,-0.13622393908979527,-0.48524996004333926,-1.203217506763292,-0.10013154983354045
-0.4107413640511475,-0.3349359250270417,0.9055920893141518,-0.38647178581473657,-1.598097616568468,0.051184535319203764,-0.909336074793132,-0.1364533101532278,-0.36993904311368037,-1.203217506763292,-0.08536914309710311
0.7715770813672568,0.9868906182277094,1.503160214705375,1.4263249175436934,0.8240244770220636,-0.5102059322924611,-0.909336074793132,-0.1364533101532278,-0.36993904311368037,-1.203217506763292,-0.08536914309710311
0.14564378673398393,0.20934559278373818,1.2342545582793245,-0.27481763819095445,1.2521631775532258,-0.6153376841753317,-0.909336074793132,-0.1364533101532278,-0.36993904311368037,-1.203217506763292,-0.08536914309710311
-0.8975783709881375,-0.8792174428378216,0.3080239639229286,-0.030520329472694122,-0.8265508077823736,-0.4172585318390428,-0.909336074793132,-0.1364533101532278,-0.36993904311368037,-1.203217506763292,-0.08536914309710311
-0.2716450763548646,-0.17942691993824744,1.2940113708184469,0.0367860549437287,1.6545412815589873,0.4779366622511781,-0.909336074793132,-0.1364533101532278,-0.36993904311368037,-1.203217506763292,-0.08536914309710311
-0.2716450763548646,-0.2571814224826446,-1.3651667871724964,-0.3599502472871885,-0.4041009739512109,1.4878265046922625,-0.909336074793132,-0.1364533101532278,-0.36993904311368037,-1.203217506763292,-0.08536914309710311
-0.2020969325067232,-0.10167241739385033,0.7860784642359071,-0.8927474289362914,2.0994554509751135,0.21043024029587706,-0.909336074793132,-0.1364533101532278,-0.36993904311368037,-1.203217506763292,-0.08536914309710311
0.006547499037701083,0.13159109023934107,-1.9926133188332809,-1.937396560140092,1.959080633861585,-0.7315753439949182,-0.909336074793132,-0.1364533101532278,-0.36993904311368037,-1.203217506763292,-0.08536914309710311
0.35428821827840823,0.4426091004169296,2.070849933827037,1.1606700559214123,1.8868102759173744,0.5430210194326077,-0.909336074793132,-0.1364533101532278,-0.36993904311368037,-1.203217506763292,-0.08536914309710311
-0.2020969325067232,-0.10167241739385033,1.503160214705375,1.3412976054284083,-1.3088630454081402,-1.1362098481791612,-0.909336074793132,-0.1364533101532278,-0.36993904311368037,-1.203217506763292,-0.08536914309710311
-0.3411932202030061,-0.2571814224826446,-2.23164056898977,-1.2950866389428992,0.6348982950871077,0.8166232902649433,-0.909336074793132,-0.1364533101532278,-0.36993904311368037,-1.203217506763292,-0.08536914309710311
-0.2716450763548646,-0.17942691993824744,0.6964432454272237,-0.813605663861348,0.9832729308927944,2.7560333691506194,-0.909336074793132,-0.1364533101532278,-0.36993904311368037,-1.203217506763292,-0.08536914309710311
-0.2020969325067232,-0.10167241739385033,0.39765918273161205,-0.15436343393312676,0.4587904227542047,-0.5874171031091884,-0.909336074793132,-0.1364533101532278,-0.36993904311368037,-1.203217506763292,-0.08536914309710311
-0.13254878865858177,-0.0239179148494532,1.2043761520097633,1.6211963775997311,0.5778306361180321,0.07944580354881638,-0.909336074793132,-0.1364533101532278,-0.36993904311368037,-1.203217506763292,-0.08536914309710311
-0.13254878865858177,-0.0239179148494532,0.7263216516967849,-0.8778407016019145,0.9110145599808719,-0.13737440829654246,-0.909336074793132,-0.1364533101532278,-0.36993904311368037,-1.203217506763292,-0.08536914309710311
-0.9671265148362789,-0.9569719453822187,-1.4249235997116187,-2.047824275033148,0.8220930626403212,0.5679515129206165,-0.909336074793132,-0.1364533101532278,-0.36993904311368037,-1.203217506763292,-0.08536914309710311
-0.7584820832918546,-0.7237084377490274,-0.08039531758136653,-0.2052268634826074,1.239946124190809,-0.5385180875761604,-0.909336074793132,-0.1364533101532278,-0.36993904311368037,-1.203217506763292,-0.08536914309710311
-0.13254878865858177,-0.0239179148494532,0.33790237019248975,-0.9022956483297055,-1.1947544726811012,-0.04429641738937341,-0.909336074793132,-0.1364533101532278,-0.36993904311368037,-1.203217506763292,-0.08536914309710311
-0.5498376517474304,-0.49044493011583595,-0.9169906931290791,-0.11944972602404569,-0.33320749264813143,1.3690558239486261,-0.909336074793132,-0.1364533101532278,-0.36993904311368037,-1.203217506763292,-0.08536914309710311
-0.3411932202030061,-0.2571814224826446,0.8458352767750295,-0.3147817218230704,-0.5235236493218749,0.9511524414461533,-0.909336074793132,-0.1364533101532278,-0.36993904311368037,-1.203217506763292,-0.08536914309710311
-0.2020969325067232,-0.10167241739385033,-0.5584498178943451,-0.3847931302605732,-0.06546371399427418,-1.1938307113891773,-0.909336074793132,-0.1364533101532278,-0.36993904311368037,-1.203217506763292,-0.08536914309710311
0.21519193058212538,0.36485459787253244,-1.9627349125637197,-2.297640253942346,0.1572952994484576,-0.42554974738667356,-0.909336074793132,-0.1364533101532278,-0.36993904311368037,-1.203217506763292,-0.08536914309710311
0.7020289375191153,0.9091361156833123,0.4574159952707344,0.20121504941850715,-0.18756068127536957,-1.1595233172236457,-0.909336074793132,-0.1364533101532278,-0.36993904311368037,-1.203217506763292,-0.08536914309710311
0.006547499037701083,0.05383658769494393,-1.7834644749463529,-0.4579839533280636,-1.4809719126127825,-0.9594719616715636,-0.909336074793132,-0.1364533101532278,-0.36993904311368037,-1.203217506763292,-0.08536914309710311
0.006547499037701083,0.13159109023934107,1.5330386209749363,1.0485038324534428,-0.988343626275326,-0.2743197449455295,-0.909336074793132,-0.1364533101532278,-0.36993904311368037,-1.203217506763292,-0.08536914309710311
-0.5498376517474304,-0.49044493011583595,-0.737720255511712,-0.7440265272403669,-2.3953049941370357,1.370721950694026,-0.909336074793132,-0.1364533101532278,-0.36993904311368037,-1.203217506763292,-0.08536914309710311
0.07609564288584252,0.20934559278373818,-0.7974770680508344,-0.5033569766130718,-1.3813244957932072,1.0281886830254583,-0.909336074793132,-0.1364533101532278,-0.36993904311368037,-1.203217506763292,-0.08536914309710311
0.07609564288584252,0.20934559278373818,-0.8871122868595179,-0.610857435435784,1.7258199420004496,0.11242896793946958,-0.909336074793132,-0.1364533101532278,-0.36993904311368037,-1.203217506763292,-0.08536914309710311
0.7715770813672568,0.9868906182277094,0.7263216516967849,1.1253745079077357,0.5894123434049113,-0.9260361274289386,-0.909336074793132,-0.1364533101532278,-0.36993904311368037,-1.203217506763292,-0.08536914309710311
1.8147992390893781,2.1532081563936663,0.06899671376643927,0.6358300008641354,-0.1737501240110165,-0.4680553879270213,-1.7107432369720437,-0.13638449883419806,-1.151264555670884,-1.203217506763292,-4.02886463341582
0.5629326498228325,0.753627110594518,1.6226738397836198,0.34802564220218374,0.4189917392880265,-1.9658521564990679,-1.7107432369720437,-0.13638449883419806,-1.151264555670884,-1.203217506763292,-4.02886463341582
0.14564378673398393,0.2871000953281353,-0.020638505042244217,0.314873164848114,0.6758133804223085,0.9158586188936904,-1.7107432369720437,-0.13638449883419806,-1.151264555670884,-1.203217506763292,-4.02886463341582
-0.06300064481044035,0.05383658769494393,-0.14015213012048885,-0.18914358093479663,-0.18518490117793976,0.8643390580190526,-1.7107432369720437,-0.13638449883419806,-1.151264555670884,-1.203217506763292,-4.02886463341582
0.4238363621265496,0.5981181055057239,0.4574159952707344,-0.24633092548213878,0.9583884306055034,-1.168612652774461,-1.7107432369720437,-0.13638449883419806,-1.151264555670884,-1.203217506763292,-4.02886463341582
-0.06300064481044035,0.05383658769494393,-0.14015213012048885,-0.6976382193811677,-0.9555549814346603,-0.435048511313169,-1.7107432369720437,-0.13638449883419806,-1.151264555670884,-1.203217506763292,-4.02886463341582
0.8411252252153982,1.0646451207721066,-1.5444372247898634,-0.66053488846301,0.6324601916146254,0.268297627856631,-1.7107432369720437,-0.13638449883419806,-1.151264555670884,-1.203217506763292,-4.02886463341582
1.6061548075449539,1.919944648760475,0.2781455576533674,0.5449664650311639,-0.4453792841678716,-0.2569944798980288,-1.7107432369720437,-0.13638449883419806,-1.151264555670884,-1.203217506763292,-4.02886463341582
0.07609564288584252,0.20934559278373818,-1.5444372247898634,-0.11977226730252805,2.4748239308035638,0.8987297837030144,-1.7107432369720437,-0.13638449883419806,-1.151264555670884,-1.203217506763292,-4.02886463341582
0.07609564288584252,0.20934559278373818,-0.707841849242151,-0.46284701126393857,-1.799842324973516,-0.9436071653370293,-1.7107432369720437,-0.13638449883419806,-1.151264555670884,-1.203217506763292,-4.02886463341582
-0.2716450763548646,-0.17942691993824744,-1.0365043182073237,0.02660217430217382,-1.3697126439680367,0.6955259520838416,-1.7107432369720437,-0.13638449883419806,-1.151264555670884,-1.203217506763292,-4.02886463341582
-0.7584820832918546,-0.7237084377490274,-0.9169906931290791,0.04536166274996525,-0.41404147296001326,-0.6193165042858204,-1.7107432369720437,-0.13638449883419806,-1.151264555670884,-1.203217506763292,-4.02886463341582
-0.6889339394437132,-0.6459539352046302,-0.020638505042244217,-0.3221874247515149,-0.460000097963659,1.9141471609393235,-1.7107432369720437,-0.13638449883419806,-1.151264555670884,-1.203217506763292,-4.02886463341582
0.14564378673398393,0.20934559278373818,0.39765918273161205,-0.32374194070708456,-0.1295175350391203,0.8337756963009159,-1.7107432369720437,-0.13638449883419806,-1.151264555670884,-1.203217506763292,-4.02886463341582
0.7715770813672568,0.9868906182277094,0.4275375890011732,1.062301616320052,1.7006891589503934,1.7213416297196529,-1.7107432369720437,-0.13638449883419806,-1.151264555670884,-1.203217506763292,-4.02886463341582
-0.4802895078992889,-0.4126904275714388,0.6665648391576625,0.4667435546636494,0.5531439763401664,-1.351289931682315,-1.7107432369720437,-0.13638449883419806,-1.151264555670884,-1.203217506763292,-4.02886463341582
-0.2716450763548646,-0.17942691993824744,-0.6779634429725898,0.08222170222266921,1.283773732919039,1.8952114927121773,-1.7107432369720437,-0.13638449883419806,-1.151264555670884,-1.203217506763292,-4.02886463341582
-0.8975783709881375,-0.8792174428378216,0.9653489018532742,1.8854153209186655,-0.5701866150531433,-0.04398001095292542,-1.7107432369720437,-0.13638449883419806,-1.151264555670884,-1.203217506763292,-4.02886463341582
-0.8975783709881375,-0.9569719453822187,0.12875352630556158,0.020765950584487346,-0.12314211706056173,2.147296950547494,-1.7107432369720437,-0.13638449883419806,-1.151264555670884,-1.203217506763292,-4.02886463341582
-1.1062228025325618,-1.112480950471013,1.5629170272444974,1.035780077792504,-0.6683830901749922,-1.4349598958831882,-1.7107432369720437,-0.13638449883419806,-1.151264555670884,-1.203217506763292,-4.02886463341582
-2.49718567949539,-2.6675710013589558,-0.9169906931290791,-0.4319235047381396,-0.6182536337479193,-0.42154188376276824,-1.7107432369720437,-0.13638449883419806,-1.151264555670884,-1.203217506763292,-4.02886463341582
-2.427637535647249,-2.5898164988145584,-0.3791793802769782,-1.0738216593203602,-0.4975649387536257,-0.6687246552330605,-1.7107432369720437,-0.13638449883419806,-1.151264555670884,-1.203217506763292,-4.02886463341582
-2.3580893917991075,-2.512061996270161,0.9055920893141518,1.5740499314777054,-0.5821042995817881,-2.131330360885349,-1.7107432369720437,-0.13638449883419806,-1.151264555670884,-1.203217506763292,-4.02886463341582
-1.6626079533176932,-1.73451697082619,-0.6480850367030286,-0.9275913083211678,-1.5150560323804694,-1.2282545434693766,-1.7107432369720437,-0.13638449883419806,-1.151264555670884,-1.203217506763292,-4.02886463341582
-2.775378254887956,-2.978589011536544,0.576929620348979,1.2227160248475393,0.19272131282810892,-0.7550711892666168,-1.7107432369720437,-0.13638449883419806,-1.151264555670884,-1.203217506763292,-4.02886463341582
-2.3580893917991075,-2.512061996270161,-1.634072443598547,-1.0123819793266378,-1.2941991585866999,1.5952525049320256,-1.7107432369720437,-0.13638449883419806,-1.151264555670884,-1.203217506763292,-4.02886463341582
-2.1494449602546832,-2.27879848863697,1.2641329645488857,0.8117662927725909,2.3632491522674903,0.13361061253600592,-1.7107432369720437,-0.13638449883419806,-1.151264555670884,-1.203217506763292,-4.02886463341582
-2.427637535647249,-2.5898164988145584,0.09887512003600044,1.543036645420783,-0.4380413614679134,-0.4815611121251725,-1.7107432369720437,-0.13638449883419806,-1.151264555670884,-1.203217506763292,-4.02886463341582
-2.8449263987360975,-3.056343514080941,0.039118307496878106,-0.06317236906994558,1.5035529504970466,0.001405614508490849,-1.7107432369720437,-0.13638449883419806,-1.151264555670884,-1.203217506763292,-4.02886463341582
-2.0798968164065417,-2.201043986092573,0.1885103388446839,-0.8045462441373896,1.133991655901056,0.7138702450323938,-1.7107432369720437,-0.13638449883419806,-1.151264555670884,-1.203217506763292,-4.02886463341582
-2.218993104102825,-2.356552991181367,-0.6480850367030286,-1.127426689736936,-0.13552961348841255,-1.089671574026791,-1.7107432369720437,-0.13638449883419806,-1.151264555670884,-1.203217506763292,-4.02886463341582
-2.49718567949539,-2.6675710013589558,-3.2475063821548495,-2.0641569451674138,-0.8792057775133735,0.9961693192708228,-2.9911013244379823,-0.137279045981585,-4.336103071539825,-1.203217506763292,-4.513574550388697
-2.288541247950966,-2.4343074937257643,1.11474093320108,0.07938755085126503,0.04925434352716942,-0.13225903838431946,-2.9911013244379823,-0.137279045981585,-4.336103071539825,-1.203217506763292,-4.513574550388697
-2.1494449602546832,-2.27879848863697,0.39765918273161205,-0.07481378160567091,0.4812605183643672,-1.487378510571174,-2.9911013244379823,-0.137279045981585,-4.336103071539825,-1.203217506763292,-4.513574550388697
-2.427637535647249,-2.5898164988145584,1.2641329645488857,0.570602400529479,1.3858476031665683,0.290233234742394,-2.9911013244379823,-0.137279045981585,-4.336103071539825,-1.203217506763292,-4.513574550388697
-2.218993104102825,-2.356552991181367,-1.6938292561376693,-0.4955284231769264,0.6844596120875833,0.5297747864830185,-2.9911013244379823,-0.137279045981585,-4.336103071539825,-1.203217506763292,-4.513574550388697
-1.453963521773269,-1.5012534631929986,0.7860784642359071,-0.39425212431750084,-0.9472861512886255,-1.0911339621172085,-2.9911013244379823,-0.137279045981585,-4.336103071539825,-1.203217506763292,-4.513574550388697
-2.288541247950966,-2.4343074937257643,-1.1560179432855684,-1.7182447246667798,0.7451912901490255,-0.26620611250377624,-2.9911013244379823,-0.137279045981585,-4.336103071539825,-1.203217506763292,-4.513574550388697
-2.1494449602546832,-2.27879848863697,-0.8273554743203956,0.41478614490158616,3.549853889606632,-0.8701443036513717,-2.9911013244379823,-0.137279045981585,-4.336103071539825,-1.203217506763292,-4.513574550388697
-2.1494449602546832,-2.27879848863697,-0.11027372385092771,-1.0161654661104813,-1.9697436586690789,-2.284317604462907,-2.9911013244379823,-0.137279045981585,-4.336103071539825,-1.203217506763292,-4.513574550388697
-2.914474542584239,-3.1340980166253383,-0.3791793802769782,-1.6629183657090272,-2.5098977425252,0.8846889061788249,-2.9911013244379823,-0.137279045981585,-4.336103071539825,-1.203217506763292,-4.513574550388697
-2.6362819671916733,-2.82308000644775,0.756200057966346,0.8057532809658394,1.6371207774539986,-1.4686572341649724,-2.9911013244379823,-0.137279045981585,-4.336103071539825,-1.203217506763292,-4.513574550388697
-2.3580893917991075,-2.512061996270161,1.503160214705375,0.9064787103565206,1.209486077461262,-0.050096963064633716,-2.9911013244379823,-0.137279045981585,-4.336103071539825,-1.203217506763292,-4.513574550388697
-2.0103486725584,-2.1232894835481755,-0.46881459908566164,-0.12930219827293135,-0.06500948568192894,0.8273779982735686,-2.9911013244379823,-0.137279045981585,-4.336103071539825,-1.203217506763292,-4.513574550388697
-2.427637535647249,-2.5898164988145584,-0.8871122868595179,0.2627395211916228,1.3985371973010727,-1.8822783707914965,-2.9911013244379823,-0.137279045981585,-4.336103071539825,-1.203217506763292,-4.513574550388697
-2.1494449602546832,-2.27879848863697,0.8159568705054683,0.5598610000835379,-0.75538853064067,-0.9962795569593074,-2.9911013244379823,-0.137279045981585,-4.336103071539825,-1.203217506763292,-4.513574550388697
-2.3580893917991075,-2.512061996270161,-0.5584498178943451,-0.5246591100534326,0.9484167676871089,-0.7117376175951557,-2.9911013244379823,-0.137279045981585,-4.336103071539825,-1.203217506763292,-4.513574550388697
-2.288541247950966,-2.4343074937257643,0.39765918273161205,0.16395321883429215,0.27085871401467393,-2.41902058578891,-2.9911013244379823,-0.137279045981585,-4.336103071539825,-1.203217506763292,-4.513574550388697
-2.5667338233435317,-2.7453255039033526,-0.05051691131180538,0.41610679072052614,-1.5863190776477063,-1.1280431756153602,-2.9911013244379823,-0.137279045981585,-4.336103071539825,-1.203217506763292,-4.513574550388697
-2.288541247950966,-2.4343074937257643,-0.11027372385092771,0.027734948139316807,-0.45116138509223325,0.8962568859479787,-2.9911013244379823,-0.137279045981585,-4.336103071539825,-1.203217506763292,-4.513574550388697
-1.940800528710259,-2.0455349810037786,0.06899671376643927,0.8012077765567195,0.5463133724408655,0.28421758786556633,-2.9911013244379823,-0.137279045981585,-4.336103071539825,-1.203217506763292,-4.513574550388697
-2.427637535647249,-2.5898164988145584,0.09887512003600044,-0.43651389891282133,-0.9904805128890034,0.0907892814173051,-2.9911013244379823,-0.137279045981585,-4.336103071539825,-1.203217506763292,-4.513574550388697
-2.1494449602546832,-2.27879848863697,0.24826715138380626,-0.2289397435920313,-0.09224454861779138,0.385590270479012,-2.9911013244379823,-0.137279045981585,-4.336103071539825,-1.203217506763292,-4.513574550388697
-2.288541247950966,-2.4343074937257643,1.712309058592303,2.4497822000398064,-0.7056612838768358,0.9014033651808617,-2.9911013244379823,-0.137279045981585,-4.336103071539825,-1.203217506763292,-4.513574550388697
-1.801704241013976,-1.8900259759149842,-0.737720255511712,-0.8565568565845612,0.9172261915782911,0.5501039212260322,-2.9911013244379823,-0.137279045981585,-4.336103071539825,-1.203217506763292,-4.513574550388697
-2.1494449602546832,-2.27879848863697,0.5470512140794178,0.6484612050207718,0.7608473855353296,1.934741099900319,-2.9911013244379823,-0.137279045981585,-4.336103071539825,-1.203217506763292,-4.513574550388697
-2.6362819671916733,-2.82308000644775,-0.17003053639005003,-0.4217473828214942,-1.0368862193300876,-0.3252329743361692,-2.9911013244379823,-0.137279045981585,-4.336103071539825,-1.203217506763292,-4.513574550388697
-2.0798968164065417,-2.201043986092573,0.7263216516967849,1.3368490850806845,-0.9781456304716192,0.3131228468411502,-2.9911013244379823,-0.137279045981585,-4.336103071539825,-1.203217506763292,-4.513574550388697
-2.1494449602546832,-2.27879848863697,-0.11027372385092771,-0.3028948010633463,1.119285037172344,-1.0798635002503518,-2.9911013244379823,-0.137279045981585,-4.336103071539825,-1.203217506763292,-4.513574550388697
-1.801704241013976,-1.8900259759149842,1.5330386209749363,1.2597301304292103,0.30133219922420024,0.7432360010895303,-2.9911013244379823,-0.137279045981585,-4.336103071539825,-1.203217506763292,-4.513574550388697
-1.8712523848621174,-1.9677804784593813,0.4574159952707344,-0.2970740947954853,0.3181250478108598,0.560634524570533,-2.9911013244379823,-0.137279045981585,-4.336103071539825,-1.203217506763292,-4.513574550388697
-2.218993104102825,-2.356552991181367,-0.3194225677378558,-0.6947674911637515,-1.951080220366385,0.7764766138364347,-2.3937809149273295,-0.137279045981585,-4.2955837610114145,-1.203217506763292,-3.7254464300689407
-2.288541247950966,-2.4343074937257643,1.2940113708184469,1.5216862970470408,0.4333657195889866,1.4105524117130679,-2.3937809149273295,-0.137279045981585,-4.2955837610114145,-1.203217506763292,-3.7254464300689407
-1.8712523848621174,-1.9677804784593813,-1.1560179432855684,-1.9472396110801569,0.4044025776977937,0.9229604680120663,-2.3937809149273295,-0.137279045981585,-4.2955837610114145,-1.203217506763292,-3.7254464300689407
-2.218993104102825,-2.356552991181367,-0.3791793802769782,-0.27599086823656577,-1.53092502717687,1.1151863018332202,-2.3937809149273295,-0.137279045981585,-4.2955837610114145,-1.203217506763292,-3.7254464300689407
-1.5235116656214103,-1.5790079657373957,-1.245653162094252,-0.5671902232421271,-0.6952331822500636,0.05973270100885992,-2.3937809149273295,-0.137279045981585,-4.2955837610114145,-1.203217506763292,-3.7254464300689407
-1.801704241013976,-1.8900259759149842,0.1885103388446839,0.6865005706800885,-0.12411105674600574,-1.3945580497378662,-2.3937809149273295,-0.137279045981585,-4.2955837610114145,-1.203217506763292,-3.7254464300689407
-2.218993104102825,-2.356552991181367,0.21838874511424508,0.6368292137938671,1.8922942883523226,1.3605924355762504,-2.3937809149273295,-0.137279045981585,-4.2955837610114145,-1.203217506763292,-3.7254464300689407
-1.314867234076986,-1.3457444581042044,-0.6480850367030286,-0.2511186129474415,-2.1331007429850204,-1.158064983196733,-2.3937809149273295,-0.137279045981585,-4.2955837610114145,-1.203217506763292,-3.7254464300689407
-2.1494449602546832,-2.27879848863697,0.039118307496878106,-0.6861852330218731,-0.08244514496527802,1.0228334521214566,-2.3937809149273295,-0.137279045981585,-4.2955837610114145,-1.203217506763292,-3.7254464300689407
-1.940800528710259,-2.0455349810037786,-1.9029781000245973,-0.8333399806748621,-0.671910494536903,0.2971044501517526,-2.3937809149273295,-0.137279045981585,-4.2955837610114145,-1.203217506763292,-3.7254464300689407
-1.314867234076986,-1.3457444581042044,0.09887512003600044,-0.9955366791535474,-0.9966645332407353,2.596953857156837,-2.3937809149273295,-0.137279045981585,-4.2955837610114145,-1.203217506763292,-3.7254464300689407
-2.1494449602546832,-2.27879848863697,-0.4986930053552228,-0.394350216768171,0.48563022999171596,-1.2800606590603716,-2.3937809149273295,-0.137279045981585,-4.2955837610114145,-1.203217506763292,-3.7254464300689407
-2.8449263987360975,-3.056343514080941,-2.3511541940680147,-1.4060801865598913,0.43503356433172846,0.565633838018827,-2.3937809149273295,-0.137279045981585,-4.2955837610114145,-1.203217506763292,-3.7254464300689407
-1.940800528710259,-2.0455349810037786,0.15863193257512276,1.048767629100449,-0.48987844357989,0.1191757507617179,-2.3937809149273295,-0.137279045981585,-4.2955837610114145,-1.203217506763292,-3.7254464300689407
-1.6626079533176932,-1.73451697082619,1.861701089940109,0.6968490471287055,1.0101596408323028,1.2585502383848006,-2.3937809149273295,-0.137279045981585,-4.2955837610114145,-1.203217506763292,-3.7254464300689407
-1.6626079533176932,-1.73451697082619,0.15863193257512276,0.45034271858908687,0.07184423415104903,0.9084790085498405,-2.3937809149273295,-0.137279045981585,-4.2955837610114145,-1.203217506763292,-3.7254464300689407
-2.0103486725584,-2.1232894835481755,0.24826715138380626,-0.29180037863391234,-0.8884189476280288,0.26306790982877076,-2.3937809149273295,-0.137279045981585,-4.2955837610114145,-1.203217506763292,-3.7254464300689407
-1.5235116656214103,-1.5790079657373957,0.6665648391576625,1.040480202505228,-0.9341433677688653,-0.04134386953733867,-2.3937809149273295,-0.137279045981585,-4.2955837610114145,-1.203217506763292,-3.7254464300689407
-2.0103486725584,-2.1232894835481755,-1.9029781000245973,-0.8569896825957198,0.45647228397773976,1.1881931312248857,-2.3937809149273295,-0.137279045981585,-4.2955837610114145,-1.203217506763292,-3.7254464300689407
-1.314867234076986,-1.3457444581042044,-1.5743156310594246,-0.42106904858633676,-0.9258865805394795,1.6488813129591542,-2.3937809149273295,-0.137279045981585,-4.2955837610114145,-1.203217506763292,-3.7254464300689407
-2.0103486725584,-2.1232894835481755,-0.6182066304334675,0.5494138769896137,1.6658153351764327,0.7698373945991733,-2.3937809149273295,-0.137279045981585,-4.2955837610114145,-1.203217506763292,-3.7254464300689407
-1.314867234076986,-1.3457444581042044,0.39765918273161205,-0.555526088726304,-1.0467059831266516,0.4952736169439957,-2.3937809149273295,-0.137279045981585,-4.2955837610114145,-1.203217506763292,-3.7254464300689407
-1.1062228025325618,-1.112480950471013,-0.9169906931290791,-0.6797205525863215,-0.28640887246756563,2.668977298920473,-2.3937809149273295,-0.137279045981585,-4.2955837610114145,-1.203217506763292,-3.7254464300689407
-1.7321560971658345,-1.8122714733705871,-1.45480200598118,0.30243980817673244,-0.87076118963614,-0.8401505384638197,-2.3937809149273295,-0.137279045981585,-4.2955837610114145,-1.203217506763292,-3.7254464300689407
-2.218993104102825,-2.356552991181367,-0.8871122868595179,-0.8486390778119294,1.4877961276736336,-0.0247343544774625,-2.3937809149273295,-0.137279045981585,-4.2955837610114145,-1.203217506763292,-3.7254464300689407
-1.5235116656214103,-1.5790079657373957,-1.5145588185203023,-0.5115529610932612,-1.1508385578717704,1.1280320958824532,-2.3937809149273295,-0.137279045981585,-4.2955837610114145,-1.203217506763292,-3.7254464300689407
-1.8712523848621174,-1.9677804784593813,0.3677807764620509,0.7289014481291911,-0.4909323322810708,1.0063001337270667,-2.3937809149273295,-0.137279045981585,-4.2955837610114145,-1.203217506763292,-3.7254464300689407
-1.3844153779251274,-1.4234989606486015,-0.08039531758136653,0.09564817568277786,0.6823989266549988,1.4304500071782644,-2.3937809149273295,-0.137279045981585,-4.2955837610114145,-1.203217506763292,-3.7254464300689407
-1.8712523848621174,-1.9677804784593813,-2.201762162720209,-3.2411117329320254,-0.7651665490454146,1.0308068756741136,-2.3937809149273295,-0.137279045981585,-4.2955837610114145,-1.203217506763292,-3.7254464300689407
-1.1757709463807031,-1.19023545301541,-0.7974770680508344,-0.8382861678062222,1.5517077186693848,0.9348275961350073,-2.3937809149273295,-0.137279045981585,-4.2955837610114145,-1.203217506763292,-3.7254464300689407
-2.0798968164065417,-2.201043986092573,1.5629170272444974,1.023011987560637,-1.9352284520637415,0.3478870638423238,-2.3937809149273295,-0.137279045981585,-4.2955837610114145,-1.203217506763292,-3.7254464300689407
-1.0366746586844204,-1.0347264479266158,0.24826715138380626,-0.60673699831291,0.9768453015995577,0.6103230131387486,-2.2210073264446226,-0.13574225985658692,-1.185985532154343,-1.203217506763292,-0.03339506897327456
-1.7321560971658345,-1.8122714733705871,0.12875352630556158,0.5668349853900979,0.3567131036443605,0.8880000585136105,-2.2210073264446226,-0.13574225985658692,-1.185985532154343,-1.203217506763292,-0.03339506897327456
-2.218993104102825,-2.356552991181367,-0.19990894265961118,0.5261044505756088,0.6457157836288551,-2.3182637479677295,-2.2210073264446226,-0.13574225985658692,-1.185985532154343,-1.203217506763292,-0.03339506897327456
-0.8975783709881375,-0.8792174428378216,0.7860784642359071,0.8974503255322097,-0.4506006415756517,1.1425137686374551,-2.2210073264446226,-0.13574225985658692,-1.185985532154343,-1.203217506763292,-0.03339506897327456
-1.453963521773269,-1.5012534631929986,-0.8572338805899568,0.6537199579271532,0.4199286165991572,-2.4702608546579388,-2.2210073264446226,-0.13574225985658692,-1.185985532154343,-1.203217506763292,-0.03339506897327456
-1.453963521773269,-1.5012534631929986,-1.1261395370160072,0.5570512332761428,0.34130121723909745,0.8239173204237255,-2.2210073264446226,-0.13574225985658692,-1.185985532154343,-1.203217506763292,-0.03339506897327456
-1.1062228025325618,-1.112480950471013,-0.5285714116247839,-1.6059931552247801,-0.8456814179680261,-0.16997974362646348,-2.2210073264446226,-0.13574225985658692,-1.185985532154343,-1.203217506763292,-0.03339506897327456
-1.5930598094695518,-1.656762468281793,0.6665648391576625,0.8539593472329808,0.3525425498186594,-0.2246869366398752,-2.2210073264446226,-0.13574225985658692,-1.185985532154343,-1.203217506763292,-0.03339506897327456
-1.2453190902288447,-1.2679899555598073,0.009239901227316947,-0.7483891474194236,-0.7929645971069454,0.07553748885644036,-2.2210073264446226,-0.13574225985658692,-1.185985532154343,-1.203217506763292,-0.03339506897327456
-1.7321560971658345,-1.8122714733705871,1.473281808435814,0.4877514107519934,1.2071603139943776,-0.7964151679041815,-2.2210073264446226,-0.13574225985658692,-1.185985532154343,-1.203217506763292,-0.03339506897327456
-1.6626079533176932,-1.73451697082619,-1.245653162094252,-2.0772071204692915,-0.08694404645580557,-0.471979093311391,-2.2210073264446226,-0.13574225985658692,-1.185985532154343,-1.203217506763292,-0.03339506897327456
-1.7321560971658345,-1.8122714733705871,-0.7974770680508344,-0.22743510515375395,-0.580250668432763,1.675885042552565,-2.2210073264446226,-0.13574225985658692,-1.185985532154343,-1.203217506763292,-0.03339506897327456
-1.2453190902288447,-1.2679899555598073,0.9952273081228353,0.34338259953702743,0.565425586350989,0.26172490783386787,-2.2210073264446226,-0.13574225985658692,-1.185985532154343,-1.203217506763292,-0.03339506897327456
-1.453963521773269,-1.5012534631929986,0.1885103388446839,-0.9244146646643656,0.6693981705117786,-0.5596119780498625,-2.2210073264446226,-0.13574225985658692,-1.185985532154343,-1.203217506763292,-0.03339506897327456
-2.288541247950966,-2.4343074937257643,-1.0663827244768849,-0.5292727804028525,0.3672010090910845,2.3353523631730733,-2.2210073264446226,-0.13574225985658692,-1.185985532154343,-1.203217506763292,-0.03339506897327456
-1.5235116656214103,-1.5790079657373957,0.3677807764620509,-0.029719518222854225,2.913295456463231,0.2249258652381779,-2.2210073264446226,-0.13574225985658692,-1.185985532154343,-1.203217506763292,-0.03339506897327456
-1.801704241013976,-1.8900259759149842,0.5470512140794178,0.7832180644591171,0.350068416403249,0.5219648376238799,-2.2210073264446226,-0.13574225985658692,-1.185985532154343,-1.203217506763292,-0.03339506897327456
-1.453963521773269,-1.5012534631929986,0.039118307496878106,1.6029301223784824,-1.0736939546292372,0.30572694036234455,-2.2210073264446226,-0.13574225985658692,-1.185985532154343,-1.203217506763292,-0.03339506897327456
-1.3844153779251274,-1.4234989606486015,1.1446193394706412,1.4713310639792945,1.3810721886704078,1.4055788457174212,-2.2210073264446226,-0.13574225985658692,-1.185985532154343,-1.203217506763292,-0.03339506897327456
-1.453963521773269,-1.5012534631929986,1.5927954335140586,-0.22941524259020665,-1.3426464662989552,0.2614114481473029,-2.2210073264446226,-0.13574225985658692,-1.185985532154343,-1.203217506763292,-0.03339506897327456
-0.8975783709881375,-0.8792174428378216,0.2781455576533674,0.2968025403335749,1.1229756599267884,1.3840800875127703,-2.2210073264446226,-0.13574225985658692,-1.185985532154343,-1.203217506763292,-0.03339506897327456
-1.1062228025325618,-1.112480950471013,-0.05051691131180538,0.124932928668248,-0.5447218418631208,0.12943494963375804,-2.2210073264446226,-0.13574225985658692,-1.185985532154343,-1.203217506763292,-0.03339506897327456
-1.1062228025325618,-1.112480950471013,-0.28954416146829465,0.4799982277864204,-1.0925253980294267,0.8219443650953673,-2.2210073264446226,-0.13574225985658692,-1.185985532154343,-1.203217506763292,-0.03339506897327456
-1.801704241013976,-1.8900259759149842,1.3537681833575692,0.5640435070057104,-0.4540330211143178,-0.2629397504071373,-2.2210073264446226,-0.13574225985658692,-1.185985532154343,-1.203217506763292,-0.03339506897327456
-1.1757709463807031,-1.19023545301541,0.8757136830445906,1.1226412199601872,-0.1631972351238466,-1.1705043437645002,-2.2210073264446226,-0.13574225985658692,-1.185985532154343,-1.203217506763292,-0.03339506897327456
-1.2453190902288447,-1.2679899555598073,1.11474093320108,0.5457883356771935,0.26319304053635306,-1.364437399314547,-2.2210073264446226,-0.13574225985658692,-1.185985532154343,-1.203217506763292,-0.03339506897327456
-1.1062228025325618,-1.112480950471013,-1.0663827244768849,0.29731960392949275,0.2154560111118472,-1.2136800473615978,-2.2210073264446226,-0.13574225985658692,-1.185985532154343,-1.203217506763292,-0.03339506897327456
-2.0798968164065417,-2.201043986092573,0.15863193257512276,0.39182807788716295,-0.5907004626598019,-0.1773126972877998,-2.2210073264446226,-0.13574225985658692,-1.185985532154343,-1.203217506763292,-0.03339506897327456
-1.801704241013976,-1.8900259759149842,-0.7675986617812732,0.3332923777890525,0.2051815997939598,0.8204697452138877,-2.2210073264446226,-0.13574225985658692,-1.185985532154343,-1.203217506763292,-0.03339506897327456
-1.453963521773269,-1.5012534631929986,-0.17003053639005003,-0.24195278785325983,-0.2304763367696647,-1.2958061417856443,-2.2210073264446226,-0.13574225985658692,-1.185985532154343,-1.203217506763292,-0.03339506897327456
-1.801704241013976,-1.8900259759149842,-1.0663827244768849,-1.9700297571196987,1.3652983901658389,-0.13471095772917793,-1.9405583333588525,-0.13620100198345203,-0.906353970057936,-1.203217506763292,-0.05424379102612888
-1.7321560971658345,-1.8122714733705871,-1.7237076624072305,-0.838118801025978,-0.22220692566247524,-0.6773349287568824,-1.9405583333588525,-0.13620100198345203,-0.906353970057936,-1.203217506763292,-0.05424379102612888
-0.9671265148362789,-0.9569719453822187,-1.3054099746333743,-0.0483432289846861,-1.2013844381862144,1.5057567097280489,-1.9405583333588525,-0.13620100198345203,-0.906353970057936,-1.203217506763292,-0.05424379102612888
-1.314867234076986,-1.3457444581042044,0.3080239639229286,0.1025096594781132,-0.115797004424673,1.0140317139697255,-1.9405583333588525,-0.13620100198345203,-0.906353970057936,-1.203217506763292,-0.05424379102612888
-1.453963521773269,-1.5012534631929986,-0.8871122868595179,-0.3946976968052995,-1.2452273118289434,-0.6934508963671728,-1.9405583333588525,-0.13620100198345203,-0.906353970057936,-1.203217506763292,-0.05424379102612888
-1.453963521773269,-1.5012534631929986,0.2781455576533674,0.5046903698186604,0.10610761774253004,-0.48548874114368873,-1.9405583333588525,-0.13620100198345203,-0.906353970057936,-1.203217506763292,-0.05424379102612888
-1.3844153779251274,-1.4234989606486015,-1.484680412250741,-0.0035875785248110506,0.13617106479923335,-0.021031582403170178,-1.9405583333588525,-0.13620100198345203,-0.906353970057936,-1.203217506763292,-0.05424379102612888
-1.6626079533176932,-1.73451697082619,-0.8273554743203956,-0.7158102615141961,-0.5419970425446061,1.9115200712164855,-1.9405583333588525,-0.13620100198345203,-0.906353970057936,-1.203217506763292,-0.05424379102612888
-1.0366746586844204,-1.0347264479266158,-1.4249235997116187,-1.5194684092014903,-0.44901548736429214,-0.3818221015845832,-1.9405583333588525,-0.13620100198345203,-0.906353970057936,-1.203217506763292,-0.05424379102612888
-1.314867234076986,-1.3457444581042044,-0.19990894265961118,0.043025178162197156,-0.5795728223486823,-0.36483157678251027,-1.9405583333588525,-0.13620100198345203,-0.906353970057936,-1.203217506763292,-0.05424379102612888
-1.1757709463807031,-1.19023545301541,0.33790237019248975,1.7454905964943301,-0.7568184780800192,-0.3594577164360689,-1.9405583333588525,-0.13620100198345203,-0.906353970057936,-1.203217506763292,-0.05424379102612888
-0.5498376517474304,-0.49044493011583595,-0.11027372385092771,1.1432201293998288,0.5321828740272041,-0.03216747775984359,-1.9405583333588525,-0.13620100198345203,-0.906353970057936,-1.203217506763292,-0.05424379102612888
-1.0366746586844204,-1.0347264479266158,0.5171728078098567,0.08434205090217489,-2.128128933170614,0.23815455728466334,-1.9405583333588525,-0.13620100198345203,-0.906353970057936,-1.203217506763292,-0.05424379102612888
-1.314867234076986,-1.3457444581042044,0.039118307496878106,0.0673299381434774,-1.292594733430034,0.08148823936116974,-1.9405583333588525,-0.13620100198345203,-0.906353970057936,-1.203217506763292,-0.05424379102612888
-1.1062228025325618,-1.112480950471013,0.7263216516967849,-0.5978704383224724,-0.8810581688637761,-1.1636928730572116,-1.9405583333588525,-0.13620100198345203,-0.906353970057936,-1.203217506763292,-0.05424379102612888
-1.7321560971658345,-1.8122714733705871,1.11474093320108,-0.272545994375667,-0.9144695065515972,-1.05129329901829,-1.9405583333588525,-0.13620100198345203,-0.906353970057936,-1.203217506763292,-0.05424379102612888
-0.6193857955955717,-0.5681994326602331,0.12875352630556158,-0.371749051099697,0.2166695199193207,-0.4515079917204259,-1.9405583333588525,-0.13620100198345203,-0.906353970057936,-1.203217506763292,-0.05424379102612888
-1.1757709463807031,-1.19023545301541,1.6226738397836198,1.629703819465671,-0.6447243462782549,0.19527656230570606,-1.9405583333588525,-0.13620100198345203,-0.906353970057936,-1.203217506763292,-0.05424379102612888
-1.0366746586844204,-1.0347264479266158,0.09887512003600044,0.46175524873990975,0.7266158047743188,-1.1393022462139386,-1.9405583333588525,-0.13620100198345203,-0.906353970057936,-1.203217506763292,-0.05424379102612888
-2.0103486725584,-2.1232894835481755,-0.7974770680508344,-0.48608217559664524,-0.2814374153697351,0.7060788634185654,-1.9405583333588525,-0.13620100198345203,-0.906353970057936,-1.203217506763292,-0.05424379102612888
-0.8280302271399961,-0.8014629402934245,0.3080239639229286,-0.924067184627237,0.8653300036685002,0.3153190003908007,-1.9405583333588525,-0.13620100198345203,-0.906353970057936,-1.203217506763292,-0.05424379102612888
-1.0366746586844204,-1.0347264479266158,-1.3651667871724964,-1.9332423171443849,-1.0319706322745854,0.07967528053457468,-1.9405583333588525,-0.13620100198345203,-0.906353970057936,-1.203217506763292,-0.05424379102612888
-1.5930598094695518,-1.656762468281793,0.4574159952707344,-0.1722672458620587,0.2793829959856984,-0.8344039109082965,-1.9405583333588525,-0.13620100198345203,-0.906353970057936,-1.203217506763292,-0.05424379102612888
-1.6626079533176932,-1.73451697082619,-0.14015213012048885,-0.24543368436553997,-0.06059674803668402,1.1755124504121197,-1.9405583333588525,-0.13620100198345203,-0.906353970057936,-1.203217506763292,-0.05424379102612888
-1.3844153779251274,-1.4234989606486015,-0.020638505042244217,0.045228656037187884,0.46478792542163544,-1.5632363960302045,-1.9405583333588525,-0.13620100198345203,-0.906353970057936,-1.203217506763292,-0.05424379102612888
-1.0366746586844204,-1.0347264479266158,0.3080239639229286,-0.08693678928057305,1.166427436214844,0.4635621638282259,-1.9405583333588525,-0.13620100198345203,-0.906353970057936,-1.203217506763292,-0.05424379102612888
-1.2453190902288447,-1.2679899555598073,-0.3194225677378558,0.004198301924317583,0.43754898383121543,-0.9823585884395643,-1.9405583333588525,-0.13620100198345203,-0.906353970057936,-1.203217506763292,-0.05424379102612888
-1.1062228025325618,-1.112480950471013,-1.096261130746446,0.5888902693415514,0.7981626212066466,-0.22477598869413246,-1.9405583333588525,-0.13620100198345203,-0.906353970057936,-1.203217506763292,-0.05424379102612888
-1.2453190902288447,-1.2679899555598073,-0.8273554743203956,-1.76308350432214,-0.9747277787596723,-1.1799594429124656,-1.9405583333588525,-0.13620100198345203,-0.906353970057936,-1.203217506763292,-0.05424379102612888
-1.6626079533176932,-1.73451697082619,0.5171728078098567,1.0380916236216227,-0.47946465846423986,0.0576302126424372,-1.9405583333588525,-0.13620100198345203,-0.906353970057936,-1.203217506763292,-0.05424379102612888
-1.5235116656214103,-1.5790079657373957,0.24826715138380626,0.8044786333017354,1.4652203195491431,1.4239884516604582,-1.9405583333588525,-0.13620100198345203,-0.906353970057936,-1.203217506763292,-0.05424379102612888
-1.0366746586844204,-1.0347264479266158,0.5470512140794178,0.548012318753737,-2.4033708123335615,-0.2455144750946264,-1.9149852712256865,-0.13599456802636273,-0.7958749981657367,-1.296329387184171,-0.00506524012627259
-0.6889339394437132,-0.6459539352046302,1.9214579024792313,1.379146882327383,-0.8264412361905146,0.8999207842912603,-1.9149852712256865,-0.13599456802636273,-0.7958749981657367,-1.296329387184171,-0.00506524012627259
-1.5235116656214103,-1.5790079657373957,0.4574159952707344,0.09374451710616843,1.5517535401381413,0.21442280772687627,-1.9149852712256865,-0.13599456802636273,-0.7958749981657367,-1.296329387184171,-0.00506524012627259
-1.5930598094695518,-1.656762468281793,-1.0066259119377625,-0.8235102304060743,-1.945011156623795,0.9557864679727887,-1.9149852712256865,-0.13599456802636273,-0.7958749981657367,-1.296329387184171,-0.00506524012627259
-1.1062228025325618,-1.112480950471013,-1.0663827244768849,-0.6700880956081514,2.410415348079241,0.30829797268854026,-1.9149852712256865,-0.13599456802636273,-0.7958749981657367,-1.296329387184171,-0.00506524012627259
-1.453963521773269,-1.5012534631929986,0.12875352630556158,1.6654837335917065,0.17342076612188312,0.8027518989615059,-1.9149852712256865,-0.13599456802636273,-0.7958749981657367,-1.296329387184171,-0.00506524012627259
-2.1494449602546832,-2.27879848863697,1.0251057143923965,1.6866356802855564,0.43203040068525944,0.4003886049136706,-1.9149852712256865,-0.13599456802636273,-0.7958749981657367,-1.296329387184171,-0.00506524012627259
-1.3844153779251274,-1.4234989606486015,0.935470495583713,0.5830063848851209,-0.7932289365544749,1.063879432505201,-1.9149852712256865,-0.13599456802636273,-0.7958749981657367,-1.296329387184171,-0.00506524012627259
-1.1757709463807031,-1.19023545301541,-0.020638505042244217,1.589412206803342,0.7523618297852982,-0.9393666791994694,-1.9149852712256865,-0.13599456802636273,-0.7958749981657367,-1.296329387184171,-0.00506524012627259
-1.1757709463807031,-1.19023545301541,0.06899671376643927,0.17987190557504085,-0.6152790301448369,-0.1740428824537783,-1.9149852712256865,-0.13599456802636273,-0.7958749981657367,-1.296329387184171,-0.00506524012627259
-0.7584820832918546,-0.7237084377490274,-1.1560179432855684,-0.6562271335529728,-1.4988702314638014,-0.8034546972100127,-1.9149852712256865,-0.13599456802636273,-0.7958749981657367,-1.296329387184171,-0.00506524012627259
-0.9671265148362789,-0.9569719453822187,-0.6480850367030286,0.0727760088370219,-0.42662234408031746,0.34148352791770287,-1.9149852712256865,-0.13599456802636273,-0.7958749981657367,-1.296329387184171,-0.00506524012627259
-1.7321560971658345,-1.8122714733705871,-0.3194225677378558,-0.5970823735492758,-2.8656078352602283,-0.8046129673355988,-1.9149852712256865,-0.13599456802636273,-0.7958749981657367,-1.296329387184171,-0.00506524012627259
-1.453963521773269,-1.5012534631929986,0.09887512003600044,0.269752854317377,-1.4501593590341744,2.9995034963967777,-1.9149852712256865,-0.13599456802636273,-0.7958749981657367,-1.296329387184171,-0.00506524012627259
-0.2020969325067232,-0.10167241739385033,-0.08039531758136653,0.6229532884835035,-0.695924070970678,0.47520116402534435,-1.9149852712256865,-0.13599456802636273,-0.7958749981657367,-1.296329387184171,-0.00506524012627259
-1.453963521773269,-1.5012534631929986,0.6665648391576625,0.815612957745004,0.8368227613200956,1.2417182189104006,-1.9149852712256865,-0.13599456802636273,-0.7958749981657367,-1.296329387184171,-0.00506524012627259
-2.3580893917991075,-2.512061996270161,0.06899671376643927,-0.0760784537663171,-1.0196699909029117,0.3653605003439885,-1.9149852712256865,-0.13599456802636273,-0.7958749981657367,-1.296329387184171,-0.00506524012627259
-1.2453190902288447,-1.2679899555598073,1.2342545582793245,2.0794488386842143,0.5926831339524006,-0.28989729218738763,-1.9149852712256865,-0.13599456802636273,-0.7958749981657367,-1.296329387184171,-0.00506524012627259
-1.801704241013976,-1.8900259759149842,-0.6480850367030286,-0.33481253276714656,1.6595422251616645,-0.4878903700948575,-1.9149852712256865,-0.13599456802636273,-0.7958749981657367,-1.296329387184171,-0.00506524012627259
-1.3844153779251274,-1.4234989606486015,-0.8273554743203956,-1.4563877588888936,-1.1592747103807979,-0.44891207852251397,-1.9149852712256865,-0.13599456802636273,-0.7958749981657367,-1.296329387184171,-0.00506524012627259
-1.453963521773269,-1.5012534631929986,0.06899671376643927,0.6117435935696627,-1.003164237402587,0.8429647394312759,-1.9149852712256865,-0.13599456802636273,-0.7958749981657367,-1.296329387184171,-0.00506524012627259
-0.8975783709881375,-0.8792174428378216,-0.4986930053552228,-1.8637396593832503,0.7102857077416163,0.7324665217370278,-1.9149852712256865,-0.13599456802636273,-0.7958749981657367,-1.296329387184171,-0.00506524012627259
-1.5930598094695518,-1.656762468281793,-0.08039531758136653,-0.7415221216777207,-0.443058799225817,0.8557063153791302,-1.9149852712256865,-0.13599456802636273,-0.7958749981657367,-1.296329387184171,-0.00506524012627259
-1.5235116656214103,-1.5790079657373957,0.6366864328881013,-0.484463373063232,0.09993516171124002,0.6906086117515466,-1.9149852712256865,-0.13599456802636273,-0.7958749981657367,-1.296329387184171,-0.00506524012627259
-1.2453190902288447,-1.2679899555598073,1.11474093320108,0.5087576042564261,1.1969254844923363,-0.15105347814732886,-1.9149852712256865,-0.13599456802636273,-0.7958749981657367,-1.296329387184171,-0.00506524012627259
-1.2453190902288447,-1.2679899555598073,1.8019442774009866,2.1297819039665,-0.4605822495032188,0.2913439707965,-1.9149852712256865,-0.13599456802636273,-0.7958749981657367,-1.296329387184171,-0.00506524012627259
-1.314867234076986,-1.3457444581042044,-1.0663827244768849,0.10847833571393996,-0.14573982914861952,0.0012924305052970583,-1.9149852712256865,-0.13599456802636273,-0.7958749981657367,-1.296329387184171,-0.00506524012627259
-0.6193857955955717,-0.5681994326602331,0.12875352630556158,-1.7087524789316628,-0.5000241144382536,1.1116552352014097,-1.9149852712256865,-0.13599456802636273,-0.7958749981657367,-1.296329387184171,-0.00506524012627259
-0.5498376517474304,-0.49044493011583595,-1.9029781000245973,-1.7088211990665965,-0.38432655682208,-0.010514153011461866,-1.9149852712256865,-0.13599456802636273,-0.7958749981657367,-1.296329387184171,-0.00506524012627259
-0.7584820832918546,-0.7237084377490274,-1.3352883809029354,-1.6641010170634625,0.6842228728774171,-0.3109502337804108,-1.9149852712256865,-0.13599456802636273,-0.7958749981657367,-1.296329387184171,-0.00506524012627259
-1.2453190902288447,-1.2679899555598073,0.8458352767750295,0.9389783464287161,2.1872579166135466,-0.35123445797404923,-1.9149852712256865,-0.13599456802636273,-0.7958749981657367,-1.296329387184171,-0.00506524012627259
-1.1062228025325618,-1.112480950471013,-0.3791793802769782,-0.1957046912371136,0.3119701912459748,1.319463335601101,-1.151565264772253,-0.1359028196009897,-0.6663788711618217,-1.296329387184171,-0.024644258758004443
-1.801704241013976,-1.8900259759149842,-0.3194225677378558,0.6794839123865151,0.8259100257724333,2.54352022286949,-1.151565264772253,-0.1359028196009897,-0.6663788711618217,-1.296329387184171,-0.024644258758004443
-0.8975783709881375,-0.8792174428378216,1.1744977457402022,0.37699561263408743,-1.5546987506943453,-0.4195840116069399,-1.151565264772253,-0.1359028196009897,-0.6663788711618217,-1.296329387184171,-0.024644258758004443
-0.8280302271399961,-0.8014629402934245,-1.1858963495551296,-1.8002428088985913,-0.3819377404949053,0.8927011469676688,-1.151565264772253,-0.1359028196009897,-0.6663788711618217,-1.296329387184171,-0.024644258758004443
0.5629326498228325,0.753627110594518,1.4135249958966916,-0.2803651265029916,-0.30772567748852186,-0.6031436438944163,-1.151565264772253,-0.1359028196009897,-0.6663788711618217,-1.296329387184171,-0.024644258758004443
-0.8280302271399961,-0.8014629402934245,-1.245653162094252,-0.5125821005333664,0.2698615950348202,0.24251177464152143,-1.151565264772253,-0.1359028196009897,-0.6663788711618217,-1.296329387184171,-0.024644258758004443
-1.0366746586844204,-1.0347264479266158,-0.349300974007417,-0.6225714474688994,-0.5792174641236316,-0.850659305806747,-1.151565264772253,-0.1359028196009897,-0.6663788711618217,-1.296329387184171,-0.024644258758004443
-0.7584820832918546,-0.7237084377490274,-0.4090577865465393,0.8512343722049788,-0.2775733748386622,-1.0305122262778703,-1.151565264772253,-0.1359028196009897,-0.6663788711618217,-1.296329387184171,-0.024644258758004443
-1.1757709463807031,-1.19023545301541,0.9952273081228353,0.6516566912952154,-1.400961310597634,1.4564105187960286,-1.151565264772253,-0.1359028196009897,-0.6663788711618217,-1.296329387184171,-0.024644258758004443
-1.1757709463807031,-1.19023545301541,0.5470512140794178,-0.9798961981203563,0.14264537258408783,1.2489133589309638,-1.151565264772253,-0.1359028196009897,-0.6663788711618217,-1.296329387184171,-0.024644258758004443
-1.1062228025325618,-1.112480950471013,2.3098771839835264,2.1475172407259135,0.5388614894879122,-0.34525980392463856,-1.151565264772253,-0.1359028196009897,-0.6663788711618217,-1.296329387184171,-0.024644258758004443
-0.4107413640511475,-0.3349359250270417,-0.737720255511712,0.27954713612942694,0.3905210413591928,1.443379366046744,-1.151565264772253,-0.1359028196009897,-0.6663788711618217,-1.296329387184171,-0.024644258758004443
0.4933845059746911,0.675872608050121,0.4275375890011732,-0.5392831981231617,-2.097414579635317,-0.9688010577541762,-1.151565264772253,-0.1359028196009897,-0.6663788711618217,-1.296329387184171,-0.024644258758004443
-0.4802895078992889,-0.4126904275714388,0.6366864328881013,0.15997631812228716,-0.8938302593273078,-0.10419632570779241,-1.151565264772253,-0.1359028196009897,-0.6663788711618217,-1.296329387184171,-0.024644258758004443
-0.8280302271399961,-0.8014629402934245,2.040971527557476,0.9212346967497529,-0.5903749278621949,-1.1767712768807719,-1.151565264772253,-0.1359028196009897,-0.6663788711618217,-1.296329387184171,-0.024644258758004443
-1.7321560971658345,-1.8122714733705871,0.7263216516967849,1.0338642269338916,-0.2702162229144728,0.7469755002106523,-1.151565264772253,-0.1359028196009897,-0.6663788711618217,-1.296329387184171,-0.024644258758004443
-0.8975783709881375,-0.8792174428378216,0.009239901227316947,-0.24694885250191223,2.5700242678136975,-1.95920545156822,-1.151565264772253,-0.1359028196009897,-0.6663788711618217,-1.296329387184171,-0.024644258758004443
-0.2020969325067232,-0.10167241739385033,2.070849933827037,1.086992095768384,1.0623592327363944,-1.6373595471287956,-1.151565264772253,-0.1359028196009897,-0.6663788711618217,-1.296329387184171,-0.024644258758004443
-0.3411932202030061,-0.2571814224826446,2.220241965174843,1.5631539107281633,0.3483149281849844,1.937118743786089,-1.151565264772253,-0.1359028196009897,-0.6663788711618217,-1.296329387184171,-0.024644258758004443
0.5629326498228325,0.753627110594518,0.3080239639229286,-0.4532472517693241,0.9329233048523684,-1.8456230480629985,-1.151565264772253,-0.1359028196009897,-0.6663788711618217,-1.296329387184171,-0.024644258758004443
-0.13254878865858177,-0.0239179148494532,-0.14015213012048885,0.15062262104630855,-0.27239660837680774,-0.7211120563599646,-1.151565264772253,-0.1359028196009897,-0.6663788711618217,-1.296329387184171,-0.024644258758004443
-1.1062228025325618,-1.112480950471013,-1.096261130746446,-0.561134538448359,-0.2564992542425262,0.3543042078075817,-1.151565264772253,-0.1359028196009897,-0.6663788711618217,-1.296329387184171,-0.024644258758004443
-0.8975783709881375,-0.8792174428378216,-0.05051691131180538,-0.9017137439613102,0.8240570306092666,-0.17030648787467523,-1.151565264772253,-0.1359028196009897,-0.6663788711618217,-1.296329387184171,-0.024644258758004443
-0.6889339394437132,-0.6459539352046302,-0.14015213012048885,-0.402258020037345,-0.818508012979282,0.5713748232387833,-1.151565264772253,-0.1359028196009897,-0.6663788711618217,-1.296329387184171,-0.024644258758004443
-0.4802895078992889,-0.4126904275714388,-0.28954416146829465,-0.3854426463746313,0.7014674553439615,-1.1701698548618973,-1.151565264772253,-0.1359028196009897,-0.6663788711618217,-1.296329387184171,-0.024644258758004443
0.14564378673398393,0.2871000953281353,-0.5285714116247839,-1.2303722228417042,0.31856807376634355,-1.533408393238423,-1.151565264772253,-0.1359028196009897,-0.6663788711618217,-1.296329387184171,-0.024644258758004443
-0.06300064481044035,0.05383658769494393,-0.6480850367030286,-0.7275021057618508,1.0414975145571135,0.5808131533572345,-1.151565264772253,-0.1359028196009897,-0.6663788711618217,-1.296329387184171,-0.024644258758004443
-0.6193857955955717,-0.5681994326602331,0.935470495583713,-0.14119909453611648,1.2148421978007349,0.45129994600172263,-1.151565264772253,-0.1359028196009897,-0.6663788711618217,-1.296329387184171,-0.024644258758004443
-0.9671265148362789,-0.9569719453822187,-0.08039531758136653,-0.8995939494764417,-0.16946686586252474,-0.1635769438708502,-1.151565264772253,-0.1359028196009897,-0.6663788711618217,-1.296329387184171,-0.024644258758004443
-1.1757709463807031,-1.19023545301541,-0.19990894265961118,-0.7170339232717369,-0.5962151124128883,-0.8130071789290244,-1.151565264772253,-0.1359028196009897,-0.6663788711618217,-1.296329387184171,-0.024644258758004443
-0.8975783709881375,-0.8792174428378216,1.8318226836705478,0.531275640729415,-0.38047719047757395,1.0583444164434823,-0.6239510706036104,-0.1363156875151683,-0.1829427701639971,-1.3894412676050503,-0.006685072724025475
-0.7584820832918546,-0.7237084377490274,0.6665648391576625,-0.2743870289583409,-0.8855127189151767,-0.8456533152672255,-0.6239510706036104,-0.1363156875151683,-0.1829427701639971,-1.3894412676050503,-0.006685072724025475
-0.3411932202030061,-0.2571814224826446,-0.28954416146829465,-0.8471748955821171,0.4720032531682968,-0.7886905648243705,-0.6239510706036104,-0.1363156875151683,-0.1829427701639971,-1.3894412676050503,-0.006685072724025475
-0.4802895078992889,-0.4126904275714388,-0.7675986617812732,0.04303681624956623,-1.0545883833640846,-0.19582659350237072,-0.6239510706036104,-0.1363156875151683,-0.1829427701639971,-1.3894412676050503,-0.006685072724025475
0.006547499037701083,0.13159109023934107,-0.7974770680508344,-0.2277232863647694,1.4669380014883897,1.3802570662348985,-0.6239510706036104,-0.1363156875151683,-0.1829427701639971,-1.3894412676050503,-0.006685072724025475
-1.1757709463807031,-1.19023545301541,-0.5883282241639063,-1.2645017453400418,0.021409299120086,0.6579003424930798,-0.6239510706036104,-0.1363156875151683,-0.1829427701639971,-1.3894412676050503,-0.006685072724025475
-0.9671265148362789,-0.9569719453822187,0.9055920893141518,0.15104990511110283,0.059681577881086745,-0.6921071908115164,-0.6239510706036104,-0.1363156875151683,-0.1829427701639971,-1.3894412676050503,-0.006685072724025475
-0.5498376517474304,-0.49044493011583595,-0.43893619281610047,-0.017076121784214943,-1.3795584600186064,0.6772931255390082,-0.6239510706036104,-0.1363156875151683,-0.1829427701639971,-1.3894412676050503,-0.006685072724025475
-0.6193857955955717,-0.5681994326602331,-0.28954416146829465,-1.2337433888159388,-0.5105207397838738,-0.6901843019853693,-0.6239510706036104,-0.1363156875151683,-0.1829427701639971,-1.3894412676050503,-0.006685072724025475
0.07609564288584252,0.20934559278373818,-0.6779634429725898,-1.0134305155790215,0.7939439417753847,0.749681769131106,-0.6239510706036104,-0.1363156875151683,-0.1829427701639971,-1.3894412676050503,-0.006685072724025475
0.14564378673398393,0.2871000953281353,-0.28954416146829465,0.0897033298163231,-0.43333732632478333,-0.27925928696754987,-0.6239510706036104,-0.1363156875151683,-0.1829427701639971,-1.3894412676050503,-0.006685072724025475
-0.4802895078992889,-0.4126904275714388,-0.22978734892917235,-1.0121652892237414,-0.7419136157337786,-0.015916432934767383,-0.6239510706036104,-0.1363156875151683,-0.1829427701639971,-1.3894412676050503,-0.006685072724025475
-0.4107413640511475,-0.3349359250270417,1.4434034021662527,1.9692594274848814,-0.8941656132376704,-0.20194234078650486,-0.6239510706036104,-0.1363156875151683,-0.1829427701639971,-1.3894412676050503,-0.006685072724025475
0.14564378673398393,0.2871000953281353,0.009239901227316947,-0.04105723209773867,0.08343815564435167,0.42131759684555675,-0.6239510706036104,-0.1363156875151683,-0.1829427701639971,-1.3894412676050503,-0.006685072724025475
-1.1062228025325618,-1.112480950471013,0.12875352630556158,2.192012419706601,0.8818765426132797,-2.0082595898927655,-0.6239510706036104,-0.1363156875151683,-0.1829427701639971,-1.3894412676050503,-0.006685072724025475
-1.0366746586844204,-1.0347264479266158,-1.3352883809029354,-2.157764852840666,-0.02064943544218449,0.2994524975898237,-0.6239510706036104,-0.1363156875151683,-0.1829427701639971,-1.3894412676050503,-0.006685072724025475
0.07609564288584252,0.20934559278373818,-0.349300974007417,-0.6100133970042935,0.718604557725878,-0.3127768833922308,-0.6239510706036104,-0.1363156875151683,-0.1829427701639971,-1.3894412676050503,-0.006685072724025475
1.0497696567598225,1.2979086284052979,1.4135249958966916,2.465288011776315,0.0866761949263726,-1.4381888639749492,-0.6239510706036104,-0.1363156875151683,-0.1829427701639971,-1.3894412676050503,-0.006685072724025475
-1.0366746586844204,-1.0347264479266158,0.1885103388446839,0.09577785722773273,-0.9114531138437542,0.1400892428990276,-0.6239510706036104,-0.1363156875151683,-0.1829427701639971,-1.3894412676050503,-0.006685072724025475
-1.1757709463807031,-1.19023545301541,1.5927954335140586,1.64383356591958,1.2578418271491518,-0.0682361509862741,-0.6239510706036104,-0.1363156875151683,-0.1829427701639971,-1.3894412676050503,-0.006685072724025475
0.2847400744302668,0.4426091004169296,-0.4986930053552228,-1.040488514514766,-0.38149792244483693,-1.2050566703725982,-0.6239510706036104,-0.1363156875151683,-0.1829427701639971,-1.3894412676050503,-0.006685072724025475
-1.0366746586844204,-1.0347264479266158,0.12875352630556158,-0.5106230224931003,-1.5421131345099044,1.0837360029061296,-0.6239510706036104,-0.1363156875151683,-0.1829427701639971,-1.3894412676050503,-0.006685072724025475
-0.5498376517474304,-0.49044493011583595,0.09887512003600044,0.784761496521958,-0.4442253818196353,-2.360943306419732,-0.6239510706036104,-0.1363156875151683,-0.1829427701639971,-1.3894412676050503,-0.006685072724025475
0.7020289375191153,0.9091361156833123,-0.8871122868595179,0.6601297730936884,2.3973871324225406,1.8808450247053634,-0.6239510706036104,-0.1363156875151683,-0.1829427701639971,-1.3894412676050503,-0.006685072724025475
-0.06300064481044035,0.05383658769494393,0.935470495583713,1.5817404904493462,-0.8595616166683029,0.0021467832516031027,-0.6239510706036104,-0.1363156875151683,-0.1829427701639971,-1.3894412676050503,-0.006685072724025475
-0.2020969325067232,-0.10167241739385033,-0.28954416146829465,-0.7195161610489224,-0.6377690700812801,0.20211825913703613,-0.6239510706036104,-0.1363156875151683,-0.1829427701639971,-1.3894412676050503,-0.006685072724025475
-0.4107413640511475,-0.3349359250270417,-0.3791793802769782,-1.052751733432721,-0.9012865927327361,0.30572538447164016,-0.6239510706036104,-0.1363156875151683,-0.1829427701639971,-1.3894412676050503,-0.006685072724025475
-1.0366746586844204,-1.0347264479266158,-1.484680412250741,-1.3339345745769686,-0.7648377415862214,1.3844598695822459,-0.6239510706036104,-0.1363156875151683,-0.1829427701639971,-1.3894412676050503,-0.006685072724025475
-1.3844153779251274,-1.4234989606486015,-0.7974770680508344,-1.279387967472866,1.6491928934275393,-0.3284858994922587,-0.6239510706036104,-0.1363156875151683,-0.1829427701639971,-1.3894412676050503,-0.006685072724025475
-0.6193857955955717,-0.5681994326602331,-0.8572338805899568,-0.7811647724206284,0.08233679638481323,-0.3340777566913246,-0.6239510706036104,-0.1363156875151683,-0.1829427701639971,-1.3894412676050503,-0.006685072724025475
-0.6193857955955717,-0.5681994326602331,-0.17003053639005003,0.25925031175979935,0.014772029576026413,-0.12387637669365728,-0.6239510706036104,-0.1363156875151683,-0.1829427701639971,-1.3894412676050503,-0.006685072724025475
-0.4802895078992889,-0.49044493011583595,1.1446193394706412,2.8339848363701234,-1.2738210817318505,0.5044083764614367,-0.7646734032091994,-0.13571932275024368,-0.25994326572522697,-1.3894412676050503,0.022548938434546688
-0.6889339394437132,-0.6459539352046302,-0.349300974007417,0.04106332914875207,1.3351222653677401,-0.5172264910926332,-0.7646734032091994,-0.13571932275024368,-0.25994326572522697,-1.3894412676050503,0.022548938434546688
-1.0366746586844204,-1.112480950471013,-0.2596657551987335,-1.20295233480828,-0.5606740155147181,-0.7640848579147478,-0.7646734032091994,-0.13571932275024368,-0.25994326572522697,-1.3894412676050503,0.022548938434546688
-0.9671265148362789,-0.9569719453822187,-1.3054099746333743,0.5296113942358028,-1.0829407372534865,-0.23054211741349662,-0.7646734032091994,-0.13571932275024368,-0.25994326572522697,-1.3894412676050503,0.022548938434546688
-1.2453190902288447,-1.2679899555598073,-1.4249235997116187,-1.6219395516973574,0.36812572335295646,1.7753488237046962,-0.7646734032091994,-0.13571932275024368,-0.25994326572522697,-1.3894412676050503,0.022548938434546688
-1.0366746586844204,-1.0347264479266158,0.12875352630556158,0.3870797382410577,-0.32908856371504264,-0.564747597327098,-0.7646734032091994,-0.13571932275024368,-0.25994326572522697,-1.3894412676050503,0.022548938434546688
-0.6193857955955717,-0.5681994326602331,0.009239901227316947,-0.03984077487047678,-0.4829164534449308,0.4984671936097588,-0.7646734032091994,-0.13571932275024368,-0.25994326572522697,-1.3894412676050503,0.022548938434546688
-0.13254878865858177,-0.0239179148494532,0.06899671376643927,-1.1694961587933694,0.6886754963812034,0.653006609201049,-0.7646734032091994,-0.13571932275024368,-0.25994326572522697,-1.3894412676050503,0.022548938434546688
-0.7584820832918546,-0.7237084377490274,-0.3194225677378558,-1.67301856296046,-0.905010962234393,-0.13265822935846935,-0.7646734032091994,-0.13571932275024368,-0.25994326572522697,-1.3894412676050503,0.022548938434546688
-0.4802895078992889,-0.4126904275714388,0.7860784642359071,1.4804652999791914,1.509893789039386,-1.7466552987176227,-0.7646734032091994,-0.13571932275024368,-0.25994326572522697,-1.3894412676050503,0.022548938434546688
-1.0366746586844204,-1.0347264479266158,-0.6779634429725898,-0.4160968143070596,-0.09915089293909474,-1.022687036498385,-0.7646734032091994,-0.13571932275024368,-0.25994326572522697,-1.3894412676050503,0.022548938434546688
-0.6193857955955717,-0.5681994326602331,1.7720658711314254,1.7510192421887225,-1.309659559847126,0.43396364359347334,-0.7646734032091994,-0.13571932275024368,-0.25994326572522697,-1.3894412676050503,0.022548938434546688
-1.1062228025325618,-1.112480950471013,1.2641329645488857,-0.647092343358442,-0.09916574842059,0.22370612466978182,-0.7646734032091994,-0.13571932275024368,-0.25994326572522697,-1.3894412676050503,0.022548938434546688
-0.7584820832918546,-0.7237084377490274,1.4135249958966916,1.7067557165661191,-0.7001456309465495,-0.7613057685573468,-0.7646734032091994,-0.13571932275024368,-0.25994326572522697,-1.3894412676050503,0.022548938434546688
0.8411252252153982,0.9868906182277094,-2.261518975259331,-2.4621983757674455,-0.12124635879793526,0.8585956494598215,-0.7646734032091994,-0.13571932275024368,-0.25994326572522697,-1.3894412676050503,0.022548938434546688
-0.4802895078992889,-0.4126904275714388,-2.5005462254158206,-3.011263386778334,0.8008668661488327,-1.1713147400665587,-0.7646734032091994,-0.13571932275024368,-0.25994326572522697,-1.3894412676050503,0.022548938434546688
-0.5498376517474304,-0.49044493011583595,1.2940113708184469,0.963643887118402,-3.5702603492149905,-0.8787910050771228,-0.7646734032091994,-0.13571932275024368,-0.25994326572522697,-1.3894412676050503,0.022548938434546688
-0.9671265148362789,-0.9569719453822187,-1.7237076624072305,-2.0195863957161535,0.6792049820777305,-0.8807239515411477,-0.7646734032091994,-0.13571932275024368,-0.25994326572522697,-1.3894412676050503,0.022548938434546688
-1.0366746586844204,-1.0347264479266158,0.7263216516967849,1.080430985466067,-0.3410091636701864,-2.372939590227147,-0.7646734032091994,-0.13571932275024368,-0.25994326572522697,-1.3894412676050503,0.022548938434546688
-1.314867234076986,-1.3457444581042044,-1.0066259119377625,-0.355154246902336,0.6468569020097871,-0.392097166351381,-0.7646734032091994,-0.13571932275024368,-0.25994326572522697,-1.3894412676050503,0.022548938434546688
-0.4802895078992889,-0.4126904275714388,-1.0365043182073237,0.445458601257022,-0.4173968457276775,-0.06575494783361269,-0.7646734032091994,-0.13571932275024368,-0.25994326572522697,-1.3894412676050503,0.022548938434546688
1.2584140883042467,1.4534176334940923,-0.9169906931290791,-0.9916429076370274,0.6027649109631341,-0.18421302066089795,-0.7646734032091994,-0.13571932275024368,-0.25994326572522697,-1.3894412676050503,0.022548938434546688
0.006547499037701083,0.13159109023934107,0.24826715138380626,-0.6914617201566282,-0.7201552859815281,0.2719526884311623,-0.7646734032091994,-0.13571932275024368,-0.25994326572522697,-1.3894412676050503,0.022548938434546688
-0.8975783709881375,-0.8792174428378216,0.12875352630556158,-0.12437208278603377,-0.3270290992484932,-0.008658762459028144,-0.7646734032091994,-0.13571932275024368,-0.25994326572522697,-1.3894412676050503,0.022548938434546688
-0.9671265148362789,-0.9569719453822187,0.6366864328881013,1.14192220556099,1.1809085686776584,-0.24020620550768196,-0.7646734032091994,-0.13571932275024368,-0.25994326572522697,-1.3894412676050503,0.022548938434546688
-0.8975783709881375,-0.8792174428378216,-0.05051691131180538,0.028830590935807483,1.3189710253458702,-0.9392832579184589,-0.7646734032091994,-0.13571932275024368,-0.25994326572522697,-1.3894412676050503,0.022548938434546688
-0.7584820832918546,-0.7237084377490274,0.7263216516967849,-0.211656629656055,-0.3976435162747573,-0.19348248133895835,-0.7646734032091994,-0.13571932275024368,-0.25994326572522697,-1.3894412676050503,0.022548938434546688
-0.4107413640511475,-0.3349359250270417,1.11474093320108,2.7291134769032848,-0.7525159134885693,-0.42364029419009075,-0.7646734032091994,-0.13571932275024368,-0.25994326572522697,-1.3894412676050503,0.022548938434546688
0.5629326498228325,0.753627110594518,-0.8871122868595179,-1.3653962040948753,-0.6395417128723118,0.4007376039828275,-0.7646734032091994,-0.13571932275024368,-0.25994326572522697,-1.3894412676050503,0.022548938434546688
-0.8280302271399961,-0.8014629402934245,-0.3791793802769782,-0.7610923968788098,0.6236516754060125,-1.1310393446275255,-0.7646734032091994,-0.13571932275024368,-0.25994326572522697,-1.3894412676050503,0.022548938434546688
-0.9671265148362789,-0.9569719453822187,-0.43893619281610047,-0.5847005569790978,0.1607779425911462,-1.0513817038518278,-0.20659688527739764,-0.13425134794427537,0.03960281270413831,-1.3894412676050503,0.0162693959605003
-0.6193857955955717,-0.5681994326602331,-1.245653162094252,-1.2022706754053034,0.08071161641328595,-0.985095170487033,-0.20659688527739764,-0.13425134794427537,0.03960281270413831,-1.3894412676050503,0.0162693959605003
-0.6193857955955717,-0.5681994326602331,-0.2596657551987335,-0.15275239012462624,-0.7940951593987506,0.7613267886101015,-0.20659688527739764,-0.13425134794427537,0.03960281270413831,-1.3894412676050503,0.0162693959605003
-0.8975783709881375,-0.8792174428378216,0.039118307496878106,-0.6739724458158474,1.749300051226237,0.11419982478430724,-0.20659688527739764,-0.13425134794427537,0.03960281270413831,-1.3894412676050503,0.0162693959605003
-0.13254878865858177,-0.0239179148494532,-0.05051691131180538,0.482331387206366,-0.8470542403214676,-1.5301929721520282,-0.20659688527739764,-0.13425134794427537,0.03960281270413831,-1.3894412676050503,0.0162693959605003
0.5629326498228325,0.753627110594518,-0.707841849242151,0.9387322840100802,-1.0158055486151332,-1.0243881751750985,-0.20659688527739764,-0.13425134794427537,0.03960281270413831,-1.3894412676050503,0.0162693959605003
-0.8975783709881375,-0.8792174428378216,-0.3791793802769782,0.4003676630420246,-0.3406782856529321,1.50619372985311,-0.20659688527739764,-0.13425134794427537,0.03960281270413831,-1.3894412676050503,0.0162693959605003
-0.6193857955955717,-0.5681994326602331,0.7263216516967849,1.0096132238323567,-0.33494119731969807,0.4276420127930024,-0.20659688527739764,-0.13425134794427537,0.03960281270413831,-1.3894412676050503,0.0162693959605003
-0.4802895078992889,-0.4126904275714388,0.09887512003600044,0.6602339616853632,0.912136415326187,-1.2085097105705052,-0.20659688527739764,-0.13425134794427537,0.03960281270413831,-1.3894412676050503,0.0162693959605003
-1.3844153779251274,-1.4234989606486015,0.756200057966346,1.1426232617762453,1.505765559447192,-0.5486753713172425,-0.20659688527739764,-0.13425134794427537,0.03960281270413831,-1.3894412676050503,0.0162693959605003
-1.0366746586844204,-1.0347264479266158,-0.22978734892917235,-0.589436704343197,-0.20678820421188324,0.9247483456227588,-0.20659688527739764,-0.13425134794427537,0.03960281270413831,-1.3894412676050503,0.0162693959605003
0.21519193058212538,0.36485459787253244,0.576929620348979,2.1600159923644093,0.5482747271263316,-1.868333450713717,-0.20659688527739764,-0.13425134794427537,0.03960281270413831,-1.3894412676050503,0.0162693959605003
0.980221512911681,1.2201541258609008,-0.8871122868595179,-1.5020024110354475,-0.8159343609895154,-0.27262636219604475,-0.20659688527739764,-0.13425134794427537,0.03960281270413831,-1.3894412676050503,0.0162693959605003
-1.314867234076986,-1.3457444581042044,1.1446193394706412,0.9086727669226906,-1.7352810858424015,0.2463125652474867,-0.20659688527739764,-0.13425134794427537,0.03960281270413831,-1.3894412676050503,0.0162693959605003
-0.5498376517474304,-0.49044493011583595,0.5470512140794178,0.3143494509165576,1.3221097393989665,-0.048007537995836486,-0.20659688527739764,-0.13425134794427537,0.03960281270413831,-1.3894412676050503,0.0162693959605003
-0.4802895078992889,-0.4126904275714388,1.5330386209749363,-0.11291521706428614,-0.05614302958960425,-0.33124955173638404,-0.20659688527739764,-0.13425134794427537,0.03960281270413831,-1.3894412676050503,0.0162693959605003
-0.8975783709881375,-0.8792174428378216,-0.5584498178943451,0.07484592580459819,0.7338611470823281,-0.17315349820459344,-0.20659688527739764,-0.13425134794427537,0.03960281270413831,-1.3894412676050503,0.0162693959605003
-0.8280302271399961,-0.8014629402934245,0.935470495583713,0.2260512820562533,-0.6605635763267991,0.2807942787801222,-0.20659688527739764,-0.13425134794427537,0.03960281270413831,-1.3894412676050503,0.0162693959605003
-0.06300064481044035,0.05383658769494393,1.0251057143923965,0.8056790188845413,-0.5462827144445506,-0.4392373696633749,-0.20659688527739764,-0.13425134794427537,0.03960281270413831,-1.3894412676050503,0.0162693959605003
0.14564378673398393,0.2871000953281353,0.009239901227316947,-0.5488807408392278,0.9805107846397637,-0.04069700846446824,-0.20659688527739764,-0.13425134794427537,0.03960281270413831,-1.3894412676050503,0.0162693959605003
-0.7584820832918546,-0.7237084377490274,-0.6182066304334675,-0.41852030745276586,-0.018000128080009472,0.5554752097191075,-0.20659688527739764,-0.13425134794427537,0.03960281270413831,-1.3894412676050503,0.0162693959605003
-0.7584820832918546,-0.7237084377490274,0.15863193257512276,0.08515450023938063,0.35373436912956685,0.2502095374635061,-0.20659688527739764,-0.13425134794427537,0.03960281270413831,-1.3894412676050503,0.0162693959605003
-0.9671265148362789,-0.9569719453822187,-1.5444372247898634,-0.6930528129582131,0.36120522412508416,0.06702030272037875,-0.20659688527739764,-0.13425134794427537,0.03960281270413831,-1.3894412676050503,0.0162693959605003
0.07609564288584252,0.20934559278373818,1.6226738397836198,1.232569051291062,-1.576460843450197,-0.49636414735850026,-0.20659688527739764,-0.13425134794427537,0.03960281270413831,-1.3894412676050503,0.0162693959605003
-0.2020969325067232,-0.10167241739385033,0.6068080266185402,-0.016564600134664674,-0.5306888938764456,1.5645395561293602,-0.20659688527739764,-0.13425134794427537,0.03960281270413831,-1.3894412676050503,0.0162693959605003
-1.1062228025325618,-1.112480950471013,0.06899671376643927,0.20883910503375913,-0.9845952647147143,-0.15277112670874418,-0.20659688527739764,-0.13425134794427537,0.03960281270413831,-1.3894412676050503,0.0162693959605003
-0.2020969325067232,-0.10167241739385033,-2.0224917251028423,-1.646628368561778,0.4828457769464112,-0.31020991784953306,-0.20659688527739764,-0.13425134794427537,0.03960281270413831,-1.3894412676050503,0.0162693959605003
-1.2453190902288447,-1.2679899555598073,-0.5883282241639063,0.5250581311017702,-0.45863175233205555,0.7064287406217111,-0.20659688527739764,-0.13425134794427537,0.03960281270413831,-1.3894412676050503,0.0162693959605003
-1.453963521773269,-1.5012534631929986,1.0848625269315189,0.9228407528065229,0.33004567914167793,-0.002138288176039515,-0.20659688527739764,-0.13425134794427537,0.03960281270413831,-1.3894412676050503,0.0162693959605003
-0.2020969325067232,-0.10167241739385033,-0.43893619281610047,0.7312068978173084,-0.0613658107103943,-0.13644986720519772,-0.20659688527739764,-0.13425134794427537,0.03960281270413831,-1.3894412676050503,0.0162693959605003
0.8411252252153982,1.0646451207721066,0.9653489018532742,-0.4613745161145798,0.8516881193769678,-0.020446271512388415,-0.20659688527739764,-0.13425134794427537,0.03960281270413831,-1.3894412676050503,0.0162693959605003
0.14564378673398393,0.2871000953281353,1.0848625269315189,0.11248294615777006,0.5461747299490332,-0.36855193863975144,-0.6969284657897834,-0.13037497697226533,-0.6331765059758498,-1.203217506763292,0.08130930239372734
-0.7584820832918546,-0.7237084377490274,0.6068080266185402,0.3082483221625905,0.6507196650136293,1.1768721619089562,-0.6969284657897834,-0.13037497697226533,-0.6331765059758498,-1.203217506763292,0.08130930239372734
-0.06300064481044035,0.05383658769494393,-0.5584498178943451,0.6989865758419447,-0.10753344352462062,-0.5515699493020263,-0.6969284657897834,-0.13037497697226533,-0.6331765059758498,-1.203217506763292,0.08130930239372734
-0.6193857955955717,-0.5681994326602331,-0.7974770680508344,-1.9136094179493635,0.32890454833346994,1.3172845593468285,-0.6969284657897834,-0.13037497697226533,-0.6331765059758498,-1.203217506763292,0.08130930239372734
-0.06300064481044035,0.05383658769494393,1.6226738397836198,1.7910642382377784,-0.42016206154759494,0.07783607176377329,-0.6969284657897834,-0.13037497697226533,-0.6331765059758498,-1.203217506763292,0.08130930239372734
0.006547499037701083,0.05383658769494393,0.9055920893141518,1.1260334453306147,-0.4271904670907403,1.2616226209510435,-0.6969284657897834,-0.13037497697226533,-0.6331765059758498,-1.203217506763292,0.08130930239372734
-0.7584820832918546,-0.7237084377490274,-0.46881459908566164,-1.1105597759730188,0.998493002276814,-0.6610478073586303,-0.6969284657897834,-0.13037497697226533,-0.6331765059758498,-1.203217506763292,0.08130930239372734
-0.3411932202030061,-0.3349359250270417,-0.3194225677378558,-0.10641783914517246,0.057539792254322125,2.0960849393656935,-0.6969284657897834,-0.13037497697226533,-0.6331765059758498,-1.203217506763292,0.08130930239372734
-0.4802895078992889,-0.49044493011583595,-0.8572338805899568,0.01324774614481823,0.3434927327770467,3.0897538331173737,-0.6969284657897834,-0.13037497697226533,-0.6331765059758498,-1.203217506763292,0.08130930239372734
-1.1062228025325618,-1.112480950471013,-0.3194225677378558,-0.08405719394896999,0.059627754845408325,1.324550078522669,-0.6969284657897834,-0.13037497697226533,-0.6331765059758498,-1.203217506763292,0.08130930239372734
-1.3844153779251274,-1.5012534631929986,0.9055920893141518,0.8741597417358463,-0.8436471336575612,0.7677934893515227,-0.6969284657897834,-0.13037497697226533,-0.6331765059758498,-1.203217506763292,0.08130930239372734
-1.2453190902288447,-1.2679899555598073,0.8757136830445906,0.8139403983318421,-1.5888670088807546,-0.1445607747268058,-0.6969284657897834,-0.13037497697226533,-0.6331765059758498,-1.203217506763292,0.08130930239372734
-0.9671265148362789,-0.9569719453822187,1.4135249958966916,0.1333677710367977,-0.7516755238248777,-1.0689329530422578,-0.6969284657897834,-0.13037497697226533,-0.6331765059758498,-1.203217506763292,0.08130930239372734
-0.7584820832918546,-0.7237084377490274,-1.7237076624072305,-2.1198518435584814,-2.6841745574565814,0.18603990780626664,-0.6969284657897834,-0.13037497697226533,-0.6331765059758498,-1.203217506763292,0.08130930239372734
-0.2020969325067232,-0.10167241739385033,0.935470495583713,0.33656545131261684,0.18367053421293172,0.26744631566732746,-0.6969284657897834,-0.13037497697226533,-0.6331765059758498,-1.203217506763292,0.08130930239372734
-0.4802895078992889,-0.4126904275714388,-0.6779634429725898,1.056686516262355,-0.2089403288850878,0.749125961111423,-0.6969284657897834,-0.13037497697226533,-0.6331765059758498,-1.203217506763292,0.08130930239372734
-0.3411932202030061,-0.2571814224826446,0.7263216516967849,1.899528441533478,-0.5796825067894467,2.477907519481142,-0.6969284657897834,-0.13037497697226533,-0.6331765059758498,-1.203217506763292,0.08130930239372734
-0.6193857955955717,-0.5681994326602331,1.3836465896271304,1.7812117659888895,0.2936277902611865,0.7270122524484723,-0.6969284657897834,-0.13037497697226533,-0.6331765059758498,-1.203217506763292,0.08130930239372734
-0.9671265148362789,-0.9569719453822187,0.06899671376643927,1.2519564422620846,-0.031388000070668554,0.23549680610087245,-0.6969284657897834,-0.13037497697226533,-0.6331765059758498,-1.203217506763292,0.08130930239372734
-0.6889339394437132,-0.6459539352046302,0.7263216516967849,1.194750809291735,-0.24998966841284173,-1.2189293483041017,-0.6969284657897834,-0.13037497697226533,-0.6331765059758498,-1.203217506763292,0.08130930239372734
-1.5235116656214103,-1.5790079657373957,-0.349300974007417,-1.577509767683787,0.9422228449044441,-2.8270918136077454,-0.6969284657897834,-0.13037497697226533,-0.6331765059758498,-1.203217506763292,0.08130930239372734
-1.314867234076986,-1.3457444581042044,-1.484680412250741,-1.3452140980150173,0.2184747538440643,-0.10322144531410533,-0.6969284657897834,-0.13037497697226533,-0.6331765059758498,-1.203217506763292,0.08130930239372734
-0.3411932202030061,-0.2571814224826446,-0.4986930053552228,-1.104031917348898,-1.4627836331102808,-0.9188918373677767,-0.6969284657897834,-0.13037497697226533,-0.6331765059758498,-1.203217506763292,0.08130930239372734
-0.8975783709881375,-0.8792174428378216,-0.5883282241639063,-1.39515978124634,0.4782904752828778,0.9355287242779081,-0.6969284657897834,-0.13037497697226533,-0.6331765059758498,-1.203217506763292,0.08130930239372734
-0.4802895078992889,-0.49044493011583595,-0.020638505042244217,0.43210140212648424,0.9220097445897673,-0.027227402576712165,-0.6969284657897834,-0.13037497697226533,-0.6331765059758498,-1.203217506763292,0.08130930239372734
-1.3844153779251274,-1.4234989606486015,1.8915794962096701,0.9332801171755343,-0.8363606274391823,-0.3392368078706812,-0.6969284657897834,-0.13037497697226533,-0.6331765059758498,-1.203217506763292,0.08130930239372734
-1.1757709463807031,-1.19023545301541,1.9812147150183537,-0.1879088352845239,-1.151712464695061,0.8979513037940898,-0.6969284657897834,-0.13037497697226533,-0.6331765059758498,-1.203217506763292,0.08130930239372734
-0.7584820832918546,-0.7237084377490274,-0.7974770680508344,-0.07184606932685551,0.24625407408198963,-1.7461688701314744,-0.6969284657897834,-0.13037497697226533,-0.6331765059758498,-1.203217506763292,0.08130930239372734
-0.8975783709881375,-0.8792174428378216,-1.1560179432855684,-0.2123704323479535,-0.22144839108055972,-0.22015637551237144,-0.6969284657897834,-0.13037497697226533,-0.6331765059758498,-1.203217506763292,0.08130930239372734
0.8411252252153982,1.0646451207721066,-0.8273554743203956,0.21702289723194246,0.6055879000649352,-0.8542338877594163,-0.6969284657897834,-0.13037497697226533,-0.6331765059758498,-1.203217506763292,0.08130930239372734
0.7715770813672568,0.9868906182277094,0.21838874511424508,0.8883909058082481,1.1816594414725519,-0.7899086251899583,-0.6969284657897834,-0.13037497697226533,-0.6331765059758498,-1.203217506763292,0.08130930239372734
-0.7584820832918546,-0.7237084377490274,-0.707841849242151,-0.7320908373526246,-1.6328910976627014,0.7308102859530753,-0.9828229475776308,-0.12938868139950538,-0.5708789288857468,-1.296329387184171,0.13796703851160982
-0.9671265148362789,-0.9569719453822187,-0.17003053639005003,2.022843952699901,-0.29282761634908605,-0.17266467282079725,-0.9828229475776308,-0.12938868139950538,-0.5708789288857468,-1.296329387184171,0.13796703851160982
-0.7584820832918546,-0.7237084377490274,0.4872944015402955,0.44260283629479097,-0.5526451925766931,-3.509387978329513,-0.9828229475776308,-0.12938868139950538,-0.5708789288857468,-1.296329387184171,0.13796703851160982
-0.4802895078992889,-0.4126904275714388,0.5470512140794178,-0.11782039379253756,-0.13188512658834792,0.5386463220695886,-0.9828229475776308,-0.12938868139950538,-0.5708789288857468,-1.296329387184171,0.13796703851160982
-0.4107413640511475,-0.3349359250270417,-1.45480200598118,-0.9448683261161426,-0.052838773172498375,-0.13750048259721698,-0.9828229475776308,-0.12938868139950538,-0.5708789288857468,-1.296329387184171,0.13796703851160982
0.2847400744302668,0.4426091004169296,-0.08039531758136653,0.711172761705413,-0.22128351990860282,1.355871202630829,-0.9828229475776308,-0.12938868139950538,-0.5708789288857468,-1.296329387184171,0.13796703851160982
0.4933845059746911,0.675872608050121,1.4135249958966916,0.3753507629527571,-0.7457297669543071,0.7875556166490914,-0.9828229475776308,-0.12938868139950538,-0.5708789288857468,-1.296329387184171,0.13796703851160982
-0.8280302271399961,-0.8014629402934245,0.7263216516967849,0.20078776535371287,-0.15290220680499872,-0.11207215110211566,-0.9828229475776308,-0.12938868139950538,-0.5708789288857468,-1.296329387184171,0.13796703851160982
-0.3411932202030061,-0.2571814224826446,-1.9627349125637197,-1.5124705935255616,1.3890511899152336,-0.6908292376559836,-0.9828229475776308,-0.12938868139950538,-0.5708789288857468,-1.296329387184171,0.13796703851160982
-1.1062228025325618,-1.112480950471013,-0.8572338805899568,-1.0825812597459374,1.6513956337332703,-0.5827356719391772,-0.9828229475776308,-0.12938868139950538,-0.5708789288857468,-1.296329387184171,0.13796703851160982
-0.4107413640511475,-0.3349359250270417,-1.0066259119377625,-0.6923722619445074,-0.8208017188460996,-0.2637549780631347,-0.9828229475776308,-0.12938868139950538,-0.5708789288857468,-1.296329387184171,0.13796703851160982
-1.1062228025325618,-1.112480950471013,-0.4090577865465393,-0.06801159663644862,-1.7641409313605965,2.648747773817961,-0.9828229475776308,-0.12938868139950538,-0.5708789288857468,-1.296329387184171,0.13796703851160982
0.4933845059746911,0.675872608050121,1.712309058592303,0.9737773360480275,-0.2144825840650535,-0.35012791684579203,-0.9828229475776308,-0.12938868139950538,-0.5708789288857468,-1.296329387184171,0.13796703851160982
-0.06300064481044035,0.05383658769494393,-0.9767475056682013,0.2564117268313017,-0.7119550312845908,-1.1584488337929109,-0.9828229475776308,-0.12938868139950538,-0.5708789288857468,-1.296329387184171,0.13796703851160982
-0.06300064481044035,0.05383658769494393,2.3696339965226487,1.7515523774290997,-0.27096395073847457,-1.6211187181828477,-0.9828229475776308,-0.12938868139950538,-0.5708789288857468,-1.296329387184171,0.13796703851160982
-1.0366746586844204,-1.0347264479266158,-1.0365043182073237,-0.81938923908856,0.8381226371542336,-1.1578023529821295,-0.9828229475776308,-0.12938868139950538,-0.5708789288857468,-1.296329387184171,0.13796703851160982
-0.5498376517474304,-0.49044493011583595,0.5470512140794178,0.8830263017262806,0.6713707783976504,0.5443558222680658,-0.9828229475776308,-0.12938868139950538,-0.5708789288857468,-1.296329387184171,0.13796703851160982
-0.6193857955955717,-0.5681994326602331,0.06899671376643927,-0.3311642694746254,0.3895087141877309,-0.26383970219226055,-0.9828229475776308,-0.12938868139950538,-0.5708789288857468,-1.296329387184171,0.13796703851160982
-0.7584820832918546,-0.7237084377490274,0.24826715138380626,0.8184166284113944,0.677253904033854,-2.5191932412728497,-0.9828229475776308,-0.12938868139950538,-0.5708789288857468,-1.296329387184171,0.13796703851160982
0.35428821827840823,0.5203636029613267,-0.5285714116247839,0.5767916462306584,-0.015575733428184375,-0.6811714591006354,-0.9828229475776308,-0.12938868139950538,-0.5708789288857468,-1.296329387184171,0.13796703851160982
0.5629326498228325,0.753627110594518,0.3080239639229286,-1.2300579944827685,-0.6852193598524509,-1.4084104041780654,-0.9828229475776308,-0.12938868139950538,-0.5708789288857468,-1.296329387184171,0.13796703851160982
-0.6889339394437132,-0.6459539352046302,0.39765918273161205,0.8621387058740707,-1.4797660076134196,-0.03256965503966921,-0.9828229475776308,-0.12938868139950538,-0.5708789288857468,-1.296329387184171,0.13796703851160982
-0.5498376517474304,-0.49044493011583595,1.6226738397836198,-0.7998616368744875,-0.0911980128632108,1.1478882704656939,-0.9828229475776308,-0.12938868139950538,-0.5708789288857468,-1.296329387184171,0.13796703851160982
-0.8975783709881375,-0.8792174428378216,1.9214579024792313,1.2253739423245156,-0.6038165035282947,1.432049966885043,-0.9828229475776308,-0.12938868139950538,-0.5708789288857468,-1.296329387184171,0.13796703851160982
-0.9671265148362789,-0.9569719453822187,-0.2596657551987335,-1.3030570662060055,-1.0462733594877445,0.39464896187784315,-0.9828229475776308,-0.12938868139950538,-0.5708789288857468,-1.296329387184171,0.13796703851160982
-0.4107413640511475,-0.3349359250270417,1.9214579024792313,2.2408042697045945,-0.5823351696749154,1.0898967572927867,-0.9828229475776308,-0.12938868139950538,-0.5708789288857468,-1.296329387184171,0.13796703851160982
0.14564378673398393,0.2871000953281353,-0.08039531758136653,-0.10412236496051304,-0.7166507325891092,0.3631802255262654,-0.9828229475776308,-0.12938868139950538,-0.5708789288857468,-1.296329387184171,0.13796703851160982
1.7452510952412368,2.0754536538492694,-0.8871122868595179,-0.8886713273843421,-0.16774450947451652,0.20938219741026615,-0.9828229475776308,-0.12938868139950538,-0.5708789288857468,-1.296329387184171,0.13796703851160982
-0.4107413640511475,-0.3349359250270417,0.21838874511424508,1.1805761730722608,1.142636140632324,0.5151412008208386,-0.46396648815962704,-0.13432015926330515,0.052787119877777844,-1.296329387184171,0.1437392776612755
-0.9671265148362789,-0.9569719453822187,-0.349300974007417,0.30722195369567074,0.6977056523820809,0.5783427227724773,-0.46396648815962704,-0.13432015926330515,0.052787119877777844,-1.296329387184171,0.1437392776612755
-0.4802895078992889,-0.4126904275714388,1.1446193394706412,1.0827829875036572,0.14052386593165206,0.8572300947220759,-0.46396648815962704,-0.13432015926330515,0.052787119877777844,-1.296329387184171,0.1437392776612755
-0.2020969325067232,-0.17942691993824744,0.576929620348979,0.556533615485591,-0.020610735750832786,1.5407404787710979,-0.46396648815962704,-0.13432015926330515,0.052787119877777844,-1.296329387184171,0.1437392776612755
-0.8975783709881375,-0.8792174428378216,-0.3194225677378558,0.2679772147018176,0.5690906270693642,-0.23995879601352174,-0.46396648815962704,-0.13432015926330515,0.052787119877777844,-1.296329387184171,0.1437392776612755
0.2847400744302668,0.4426091004169296,-1.9029781000245973,-2.1773622835789466,1.0052965925938169,-0.4610830756991985,-0.46396648815962704,-0.13432015926330515,0.052787119877777844,-1.296329387184171,0.1437392776612755
0.980221512911681,1.2201541258609008,-0.46881459908566164,-1.4075853791928088,-1.9465908105319987,0.17031597238169693,-0.46396648815962704,-0.13432015926330515,0.052787119877777844,-1.296329387184171,0.1437392776612755
-0.2020969325067232,-0.10167241739385033,-1.634072443598547,0.4809597554808628,0.6361784712459082,0.15457376605963916,-0.46396648815962704,-0.13432015926330515,0.052787119877777844,-1.296329387184171,0.1437392776612755
-0.7584820832918546,-0.7237084377490274,0.06899671376643927,-0.6665539964107629,-0.05820984950871372,0.08504331264920628,-0.46396648815962704,-0.13432015926330515,0.052787119877777844,-1.296329387184171,0.1437392776612755
-1.3844153779251274,-1.4234989606486015,1.7421874648618643,0.1469532983576008,-0.2364591033763166,0.7343074454154547,-0.46396648815962704,-0.13432015926330515,0.052787119877777844,-1.296329387184171,0.1437392776612755
-0.8975783709881375,-0.8792174428378216,0.576929620348979,2.2550797693479208,-0.11813395795834296,-1.7929596861213968,-0.46396648815962704,-0.13432015926330515,0.052787119877777844,-1.296329387184171,0.1437392776612755
-0.8975783709881375,-0.8792174428378216,1.3836465896271304,0.3367954420867934,2.402254074225129,0.5622018847650908,-0.46396648815962704,-0.13432015926330515,0.052787119877777844,-1.296329387184171,0.1437392776612755
0.4933845059746911,0.675872608050121,0.4872944015402955,0.48086332561410067,-0.9519403176456547,1.8169443692007659,-0.46396648815962704,-0.13432015926330515,0.052787119877777844,-1.296329387184171,0.1437392776612755
0.14564378673398393,0.2871000953281353,0.576929620348979,0.1364961997602188,-0.8393994555347415,1.0275304399147287,-0.46396648815962704,-0.13432015926330515,0.052787119877777844,-1.296329387184171,0.1437392776612755
0.006547499037701083,0.13159109023934107,0.06899671376643927,0.1729683029873259,0.43489953631363887,-0.32838503382935513,-0.46396648815962704,-0.13432015926330515,0.052787119877777844,-1.296329387184171,0.1437392776612755
-1.1062228025325618,-1.112480950471013,1.1744977457402022,0.6857740215115501,0.4811200127160144,0.4368341275857475,-0.46396648815962704,-0.13432015926330515,0.052787119877777844,-1.296329387184171,0.1437392776612755
-0.6889339394437132,-0.6459539352046302,0.5470512140794178,-0.15798343329918252,-0.9717450981306722,0.4390055174141658,-0.46396648815962704,-0.13432015926330515,0.052787119877777844,-1.296329387184171,0.1437392776612755
-1.2453190902288447,-1.2679899555598073,0.39765918273161205,0.4158391147110634,-1.1325008936381913,-1.8288896588956063,-0.46396648815962704,-0.13432015926330515,0.052787119877777844,-1.296329387184171,0.1437392776612755
-0.4107413640511475,-0.3349359250270417,0.33790237019248975,1.6065174242609825,0.30732506020297956,0.7510487659918107,-0.46396648815962704,-0.13432015926330515,0.052787119877777844,-1.296329387184171,0.1437392776612755
0.632480793670974,0.675872608050121,1.652552246053181,1.2335505299924232,-0.11137093450526935,-0.1376108070693533,-0.46396648815962704,-0.13432015926330515,0.052787119877777844,-1.296329387184171,0.1437392776612755
0.35428821827840823,0.5203636029613267,-0.28954416146829465,0.4573438594328381,1.9927251021324737,-0.30628118378225444,-0.46396648815962704,-0.13432015926330515,0.052787119877777844,-1.296329387184171,0.1437392776612755
0.07609564288584252,0.20934559278373818,-1.7834644749463529,-0.8368940308791663,-1.2360488572909878,0.03576347835080466,-0.46396648815962704,-0.13432015926330515,0.052787119877777844,-1.296329387184171,0.1437392776612755
-0.2716450763548646,-0.17942691993824744,-1.6041940373289858,-1.7684475542094704,0.8784480585397687,1.994798518887204,-0.46396648815962704,-0.13432015926330515,0.052787119877777844,-1.296329387184171,0.1437392776612755
-0.8975783709881375,-0.8792174428378216,0.21838874511424508,-0.6606601364508746,-0.5826045280931387,-0.4734834582248216,-0.46396648815962704,-0.13432015926330515,0.052787119877777844,-1.296329387184171,0.1437392776612755
-0.8280302271399961,-0.8014629402934245,0.039118307496878106,1.0693576224328227,1.1958527991638515,-1.4166001148543903,-0.46396648815962704,-0.13432015926330515,0.052787119877777844,-1.296329387184171,0.1437392776612755
0.14564378673398393,0.2871000953281353,0.7263216516967849,0.42773434839033725,1.1314840040486773,-0.10280930943287644,-0.46396648815962704,-0.13432015926330515,0.052787119877777844,-1.296329387184171,0.1437392776612755
-0.2020969325067232,-0.10167241739385033,-1.096261130746446,-0.5727133269901552,1.0848252810650354,-0.6963518798790349,-0.46396648815962704,-0.13432015926330515,0.052787119877777844,-1.296329387184171,0.1437392776612755
0.2847400744302668,0.4426091004169296,0.009239901227316947,-0.611235396177923,1.0032476485083284,-0.9452875184010111,-0.46396648815962704,-0.13432015926330515,0.052787119877777844,-1.296329387184171,0.1437392776612755
-0.2020969325067232,-0.10167241739385033,0.24826715138380626,-0.259090148599822,-0.014268705415752281,-1.3518174837452643,-0.46396648815962704,-0.13432015926330515,0.052787119877777844,-1.296329387184171,0.1437392776612755
-0.2020969325067232,-0.10167241739385033,0.039118307496878106,-1.5851554368898628,0.27481744685109516,-0.7587912084980648,-0.46396648815962704,-0.13432015926330515,0.052787119877777844,-1.296329387184171,0.1437392776612755
-0.2020969325067232,-0.10167241739385033,-2.381032600337576,-2.786846702257639,-0.26854030839862,-1.151047357333932,-0.46396648815962704,-0.13432015926330515,0.052787119877777844,-1.296329387184171,0.1437392776612755
-1.314867234076986,-1.3457444581042044,0.9952273081228353,1.485274046840684,0.08586796556453447,-1.32658709352924,-1.164478569411791,-0.1303520398659221,-0.626480810709656,-1.296329387184171,0.17902623136330803
-1.1757709463807031,-1.19023545301541,-0.2596657551987335,1.487813366665434,0.7960863833112313,-2.21262417695327,-1.164478569411791,-0.1303520398659221,-0.626480810709656,-1.296329387184171,0.17902623136330803
0.14564378673398393,0.2871000953281353,0.1885103388446839,-0.46064907533531224,1.0887657413941325,-0.21325700684248824,-1.164478569411791,-0.1303520398659221,-0.626480810709656,-1.296329387184171,0.17902623136330803
0.8411252252153982,0.9868906182277094,-0.9169906931290791,-0.8710811896197088,0.024163788730721784,-2.0310244903586523,-1.164478569411791,-0.1303520398659221,-0.626480810709656,-1.296329387184171,0.17902623136330803
-0.8280302271399961,-0.8014629402934245,-1.275531568363813,-1.4288847416599875,0.6558561904075237,0.4821288968657886,-1.164478569411791,-0.1303520398659221,-0.626480810709656,-1.296329387184171,0.17902623136330803
-0.8975783709881375,-0.8792174428378216,0.756200057966346,0.3214869236409022,0.3053809518157377,-0.48729284198451206,-1.164478569411791,-0.1303520398659221,-0.626480810709656,-1.296329387184171,0.17902623136330803
-0.6889339394437132,-0.6459539352046302,-0.8871122868595179,-0.3889224344976341,-1.4790007008999329,0.06953051064180203,-1.164478569411791,-0.1303520398659221,-0.626480810709656,-1.296329387184171,0.17902623136330803
-0.7584820832918546,-0.7237084377490274,-0.08039531758136653,-0.663226057618179,1.2959081105605632,-0.7412738170269668,-1.164478569411791,-0.1303520398659221,-0.626480810709656,-1.296329387184171,0.17902623136330803
-1.0366746586844204,-1.0347264479266158,1.8019442774009866,0.31939650147177323,0.06459367106852466,-1.0455756877060307,-1.164478569411791,-0.1303520398659221,-0.626480810709656,-1.296329387184171,0.17902623136330803
-0.06300064481044035,0.05383658769494393,-0.4090577865465393,-0.968999623176177,-0.3822612309317563,0.8148608219021478,-1.164478569411791,-0.1303520398659221,-0.626480810709656,-1.296329387184171,0.17902623136330803
-0.06300064481044035,0.05383658769494393,0.576929620348979,-0.1172379352295084,0.19475304662409348,-1.4178570713107101,-1.164478569411791,-0.1303520398659221,-0.626480810709656,-1.296329387184171,0.17902623136330803
-0.8280302271399961,-0.8014629402934245,2.279998777713965,1.9785482837883792,-0.8768867658645149,-0.7644204216828075,-1.164478569411791,-0.1303520398659221,-0.626480810709656,-1.296329387184171,0.17902623136330803
-0.4107413640511475,-0.3349359250270417,-2.0822485376419646,-0.8791325292997519,-0.2877827388338431,-1.3687109875943553,-1.164478569411791,-0.1303520398659221,-0.626480810709656,-1.296329387184171,0.17902623136330803
-0.2716450763548646,-0.17942691993824744,-1.0066259119377625,-0.14905591189872403,-0.12537045373124342,0.742679423060027,-1.164478569411791,-0.1303520398659221,-0.626480810709656,-1.296329387184171,0.17902623136330803
-0.4107413640511475,-0.3349359250270417,0.33790237019248975,0.21009657266412968,2.192086980892693,-0.01373170132723867,-1.164478569411791,-0.1303520398659221,-0.626480810709656,-1.296329387184171,0.17902623136330803
-0.7584820832918546,-0.7237084377490274,1.323889777088008,1.3530709162876369,0.3310647248402058,-0.0878444523216853,-1.164478569411791,-0.1303520398659221,-0.626480810709656,-1.296329387184171,0.17902623136330803
-0.9671265148362789,-0.9569719453822187,1.9214579024792313,1.364179747777619,-0.3714275282054297,0.8104391537871152,-1.164478569411791,-0.1303520398659221,-0.626480810709656,-1.296329387184171,0.17902623136330803
0.07609564288584252,0.20934559278373818,-0.5883282241639063,-1.8268253088361606,0.11825968669376667,-0.42730811430654003,-1.164478569411791,-0.1303520398659221,-0.626480810709656,-1.296329387184171,0.17902623136330803
-1.1757709463807031,-1.19023545301541,0.9055920893141518,0.3433643111140198,-2.879657503539775,-1.7291256997235538,-1.164478569411791,-0.1303520398659221,-0.626480810709656,-1.296329387184171,0.17902623136330803
-0.8280302271399961,-0.8014629402934245,-0.6480850367030286,-1.756310691668654,-0.5742780769892476,3.1793275556765943,-1.164478569411791,-0.1303520398659221,-0.626480810709656,-1.296329387184171,0.17902623136330803
-0.5498376517474304,-0.49044493011583595,0.24826715138380626,0.33280191553569205,-2.029328653426196,-0.8179122693349321,-1.164478569411791,-0.1303520398659221,-0.626480810709656,-1.296329387184171,0.17902623136330803
-0.8975783709881375,-0.8792174428378216,-0.7974770680508344,-0.5088429493204475,0.008898865975193248,1.4836043409928732,-1.164478569411791,-0.1303520398659221,-0.626480810709656,-1.296329387184171,0.17902623136330803
-1.1062228025325618,-1.112480950471013,0.2781455576533674,0.7308688390890038,-0.4207776379860059,0.24773155798513788,-1.164478569411791,-0.1303520398659221,-0.626480810709656,-1.296329387184171,0.17902623136330803
0.7715770813672568,0.9091361156833123,1.1446193394706412,1.105490004347714,-0.02528210957127217,-0.5584306086205315,-1.164478569411791,-0.1303520398659221,-0.626480810709656,-1.296329387184171,0.17902623136330803
-0.06300064481044035,0.05383658769494393,-0.6779634429725898,0.30940437217447164,0.5215816872170743,0.46389535684249283,-1.164478569411791,-0.1303520398659221,-0.626480810709656,-1.296329387184171,0.17902623136330803
-0.4107413640511475,-0.3349359250270417,2.5489044341400158,1.8934877199948983,0.08767723195882265,-0.5337221653224713,-1.164478569411791,-0.1303520398659221,-0.626480810709656,-1.296329387184171,0.17902623136330803
-1.5930598094695518,-1.656762468281793,-0.6779634429725898,0.03851902157227138,0.6693751586828265,-0.6773987263126561,-1.164478569411791,-0.1303520398659221,-0.626480810709656,-1.296329387184171,0.17902623136330803
-1.453963521773269,-1.5012534631929986,0.9653489018532742,0.5597279933707605,-1.1606261234182016,0.6389652756397284,-1.164478569411791,-0.1303520398659221,-0.626480810709656,-1.296329387184171,0.17902623136330803
-1.1062228025325618,-1.112480950471013,0.15863193257512276,-0.27614715112407806,0.117111263125698,0.1723646562006303,-1.164478569411791,-0.1303520398659221,-0.626480810709656,-1.296329387184171,0.17902623136330803
-1.2453190902288447,-1.2679899555598073,-0.14015213012048885,-1.0655708095711511,0.19688543512190246,2.280194939292797,-1.164478569411791,-0.1303520398659221,-0.626480810709656,-1.296329387184171,0.17902623136330803
-1.1757709463807031,-1.19023545301541,0.4574159952707344,0.31825818568826586,0.13461006548117843,-0.024982320636304605,-1.7753346932224052,-0.0708990602242059,-1.3287349941181472,-1.203217506763292,0.09909641784528841
-1.5930598094695518,-1.656762468281793,0.039118307496878106,1.3279398521032335,0.2954684637191002,-0.06394551248379102,-1.7753346932224052,-0.0708990602242059,-1.3287349941181472,-1.203217506763292,0.09909641784528841
-1.1062228025325618,-1.112480950471013,1.473281808435814,0.11594666263631352,-0.17973598457347065,0.22356888290840574,-1.7753346932224052,-0.0708990602242059,-1.3287349941181472,-1.203217506763292,0.09909641784528841
-1.5235116656214103,-1.5790079657373957,-0.5883282241639063,-1.6356209546902853,0.9393825378619114,-0.6182318251663989,-1.7753346932224052,-0.0708990602242059,-1.3287349941181472,-1.203217506763292,0.09909641784528841
-1.801704241013976,-1.8900259759149842,-0.05051691131180538,0.5204178594097961,0.6604662122653606,0.3407747889087537,-1.7753346932224052,-0.0708990602242059,-1.3287349941181472,-1.203217506763292,0.09909641784528841
-1.314867234076986,-1.4234989606486015,1.2940113708184469,0.4685297239773037,-0.4298104919663719,-0.353905247075838,-1.7753346932224052,-0.0708990602242059,-1.3287349941181472,-1.203217506763292,0.09909641784528841
-1.1757709463807031,-1.19023545301541,0.7860784642359071,1.3636116982751378,1.146465367298185,-0.07832620626117455,-1.7753346932224052,-0.0708990602242059,-1.3287349941181472,-1.203217506763292,0.09909641784528841
-0.5498376517474304,-0.49044493011583595,-1.4249235997116187,-0.6644868504163688,0.9561215151918231,-1.025068509040237,-1.7753346932224052,-0.0708990602242059,-1.3287349941181472,-1.203217506763292,0.09909641784528841
-0.9671265148362789,-0.9569719453822187,-1.7237076624072305,-1.2273269233137682,0.3452678830843857,-0.38772547241803745,-1.7753346932224052,-0.0708990602242059,-1.3287349941181472,-1.203217506763292,0.09909641784528841
-1.7321560971658345,-1.8122714733705871,-1.245653162094252,-0.3559001928831563,0.23762012140614605,0.9341269952416732,-1.7753346932224052,-0.0708990602242059,-1.3287349941181472,-1.203217506763292,0.09909641784528841
-0.8280302271399961,-0.8014629402934245,0.4574159952707344,1.0891163238103427,2.2185246426026297,-0.32572340603856165,-1.7753346932224052,-0.0708990602242059,-1.3287349941181472,-1.203217506763292,0.09909641784528841
-1.453963521773269,-1.5012534631929986,0.756200057966346,-0.7223746969843323,1.1440334975515125,1.128338982537418,-1.7753346932224052,-0.0708990602242059,-1.3287349941181472,-1.203217506763292,0.09909641784528841
-1.3844153779251274,-1.4234989606486015,-0.6779634429725898,0.7901471600001153,0.22388340897890782,1.8515303938826784,-1.7753346932224052,-0.0708990602242059,-1.3287349941181472,-1.203217506763292,0.09909641784528841
-1.1757709463807031,-1.19023545301541,-0.17003053639005003,-0.03226160902078659,-0.10577377761084211,-0.36301871137036296,-1.7753346932224052,-0.0708990602242059,-1.3287349941181472,-1.203217506763292,0.09909641784528841
-0.4802895078992889,-0.4126904275714388,-1.45480200598118,-1.284932130617084,0.009911888408042318,-1.517757572124935,-1.7753346932224052,-0.0708990602242059,-1.3287349941181472,-1.203217506763292,0.09909641784528841
-0.2020969325067232,-0.10167241739385033,-0.5584498178943451,-1.3175132333008532,0.31106036530233944,-0.3225758046304319,-1.7753346932224052,-0.0708990602242059,-1.3287349941181472,-1.203217506763292,0.09909641784528841
-1.0366746586844204,-1.0347264479266158,-1.5444372247898634,-0.3255286642153791,-0.41132892328511533,-0.69379437488793,-1.7753346932224052,-0.0708990602242059,-1.3287349941181472,-1.203217506763292,0.09909641784528841
-1.314867234076986,-1.3457444581042044,0.7263216516967849,-0.17017460691438135,-0.8790355134136201,-1.233742190640783,-1.7753346932224052,-0.0708990602242059,-1.3287349941181472,-1.203217506763292,0.09909641784528841
-1.314867234076986,-1.3457444581042044,0.1885103388446839,-0.7100388785689903,-0.5270328405349238,-0.5759161796620095,-1.7753346932224052,-0.0708990602242059,-1.3287349941181472,-1.203217506763292,0.09909641784528841
-0.7584820832918546,-0.7237084377490274,-1.7237076624072305,-0.3467182961445154,1.5740691035631826,-0.06060637278917006,-1.7753346932224052,-0.0708990602242059,-1.3287349941181472,-1.203217506763292,0.09909641784528841
-0.7584820832918546,-0.7237084377490274,-0.9767475056682013,0.4733739392955373,0.32807840278466643,-0.2802529324839867,-1.7753346932224052,-0.0708990602242059,-1.3287349941181472,-1.203217506763292,0.09909641784528841
-0.06300064481044035,0.05383658769494393,-1.096261130746446,-1.303605164701571,-0.7207216213266406,-0.23094260184675472,-1.7753346932224052,-0.0708990602242059,-1.3287349941181472,-1.203217506763292,0.09909641784528841
-0.2716450763548646,-0.17942691993824744,-0.4986930053552228,-0.858727082781356,0.3575556118352266,-1.0532675995844856,-1.7753346932224052,-0.0708990602242059,-1.3287349941181472,-1.203217506763292,0.09909641784528841
-1.0366746586844204,-1.0347264479266158,0.39765918273161205,0.022194110162918196,-1.220338540114271,1.1262876687665555,-1.7753346932224052,-0.0708990602242059,-1.3287349941181472,-1.203217506763292,0.09909641784528841
-1.1757709463807031,-1.19023545301541,-0.14015213012048885,0.5398518027302887,1.0440848764823971,0.0034363420440013293,-1.7753346932224052,-0.0708990602242059,-1.3287349941181472,-1.203217506763292,0.09909641784528841
-1.1757709463807031,-1.19023545301541,-1.1858963495551296,-1.2014255285845388,-0.7595205414209448,1.8328948729634462,-1.7753346932224052,-0.0708990602242059,-1.3287349941181472,-1.203217506763292,0.09909641784528841
-0.8280302271399961,-0.8014629402934245,-0.28954416146829465,-0.253237853237673,-0.4562837465423548,-1.228950658254882,-1.7753346932224052,-0.0708990602242059,-1.3287349941181472,-1.203217506763292,0.09909641784528841
-1.1062228025325618,-1.112480950471013,-1.3054099746333743,-1.136926694196966,1.0598134887113422,0.7561754172483088,-1.7753346932224052,-0.0708990602242059,-1.3287349941181472,-1.203217506763292,0.09909641784528841
-1.1757709463807031,-1.19023545301541,0.2781455576533674,0.6582804255914647,0.9856164687446386,0.43077919078853916,-1.7753346932224052,-0.0708990602242059,-1.3287349941181472,-1.203217506763292,0.09909641784528841
-0.4802895078992889,-0.4126904275714388,0.7860784642359071,0.5398473691731952,-0.04073414372307381,1.549213657270992,-1.7753346932224052,-0.0708990602242059,-1.3287349941181472,-1.203217506763292,0.09909641784528841
-0.5498376517474304,-0.49044493011583595,0.9952273081228353,-0.4223121071561561,-0.6846346552806405,0.6872995384095382,-1.7753346932224052,-0.0708990602242059,-1.3287349941181472,-1.203217506763292,0.09909641784528841
-0.6889339394437132,-0.6459539352046302,0.6665648391576625,0.40956951078758114,-0.09526467504252283,-0.07975887189060593,-0.7471617836645845,-0.12945749271853516,1.0650450913324216,-1.203217506763292,-0.014149134609798253
-0.9671265148362789,-0.9569719453822187,0.9952273081228353,0.2805651916768002,-0.022483965491818587,-0.20804440141180341,-0.7471617836645845,-0.12945749271853516,1.0650450913324216,-1.203217506763292,-0.014149134609798253
-0.4802895078992889,-0.4126904275714388,0.06899671376643927,1.170380100148703,-0.3491237549520138,2.353277391873871,-0.7471617836645845,-0.12945749271853516,1.0650450913324216,-1.203217506763292,-0.014149134609798253
-1.0366746586844204,-1.0347264479266158,0.4574159952707344,0.17308302127709566,-0.45875504405144935,0.453339063107034,-0.7471617836645845,-0.12945749271853516,1.0650450913324216,-1.203217506763292,-0.014149134609798253
0.006547499037701083,0.13159109023934107,-0.349300974007417,-1.0220194240565383,2.8544726838614323,-1.2561519019056828,-0.7471617836645845,-0.12945749271853516,1.0650450913324216,-1.203217506763292,-0.014149134609798253
0.5629326498228325,0.753627110594518,-0.4986930053552228,1.1665833126935823,-0.41929043272052297,0.7672819276329892,-0.7471617836645845,-0.12945749271853516,1.0650450913324216,-1.203217506763292,-0.014149134609798253
-0.7584820832918546,-0.7237084377490274,-1.096261130746446,-0.8465198375216979,-0.23510651843220556,-1.19469913491293,-0.7471617836645845,-0.12945749271853516,1.0650450913324216,-1.203217506763292,-0.014149134609798253
-0.8975783709881375,-0.8792174428378216,0.9952273081228353,2.2272132004374234,-0.18902489655990767,-0.015452459631994153,-0.7471617836645845,-0.12945749271853516,1.0650450913324216,-1.203217506763292,-0.014149134609798253
-1.453963521773269,-1.5012534631929986,0.21838874511424508,0.4705940989985156,2.114110945759893,-0.19242566759893504,-0.7471617836645845,-0.12945749271853516,1.0650450913324216,-1.203217506763292,-0.014149134609798253
-0.9671265148362789,-0.9569719453822187,-0.5883282241639063,0.7121653242995062,0.1940556421862085,0.9118957934992288,-0.7471617836645845,-0.12945749271853516,1.0650450913324216,-1.203217506763292,-0.014149134609798253
-0.5498376517474304,-0.49044493011583595,2.758053278026944,1.879614011463083,-0.61078062133493,1.155034709829208,-0.7471617836645845,-0.12945749271853516,1.0650450913324216,-1.203217506763292,-0.014149134609798253
-0.4802895078992889,-0.49044493011583595,-0.3791793802769782,-0.8602045656824453,0.14880807202124308,2.1531161790887454,-0.7471617836645845,-0.12945749271853516,1.0650450913324216,-1.203217506763292,-0.014149134609798253
-0.6193857955955717,-0.5681994326602331,-0.737720255511712,0.736016753068075,-0.3794415075554914,1.261979801160371,-0.7471617836645845,-0.12945749271853516,1.0650450913324216,-1.203217506763292,-0.014149134609798253
-0.7584820832918546,-0.7237084377490274,1.0848625269315189,1.6801782043802773,-0.7085744816826156,-1.5318368979724695,-0.7471617836645845,-0.12945749271853516,1.0650450913324216,-1.203217506763292,-0.014149134609798253
-0.8280302271399961,-0.8014629402934245,0.6068080266185402,0.5883643386314499,1.111509601213019,0.042146599214671586,-0.7471617836645845,-0.12945749271853516,1.0650450913324216,-1.203217506763292,-0.014149134609798253
-0.9671265148362789,-0.9569719453822187,1.3537681833575692,1.2232391845844586,-0.21380010418741613,-0.7723258098010649,-0.7471617836645845,-0.12945749271853516,1.0650450913324216,-1.203217506763292,-0.014149134609798253
-1.2453190902288447,-1.2679899555598073,1.2641329645488857,0.9316280629639283,0.6154720440992347,1.5932471967745256,-0.7471617836645845,-0.12945749271853516,1.0650450913324216,-1.203217506763292,-0.014149134609798253
-1.5930598094695518,-1.656762468281793,-0.349300974007417,-0.6843829920637595,-0.26991366503550357,-0.21837952949395953,-0.7471617836645845,-0.12945749271853516,1.0650450913324216,-1.203217506763292,-0.014149134609798253
-0.2020969325067232,-0.10167241739385033,1.7421874648618643,0.21952231504285813,-0.5367997552896845,2.1986957439541945,-0.7471617836645845,-0.12945749271853516,1.0650450913324216,-1.203217506763292,-0.014149134609798253
0.21519193058212538,0.36485459787253244,-0.6480850367030286,-0.4680891383312236,-0.40130993272449483,-1.671221673826599,-0.7471617836645845,-0.12945749271853516,1.0650450913324216,-1.203217506763292,-0.014149134609798253
-0.6889339394437132,-0.6459539352046302,0.9653489018532742,0.5572008658280165,-0.827248713933178,-2.4126768372419294,-0.7471617836645845,-0.12945749271853516,1.0650450913324216,-1.203217506763292,-0.014149134609798253
-0.5498376517474304,-0.49044493011583595,0.8159568705054683,1.4760588984238472,0.23911437865097018,0.5636491937489385,-0.7471617836645845,-0.12945749271853516,1.0650450913324216,-1.203217506763292,-0.014149134609798253
-1.1757709463807031,-1.19023545301541,-0.4090577865465393,0.08919956689168232,0.12861550680255215,1.4571591063591678,-0.7471617836645845,-0.12945749271853516,1.0650450913324216,-1.203217506763292,-0.014149134609798253
-1.2453190902288447,-1.2679899555598073,-1.45480200598118,-1.0168532216544595,-0.27787562849583197,-1.82368083286571,-0.7471617836645845,-0.12945749271853516,1.0650450913324216,-1.203217506763292,-0.014149134609798253
-1.1757709463807031,-1.19023545301541,0.009239901227316947,-0.02910602476017422,1.6688176635694465,-0.207955703688267,-0.7471617836645845,-0.12945749271853516,1.0650450913324216,-1.203217506763292,-0.014149134609798253
0.07609564288584252,0.20934559278373818,0.21838874511424508,0.1441274599057432,0.11570717115288554,-0.36968222295648023,-0.7471617836645845,-0.12945749271853516,1.0650450913324216,-1.203217506763292,-0.014149134609798253
0.07609564288584252,0.20934559278373818,-0.9767475056682013,-1.9902079838371036,0.6072677057827749,-1.1654411800563669,-0.7471617836645845,-0.12945749271853516,1.0650450913324216,-1.203217506763292,-0.014149134609798253
0.21519193058212538,0.36485459787253244,0.8757136830445906,-0.290286318886811,0.6785117555970261,1.3206752092614362,-0.7471617836645845,-0.12945749271853516,1.0650450913324216,-1.203217506763292,-0.014149134609798253
-0.8975783709881375,-0.8792174428378216,-1.096261130746446,-1.4673863056462026,-1.3582251484744203,-0.017184829385792806,-0.7471617836645845,-0.12945749271853516,1.0650450913324216,-1.203217506763292,-0.014149134609798253
-1.1062228025325618,-1.112480950471013,-0.9169906931290791,-1.2189840772548906,1.4472672842214847,1.8050108361905302,-0.7471617836645845,-0.12945749271853516,1.0650450913324216,-1.203217506763292,-0.014149134609798253
-0.8280302271399961,-0.8014629402934245,0.5470512140794178,1.4347531095766013,-0.8151610356397284,-0.7275596789626,-0.2699002560272779,-0.13106309016256298,0.5215893301907251,-1.203217506763292,-0.012568655333191474
-0.8280302271399961,-0.8014629402934245,1.5927954335140586,0.9608241448075491,-0.06901838626294773,-0.22346401196571172,-0.2699002560272779,-0.13106309016256298,0.5215893301907251,-1.203217506763292,-0.012568655333191474
-0.13254878865858177,-0.0239179148494532,0.09887512003600044,0.2728308513288719,0.14944057194631097,0.13471065190329956,-0.2699002560272779,-0.13106309016256298,0.5215893301907251,-1.203217506763292,-0.012568655333191474
0.21519193058212538,0.36485459787253244,0.009239901227316947,0.12117216386450541,-0.1914711984026416,-1.0103201190449276,-0.2699002560272779,-0.13106309016256298,0.5215893301907251,-1.203217506763292,-0.012568655333191474
-0.9671265148362789,-1.0347264479266158,0.039118307496878106,0.25690773103102976,0.36981212444389205,-0.7170564979320301,-0.2699002560272779,-0.13106309016256298,0.5215893301907251,-1.203217506763292,-0.012568655333191474
-0.6889339394437132,-0.6459539352046302,0.06899671376643927,1.0379286903984717,-1.5148425959127922,-0.2241889056390658,-0.2699002560272779,-0.13106309016256298,0.5215893301907251,-1.203217506763292,-0.012568655333191474
-0.3411932202030061,-0.2571814224826446,0.9952273081228353,1.3439787990801195,-0.38566358625478103,-1.321002803289759,-0.2699002560272779,-0.13106309016256298,0.5215893301907251,-1.203217506763292,-0.012568655333191474
-1.0366746586844204,-1.0347264479266158,0.7860784642359071,0.35989649131744855,-0.2951340389419035,1.2597161829693195,-0.2699002560272779,-0.13106309016256298,0.5215893301907251,-1.203217506763292,-0.012568655333191474
-0.8280302271399961,-0.8014629402934245,-0.3791793802769782,0.3502995027960195,0.3935512508583206,-1.4367299752305922,-0.2699002560272779,-0.13106309016256298,0.5215893301907251,-1.203217506763292,-0.012568655333191474
-0.6889339394437132,-0.6459539352046302,-0.22978734892917235,-1.6615733353260815,-1.349916028824811,1.2544521612254038,-0.2699002560272779,-0.13106309016256298,0.5215893301907251,-1.203217506763292,-0.012568655333191474
0.4238363621265496,0.5981181055057239,0.8159568705054683,0.10354544925385697,-0.9571132586917102,1.697551862025978,-0.2699002560272779,-0.13106309016256298,0.5215893301907251,-1.203217506763292,-0.012568655333191474
-0.4802895078992889,-0.4126904275714388,-0.020638505042244217,1.2482843486001916,0.0944589406655645,1.8910469306767288,-0.2699002560272779,-0.13106309016256298,0.5215893301907251,-1.203217506763292,-0.012568655333191474
-0.7584820832918546,-0.7237084377490274,0.3677807764620509,-0.05803165962114999,-0.4847985885175698,-5.128958304908397e-05,-0.2699002560272779,-0.13106309016256298,0.5215893301907251,-1.203217506763292,-0.012568655333191474
-1.453963521773269,-1.5012534631929986,0.12875352630556158,-0.1577839232300197,-0.7986464620872479,1.040031282711943,-0.2699002560272779,-0.13106309016256298,0.5215893301907251,-1.203217506763292,-0.012568655333191474
-0.6193857955955717,-0.5681994326602331,-0.349300974007417,-1.7171984051929412,0.5785818919224598,0.28831175565454176,-0.2699002560272779,-0.13106309016256298,0.5215893301907251,-1.203217506763292,-0.012568655333191474
-0.2716450763548646,-0.17942691993824744,-2.8590871006505547,-2.5572726824490517,-2.1495850602568725,0.08220990608029395,-0.2699002560272779,-0.13106309016256298,0.5215893301907251,-1.203217506763292,-0.012568655333191474
1.1888659444561054,1.4534176334940923,1.3836465896271304,0.19853939771316034,-2.9595679817998315,-0.4863220649364257,-0.2699002560272779,-0.13106309016256298,0.5215893301907251,-1.203217506763292,-0.012568655333191474
0.5629326498228325,0.675872608050121,0.2781455576533674,1.2846284328662518,-1.6754615932617298,-0.09752605098446704,-0.2699002560272779,-0.13106309016256298,0.5215893301907251,-1.203217506763292,-0.012568655333191474
-0.2716450763548646,-0.17942691993824744,0.7263216516967849,0.8932722521671307,-1.265362704394796,0.6306872175437178,-0.2699002560272779,-0.13106309016256298,0.5215893301907251,-1.203217506763292,-0.012568655333191474
-0.9671265148362789,-0.9569719453822187,2.3696339965226487,1.1978055301284918,-0.2863871292647651,-0.7891480415676186,-0.2699002560272779,-0.13106309016256298,0.5215893301907251,-1.203217506763292,-0.012568655333191474
-0.8975783709881375,-0.8792174428378216,1.2043761520097633,1.4738443366561245,1.0424657793380472,-0.3341649431973335,-0.2699002560272779,-0.13106309016256298,0.5215893301907251,-1.203217506763292,-0.012568655333191474
-1.0366746586844204,-1.0347264479266158,-0.14015213012048885,0.20141012593057653,-0.35545537713763814,1.0615518338185383,-0.2699002560272779,-0.13106309016256298,0.5215893301907251,-1.203217506763292,-0.012568655333191474
-0.2020969325067232,-0.10167241739385033,0.6964432454272237,0.3677405622034193,-0.836720765360072,0.14571767608224662,-0.2699002560272779,-0.13106309016256298,0.5215893301907251,-1.203217506763292,-0.012568655333191474
-1.0366746586844204,-1.0347264479266158,-0.43893619281610047,-0.5814563015766328,0.2068832498801461,-0.6989784024112987,-0.2699002560272779,-0.13106309016256298,0.5215893301907251,-1.203217506763292,-0.012568655333191474
-0.13254878865858177,-0.0239179148494532,0.9952273081228353,-0.23614649064595003,-0.544178448355741,1.9775005839148216,-0.2699002560272779,-0.13106309016256298,0.5215893301907251,-1.203217506763292,-0.012568655333191474
-1.5930598094695518,-1.656762468281793,-0.3791793802769782,-0.10467822218099124,-0.8301646433270973,0.6829842774529621,-0.2699002560272779,-0.13106309016256298,0.5215893301907251,-1.203217506763292,-0.012568655333191474
-1.1757709463807031,-1.19023545301541,0.9653489018532742,0.709969050954791,-0.5942861868231587,0.8494230935398098,-0.2699002560272779,-0.13106309016256298,0.5215893301907251,-1.203217506763292,-0.012568655333191474
-0.8280302271399961,-0.8014629402934245,-0.5883282241639063,0.7041705124723907,0.8277940478313646,0.09843887119724272,-0.2699002560272779,-0.13106309016256298,0.5215893301907251,-1.203217506763292,-0.012568655333191474
-0.8280302271399961,-0.8014629402934245,1.6226738397836198,0.6046620945036119,0.43475049611122807,-0.11737729791424852,-0.2699002560272779,-0.13106309016256298,0.5215893301907251,-1.203217506763292,-0.012568655333191474
-0.8280302271399961,-0.8014629402934245,0.576929620348979,-1.3361485821500543,0.026119141556932717,-0.33582349636473396,-0.2699002560272779,-0.13106309016256298,0.5215893301907251,-1.203217506763292,-0.012568655333191474
0.21519193058212538,0.36485459787253244,1.11474093320108,1.795402473852823,0.2931844466591364,-0.8294868093344995,-0.2699002560272779,-0.13106309016256298,0.5215893301907251,-1.203217506763292,-0.012568655333191474
0.14564378673398393,0.2871000953281353,-1.3950451934420576,-0.30223087588874015,1.9221222633818658,0.42964996757486645,-0.19455018754944145,-0.1058322731849828,0.17869380199672294,-1.016993745921534,-0.07972828746704516
-0.4107413640511475,-0.3349359250270417,-1.1560179432855684,-0.5767711401190969,0.35296277204477433,0.32846492133174715,-0.19455018754944145,-0.1058322731849828,0.17869380199672294,-1.016993745921534,-0.07972828746704516
-1.1062228025325618,-1.112480950471013,-0.707841849242151,-0.4834697020798679,-1.8040689383231672,-0.1327163921910049,-0.19455018754944145,-0.1058322731849828,0.17869380199672294,-1.016993745921534,-0.07972828746704516
-1.3844153779251274,-1.4234989606486015,1.0549841206619577,1.6034760040955027,1.1401169839036527,-0.20777428678078458,-0.19455018754944145,-0.1058322731849828,0.17869380199672294,-1.016993745921534,-0.07972828746704516
-0.7584820832918546,-0.7237084377490274,-0.43893619281610047,-0.49420556057944137,0.3263379096743805,-0.032811799095844675,-0.19455018754944145,-0.1058322731849828,0.17869380199672294,-1.016993745921534,-0.07972828746704516
0.07609564288584252,0.20934559278373818,0.9653489018532742,1.9303627227227906,-0.869422964530675,-0.8608269702551652,-0.19455018754944145,-0.1058322731849828,0.17869380199672294,-1.016993745921534,-0.07972828746704516
-0.5498376517474304,-0.49044493011583595,0.4872944015402955,0.33498544240376393,-1.5651435454301188,0.5625045896552126,-0.19455018754944145,-0.1058322731849828,0.17869380199672294,-1.016993745921534,-0.07972828746704516
1.467058519848671,1.7644356436716808,0.8159568705054683,0.28718726338913825,0.4589943322266077,-0.20761855882072752,-0.19455018754944145,-0.1058322731849828,0.17869380199672294,-1.016993745921534,-0.07972828746704516
-1.0366746586844204,-1.0347264479266158,0.24826715138380626,-0.7466406633410523,-1.3850019490725423,-0.7556987310304569,-0.19455018754944145,-0.1058322731849828,0.17869380199672294,-1.016993745921534,-0.07972828746704516
-0.7584820832918546,-0.7237084377490274,-0.22978734892917235,-0.39241552329191715,-0.16514420331524352,0.2238200814812111,-0.19455018754944145,-0.1058322731849828,0.17869380199672294,-1.016993745921534,-0.07972828746704516
-1.0366746586844204,-1.0347264479266158,0.2781455576533674,0.3508686606877748,-0.2383154288037406,2.173263638512762,-0.19455018754944145,-0.1058322731849828,0.17869380199672294,-1.016993745921534,-0.07972828746704516
-0.9671265148362789,-0.9569719453822187,1.2043761520097633,1.0415952421140005,0.7433444425011294,1.2168881349587868,-0.19455018754944145,-0.1058322731849828,0.17869380199672294,-1.016993745921534,-0.07972828746704516
-0.06300064481044035,0.05383658769494393,0.8757136830445906,0.43826349229047235,0.211343129168208,0.7105654926976064,-0.19455018754944145,-0.1058322731849828,0.17869380199672294,-1.016993745921534,-0.07972828746704516
0.5629326498228325,0.753627110594518,2.1903635589052817,1.559016293571556,-0.8038162821351128,-0.05908570438323241,-0.19455018754944145,-0.1058322731849828,0.17869380199672294,-1.016993745921534,-0.07972828746704516
-0.13254878865858177,-0.0239179148494532,-1.0365043182073237,-0.15943597744162566,-1.169000345684194,0.7716390299340387,-0.19455018754944145,-0.1058322731849828,0.17869380199672294,-1.016993745921534,-0.07972828746704516
-0.2020969325067232,-0.10167241739385033,-0.3791793802769782,-0.2164598345711799,-0.5101158710016719,-0.65775702817811,-0.19455018754944145,-0.1058322731849828,0.17869380199672294,-1.016993745921534,-0.07972828746704516
-0.2020969325067232,-0.10167241739385033,-0.2596657551987335,-0.1749506562923182,-0.20845818233255464,0.7815445950486988,-0.19455018754944145,-0.1058322731849828,0.17869380199672294,-1.016993745921534,-0.07972828746704516
-0.8280302271399961,-0.8014629402934245,-0.2596657551987335,-0.8491977060055865,-0.02088762028288273,0.6044189976882899,-0.19455018754944145,-0.1058322731849828,0.17869380199672294,-1.016993745921534,-0.07972828746704516
-0.8280302271399961,-0.8014629402934245,-0.8572338805899568,-1.0306698481387102,-1.3083716453787093,-0.19046020262759047,-0.19455018754944145,-0.1058322731849828,0.17869380199672294,-1.016993745921534,-0.07972828746704516
-0.9671265148362789,-0.9569719453822187,1.0848625269315189,0.9376394121867718,-1.1968660409140768,-1.5416586414373146,-0.19455018754944145,-0.1058322731849828,0.17869380199672294,-1.016993745921534,-0.07972828746704516
-0.2716450763548646,-0.17942691993824744,0.756200057966346,-0.4444571706387364,0.004274375153972278,0.5357536298910994,-0.19455018754944145,-0.1058322731849828,0.17869380199672294,-1.016993745921534,-0.07972828746704516
0.632480793670974,0.8313816131389152,0.3080239639229286,0.05468377073165593,0.47410816954366214,-0.45686871778302274,-0.19455018754944145,-0.1058322731849828,0.17869380199672294,-1.016993745921534,-0.07972828746704516
-0.7584820832918546,-0.7237084377490274,-0.19990894265961118,-0.17725721436970962,0.11316250157410444,1.0329672055987111,-0.19455018754944145,-0.1058322731849828,0.17869380199672294,-1.016993745921534,-0.07972828746704516
-1.2453190902288447,-1.2679899555598073,0.7860784642359071,0.46414050245569277,-2.4171522125530274,-0.29541535121057094,-0.19455018754944145,-0.1058322731849828,0.17869380199672294,-1.016993745921534,-0.07972828746704516
-0.6889339394437132,-0.6459539352046302,-1.3352883809029354,-0.7209010934457026,-0.8354559569859565,-0.9350508864547323,-0.19455018754944145,-0.1058322731849828,0.17869380199672294,-1.016993745921534,-0.07972828746704516
-0.7584820832918546,-0.7237084377490274,2.39951240279221,0.630099628322035,-0.9859332843069663,0.2907701313704563,-0.19455018754944145,-0.1058322731849828,0.17869380199672294,-1.016993745921534,-0.07972828746704516
-0.9671265148362789,-0.9569719453822187,-0.08039531758136653,-1.171543353780848,-0.5135294487284832,0.7292238266996974,-0.19455018754944145,-0.1058322731849828,0.17869380199672294,-1.016993745921534,-0.07972828746704516
0.35428821827840823,0.5203636029613267,-1.634072443598547,-2.351836610036138,-0.5825492319178581,-0.7843091953069713,-0.19455018754944145,-0.1058322731849828,0.17869380199672294,-1.016993745921534,-0.07972828746704516
0.9106733690635397,1.1423996233165037,0.009239901227316947,-0.3251013801505849,1.0693912524895521,0.16939518526561081,-0.19455018754944145,-0.1058322731849828,0.17869380199672294,-1.016993745921534,-0.07972828746704516
-1.0366746586844204,-1.0347264479266158,1.6226738397836198,0.4251479220214802,-0.8397389619654108,-0.5163232981835166,-0.19455018754944145,-0.1058322731849828,0.17869380199672294,-1.016993745921534,-0.07972828746704516
-0.8280302271399961,-0.8014629402934245,0.009239901227316947,0.050284019511953326,-0.5573280079238128,-0.22783147713300334,-0.19455018754944145,-0.1058322731849828,0.17869380199672294,-1.016993745921534,-0.07972828746704516
-1.3844153779251274,-1.4234989606486015,1.323889777088008,0.05159247304888713,0.9907949100722198,0.777994576157974,0.03221335985423189,-0.08679447492008141,0.7357480370295557,-0.2720987025545012,-0.1123138111184144
-1.1757709463807031,-1.19023545301541,0.8159568705054683,0.47339444449709,-1.3383729947081857,0.010840777870112736,0.03221335985423189,-0.08679447492008141,0.7357480370295557,-0.2720987025545012,-0.1123138111184144
-0.3411932202030061,-0.3349359250270417,-0.8871122868595179,-1.2294284293756292,-0.4546482142434447,-0.4158314118428447,0.03221335985423189,-0.08679447492008141,0.7357480370295557,-0.2720987025545012,-0.1123138111184144
-0.06300064481044035,0.05383658769494393,1.1446193394706412,0.7069276307893113,-0.251017955737896,-0.7657752678777288,0.03221335985423189,-0.08679447492008141,0.7357480370295557,-0.2720987025545012,-0.1123138111184144
0.7020289375191153,0.9091361156833123,0.09887512003600044,-0.6018390261149309,2.0706095612166973,0.4791680973082924,0.03221335985423189,-0.08679447492008141,0.7357480370295557,-0.2720987025545012,-0.1123138111184144
0.07609564288584252,0.20934559278373818,0.2781455576533674,1.464985535390603,-0.4556299700769865,0.21371564532741122,0.03221335985423189,-0.08679447492008141,0.7357480370295557,-0.2720987025545012,-0.1123138111184144
-0.6193857955955717,-0.5681994326602331,-0.05051691131180538,-0.025424509789460325,0.012315248447130667,0.0976324300711535,0.03221335985423189,-0.08679447492008141,0.7357480370295557,-0.2720987025545012,-0.1123138111184144
-1.1062228025325618,-1.112480950471013,-1.245653162094252,-0.2129739503071757,0.09360820586475761,-1.475324122889148,0.03221335985423189,-0.08679447492008141,0.7357480370295557,-0.2720987025545012,-0.1123138111184144
-0.8975783709881375,-0.8792174428378216,0.7263216516967849,1.482467051006471,0.6055935870062202,0.40674634668377524,0.03221335985423189,-0.08679447492008141,0.7357480370295557,-0.2720987025545012,-0.1123138111184144
-0.2716450763548646,-0.17942691993824744,-1.1858963495551296,-1.457581494136061,-0.9955097919997096,-3.1422104368446773,0.03221335985423189,-0.08679447492008141,0.7357480370295557,-0.2720987025545012,-0.1123138111184144
-0.3411932202030061,-0.2571814224826446,-0.2596657551987335,0.16083642819823687,0.7273105105596903,-1.1426462380810085,0.03221335985423189,-0.08679447492008141,0.7357480370295557,-0.2720987025545012,-0.1123138111184144
0.2847400744302668,0.4426091004169296,1.2043761520097633,0.19754683511907034,0.717420593308595,0.21010969546033034,0.03221335985423189,-0.08679447492008141,0.7357480370295557,-0.2720987025545012,-0.1123138111184144
-0.4802895078992889,-0.4126904275714388,0.39765918273161205,0.3739569634417899,0.795841856906642,-1.127770408438115,0.03221335985423189,-0.08679447492008141,0.7357480370295557,-0.2720987025545012,-0.1123138111184144
-0.4107413640511475,-0.3349359250270417,0.9653489018532742,2.003545232870731,-0.7228172362631711,-0.9834143176598875,0.03221335985423189,-0.08679447492008141,0.7357480370295557,-0.2720987025545012,-0.1123138111184144
-1.453963521773269,-1.5012534631929986,1.8019442774009866,1.3556052483606564,0.10182629230308912,-0.7036641008073762,0.03221335985423189,-0.08679447492008141,0.7357480370295557,-0.2720987025545012,-0.1123138111184144
-0.7584820832918546,-0.7237084377490274,0.7860784642359071,1.4436035979225763,0.5710370328746192,1.1136327333822504,0.03221335985423189,-0.08679447492008141,0.7357480370295557,-0.2720987025545012,-0.1123138111184144
-0.2020969325067232,-0.17942691993824744,-0.05051691131180538,0.26019798458832755,0.5859184975770054,-0.08838009551573658,0.03221335985423189,-0.08679447492008141,0.7357480370295557,-0.2720987025545012,-0.1123138111184144
0.14564378673398393,0.2871000953281353,2.0110931212879146,0.3112442983678746,-0.600057018015069,-1.3843773800936332,0.03221335985423189,-0.08679447492008141,0.7357480370295557,-0.2720987025545012,-0.1123138111184144
1.7452510952412368,1.997699151304872,-0.707841849242151,-0.8094807931813806,0.4719623504584659,0.36551673663871187,0.03221335985423189,-0.08679447492008141,0.7357480370295557,-0.2720987025545012,-0.1123138111184144
-0.3411932202030061,-0.2571814224826446,-1.484680412250741,-0.7083546810684626,0.019213190893429953,1.4177829287111108,0.03221335985423189,-0.08679447492008141,0.7357480370295557,-0.2720987025545012,-0.1123138111184144
-0.4107413640511475,-0.3349359250270417,0.6366864328881013,1.1587004481830545,-0.9972629868231633,-0.947847731320938,0.03221335985423189,-0.08679447492008141,0.7357480370295557,-0.2720987025545012,-0.1123138111184144
-0.8280302271399961,-0.8014629402934245,0.06899671376643927,0.18693179105026483,0.9919687169497621,-0.6990385103805936,0.03221335985423189,-0.08679447492008141,0.7357480370295557,-0.2720987025545012,-0.1123138111184144
-0.7584820832918546,-0.7237084377490274,1.0848625269315189,0.6249993750817078,0.6162165519699415,0.16985371174970015,0.03221335985423189,-0.08679447492008141,0.7357480370295557,-0.2720987025545012,-0.1123138111184144
-0.06300064481044035,0.05383658769494393,0.9952273081228353,0.48022655597668573,-0.8431495173816005,-1.099366909402974,0.03221335985423189,-0.08679447492008141,0.7357480370295557,-0.2720987025545012,-0.1123138111184144
0.21519193058212538,0.36485459787253244,-0.8572338805899568,-0.6548615979684743,1.1205908849685688,0.90518286693973,0.03221335985423189,-0.08679447492008141,0.7357480370295557,-0.2720987025545012,-0.1123138111184144
1.3279622321523883,1.6089266385828864,0.12875352630556158,0.2331034088065678,0.7871411771522169,-2.0326715062040988,0.03221335985423189,-0.08679447492008141,0.7357480370295557,-0.2720987025545012,-0.1123138111184144
-0.3411932202030061,-0.2571814224826446,-1.096261130746446,-1.1226689287820069,0.10931652811408517,-0.8001562173042757,0.03221335985423189,-0.08679447492008141,0.7357480370295557,-0.2720987025545012,-0.1123138111184144
-0.7584820832918546,-0.7237084377490274,-0.7675986617812732,0.017306113468400233,1.522117615801205,-0.5326105387367888,0.03221335985423189,-0.08679447492008141,0.7357480370295557,-0.2720987025545012,-0.1123138111184144
-1.3844153779251274,-1.4234989606486015,-0.22978734892917235,0.6031541308975119,-0.9459692201273464,-1.9075286767894932,0.03221335985423189,-0.08679447492008141,0.7357480370295557,-0.2720987025545012,-0.1123138111184144
-1.314867234076986,-1.3457444581042044,-0.6182066304334675,-1.3628330539007532,-0.5279917952991129,-0.9688200478291378,0.03221335985423189,-0.08679447492008141,0.7357480370295557,-0.2720987025545012,-0.1123138111184144
-0.8280302271399961,-0.8792174428378216,-0.737720255511712,-0.5641371649892816,-0.24617875870487044,0.44156056491087914,0.4826342729600908,-0.13523764351703532,1.051412103548161,-0.1789868221336221,-0.09035971084130805
-0.2716450763548646,-0.17942691993824744,0.5171728078098567,1.2235783517020373,-0.28813818707855376,0.004692132745470455,0.4826342729600908,-0.13523764351703532,1.051412103548161,-0.1789868221336221,-0.09035971084130805
0.980221512911681,1.2201541258609008,0.24826715138380626,1.180517982635422,-0.9417708403452029,-0.003239139283009643,0.4826342729600908,-0.13523764351703532,1.051412103548161,-0.1789868221336221,-0.09035971084130805
-0.8975783709881375,-0.8792174428378216,-1.6041940373289858,-0.4550012777940598,0.14573966447357525,-0.8841649173951411,0.4826342729600908,-0.13523764351703532,1.051412103548161,-0.1789868221336221,-0.09035971084130805
-1.2453190902288447,-1.2679899555598073,0.09887512003600044,-0.8046155184669604,0.3184704615602307,0.7390317114778794,0.4826342729600908,-0.13523764351703532,1.051412103548161,-0.1789868221336221,-0.09035971084130805
-1.1757709463807031,-1.19023545301541,-0.6779634429725898,-0.8242489718566157,-1.475741512877272,-0.6975160453864352,0.4826342729600908,-0.13523764351703532,1.051412103548161,-0.1789868221336221,-0.09035971084130805
-0.5498376517474304,-0.49044493011583595,-1.096261130746446,-1.0155320216408856,0.7275665930325543,0.5654373143555395,0.4826342729600908,-0.13523764351703532,1.051412103548161,-0.1789868221336221,-0.09035971084130805
0.006547499037701083,0.05383658769494393,1.1446193394706412,0.3267861327557552,-0.706484972782085,-0.566534692857525,0.4826342729600908,-0.13523764351703532,1.051412103548161,-0.1789868221336221,-0.09035971084130805
0.14564378673398393,0.2871000953281353,-0.05051691131180538,0.6444128132006476,-3.0006548868740777,0.07534626640983129,0.4826342729600908,-0.13523764351703532,1.051412103548161,-0.1789868221336221,-0.09035971084130805
0.14564378673398393,0.2871000953281353,0.5171728078098567,-0.4412566966125623,2.252026028765336,-1.5461754420774747,0.4826342729600908,-0.13523764351703532,1.051412103548161,-0.1789868221336221,-0.09035971084130805
-0.7584820832918546,-0.7237084377490274,0.8458352767750295,-0.14475037376723843,0.4197074085649483,-0.05885248844038967,0.4826342729600908,-0.13523764351703532,1.051412103548161,-0.1789868221336221,-0.09035971084130805
-0.8975783709881375,-0.8792174428378216,0.06899671376643927,0.8577943741180248,-0.6709859482084453,-1.1763441869131432,0.4826342729600908,-0.13523764351703532,1.051412103548161,-0.1789868221336221,-0.09035971084130805
-0.7584820832918546,-0.7237084377490274,-1.245653162094252,-0.8144369558161985,0.876001299253838,1.0283413166018311,0.4826342729600908,-0.13523764351703532,1.051412103548161,-0.1789868221336221,-0.09035971084130805
-0.6193857955955717,-0.5681994326602331,0.8757136830445906,0.8005610314158436,-0.4914234683475445,-1.9075120126762126,0.4826342729600908,-0.13523764351703532,1.051412103548161,-0.1789868221336221,-0.09035971084130805
-0.6889339394437132,-0.6459539352046302,-2.1718837564506477,-1.8156871050304388,0.21380601795556425,0.7648957852421351,0.4826342729600908,-0.13523764351703532,1.051412103548161,-0.1789868221336221,-0.09035971084130805
0.7715770813672568,0.9868906182277094,-0.3791793802769782,0.7461402264942427,1.5733388821755514,-0.5704572188559718,0.4826342729600908,-0.13523764351703532,1.051412103548161,-0.1789868221336221,-0.09035971084130805
0.8411252252153982,1.0646451207721066,-1.0066259119377625,-1.431158048059183,0.2415442014827207,-0.4822711723706046,0.4826342729600908,-0.13523764351703532,1.051412103548161,-0.1789868221336221,-0.09035971084130805
-0.2716450763548646,-0.17942691993824744,-0.3194225677378558,-0.9247455188623945,-1.1200711091158186,-0.5354049500282193,0.4826342729600908,-0.13523764351703532,1.051412103548161,-0.1789868221336221,-0.09035971084130805
-0.4107413640511475,-0.3349359250270417,0.756200057966346,0.9264784864009491,-2.796623042652737,-0.2449158037392629,0.4826342729600908,-0.13523764351703532,1.051412103548161,-0.1789868221336221,-0.09035971084130805
-0.4802895078992889,-0.4126904275714388,0.09887512003600044,0.2677511032900974,1.3697539213541106,0.6308465028115356,0.4826342729600908,-0.13523764351703532,1.051412103548161,-0.1789868221336221,-0.09035971084130805
-1.1062228025325618,-1.112480950471013,1.11474093320108,0.6841247382731263,0.2012108012159362,-1.119097556386013,0.4826342729600908,-0.13523764351703532,1.051412103548161,-0.1789868221336221,-0.09035971084130805
-0.2716450763548646,-0.17942691993824744,-1.5444372247898634,-0.6029252476026008,-0.9625190172238571,1.6345352395660226,0.4826342729600908,-0.13523764351703532,1.051412103548161,-0.1789868221336221,-0.09035971084130805
-0.4107413640511475,-0.3349359250270417,-0.6779634429725898,1.7962254528881267,-0.3884038299506526,0.15792698790106197,0.4826342729600908,-0.13523764351703532,1.051412103548161,-0.1789868221336221,-0.09035971084130805
-0.13254878865858177,-0.0239179148494532,0.39765918273161205,0.20612798487167128,-1.0467059831266516,-2.4346560368292782,0.4826342729600908,-0.13523764351703532,1.051412103548161,-0.1789868221336221,-0.09035971084130805
-1.1062228025325618,-1.112480950471013,-0.8273554743203956,0.7449736467842699,0.4931627578129788,1.07153732868675,0.4826342729600908,-0.13523764351703532,1.051412103548161,-0.1789868221336221,-0.09035971084130805
-1.1757709463807031,-1.19023545301541,-0.46881459908566164,-1.22039782777277,0.27271023929117083,1.6987519838769072,0.4826342729600908,-0.13523764351703532,1.051412103548161,-0.1789868221336221,-0.09035971084130805
-0.8975783709881375,-0.8792174428378216,-0.8273554743203956,0.33019553815991615,1.827415861142752,0.5194066309033603,0.4826342729600908,-0.13523764351703532,1.051412103548161,-0.1789868221336221,-0.09035971084130805
-1.0366746586844204,-1.0347264479266158,0.4574159952707344,-0.10683403931723476,-0.9807532160114277,-1.1482498409068025,0.4826342729600908,-0.13523764351703532,1.051412103548161,-0.1789868221336221,-0.09035971084130805
-0.7584820832918546,-0.7237084377490274,-1.0066259119377625,-0.7146154178777578,-0.07630628472007901,-0.8136618785032813,0.4826342729600908,-0.13523764351703532,1.051412103548161,-0.1789868221336221,-0.09035971084130805
-0.6889339394437132,-0.6459539352046302,-0.5883282241639063,-1.415342441520835,2.3100260663502667,0.9210801942972158,0.4826342729600908,-0.13523764351703532,1.051412103548161,-0.1789868221336221,-0.09035971084130805
0.07609564288584252,0.20934559278373818,0.3677807764620509,0.4628204108313899,1.4227957219319407,-0.1988004943856394,0.4826342729600908,-0.13523764351703532,1.051412103548161,-0.1789868221336221,-0.09035971084130805
-0.8975783709881375,-0.8792174428378216,0.4872944015402955,-1.1029961275731541,0.5067092208715509,-0.37567032000312495,0.21379234921768314,-0.13624687619613854,0.9300957692148024,-0.1789868221336221,-0.19335917362719618
-1.5930598094695518,-1.656762468281793,1.0251057143923965,0.7500661412996812,-0.9372070124984745,1.0457023987489233,0.21379234921768314,-0.13624687619613854,0.9300957692148024,-0.1789868221336221,-0.19335917362719618
-0.8975783709881375,-0.8792174428378216,0.4574159952707344,0.9428571546900477,-1.050081098224866,-1.510587470431866,0.21379234921768314,-0.13624687619613854,0.9300957692148024,-0.1789868221336221,-0.19335917362719618
-1.2453190902288447,-1.2679899555598073,1.4434034021662527,1.220610639423222,0.08998632903717073,1.1051757712957961,0.21379234921768314,-0.13624687619613854,0.9300957692148024,-0.1789868221336221,-0.19335917362719618
-0.3411932202030061,-0.2571814224826446,0.06899671376643927,1.3974258840252718,0.1419224116827806,-0.9659710616269448,0.21379234921768314,-0.13624687619613854,0.9300957692148024,-0.1789868221336221,-0.19335917362719618
-0.2020969325067232,-0.10167241739385033,1.2043761520097633,-0.05038709880434529,-0.8719107764182407,1.2196399886676517,0.21379234921768314,-0.13624687619613854,0.9300957692148024,-0.1789868221336221,-0.19335917362719618
0.35428821827840823,0.5203636029613267,0.6665648391576625,1.4367465476843344,-2.2370395016409663,0.37393401653892955,0.21379234921768314,-0.13624687619613854,0.9300957692148024,-0.1789868221336221,-0.19335917362719618
-0.13254878865858177,-0.0239179148494532,0.15863193257512276,-0.6560763926118282,-0.5742397248508377,-0.26759305616013757,0.21379234921768314,-0.13624687619613854,0.9300957692148024,-0.1789868221336221,-0.19335917362719618
-0.6193857955955717,-0.5681994326602331,-0.11027372385092771,0.33414306655618153,-1.6564842005951597,-0.024928597990503076,0.21379234921768314,-0.13624687619613854,0.9300957692148024,-0.1789868221336221,-0.19335917362719618
-0.6889339394437132,-0.6459539352046302,0.3677807764620509,0.0033636848016478783,1.2469617340448444,0.10670521194761642,0.21379234921768314,-0.13624687619613854,0.9300957692148024,-0.1789868221336221,-0.19335917362719618
-0.4107413640511475,-0.3349359250270417,0.009239901227316947,0.3517731063346525,-0.9459216813135384,-1.093961055707305,0.21379234921768314,-0.13624687619613854,0.9300957692148024,-0.1789868221336221,-0.19335917362719618
0.006547499037701083,0.13159109023934107,-1.7237076624072305,-2.053898802444561,0.9673075772876886,0.7308465567530777,0.21379234921768314,-0.13624687619613854,0.9300957692148024,-0.1789868221336221,-0.19335917362719618
1.0497696567598225,1.2979086284052979,-0.9169906931290791,-0.5314435607942843,-0.6182536337479193,2.5994075244999877,0.21379234921768314,-0.13624687619613854,0.9300957692148024,-0.1789868221336221,-0.19335917362719618
1.0497696567598225,1.2979086284052979,-1.1261395370160072,-1.8039841768900553,0.3370186222556906,0.408873507950485,0.21379234921768314,-0.13624687619613854,0.9300957692148024,-0.1789868221336221,-0.19335917362719618
0.07609564288584252,0.20934559278373818,-0.08039531758136653,-0.19174386216956787,2.255552543493939,1.463469931894912,0.21379234921768314,-0.13624687619613854,0.9300957692148024,-0.1789868221336221,-0.19335917362719618
-0.3411932202030061,-0.2571814224826446,-1.3054099746333743,-1.9753705308322942,-1.494263407765328,1.1510585318564177,0.21379234921768314,-0.13624687619613854,0.9300957692148024,-0.1789868221336221,-0.19335917362719618
-0.9671265148362789,-0.9569719453822187,0.7860784642359071,1.0121458933214684,-0.08717221983445067,-0.10218715588855977,0.21379234921768314,-0.13624687619613854,0.9300957692148024,-0.1789868221336221,-0.19335917362719618
-0.13254878865858177,-0.0239179148494532,0.6068080266185402,1.0902790241578624,-0.15312533381878635,-0.5831478088335136,0.21379234921768314,-0.13624687619613854,0.9300957692148024,-0.1789868221336221,-0.19335917362719618
-0.5498376517474304,-0.49044493011583595,-0.3194225677378558,-0.24963669648926196,-1.049080381019049,1.115360762987559,0.21379234921768314,-0.13624687619613854,0.9300957692148024,-0.1789868221336221,-0.19335917362719618
0.4238363621265496,0.5981181055057239,-1.5145588185203023,-0.3971976688108523,0.08056337975292246,0.7340745352624252,0.21379234921768314,-0.13624687619613854,0.9300957692148024,-0.1789868221336221,-0.19335917362719618
0.4238363621265496,0.5981181055057239,-1.275531568363813,0.31166714887557223,0.37831594621881265,1.575212178075345,0.21379234921768314,-0.13624687619613854,0.9300957692148024,-0.1789868221336221,-0.19335917362719618
-0.13254878865858177,-0.0239179148494532,0.009239901227316947,0.11021130234248262,-0.4043709237172199,0.024840727618122078,0.21379234921768314,-0.13624687619613854,0.9300957692148024,-0.1789868221336221,-0.19335917362719618
-1.2453190902288447,-1.2679899555598073,0.24826715138380626,-0.11875199497660648,-1.378845961451331,-0.293475483786237,0.21379234921768314,-0.13624687619613854,0.9300957692148024,-0.1789868221336221,-0.19335917362719618
-0.2020969325067232,-0.10167241739385033,-2.0822485376419646,-1.6395889882881067,0.2245075402939486,0.27301848771724746,0.21379234921768314,-0.13624687619613854,0.9300957692148024,-0.1789868221336221,-0.19335917362719618
-0.8975783709881375,-0.8792174428378216,1.2043761520097633,0.6695294683244997,-1.2149032426579105,1.5750642741658933,0.21379234921768314,-0.13624687619613854,0.9300957692148024,-0.1789868221336221,-0.19335917362719618
-0.6889339394437132,-0.6459539352046302,-0.6779634429725898,-0.2544072039208312,0.9987434665207956,-1.3952381246398549,0.21379234921768314,-0.13624687619613854,0.9300957692148024,-0.1789868221336221,-0.19335917362719618
0.21519193058212538,0.36485459787253244,0.576929620348979,0.9117906659480135,-0.4655604370726074,-0.5263530198279767,0.21379234921768314,-0.13624687619613854,0.9300957692148024,-0.1789868221336221,-0.19335917362719618
-0.06300064481044035,0.05383658769494393,-0.2596657551987335,0.23334503766811346,-0.704478113086134,-0.19374069408293293,0.21379234921768314,-0.13624687619613854,0.9300957692148024,-0.1789868221336221,-0.19335917362719618
-0.2020969325067232,-0.10167241739385033,-0.7974770680508344,0.8182669958595207,0.24625407408198963,-1.0506373354048706,0.21379234921768314,-0.13624687619613854,0.9300957692148024,-0.1789868221336221,-0.19335917362719618
-0.8280302271399961,-0.8014629402934245,-0.8871122868595179,-0.4571615284873968,0.49744704306382925,-0.5170363952620355,0.21379234921768314,-0.13624687619613854,0.9300957692148024,-0.1789868221336221,-0.19335917362719618
-0.8975783709881375,-0.8792174428378216,-0.5883282241639063,0.16348991211811972,0.9435934242781532,1.5382173641573997,1.0604654685205364,-0.13620100198345203,1.4225054824250518,-0.1789868221336221,-0.18190305909171514
-0.6889339394437132,-0.6459539352046302,0.8159568705054683,1.2860133652630352,-0.5576982971506471,1.5316614754970403,1.0604654685205364,-0.13620100198345203,1.4225054824250518,-0.1789868221336221,-0.18190305909171514
0.4238363621265496,0.5981181055057239,0.12875352630556158,-0.6813870158584787,-0.37851571091211844,1.1097619150658473,1.0604654685205364,-0.13620100198345203,1.4225054824250518,-0.1789868221336221,-0.18190305909171514
-0.2020969325067232,-0.10167241739385033,-0.22978734892917235,-0.9346855538638619,0.4178718092378031,-0.27734535814760725,1.0604654685205364,-0.13620100198345203,1.4225054824250518,-0.1789868221336221,-0.18190305909171514
0.07609564288584252,0.20934559278373818,-0.22978734892917235,-0.5012665544439427,0.5990232131382156,-1.0799148953486724,1.0604654685205364,-0.13620100198345203,1.4225054824250518,-0.1789868221336221,-0.18190305909171514
-0.6889339394437132,-0.6459539352046302,-0.5883282241639063,-0.5870919068358823,0.6425150455164967,-0.3549946364387219,1.0604654685205364,-0.13620100198345203,1.4225054824250518,-0.1789868221336221,-0.18190305909171514
-0.5498376517474304,-0.49044493011583595,-0.020638505042244217,0.47465412890600567,-1.002045874534005,-0.8239933080893039,1.0604654685205364,-0.13620100198345203,1.4225054824250518,-0.1789868221336221,-0.18190305909171514
0.006547499037701083,0.13159109023934107,-1.3352883809029354,-0.27834397866343025,2.0530116061586274,-0.3526149042777683,1.0604654685205364,-0.13620100198345203,1.4225054824250518,-0.1789868221336221,-0.18190305909171514
-1.3844153779251274,-1.4234989606486015,-0.22978734892917235,-0.16507379947942027,-0.671118814209482,0.6152667148917083,1.0604654685205364,-0.13620100198345203,1.4225054824250518,-0.1789868221336221,-0.18190305909171514
-0.4802895078992889,-0.4126904275714388,-1.275531568363813,-0.7278734161683513,0.031928509673218815,-0.6873958232565912,1.0604654685205364,-0.13620100198345203,1.4225054824250518,-0.1789868221336221,-0.18190305909171514
-0.13254878865858177,-0.0239179148494532,-2.709695069302749,-2.8926640719690973,-0.8639421522257383,-1.5818585923616493,1.0604654685205364,-0.13620100198345203,1.4225054824250518,-0.1789868221336221,-0.18190305909171514
-0.3411932202030061,-0.2571814224826446,-0.020638505042244217,-1.5539675795224202,0.06963241654782996,-0.8205745432400556,1.0604654685205364,-0.13620100198345203,1.4225054824250518,-0.1789868221336221,-0.18190305909171514
-1.1757709463807031,-1.19023545301541,-1.3054099746333743,-0.714839312510933,-1.9917269516827907,-1.39116030407235,1.0604654685205364,-0.13620100198345203,1.4225054824250518,-0.1789868221336221,-0.18190305909171514
-1.0366746586844204,-1.0347264479266158,1.0251057143923965,-0.22490576083246158,-0.07516881678982348,-0.28835600736229994,1.0604654685205364,-0.13620100198345203,1.4225054824250518,-0.1789868221336221,-0.18190305909171514
-1.314867234076986,-1.3457444581042044,1.0251057143923965,0.589087008437532,1.10762777732203,1.2717357693106524,1.0604654685205364,-0.13620100198345203,1.4225054824250518,-0.1789868221336221,-0.18190305909171514
-1.0366746586844204,-1.0347264479266158,0.4574159952707344,1.8771617001962742,0.774873448275832,1.168217264025142,1.0604654685205364,-0.13620100198345203,1.4225054824250518,-0.1789868221336221,-0.18190305909171514
-0.6193857955955717,-0.5681994326602331,0.6366864328881013,1.0224350709439722,-1.1858756075508874,1.1037833474864216,1.0604654685205364,-0.13620100198345203,1.4225054824250518,-0.1789868221336221,-0.18190305909171514
0.21519193058212538,0.36485459787253244,-0.28954416146829465,1.3005642996407372,0.8454040912541498,-0.898702585505735,1.0604654685205364,-0.13620100198345203,1.4225054824250518,-0.1789868221336221,-0.18190305909171514
0.5629326498228325,0.753627110594518,-0.3194225677378558,-0.5391601669138454,-1.25578867753614,0.05303825216839066,1.0604654685205364,-0.13620100198345203,1.4225054824250518,-0.1789868221336221,-0.18190305909171514
-0.13254878865858177,-0.0239179148494532,1.0251057143923965,0.2810678462121668,1.0053860378310133,-0.605686728889614,1.0604654685205364,-0.13620100198345203,1.4225054824250518,-0.1789868221336221,-0.18190305909171514
-0.4802895078992889,-0.4126904275714388,-0.05051691131180538,0.6067475289210135,1.5260480105913226,-1.4579193101350472,1.0604654685205364,-0.13620100198345203,1.4225054824250518,-0.1789868221336221,-0.18190305909171514
-0.5498376517474304,-0.49044493011583595,1.652552246053181,2.0182313907397553,-0.7490456035395179,0.26540044870050483,1.0604654685205364,-0.13620100198345203,1.4225054824250518,-0.1789868221336221,-0.18190305909171514
-0.2020969325067232,-0.10167241739385033,0.2781455576533674,0.6579362707221554,0.737549869744048,0.47065733645754315,1.0604654685205364,-0.13620100198345203,1.4225054824250518,-0.1789868221336221,-0.18190305909171514
0.632480793670974,0.8313816131389152,-0.3791793802769782,1.0498372247490229,-1.2213353650581615,-1.2783742250438572,1.0604654685205364,-0.13620100198345203,1.4225054824250518,-0.1789868221336221,-0.18190305909171514
1.2584140883042467,1.5311721360384893,0.7860784642359071,0.6756411267765616,-0.12553410879601368,0.12692302594614494,1.0604654685205364,-0.13620100198345203,1.4225054824250518,-0.1789868221336221,-0.18190305909171514
-0.2716450763548646,-0.17942691993824744,0.2781455576533674,-1.4683899521330246,-0.04560253371237046,-0.46476676006606377,1.0604654685205364,-0.13620100198345203,1.4225054824250518,-0.1789868221336221,-0.18190305909171514
-0.9671265148362789,-0.9569719453822187,0.6366864328881013,-0.17395421433576863,-0.7762008829594892,0.6583175640793479,1.0604654685205364,-0.13620100198345203,1.4225054824250518,-0.1789868221336221,-0.18190305909171514
-0.5498376517474304,-0.49044493011583595,-0.6182066304334675,-0.008363073708110824,-1.0759167270221106,1.4635939663569142,1.0604654685205364,-0.13620100198345203,1.4225054824250518,-0.1789868221336221,-0.18190305909171514
-0.5498376517474304,-0.49044493011583595,1.2641329645488857,0.14895892874733352,1.6645364359041026,0.04123046982869623,1.0604654685205364,-0.13620100198345203,1.4225054824250518,-0.1789868221336221,-0.18190305909171514
-0.13254878865858177,-0.0239179148494532,0.6068080266185402,0.45224360619251086,1.4667441335253244,-0.012212783720400256,1.0604654685205364,-0.13620100198345203,1.4225054824250518,-0.1789868221336221,-0.18190305909171514
-0.13254878865858177,-0.0239179148494532,-1.096261130746446,-1.3774499374402065,1.5105407236905686,-0.5998922662019182,1.0604654685205364,-0.13620100198345203,1.4225054824250518,-0.1789868221336221,-0.18190305909171514
2.3016362460263684,2.697489674204446,-0.5285714116247839,-0.5658823238998304,1.3357102289999796,-1.5881270607388829,0.8834382279196737,-0.1345495303267377,0.32058041663240916,-0.08587494171274303,0.07728622418356133
0.5629326498228325,0.753627110594518,-0.5584498178943451,1.4379391745422274,-0.2589844698338718,0.029527613992002728,0.8834382279196737,-0.1345495303267377,0.32058041663240916,-0.08587494171274303,0.07728622418356133
0.2847400744302668,0.4426091004169296,-0.28954416146829465,-0.9362772008600806,0.7953391744158239,0.3827773706414992,0.8834382279196737,-0.1345495303267377,0.32058041663240916,-0.08587494171274303,0.07728622418356133
0.006547499037701083,0.13159109023934107,-0.8871122868595179,-0.1559877784129044,-1.002953072246301,-0.32048280339065616,0.8834382279196737,-0.1345495303267377,0.32058041663240916,-0.08587494171274303,0.07728622418356133
0.2847400744302668,0.4426091004169296,-1.8432212874854752,-0.9493938795183469,1.6177632693420418,0.5901272303760879,0.8834382279196737,-0.1345495303267377,0.32058041663240916,-0.08587494171274303,0.07728622418356133
-0.5498376517474304,-0.49044493011583595,-1.1858963495551296,-1.0794749988079804,1.1798820269718207,0.8048083391160508,0.8834382279196737,-0.1345495303267377,0.32058041663240916,-0.08587494171274303,0.07728622418356133
-0.7584820832918546,-0.7237084377490274,0.1885103388446839,0.23495109372488346,1.5451363332366923,-0.3464363440355198,0.8834382279196737,-0.1345495303267377,0.32058041663240916,-0.08587494171274303,0.07728622418356133
0.9106733690635397,1.1423996233165037,-0.9767475056682013,0.3892749031965019,0.2321736803807338,-0.05267108543349205,0.8834382279196737,-0.1345495303267377,0.32058041663240916,-0.08587494171274303,0.07728622418356133
0.5629326498228325,0.753627110594518,-0.5285714116247839,0.2993856415346127,0.5560413455460945,0.7556860999940271,0.8834382279196737,-0.1345495303267377,0.32058041663240916,-0.08587494171274303,0.07728622418356133
0.14564378673398393,0.2871000953281353,1.2641329645488857,0.8743260001268165,-0.9093539978789956,-0.09179823955329813,0.8834382279196737,-0.1345495303267377,0.32058041663240916,-0.08587494171274303,0.07728622418356133
-0.8975783709881375,-0.8792174428378216,-1.1261395370160072,-0.08980252974625871,-0.1169364459858755,0.8521386867174888,0.8834382279196737,-0.1345495303267377,0.32058041663240916,-0.08587494171274303,0.07728622418356133
-0.3411932202030061,-0.2571814224826446,2.578782840409577,1.0677316153691339,1.8233691810747972,0.7449395113303303,0.8834382279196737,-0.1345495303267377,0.32058041663240916,-0.08587494171274303,0.07728622418356133
-0.8975783709881375,-0.9569719453822187,1.1744977457402022,1.0184177140234958,1.055939428267184,0.6642095121401147,0.8834382279196737,-0.1345495303267377,0.32058041663240916,-0.08587494171274303,0.07728622418356133
-0.2020969325067232,-0.10167241739385033,0.7263216516967849,0.6296329964380434,-0.6767699683972896,-1.2085626987698914,0.8834382279196737,-0.1345495303267377,0.32058041663240916,-0.08587494171274303,0.07728622418356133
0.8411252252153982,1.0646451207721066,0.8757136830445906,-0.4914972113905389,-0.7894448334831681,-0.12687984784199657,0.8834382279196737,-0.1345495303267377,0.32058041663240916,-0.08587494171274303,0.07728622418356133
0.21519193058212538,0.36485459787253244,0.3677807764620509,0.38217234473425793,-1.3905480842615485,0.4249342270812534,0.8834382279196737,-0.1345495303267377,0.32058041663240916,-0.08587494171274303,0.07728622418356133
-0.06300064481044035,0.05383658769494393,-1.3950451934420576,-1.18413908948074,-0.5420800295608904,2.677257137871441,0.8834382279196737,-0.1345495303267377,0.32058041663240916,-0.08587494171274303,0.07728622418356133
-0.6889339394437132,-0.6459539352046302,0.9055920893141518,1.5171923327391212,-1.1534747986396365,-0.23609187271129523,0.8834382279196737,-0.1345495303267377,0.32058041663240916,-0.08587494171274303,0.07728622418356133
-0.7584820832918546,-0.7237084377490274,-0.6480850367030286,-0.8437350094729489,1.3536839212788656,0.5952893653275759,0.8834382279196737,-0.1345495303267377,0.32058041663240916,-0.08587494171274303,0.07728622418356133
-0.3411932202030061,-0.2571814224826446,-1.8730996937550362,-1.351110728948091,-0.5381122334387138,-2.8061763489823184,0.8834382279196737,-0.1345495303267377,0.32058041663240916,-0.08587494171274303,0.07728622418356133
-0.5498376517474304,-0.49044493011583595,0.8458352767750295,-0.03347917463732264,-0.30383949267730015,-0.8848911020968279,0.8834382279196737,-0.1345495303267377,0.32058041663240916,-0.08587494171274303,0.07728622418356133
0.35428821827840823,0.5203636029613267,-0.28954416146829465,0.7419721286326215,1.9030254594638043,-0.14957556897603314,0.8834382279196737,-0.1345495303267377,0.32058041663240916,-0.08587494171274303,0.07728622418356133
0.07609564288584252,0.20934559278373818,0.39765918273161205,0.37978709101847496,-1.1059453260988983,0.012421307153355831,0.8834382279196737,-0.1345495303267377,0.32058041663240916,-0.08587494171274303,0.07728622418356133
-0.3411932202030061,-0.2571814224826446,-0.9468690993986403,-0.3707077193775889,0.47406770489743905,1.284969068553987,0.8834382279196737,-0.1345495303267377,0.32058041663240916,-0.08587494171274303,0.07728622418356133
-0.2716450763548646,-0.17942691993824744,0.5470512140794178,-0.77423124332254,-0.6789125656800734,-0.6366336984658109,0.8834382279196737,-0.1345495303267377,0.32058041663240916,-0.08587494171274303,0.07728622418356133
-0.4107413640511475,-0.3349359250270417,1.0848625269315189,0.24513774533962052,0.7663061705861721,0.9102181161701538,0.8834382279196737,-0.1345495303267377,0.32058041663240916,-0.08587494171274303,0.07728622418356133
-0.4107413640511475,-0.3349359250270417,-1.5145588185203023,-1.0349825908004746,-0.012658950032050552,-0.5806041244952032,0.8834382279196737,-0.1345495303267377,0.32058041663240916,-0.08587494171274303,0.07728622418356133
-0.4107413640511475,-0.3349359250270417,0.4275375890011732,0.5408626537473862,2.5435783819680684,0.09977383881617902,0.8834382279196737,-0.1345495303267377,0.32058041663240916,-0.08587494171274303,0.07728622418356133
-0.06300064481044035,0.05383658769494393,0.8159568705054683,0.5942049959062298,0.17859696023566218,0.7776770982773705,0.8834382279196737,-0.1345495303267377,0.32058041663240916,-0.08587494171274303,0.07728622418356133
0.7715770813672568,0.9868906182277094,-1.5444372247898634,-1.8636426753218511,-1.0363003683810064,-1.111716318807566,0.8834382279196737,-0.1345495303267377,0.32058041663240916,-0.08587494171274303,0.07728622418356133
0.14564378673398393,0.2871000953281353,-0.3791793802769782,-0.6064715390819923,1.1549744739070353,0.4237171991242882,0.8834382279196737,-0.1345495303267377,0.32058041663240916,-0.08587494171274303,0.07728622418356133
-0.6889339394437132,-0.6459539352046302,0.4872944015402955,0.8890254586671179,-0.5872779330163482,1.6418500393240882,-0.1590887867257752,-0.1366138698976306,0.07221844170699004,-0.08587494171274303,0.14950555334958787
-0.2716450763548646,-0.17942691993824744,-1.5743156310594246,-0.1315001342015577,-0.1482667929710356,-0.6880929334099675,-0.1590887867257752,-0.1366138698976306,0.07221844170699004,-0.08587494171274303,0.14950555334958787
-0.13254878865858177,-0.0239179148494532,-1.634072443598547,-0.2201568669917192,-1.4138956294331377,0.23844520490338822,-0.1590887867257752,-0.1366138698976306,0.07221844170699004,-0.08587494171274303,0.14950555334958787
0.2847400744302668,0.4426091004169296,-1.275531568363813,0.8403222798109774,0.47728378523183657,0.6904785849834834,-0.1590887867257752,-0.1366138698976306,0.07221844170699004,-0.08587494171274303,0.14950555334958787
0.5629326498228325,0.753627110594518,0.15863193257512276,0.26287862404540163,-0.19564275524463146,0.6318572934823058,-0.1590887867257752,-0.1366138698976306,0.07221844170699004,-0.08587494171274303,0.14950555334958787
1.5366066636968125,1.842190146216078,-0.7974770680508344,0.5580770475484287,-0.1055402522191602,1.3099512709003311,-0.1590887867257752,-0.1366138698976306,0.07221844170699004,-0.08587494171274303,0.14950555334958787
-0.2716450763548646,-0.17942691993824744,-0.707841849242151,0.6866429987016867,0.8354510985275714,-0.471485294160967,-0.1590887867257752,-0.1366138698976306,0.07221844170699004,-0.08587494171274303,0.14950555334958787
-0.6193857955955717,-0.5681994326602331,0.3080239639229286,0.26827315463774576,-1.5700771208049638,2.2125560180878074,-0.1590887867257752,-0.1366138698976306,0.07221844170699004,-0.08587494171274303,0.14950555334958787
-0.3411932202030061,-0.2571814224826446,0.5470512140794178,-0.25580987054598203,0.3073636720875453,-0.7849228906370767,-0.1590887867257752,-0.1366138698976306,0.07221844170699004,-0.08587494171274303,0.14950555334958787
-0.6889339394437132,-0.6459539352046302,-0.349300974007417,0.213855674883961,0.5597728771130465,-1.3149374738793138,-0.1590887867257752,-0.1366138698976306,0.07221844170699004,-0.08587494171274303,0.14950555334958787
-0.6193857955955717,-0.5681994326602331,0.7263216516967849,1.3197122785287625,-2.6347004441553383,-0.6016908626830744,-0.1590887867257752,-0.1366138698976306,0.07221844170699004,-0.08587494171274303,0.14950555334958787
0.07609564288584252,0.20934559278373818,-0.4986930053552228,-0.060935639516758906,-0.32270957312710197,0.666344830201896,-0.1590887867257752,-0.1366138698976306,0.07221844170699004,-0.08587494171274303,0.14950555334958787
0.7020289375191153,0.9091361156833123,-1.0365043182073237,-1.6414527448508818,-1.2821679181208365,0.30075147584690576,-0.1590887867257752,-0.1366138698976306,0.07221844170699004,-0.08587494171274303,0.14950555334958787
-0.6193857955955717,-0.5681994326602331,-0.5285714116247839,-1.179040498824324,1.274765761021107,-0.9294565946381607,-0.1590887867257752,-0.1366138698976306,0.07221844170699004,-0.08587494171274303,0.14950555334958787
-0.4107413640511475,-0.3349359250270417,-0.6779634429725898,-0.3887040818108266,0.5236930225237265,-1.0652095443037486,-0.1590887867257752,-0.1366138698976306,0.07221844170699004,-0.08587494171274303,0.14950555334958787
0.2847400744302668,0.4426091004169296,-0.5883282241639063,-0.791309859437623,0.7225218874251903,-3.1700539541469688,-0.1590887867257752,-0.1366138698976306,0.07221844170699004,-0.08587494171274303,0.14950555334958787
0.21519193058212538,0.36485459787253244,0.9055920893141518,0.96763298011241,1.13401906554621,-0.7869058200118616,-0.1590887867257752,-0.1366138698976306,0.07221844170699004,-0.08587494171274303,0.14950555334958787
-0.8975783709881375,-0.8792174428378216,2.250120371444404,2.240659624904448,1.5952011043307222,-1.2697911390801315,-0.1590887867257752,-0.1366138698976306,0.07221844170699004,-0.08587494171274303,0.14950555334958787
1.1888659444561054,1.4534176334940923,-1.3950451934420576,0.05309655729253062,1.0150539346912748,-0.06270490250282926,-0.1590887867257752,-0.1366138698976306,0.07221844170699004,-0.08587494171274303,0.14950555334958787
1.1888659444561054,1.4534176334940923,-0.5584498178943451,-0.7200127194432843,-0.9131687640307758,0.011158661241747041,-0.1590887867257752,-0.1366138698976306,0.07221844170699004,-0.08587494171274303,0.14950555334958787
-0.06300064481044035,0.05383658769494393,-0.11027372385092771,-0.4617957040383694,-0.09018691022560342,-0.3385987408706377,-0.1590887867257752,-0.1366138698976306,0.07221844170699004,-0.08587494171274303,0.14950555334958787
0.14564378673398393,0.2871000953281353,1.1446193394706412,1.5412227663753002,-0.8583073117968046,-0.759364038372768,-0.1590887867257752,-0.1366138698976306,0.07221844170699004,-0.08587494171274303,0.14950555334958787
-0.2716450763548646,-0.17942691993824744,1.2342545582793245,0.19462345841117967,-1.4614676967196163,0.12472815446538933,-0.1590887867257752,-0.1366138698976306,0.07221844170699004,-0.08587494171274303,0.14950555334958787
-0.5498376517474304,-0.49044493011583595,-0.6182066304334675,-0.10391842133425679,-0.39944017670256726,2.8091146576477772,-0.1590887867257752,-0.1366138698976306,0.07221844170699004,-0.08587494171274303,0.14950555334958787
-0.4802895078992889,-0.4126904275714388,1.0251057143923965,0.1307547433253832,-1.0053681721591556,0.06185237967852229,-0.1590887867257752,-0.1366138698976306,0.07221844170699004,-0.08587494171274303,0.14950555334958787
0.14564378673398393,0.2871000953281353,0.8458352767750295,-0.062013548084882276,3.0236700726456593,-0.5212399512895168,-0.1590887867257752,-0.1366138698976306,0.07221844170699004,-0.08587494171274303,0.14950555334958787
0.2847400744302668,0.4426091004169296,-0.737720255511712,-0.31915043814312866,0.6485854121492641,-0.42539623909005064,-0.1590887867257752,-0.1366138698976306,0.07221844170699004,-0.08587494171274303,0.14950555334958787
0.21519193058212538,0.36485459787253244,0.4574159952707344,0.2984324267597169,0.5261086944511547,1.4209631445116593,-0.1590887867257752,-0.1366138698976306,0.07221844170699004,-0.08587494171274303,0.14950555334958787
-0.6193857955955717,-0.5681994326602331,-0.020638505042244217,0.00791861051959181,-0.540686301346271,0.2085292810238445,0.388379083957116,-0.1363156875151683,1.0883419691916014,-0.08587494171274303,0.12721675582680284
-0.06300064481044035,0.05383658769494393,0.5470512140794178,1.4737401480644527,-0.36167732219193394,0.16207810779428788,0.388379083957116,-0.1363156875151683,1.0883419691916014,-0.08587494171274303,0.12721675582680284
-0.4107413640511475,-0.3349359250270417,-1.7834644749463529,-0.05581321849097093,-0.35038959474341025,-0.7341816093368616,0.388379083957116,-0.1363156875151683,1.0883419691916014,-0.08587494171274303,0.12721675582680284
-0.2716450763548646,-0.17942691993824744,0.3677807764620509,-0.14120020292538743,0.014079237580697387,0.5299486520937727,0.388379083957116,-0.1363156875151683,1.0883419691916014,-0.08587494171274303,0.12721675582680284
0.4238363621265496,0.5981181055057239,1.323889777088008,-0.0809282110309118,2.634158955815795,0.99290329665165,0.388379083957116,-0.1363156875151683,1.0883419691916014,-0.08587494171274303,0.12721675582680284
0.7020289375191153,0.9091361156833123,-0.9767475056682013,0.24039882700233597,0.0020023466113155085,-0.5683828915532102,0.388379083957116,-0.1363156875151683,1.0883419691916014,-0.08587494171274303,0.12721675582680284
-0.2716450763548646,-0.17942691993824744,-0.6480850367030286,-0.41366223726862134,1.7354794592291123,-0.006139666837140123,0.388379083957116,-0.1363156875151683,1.0883419691916014,-0.08587494171274303,0.12721675582680284
0.006547499037701083,0.13159109023934107,0.8458352767750295,2.0803011900352546,-0.4973227866027918,0.2579351820812917,0.388379083957116,-0.1363156875151683,1.0883419691916014,-0.08587494171274303,0.12721675582680284
-0.2716450763548646,-0.17942691993824744,0.39765918273161205,1.8988789254194232,-0.2908936762393782,-1.0050984910843994,0.388379083957116,-0.1363156875151683,1.0883419691916014,-0.08587494171274303,0.12721675582680284
-0.6889339394437132,-0.6459539352046302,-0.17003053639005003,0.7921904756251373,-0.3115330002229094,0.40813039050241334,0.388379083957116,-0.1363156875151683,1.0883419691916014,-0.08587494171274303,0.12721675582680284
-0.13254878865858177,-0.0239179148494532,0.9653489018532742,0.7735246460709259,-1.1305016587057024,0.27022307798559514,0.388379083957116,-0.1363156875151683,1.0883419691916014,-0.08587494171274303,0.12721675582680284
1.1193178006079638,1.3756631309496952,-0.28954416146829465,0.8165279330899733,0.5241542082082192,0.10473554164563509,0.388379083957116,-0.1363156875151683,1.0883419691916014,-0.08587494171274303,0.12721675582680284
0.632480793670974,0.8313816131389152,-0.9169906931290791,0.9325929158261932,0.3049555098140964,0.3743927810883646,0.388379083957116,-0.1363156875151683,1.0883419691916014,-0.08587494171274303,0.12721675582680284
-0.06300064481044035,0.05383658769494393,-0.08039531758136653,-0.9539338419811025,0.6264369402852445,0.8539052621143218,0.388379083957116,-0.1363156875151683,1.0883419691916014,-0.08587494171274303,0.12721675582680284
0.07609564288584252,0.20934559278373818,0.1885103388446839,0.21433727002313782,1.1751061236346159,-1.4387505261873095,0.388379083957116,-0.1363156875151683,1.0883419691916014,-0.08587494171274303,0.12721675582680284
-0.06300064481044035,0.05383658769494393,-1.275531568363813,-0.10354489414921117,0.7225519080032564,0.45759901278393394,0.388379083957116,-0.1363156875151683,1.0883419691916014,-0.08587494171274303,0.12721675582680284
-0.9671265148362789,-0.9569719453822187,0.3080239639229286,0.3107771122892458,0.6072464900573498,0.24079875383706464,0.388379083957116,-0.1363156875151683,1.0883419691916014,-0.08587494171274303,0.12721675582680284
1.3279622321523883,1.6089266385828864,-0.8273554743203956,-0.6465037886544082,-0.9747277787596723,-2.3558161997494813,0.388379083957116,-0.1363156875151683,1.0883419691916014,-0.08587494171274303,0.12721675582680284
1.2584140883042467,1.5311721360384893,-0.8572338805899568,0.14168789511557764,-0.8242777145053025,0.3316823807657028,0.388379083957116,-0.1363156875151683,1.0883419691916014,-0.08587494171274303,0.12721675582680284
2.8580213968114996,3.319525694559623,1.2342545582793245,0.9226739402209156,-0.3875711906747815,0.7963504240618476,0.388379083957116,-0.1363156875151683,1.0883419691916014,-0.08587494171274303,0.12721675582680284
1.3279622321523883,1.5311721360384893,-0.11027372385092771,0.015043890961933537,0.613090945980062,1.213448616073581,0.388379083957116,-0.1363156875151683,1.0883419691916014,-0.08587494171274303,0.12721675582680284
0.4933845059746911,0.5981181055057239,-0.6779634429725898,0.4347493441000027,0.033863231380072155,0.1844501916967225,0.388379083957116,-0.1363156875151683,1.0883419691916014,-0.08587494171274303,0.12721675582680284
-0.13254878865858177,-0.0239179148494532,-0.28954416146829465,-0.14271703364567415,0.8141135182301924,-2.2954513881873146,0.388379083957116,-0.1363156875151683,1.0883419691916014,-0.08587494171274303,0.12721675582680284
-0.2716450763548646,-0.17942691993824744,1.7720658711314254,2.4287638142533674,-0.8703261763842775,0.3364215170143884,0.388379083957116,-0.1363156875151683,1.0883419691916014,-0.08587494171274303,0.12721675582680284
0.632480793670974,0.8313816131389152,0.12875352630556158,0.46876248572466245,-0.6215325179643987,1.2729932367321442,0.388379083957116,-0.1363156875151683,1.0883419691916014,-0.08587494171274303,0.12721675582680284
0.4933845059746911,0.675872608050121,0.06899671376643927,-0.7383521283565571,1.03735953907567,0.7946883127603532,0.388379083957116,-0.1363156875151683,1.0883419691916014,-0.08587494171274303,0.12721675582680284
0.632480793670974,0.8313816131389152,-0.737720255511712,0.8699534044443019,-1.0817150411809624,0.352243298941807,0.388379083957116,-0.1363156875151683,1.0883419691916014,-0.08587494171274303,0.12721675582680284
-0.2716450763548646,-0.17942691993824744,0.09887512003600044,-0.39668725555057616,1.3182204184230377,-0.36955205961079257,0.388379083957116,-0.1363156875151683,1.0883419691916014,-0.08587494171274303,0.12721675582680284
-0.2716450763548646,-0.17942691993824744,1.8019442774009866,1.2124262930304015,0.6250426012309072,-1.2648138616535503,0.388379083957116,-0.1363156875151683,1.0883419691916014,-0.08587494171274303,0.12721675582680284
0.07609564288584252,0.20934559278373818,0.5470512140794178,-0.6770160827598755,2.214842251522644,-1.4299646609354781,0.388379083957116,-0.1363156875151683,1.0883419691916014,-0.08587494171274303,0.12721675582680284
-0.8280302271399961,-0.8014629402934245,-1.2157747558246907,-1.3999086750870824,-2.13394929314433,-0.019893707470560074,0.388379083957116,-0.1363156875151683,1.0883419691916014,-0.08587494171274303,0.12721675582680284
-0.13254878865858177,-0.0239179148494532,-0.3194225677378558,-0.33096586779473675,-1.9844876218236938,-0.5599235096963494,0.5803087734730962,-0.13638449883419806,0.40634744104731557,-0.08587494171274303,0.11714491606627793
0.980221512911681,1.2201541258609008,1.712309058592303,1.4141974763116978,0.45941459207671703,1.4373887920723885,0.5803087734730962,-0.13638449883419806,0.40634744104731557,-0.08587494171274303,0.11714491606627793
1.3279622321523883,1.6089266385828864,0.7860784642359071,-0.35075227890408506,1.5583509119382088,2.241811537233302,0.5803087734730962,-0.13638449883419806,0.40634744104731557,-0.08587494171274303,0.11714491606627793
0.2847400744302668,0.4426091004169296,-0.2596657551987335,-0.1798719046650321,0.014542374770935028,0.3112589495519584,0.5803087734730962,-0.13638449883419806,0.40634744104731557,-0.08587494171274303,0.11714491606627793
0.7020289375191153,0.9091361156833123,0.39765918273161205,-0.049616768259515935,-0.5687057674195689,0.2677271380716321,0.5803087734730962,-0.13638449883419806,0.40634744104731557,-0.08587494171274303,0.11714491606627793
0.14564378673398393,0.2871000953281353,-0.05051691131180538,-0.8999098404192855,-1.455860576943067,1.2029074650511413,0.5803087734730962,-0.13638449883419806,0.40634744104731557,-0.08587494171274303,0.11714491606627793
-0.2020969325067232,-0.10167241739385033,-0.14015213012048885,1.4697172491976118,1.6421080115603905,-0.08480274911916119,0.5803087734730962,-0.13638449883419806,0.40634744104731557,-0.08587494171274303,0.11714491606627793
-0.2020969325067232,-0.10167241739385033,-1.275531568363813,-0.10961055444643714,-0.9082659609505287,0.2044865751937111,0.5803087734730962,-0.13638449883419806,0.40634744104731557,-0.08587494171274303,0.11714491606627793
0.2847400744302668,0.4426091004169296,1.7720658711314254,1.2427152466973308,1.302805023958733,-0.8576637313667101,0.5803087734730962,-0.13638449883419806,0.40634744104731557,-0.08587494171274303,0.11714491606627793
1.1888659444561054,1.4534176334940923,0.8458352767750295,-1.083310579887658,-0.9326601979351756,0.15283422425096538,0.5803087734730962,-0.13638449883419806,0.40634744104731557,-0.08587494171274303,0.11714491606627793
-0.4107413640511475,-0.3349359250270417,0.039118307496878106,0.5973733266434822,-1.676703647174811,-1.315253893521685,0.5803087734730962,-0.13638449883419806,0.40634744104731557,-0.08587494171274303,0.11714491606627793
-0.13254878865858177,-0.0239179148494532,-0.11027372385092771,-0.10482563795431663,-0.6192012268404904,-2.250142662536146,0.5803087734730962,-0.13638449883419806,0.40634744104731557,-0.08587494171274303,0.11714491606627793
0.980221512911681,1.2201541258609008,-1.0663827244768849,-0.5334115059487342,-1.297719461695286,1.410077392419877,0.5803087734730962,-0.13638449883419806,0.40634744104731557,-0.08587494171274303,0.11714491606627793
0.4933845059746911,0.675872608050121,-1.45480200598118,-0.9574729289302215,0.012075704324614765,-0.5617398239182119,0.5803087734730962,-0.13638449883419806,0.40634744104731557,-0.08587494171274303,0.11714491606627793
-1.1062228025325618,-1.112480950471013,-0.9169906931290791,0.702851529237362,-1.2330173261198643,0.660947116410573,0.5803087734730962,-0.13638449883419806,0.40634744104731557,-0.08587494171274303,0.11714491606627793
0.07609564288584252,0.20934559278373818,-1.1560179432855684,-0.6727027859034739,0.9552371632321635,-0.062272107961585055,0.5803087734730962,-0.13638449883419806,0.40634744104731557,-0.08587494171274303,0.11714491606627793
0.9106733690635397,1.1423996233165037,0.7860784642359071,0.2559323484706732,-0.7574957532682162,-1.1448193019123216,0.5803087734730962,-0.13638449883419806,0.40634744104731557,-0.08587494171274303,0.11714491606627793
-0.13254878865858177,-0.0239179148494532,-0.46881459908566164,-0.9828999330505499,1.755740335912132,-0.1184129839497482,0.5803087734730962,-0.13638449883419806,0.40634744104731557,-0.08587494171274303,0.11714491606627793
-0.6889339394437132,-0.6459539352046302,0.1885103388446839,-0.6500933073154501,2.102237371026479,-0.18757804481146764,0.5803087734730962,-0.13638449883419806,0.40634744104731557,-0.08587494171274303,0.11714491606627793
0.07609564288584252,0.20934559278373818,-1.096261130746446,-1.6926165478933775,0.18846965061229762,-0.21084580187255703,0.5803087734730962,-0.13638449883419806,0.40634744104731557,-0.08587494171274303,0.11714491606627793
-0.3411932202030061,-0.2571814224826446,-0.737720255511712,-0.4290311629298965,1.3741270447804113,-0.1572448949597287,0.5803087734730962,-0.13638449883419806,0.40634744104731557,-0.08587494171274303,0.11714491606627793
-0.13254878865858177,-0.0239179148494532,1.1744977457402022,1.0021925576487272,1.1297877559595149,1.350858753368723,0.5803087734730962,-0.13638449883419806,0.40634744104731557,-0.08587494171274303,0.11714491606627793
0.4238363621265496,0.5203636029613267,-1.096261130746446,-0.9793059808324112,-2.3187589863581404,0.06846731401587298,0.5803087734730962,-0.13638449883419806,0.40634744104731557,-0.08587494171274303,0.11714491606627793
0.980221512911681,1.2201541258609008,0.6665648391576625,-0.0934369381728657,-0.33841791931102627,-0.7317654726273095,0.5803087734730962,-0.13638449883419806,0.40634744104731557,-0.08587494171274303,0.11714491606627793
0.07609564288584252,0.20934559278373818,-0.8273554743203956,-1.7157514029968657,0.22800912042629912,0.910955396444905,0.5803087734730962,-0.13638449883419806,0.40634744104731557,-0.08587494171274303,0.11714491606627793
-0.6193857955955717,-0.5681994326602331,-0.17003053639005003,-1.1332839728508124,0.021007157533967542,1.4262037459907533,0.5803087734730962,-0.13638449883419806,0.40634744104731557,-0.08587494171274303,0.11714491606627793
-0.13254878865858177,-0.0239179148494532,0.5470512140794178,-0.08540111594264486,-0.13391868584148384,-1.1293091997427382,0.5803087734730962,-0.13638449883419806,0.40634744104731557,-0.08587494171274303,0.11714491606627793
-0.7584820832918546,-0.7237084377490274,0.1885103388446839,0.6400856614783351,-0.6442090735755868,0.20948793673794688,0.5803087734730962,-0.13638449883419806,0.40634744104731557,-0.08587494171274303,0.11714491606627793
0.006547499037701083,0.13159109023934107,-0.020638505042244217,-0.6350214299793773,0.3220354117447172,0.8505758237618926,0.5803087734730962,-0.13638449883419806,0.40634744104731557,-0.08587494171274303,0.11714491606627793
1.7452510952412368,2.0754536538492694,-0.43893619281610047,-0.19881871089998343,1.1876688776643178,-0.11568815990490419,0.5803087734730962,-0.13638449883419806,0.40634744104731557,-0.08587494171274303,0.11714491606627793
1.467058519848671,1.6866811411272835,0.3080239639229286,1.7223507536391145,0.7014674553439615,-1.8040211785399791,0.09174413973748785,-0.13594869381367622,1.3271781096146005,-0.08587494171274303,0.10205627846863742
0.35428821827840823,0.5203636029613267,0.039118307496878106,1.2384645738348614,1.0265144608462626,0.7985631400414896,0.09174413973748785,-0.13594869381367622,1.3271781096146005,-0.08587494171274303,0.10205627846863742
-0.4107413640511475,-0.3349359250270417,-0.7675986617812732,-1.0731666012599377,1.2892189634526543,-0.5301255601094471,0.09174413973748785,-0.13594869381367622,1.3271781096146005,-0.08587494171274303,0.10205627846863742
-0.6889339394437132,-0.6459539352046302,-0.7974770680508344,-0.6332928969079249,-1.3071509932598262,-0.16024009702384082,0.09174413973748785,-0.13594869381367622,1.3271781096146005,-0.08587494171274303,0.10205627846863742
0.14564378673398393,0.2871000953281353,-1.1858963495551296,-0.40096065039314316,-0.5771652114282548,0.2783492341014803,0.09174413973748785,-0.13594869381367622,1.3271781096146005,-0.08587494171274303,0.10205627846863742
-0.7584820832918546,-0.7237084377490274,0.009239901227316947,-0.3942294023373998,-0.3382273197359859,0.1733428205584838,0.09174413973748785,-0.13594869381367622,1.3271781096146005,-0.08587494171274303,0.10205627846863742
0.35428821827840823,0.5203636029613267,0.9952273081228353,1.0824936979033677,-0.23718131036273235,0.8968225653378933,0.09174413973748785,-0.13594869381367622,1.3271781096146005,-0.08587494171274303,0.10205627846863742
0.4238363621265496,0.5981181055057239,0.5470512140794178,-0.3556341794576048,-1.4475979633628815,-1.165389375302732,0.09174413973748785,-0.13594869381367622,1.3271781096146005,-0.08587494171274303,0.10205627846863742
-0.2020969325067232,-0.10167241739385033,-1.0365043182073237,-1.5270497918297288,-0.7654405119007157,0.901868787755903,0.09174413973748785,-0.13594869381367622,1.3271781096146005,-0.08587494171274303,0.10205627846863742
-0.8975783709881375,-0.8792174428378216,-0.4090577865465393,0.10488105832798204,-0.5162616867309119,0.6011715804176008,0.09174413973748785,-0.13594869381367622,1.3271781096146005,-0.08587494171274303,0.10205627846863742
-0.13254878865858177,-0.0239179148494532,0.4872944015402955,-0.05256065016895934,-0.46911917151635585,-0.6900347614505079,0.09174413973748785,-0.13594869381367622,1.3271781096146005,-0.08587494171274303,0.10205627846863742
-0.13254878865858177,-0.0239179148494532,-0.8572338805899568,-1.07412812895438,-0.5737378730883597,-0.3278062560316634,0.09174413973748785,-0.13594869381367622,1.3271781096146005,-0.08587494171274303,0.10205627846863742
0.21519193058212538,0.36485459787253244,-0.22978734892917235,-0.10073956089890951,1.3132178285156828,0.18164716782186385,0.09174413973748785,-0.13594869381367622,1.3271781096146005,-0.08587494171274303,0.10205627846863742
0.4238363621265496,0.5981181055057239,-1.3352883809029354,-1.2019919155031087,-1.984376263818836,0.1617404676285013,0.09174413973748785,-0.13594869381367622,1.3271781096146005,-0.08587494171274303,0.10205627846863742
1.1888659444561054,1.4534176334940923,0.2781455576533674,0.5101641502440333,-0.3121203673493779,-0.6614210498582588,0.09174413973748785,-0.13594869381367622,1.3271781096146005,-0.08587494171274303,0.10205627846863742
-0.13254878865858177,-0.0239179148494532,-0.4090577865465393,0.3799500242416258,0.2144595487988831,-0.26663893647111014,0.09174413973748785,-0.13594869381367622,1.3271781096146005,-0.08587494171274303,0.10205627846863742
-0.13254878865858177,-0.0239179148494532,-2.2913973815288924,-2.6186076196564625,0.0660393177724475,0.7795154228469462,0.09174413973748785,-0.13594869381367622,1.3271781096146005,-0.08587494171274303,0.10205627846863742
-1.1062228025325618,-1.112480950471013,-0.020638505042244217,0.17767230706250647,0.4792700644903089,1.1006357887362515,0.09174413973748785,-0.13594869381367622,1.3271781096146005,-0.08587494171274303,0.10205627846863742
-0.3411932202030061,-0.2571814224826446,-0.349300974007417,0.5745865057717596,-0.8738920294711038,-0.7665387231962244,0.09174413973748785,-0.13594869381367622,1.3271781096146005,-0.08587494171274303,0.10205627846863742
-0.13254878865858177,-0.0239179148494532,-0.46881459908566164,1.384633963424033,0.04616533061356365,1.746750640540043,0.09174413973748785,-0.13594869381367622,1.3271781096146005,-0.08587494171274303,0.10205627846863742
0.980221512911681,1.2201541258609008,0.09887512003600044,-0.03424507162505856,-1.8170778999034163,0.7516487084310847,0.09174413973748785,-0.13594869381367622,1.3271781096146005,-0.08587494171274303,0.10205627846863742
1.7452510952412368,2.0754536538492694,1.2043761520097633,0.4913930237088728,-0.020412037555803505,-0.7257086840188459,0.09174413973748785,-0.13594869381367622,1.3271781096146005,-0.08587494171274303,0.10205627846863742
-0.06300064481044035,0.05383658769494393,-0.14015213012048885,-0.014323991219024862,0.6059498712690086,-1.995505830864589,0.09174413973748785,-0.13594869381367622,1.3271781096146005,-0.08587494171274303,0.10205627846863742
-0.3411932202030061,-0.2571814224826446,0.6964432454272237,-0.3387910960630628,0.24434334342638805,0.5200882937876585,0.09174413973748785,-0.13594869381367622,1.3271781096146005,-0.08587494171274303,0.10205627846863742
0.21519193058212538,0.36485459787253244,1.9513363087487925,0.7880273655152467,0.5453742519830804,0.14966093525021057,0.09174413973748785,-0.13594869381367622,1.3271781096146005,-0.08587494171274303,0.10205627846863742
-0.06300064481044035,0.05383658769494393,-0.4090577865465393,0.16134129951215181,1.3953385655289898,-1.1842174439995075,0.09174413973748785,-0.13594869381367622,1.3271781096146005,-0.08587494171274303,0.10205627846863742
0.5629326498228325,0.753627110594518,0.7860784642359071,0.2908854041989485,-1.3430193216290418,0.6257015415079237,0.09174413973748785,-0.13594869381367622,1.3271781096146005,-0.08587494171274303,0.10205627846863742
-0.06300064481044035,0.05383658769494393,3.3854998096877282,1.6836097775699022,-0.24247001143711006,-1.3189143839058493,0.09174413973748785,-0.13594869381367622,1.3271781096146005,-0.08587494171274303,0.10205627846863742
0.14564378673398393,0.2871000953281353,1.0549841206619577,1.8709253479509846,1.4986478771099858,0.7119140210611415,0.09174413973748785,-0.13594869381367622,1.3271781096146005,-0.08587494171274303,0.10205627846863742
-0.7584820832918546,-0.7237084377490274,-1.245653162094252,-0.15618673428743335,1.4713938455966242,-1.419347976593175,0.09174413973748785,-0.13594869381367622,1.3271781096146005,-0.08587494171274303,0.10205627846863742
0.4238363621265496,0.5981181055057239,0.06899671376643927,1.2447868262488182,0.31523282343624986,0.4707747490681889,0.09174413973748785,-0.13594869381367622,1.3271781096146005,-0.08587494171274303,0.10205627846863742
0.35428821827840823,0.4426091004169296,0.935470495583713,1.340243527229657,-1.5208783365910918,-0.3285387346536266,0.31350329347383477,-0.1367744296420334,0.5439198190424129,-0.08587494171274303,0.12691387327619114
-0.06300064481044035,0.05383658769494393,-0.17003053639005003,0.32432329179085473,0.5509930339589736,0.4817582345030941,0.31350329347383477,-0.1367744296420334,0.5439198190424129,-0.08587494171274303,0.12691387327619114
0.4238363621265496,0.5981181055057239,-1.1560179432855684,-1.263699825700931,-0.7358464476107229,-0.47277395034910435,0.31350329347383477,-0.1367744296420334,0.5439198190424129,-0.08587494171274303,0.12691387327619114
0.4238363621265496,0.5981181055057239,1.2940113708184469,0.15406195296084294,-0.783832071820877,0.18698577621756124,0.31350329347383477,-0.1367744296420334,0.5439198190424129,-0.08587494171274303,0.12691387327619114
1.1193178006079638,1.3756631309496952,-1.096261130746446,-0.5123110993560844,0.14140563182957616,-0.8409004145122403,0.31350329347383477,-0.1367744296420334,0.5439198190424129,-0.08587494171274303,0.12691387327619114
0.5629326498228325,0.753627110594518,1.2342545582793245,1.7623259211639626,-0.5449697509299649,-0.07236560685780007,0.31350329347383477,-0.1367744296420334,0.5439198190424129,-0.08587494171274303,0.12691387327619114
-0.9671265148362789,-0.9569719453822187,-0.4986930053552228,-0.17907275599910025,0.37015311526045197,-0.06837526159527482,0.31350329347383477,-0.1367744296420334,0.5439198190424129,-0.08587494171274303,0.12691387327619114
0.4933845059746911,0.675872608050121,2.0110931212879146,1.2965364130221688,0.3232033836194418,1.2808371499416082,0.31350329347383477,-0.1367744296420334,0.5439198190424129,-0.08587494171274303,0.12691387327619114
0.07609564288584252,0.20934559278373818,-1.3651667871724964,-0.519444692717976,1.2551147210682727,2.0869688831623354,0.31350329347383477,-0.1367744296420334,0.5439198190424129,-0.08587494171274303,0.12691387327619114
0.21519193058212538,0.36485459787253244,0.009239901227316947,0.591965495379861,-0.6379405252759331,0.3819597097662598,0.31350329347383477,-0.1367744296420334,0.5439198190424129,-0.08587494171274303,0.12691387327619114
0.21519193058212538,0.36485459787253244,0.5470512140794178,-0.36650803242168295,-0.6057044325674312,0.987752769942841,0.31350329347383477,-0.1367744296420334,0.5439198190424129,-0.08587494171274303,0.12691387327619114
0.980221512911681,1.1423996233165037,-0.9767475056682013,-0.8517065451253262,0.07872612453445159,0.2657608110236208,0.31350329347383477,-0.1367744296420334,0.5439198190424129,-0.08587494171274303,0.12691387327619114
0.4238363621265496,0.5981181055057239,1.503160214705375,2.1340625033393423,-0.5221260352809651,0.24021092533465258,0.31350329347383477,-0.1367744296420334,0.5439198190424129,-0.08587494171274303,0.12691387327619114
-0.3411932202030061,-0.2571814224826446,0.7263216516967849,-0.5567735808532135,0.5671631334531243,-0.6358329432031855,0.31350329347383477,-0.1367744296420334,0.5439198190424129,-0.08587494171274303,0.12691387327619114
0.006547499037701083,0.13159109023934107,0.8458352767750295,1.2881209674658978,0.5466808202035581,-0.4304155016569918,0.31350329347383477,-0.1367744296420334,0.5439198190424129,-0.08587494171274303,0.12691387327619114
0.35428821827840823,0.5203636029613267,-0.349300974007417,0.5351893632528506,-0.44755436045773833,-0.005264952365942608,0.31350329347383477,-0.1367744296420334,0.5439198190424129,-0.08587494171274303,0.12691387327619114
0.7715770813672568,0.9868906182277094,-0.737720255511712,-1.1290316374044318,-1.7247606864283809,0.4456429794339834,0.31350329347383477,-0.1367744296420334,0.5439198190424129,-0.08587494171274303,0.12691387327619114
0.4933845059746911,0.675872608050121,1.5927954335140586,0.602881467136322,-1.0547986339688262,-1.693415469432107,0.31350329347383477,-0.1367744296420334,0.5439198190424129,-0.08587494171274303,0.12691387327619114
-0.3411932202030061,-0.2571814224826446,0.15863193257512276,-0.7751207257142294,-0.18535479411402758,-0.33439158561453236,0.31350329347383477,-0.1367744296420334,0.5439198190424129,-0.08587494171274303,0.12691387327619114
-0.2716450763548646,-0.17942691993824744,2.040971527557476,1.3347370493207285,-1.2501136562546218,1.4062087943542099,0.31350329347383477,-0.1367744296420334,0.5439198190424129,-0.08587494171274303,0.12691387327619114
0.006547499037701083,0.13159109023934107,-0.5883282241639063,-1.1143510214817751,0.42565439507979574,0.07056225857440024,0.31350329347383477,-0.1367744296420334,0.5439198190424129,-0.08587494171274303,0.12691387327619114
0.006547499037701083,0.13159109023934107,-1.096261130746446,-0.8782751901969844,1.2067638751839092,0.49715068867159334,0.31350329347383477,-0.1367744296420334,0.5439198190424129,-0.08587494171274303,0.12691387327619114
-0.2020969325067232,-0.10167241739385033,1.8019442774009866,1.5487337662846905,-0.1529232214070856,0.20717745361316633,0.31350329347383477,-0.1367744296420334,0.5439198190424129,-0.08587494171274303,0.12691387327619114
0.8411252252153982,1.0646451207721066,-0.9169906931290791,-1.036003971515667,-0.6671794639366917,0.44221595634914584,0.31350329347383477,-0.1367744296420334,0.5439198190424129,-0.08587494171274303,0.12691387327619114
1.6061548075449539,1.919944648760475,1.5330386209749363,0.9260800204572573,0.46328230288570016,-1.7639509744959512,0.31350329347383477,-0.1367744296420334,0.5439198190424129,-0.08587494171274303,0.12691387327619114
0.7020289375191153,0.9091361156833123,-0.5883282241639063,-0.17742291856604261,-1.1955368751752549,-1.1966242247596006,0.31350329347383477,-0.1367744296420334,0.5439198190424129,-0.08587494171274303,0.12691387327619114
0.4933845059746911,0.675872608050121,-0.43893619281610047,-1.3815676035898983,-0.8682086882678828,-0.46037748684051305,0.31350329347383477,-0.1367744296420334,0.5439198190424129,-0.08587494171274303,0.12691387327619114
-0.2716450763548646,-0.17942691993824744,0.21838874511424508,0.3493557093299444,0.7236491210847176,-1.6089642876095718,0.31350329347383477,-0.1367744296420334,0.5439198190424129,-0.08587494171274303,0.12691387327619114
0.07609564288584252,0.20934559278373818,-0.4090577865465393,-0.22662653517900133,-0.13310413343018812,-0.3861649960611282,0.31350329347383477,-0.1367744296420334,0.5439198190424129,-0.08587494171274303,0.12691387327619114
0.14564378673398393,0.2871000953281353,-1.1261395370160072,-1.0867222020703642,-0.6758150913210095,-1.0273343324482913,0.31350329347383477,-0.1367744296420334,0.5439198190424129,-0.08587494171274303,0.12691387327619114
-0.3411932202030061,-0.2571814224826446,-0.6182066304334675,0.44464227255735994,-0.3024996118592517,0.11933023538229287,0.7538243036040304,-0.13649918436591432,0.6936065735242838,-0.08587494171274303,0.12340648500145854
1.0497696567598225,1.2979086284052979,0.576929620348979,0.34024419531014855,0.5238939215744466,0.7566825646258863,0.7538243036040304,-0.13649918436591432,0.6936065735242838,-0.08587494171274303,0.12340648500145854
2.440732533722651,2.8529986792932407,2.250120371444404,1.5251854819823254,0.3900148200909936,0.5300152351311439,0.7538243036040304,-0.13649918436591432,0.6936065735242838,-0.08587494171274303,0.12340648500145854
0.2847400744302668,0.4426091004169296,0.39765918273161205,0.7989904438158145,-0.28067999641657704,-0.2489026616999564,0.7538243036040304,-0.13649918436591432,0.6936065735242838,-0.08587494171274303,0.12340648500145854
0.4933845059746911,0.675872608050121,0.33790237019248975,0.5085858039190916,-1.0330865120573378,-1.1841615932022822,0.7538243036040304,-0.13649918436591432,0.6936065735242838,-0.08587494171274303,0.12340648500145854
0.4238363621265496,0.5981181055057239,-0.28954416146829465,-0.15074288037243394,1.3710857180565774,-0.38842586390917794,0.7538243036040304,-0.13649918436591432,0.6936065735242838,-0.08587494171274303,0.12340648500145854
0.7020289375191153,0.9091361156833123,-0.020638505042244217,1.0146458653270212,-3.0171320820894505,0.255477642390134,0.7538243036040304,-0.13649918436591432,0.6936065735242838,-0.08587494171274303,0.12340648500145854
-0.7584820832918546,-0.7237084377490274,0.33790237019248975,2.1735194988789983,-0.6319862553199055,-0.20322514602114636,0.7538243036040304,-0.13649918436591432,0.6936065735242838,-0.08587494171274303,0.12340648500145854
1.7452510952412368,1.997699151304872,-2.201762162720209,-0.9964821352035305,0.49840869657420994,-0.4594891661729028,0.7538243036040304,-0.13649918436591432,0.6936065735242838,-0.08587494171274303,0.12340648500145854
0.4238363621265496,0.5981181055057239,-0.4986930053552228,-0.2349145159688595,0.9580366084377814,-0.5239483871929761,0.7538243036040304,-0.13649918436591432,0.6936065735242838,-0.08587494171274303,0.12340648500145854
0.5629326498228325,0.753627110594518,-0.4986930053552228,-0.19444722360674305,-0.05186324948469205,0.9527925603349784,0.7538243036040304,-0.13649918436591432,0.6936065735242838,-0.08587494171274303,0.12340648500145854
0.006547499037701083,0.13159109023934107,0.4574159952707344,-0.9049812755385069,-2.1409757154068387,-0.3708652186806857,0.7538243036040304,-0.13649918436591432,0.6936065735242838,-0.08587494171274303,0.12340648500145854
-0.3411932202030061,-0.2571814224826446,-0.05051691131180538,-1.6013473415864385,0.4099030601183719,-0.2067247293843667,0.7538243036040304,-0.13649918436591432,0.6936065735242838,-0.08587494171274303,0.12340648500145854
-0.13254878865858177,-0.0239179148494532,0.24826715138380626,0.022899599935270125,-2.062160587405989,0.6732257554727625,0.7538243036040304,-0.13649918436591432,0.6936065735242838,-0.08587494171274303,0.12340648500145854
0.7715770813672568,0.9868906182277094,0.8159568705054683,0.49075847085000296,-0.11188664815784638,0.7466739486316454,0.7538243036040304,-0.13649918436591432,0.6936065735242838,-0.08587494171274303,0.12340648500145854
1.7452510952412368,1.997699151304872,-0.6182066304334675,-0.18912972606888245,0.4898841355555393,0.5065921693089913,0.7538243036040304,-0.13649918436591432,0.6936065735242838,-0.08587494171274303,0.12340648500145854
1.6757029513930954,1.997699151304872,1.1744977457402022,1.331744952477904,1.0599312297640557,-0.9704326288070936,0.7538243036040304,-0.13649918436591432,0.6936065735242838,-0.08587494171274303,0.12340648500145854
-0.3411932202030061,-0.2571814224826446,-0.7675986617812732,-2.204958405506799,-1.4632196552119852,-0.022241377334334657,0.7538243036040304,-0.13649918436591432,0.6936065735242838,-0.08587494171274303,0.12340648500145854
-0.3411932202030061,-0.2571814224826446,1.0549841206619577,-0.051901712746083684,0.3970166410011512,-1.7590493440983785,0.7538243036040304,-0.13649918436591432,0.6936065735242838,-0.08587494171274303,0.12340648500145854
-0.6193857955955717,-0.5681994326602331,-0.4986930053552228,0.8762412967907918,0.6850907008911656,1.0627326626762115,0.7538243036040304,-0.13649918436591432,0.6936065735242838,-0.08587494171274303,0.12340648500145854
-0.13254878865858177,-0.0239179148494532,-1.3950451934420576,-0.6963680052741571,0.4600145049925132,-1.058666590162212,0.7538243036040304,-0.13649918436591432,0.6936065735242838,-0.08587494171274303,0.12340648500145854
0.14564378673398393,0.2871000953281353,0.8458352767750295,0.7357640403138006,2.026021838342292,1.1360378323302087,0.7538243036040304,-0.13649918436591432,0.6936065735242838,-0.08587494171274303,0.12340648500145854
0.07609564288584252,0.20934559278373818,2.279998777713965,2.2610218442411933,0.1745762470394913,1.2892891600570104,0.7538243036040304,-0.13649918436591432,0.6936065735242838,-0.08587494171274303,0.12340648500145854
1.1193178006079638,1.3756631309496952,-0.8572338805899568,-1.5627726239081963,1.6386563197629236,-0.4574454873235176,0.7538243036040304,-0.13649918436591432,0.6936065735242838,-0.08587494171274303,0.12340648500145854
0.35428821827840823,0.5203636029613267,0.5470512140794178,2.069063231194948,1.1878948286924373,-0.4182074914310342,0.7538243036040304,-0.13649918436591432,0.6936065735242838,-0.08587494171274303,0.12340648500145854
-0.2716450763548646,-0.17942691993824744,0.2781455576533674,0.8928460764916105,-0.1255578838034767,-0.11344366481487603,0.7538243036040304,-0.13649918436591432,0.6936065735242838,-0.08587494171274303,0.12340648500145854
-0.2020969325067232,-0.10167241739385033,-1.3352883809029354,-1.219402494205498,2.1564791009578337,-2.0006499458737483,0.7538243036040304,-0.13649918436591432,0.6936065735242838,-0.08587494171274303,0.12340648500145854
0.2847400744302668,0.4426091004169296,-0.8572338805899568,0.3565535892696763,-1.0514621469765981,-0.45573050871589016,0.7538243036040304,-0.13649918436591432,0.6936065735242838,-0.08587494171274303,0.12340648500145854
0.4933845059746911,0.675872608050121,1.4135249958966916,-0.1032755555558404,-1.3640884814942265,0.30725744160348484,0.7538243036040304,-0.13649918436591432,0.6936065735242838,-0.08587494171274303,0.12340648500145854
0.7020289375191153,0.9091361156833123,0.1885103388446839,0.7159005961499655,-0.13438967367939564,-0.890509077641907,0.7538243036040304,-0.13649918436591432,0.6936065735242838,-0.08587494171274303,0.12340648500145854
2.8580213968114996,3.319525694559623,0.8159568705054683,0.18064777806623458,-1.671218795992405,-0.3700641908393733,0.7538243036040304,-0.13649918436591432,0.6936065735242838,-0.08587494171274303,0.12340648500145854
0.980221512911681,1.2201541258609008,0.09887512003600044,0.5910460864777982,1.458391546395545,0.45778840004585575,0.5175101137085312,-0.1364533101532278,0.491389673706603,-0.08587494171274303,0.12632251129963745
0.07609564288584252,0.20934559278373818,-0.349300974007417,-2.3745037248663636,-2.1090173352892223,1.4806742652090765,0.5175101137085312,-0.1364533101532278,0.491389673706603,-0.08587494171274303,0.12632251129963745
0.4933845059746911,0.675872608050121,0.7860784642359071,2.3257872462489515,0.3691323541295142,0.516395277323862,0.5175101137085312,-0.1364533101532278,0.491389673706603,-0.08587494171274303,0.12632251129963745
0.35428821827840823,0.4426091004169296,1.0251057143923965,-0.5113096696478076,0.5042010403259812,0.25471477308833324,0.5175101137085312,-0.1364533101532278,0.491389673706603,-0.08587494171274303,0.12632251129963745
-0.3411932202030061,-0.2571814224826446,-2.1718837564506477,-2.011520646975556,-0.4572267501129313,0.8980705311241309,0.5175101137085312,-0.1364533101532278,0.491389673706603,-0.08587494171274303,0.12632251129963745
0.7020289375191153,0.9091361156833123,-1.6639508498681082,-1.5339550570013518,-0.6325810790197619,0.5816309047272614,0.5175101137085312,-0.1364533101532278,0.491389673706603,-0.08587494171274303,0.12632251129963745
1.467058519848671,1.7644356436716808,1.8019442774009866,3.460490234921697,-1.3345690426935009,2.3780071904662305,0.5175101137085312,-0.1364533101532278,0.491389673706603,-0.08587494171274303,0.12632251129963745
0.7715770813672568,0.9868906182277094,0.09887512003600044,0.4211366612420083,0.5967513773880281,-0.8851054203990778,0.5175101137085312,-0.1364533101532278,0.491389673706603,-0.08587494171274303,0.12632251129963745
0.21519193058212538,0.2871000953281353,0.06899671376643927,0.25579601659007656,-0.23977313801233527,1.3367277128003294,0.5175101137085312,-0.1364533101532278,0.491389673706603,-0.08587494171274303,0.12632251129963745
0.006547499037701083,0.13159109023934107,-0.4090577865465393,0.2251778713090265,0.21027203455516574,-1.0240497365689927,0.5175101137085312,-0.1364533101532278,0.491389673706603,-0.08587494171274303,0.12632251129963745
-0.13254878865858177,-0.0239179148494532,-2.1718837564506477,-1.1236226977515398,-0.20254434639057034,-0.5126775927757206,0.5175101137085312,-0.1364533101532278,0.491389673706603,-0.08587494171274303,0.12632251129963745
0.4238363621265496,0.5981181055057239,0.4574159952707344,0.19466114364646583,1.5354410972643822,-1.0208750195427947,0.5175101137085312,-0.1364533101532278,0.491389673706603,-0.08587494171274303,0.12632251129963745
0.980221512911681,1.2201541258609008,-0.43893619281610047,-0.8795941734320131,0.10419415637283998,-1.0068141042447285,0.5175101137085312,-0.1364533101532278,0.491389673706603,-0.08587494171274303,0.12632251129963745
1.3975103760005296,1.6089266385828864,-0.9468690993986403,0.668836725028791,-2.3066820524354945,0.14212799194340178,0.5175101137085312,-0.1364533101532278,0.491389673706603,-0.08587494171274303,0.12632251129963745
0.006547499037701083,0.13159109023934107,-0.6480850367030286,0.162832083084515,-0.9244331007447286,1.1695471066684848,0.5175101137085312,-0.1364533101532278,0.491389673706603,-0.08587494171274303,0.12632251129963745
-0.06300064481044035,0.05383658769494393,-0.05051691131180538,0.2743892466468979,0.13449066974192808,0.3201575535374962,0.5175101137085312,-0.1364533101532278,0.491389673706603,-0.08587494171274303,0.12632251129963745
0.7715770813672568,0.9868906182277094,0.4275375890011732,-1.2446887328881362,0.7986140098612595,0.41449125216028737,0.5175101137085312,-0.1364533101532278,0.491389673706603,-0.08587494171274303,0.12632251129963745
-0.2020969325067232,-0.10167241739385033,0.9952273081228353,-0.2598538288090096,-0.29737682761627077,-0.7388162600904469,0.5175101137085312,-0.1364533101532278,0.491389673706603,-0.08587494171274303,0.12632251129963745
0.980221512911681,1.2201541258609008,-1.6639508498681082,-1.8047079550854117,0.5916763937307499,0.8714517638081329,0.5175101137085312,-0.1364533101532278,0.491389673706603,-0.08587494171274303,0.12632251129963745
0.006547499037701083,0.05383658769494393,0.8458352767750295,0.1507739161820903,-0.7815013745558705,-1.403792687831211,0.5175101137085312,-0.1364533101532278,0.491389673706603,-0.08587494171274303,0.12632251129963745
1.1193178006079638,1.3756631309496952,1.0251057143923965,0.41354419472104104,-1.7852120282769832,-1.4294845797964641,0.5175101137085312,-0.1364533101532278,0.491389673706603,-0.08587494171274303,0.12632251129963745
0.14564378673398393,0.2871000953281353,0.4574159952707344,-0.3494637763740669,0.5872803552277185,-1.6198863312021974,0.5175101137085312,-0.1364533101532278,0.491389673706603,-0.08587494171274303,0.12632251129963745
-0.06300064481044035,0.05383658769494393,1.473281808435814,0.7763310877105017,-1.3450454280206443,0.42181032477073716,0.5175101137085312,-0.1364533101532278,0.491389673706603,-0.08587494171274303,0.12632251129963745
0.14564378673398393,0.2871000953281353,0.12875352630556158,-1.1813448401231703,-0.986057728542824,-0.35049230606741894,0.5175101137085312,-0.1364533101532278,0.491389673706603,-0.08587494171274303,0.12632251129963745
-0.5498376517474304,-0.49044493011583595,1.1446193394706412,0.9558308511320821,0.05462438464700396,-1.1380433037500366,0.5175101137085312,-0.1364533101532278,0.491389673706603,-0.08587494171274303,0.12632251129963745
0.07609564288584252,0.20934559278373818,0.39765918273161205,-0.2994538065649039,-0.11930385521631917,-1.3272124885692933,0.5175101137085312,-0.1364533101532278,0.491389673706603,-0.08587494171274303,0.12632251129963745
0.35428821827840823,0.5203636029613267,0.009239901227316947,0.09670114549225507,0.31080679432982644,-0.23549055183263679,0.5175101137085312,-0.1364533101532278,0.491389673706603,-0.08587494171274303,0.12632251129963745
1.1193178006079638,1.3756631309496952,-0.46881459908566164,-1.2816784539057982,-1.2396867899361543,1.2119355083612107,0.5175101137085312,-0.1364533101532278,0.491389673706603,-0.08587494171274303,0.12632251129963745
0.8411252252153982,1.0646451207721066,-1.1858963495551296,-0.22090613814035878,0.4526060638245273,0.7641082790531177,0.5175101137085312,-0.1364533101532278,0.491389673706603,-0.08587494171274303,0.12632251129963745
-0.3411932202030061,-0.2571814224826446,0.3677807764620509,0.9440037833931049,0.9320962208516783,1.1091321411754913,0.5175101137085312,-0.1364533101532278,0.491389673706603,-0.08587494171274303,0.12632251129963745
0.2847400744302668,0.4426091004169296,-0.5883282241639063,-1.416382110659035,1.2109847117098254,-0.688891526278809,0.5175101137085312,-0.1364533101532278,0.491389673706603,-0.08587494171274303,0.12632251129963745
0.4238363621265496,0.5203636029613267,-0.020638505042244217,1.0869089665728988,-1.469612078751198,-0.09578313846466172,0.2371282198674486,-0.13659093279128734,0.38567361906561376,0.10034881912901514,0.06703049943646545
-0.06300064481044035,0.05383658769494393,1.8318226836705478,1.363189401962074,0.0189377710634991,-0.9664897107728498,0.2371282198674486,-0.13659093279128734,0.38567361906561376,0.10034881912901514,0.06703049943646545
1.1888659444561054,1.3756631309496952,1.0549841206619577,0.6296002989544877,-0.7707124692742024,1.6583000142541662,0.2371282198674486,-0.13659093279128734,0.38567361906561376,0.10034881912901514,0.06703049943646545
1.7452510952412368,2.0754536538492694,1.5330386209749363,0.4309963380211696,2.337558502577966,0.7446685003804957,0.2371282198674486,-0.13659093279128734,0.38567361906561376,0.10034881912901514,0.06703049943646545
-0.06300064481044035,0.05383658769494393,-1.484680412250741,-2.2302136092897893,-1.1438678885031812,0.9106925465021449,0.2371282198674486,-0.13659093279128734,0.38567361906561376,0.10034881912901514,0.06703049943646545
-0.5498376517474304,-0.49044493011583595,-0.8871122868595179,-0.650221326276497,0.1191591952944217,-1.1457051220031118,0.2371282198674486,-0.13659093279128734,0.38567361906561376,0.10034881912901514,0.06703049943646545
0.2847400744302668,0.4426091004169296,-0.19990894265961118,0.10959392951734627,1.662975763803753,0.9687910480267928,0.2371282198674486,-0.13659093279128734,0.38567361906561376,0.10034881912901514,0.06703049943646545
-0.4107413640511475,-0.3349359250270417,0.39765918273161205,1.7322508866267474,-0.8873725778909641,0.6657012331303034,0.2371282198674486,-0.13659093279128734,0.38567361906561376,0.10034881912901514,0.06703049943646545
0.14564378673398393,0.2871000953281353,0.21838874511424508,0.16609906046707784,1.391152951246355,0.9468490409296471,0.2371282198674486,-0.13659093279128734,0.38567361906561376,0.10034881912901514,0.06703049943646545
0.21519193058212538,0.36485459787253244,0.8159568705054683,-0.4579717610460574,0.12009678910085272,0.5660117625083448,0.2371282198674486,-0.13659093279128734,0.38567361906561376,0.10034881912901514,0.06703049943646545
2.0929918144819437,2.464226166571255,-0.05051691131180538,1.3944365581556295,-0.5944203183220209,-0.5805185939115066,0.2371282198674486,-0.13659093279128734,0.38567361906561376,0.10034881912901514,0.06703049943646545
0.7715770813672568,0.9868906182277094,-1.813342881215914,-1.6892160096034035,-0.023943250758568416,-0.3428758418403353,0.2371282198674486,-0.13659093279128734,0.38567361906561376,0.10034881912901514,0.06703049943646545
-0.06300064481044035,0.05383658769494393,-0.5883282241639063,0.05007952169105999,-0.9260401445354618,0.30195084740741646,0.2371282198674486,-0.13659093279128734,0.38567361906561376,0.10034881912901514,0.06703049943646545
0.35428821827840823,0.5203636029613267,-0.05051691131180538,-0.8915270923465731,-0.3562817852897697,-1.4916778814722407,0.2371282198674486,-0.13659093279128734,0.38567361906561376,0.10034881912901514,0.06703049943646545
-0.2020969325067232,-0.10167241739385033,0.2781455576533674,0.20187675781456824,-2.384809058172531,0.39325615572362804,0.2371282198674486,-0.13659093279128734,0.38567361906561376,0.10034881912901514,0.06703049943646545
0.2847400744302668,0.4426091004169296,-0.5883282241639063,0.013540915107564213,1.238355473415437,-0.16655664985229549,0.2371282198674486,-0.13659093279128734,0.38567361906561376,0.10034881912901514,0.06703049943646545
1.1888659444561054,1.4534176334940923,0.039118307496878106,0.16880851804525446,-0.9621784635420444,-0.6607351123549579,0.2371282198674486,-0.13659093279128734,0.38567361906561376,0.10034881912901514,0.06703049943646545
1.2584140883042467,1.5311721360384893,1.1446193394706412,0.04892956782018356,1.4809553064432504,-0.14012197308928748,0.2371282198674486,-0.13659093279128734,0.38567361906561376,0.10034881912901514,0.06703049943646545
0.4238363621265496,0.5981181055057239,-0.737720255511712,-0.25217767889792014,1.4608535956197002,1.3997348420281783,0.2371282198674486,-0.13659093279128734,0.38567361906561376,0.10034881912901514,0.06703049943646545
-0.13254878865858177,-0.0239179148494532,-0.737720255511712,1.1897087464882465,1.162598872001652,-0.7742772080516136,0.2371282198674486,-0.13659093279128734,0.38567361906561376,0.10034881912901514,0.06703049943646545
-0.06300064481044035,0.05383658769494393,-1.9029781000245973,-2.276654565639463,-0.22406985870619173,-0.7210785337173633,0.2371282198674486,-0.13659093279128734,0.38567361906561376,0.10034881912901514,0.06703049943646545
-0.7584820832918546,-0.7237084377490274,-1.5743156310594246,-0.28206207048015935,1.6958650496144292,0.7613383672574917,0.2371282198674486,-0.13659093279128734,0.38567361906561376,0.10034881912901514,0.06703049943646545
0.2847400744302668,0.4426091004169296,-0.43893619281610047,0.990340551151107,-0.5685241908893933,1.3268306677601713,0.2371282198674486,-0.13659093279128734,0.38567361906561376,0.10034881912901514,0.06703049943646545
1.0497696567598225,1.2979086284052979,-0.5883282241639063,0.7670732663066482,-0.0838628612860882,-0.02897389118700595,0.2371282198674486,-0.13659093279128734,0.38567361906561376,0.10034881912901514,0.06703049943646545
1.5366066636968125,1.842190146216078,-0.43893619281610047,-1.3965419426699381,0.04761037015451368,-1.3307290413300856,0.2371282198674486,-0.13659093279128734,0.38567361906561376,0.10034881912901514,0.06703049943646545
1.2584140883042467,1.5311721360384893,1.323889777088008,0.4412295419853797,-0.8115402646429424,-0.34764012503014285,0.2371282198674486,-0.13659093279128734,0.38567361906561376,0.10034881912901514,0.06703049943646545
0.5629326498228325,0.753627110594518,0.33790237019248975,1.1097234971764498,-0.41915754766329766,0.5783842731939695,0.2371282198674486,-0.13659093279128734,0.38567361906561376,0.10034881912901514,0.06703049943646545
-0.2020969325067232,-0.10167241739385033,-1.3054099746333743,-1.085384930412331,1.7554010414617323,-0.34881470747804566,0.2371282198674486,-0.13659093279128734,0.38567361906561376,0.10034881912901514,0.06703049943646545
-0.8280302271399961,-0.8014629402934245,0.9952273081228353,-0.22244569084074012,-0.7969996208205581,-0.33996236545345154,0.2371282198674486,-0.13659093279128734,0.38567361906561376,0.10034881912901514,0.06703049943646545
1.1193178006079638,1.3756631309496952,-0.2596657551987335,-0.013065415199380146,-0.21679465175698293,0.22216438643136222,0.2371282198674486,-0.13659093279128734,0.38567361906561376,0.10034881912901514,0.06703049943646545
0.632480793670974,0.8313816131389152,0.33790237019248975,0.7112259643905245,1.0972469943899776,-1.498441413880331,0.6289654424290049,-0.12741609025398548,0.5385701656080828,0.007236938708136056,0.10540321354807153
1.8843473829375197,2.2309626589380636,-0.4090577865465393,-0.5888464870552551,-0.3487611169819674,0.9458681330319292,0.6289654424290049,-0.12741609025398548,0.5385701656080828,0.007236938708136056,0.10540321354807153
0.07609564288584252,0.20934559278373818,0.3080239639229286,0.6067325656658252,-0.05434854880297101,0.629951777652466,0.6289654424290049,-0.12741609025398548,0.5385701656080828,0.007236938708136056,0.10540321354807153
0.4238363621265496,0.5981181055057239,-1.6938292561376693,-1.6020029538414982,0.5667130049280782,0.30186418891535394,0.6289654424290049,-0.12741609025398548,0.5385701656080828,0.007236938708136056,0.10540321354807153
-0.4802895078992889,-0.4126904275714388,-1.1261395370160072,-1.2834795864746409,2.1785344651224063,0.7610829891982213,0.6289654424290049,-0.12741609025398548,0.5385701656080828,0.007236938708136056,0.10540321354807153
-0.7584820832918546,-0.7237084377490274,-0.4986930053552228,1.1660457438961118,0.14129846970213988,2.359921007774167,0.6289654424290049,-0.12741609025398548,0.5385701656080828,0.007236938708136056,0.10540321354807153
1.3279622321523883,1.6089266385828864,-0.2596657551987335,0.16345444366137865,-1.127553936375943,1.041998626153135,0.6289654424290049,-0.12741609025398548,0.5385701656080828,0.007236938708136056,0.10540321354807153
1.1193178006079638,1.3756631309496952,-1.1261395370160072,-1.1821462055676473,0.8830494826405839,-0.06267744856944657,0.6289654424290049,-0.12741609025398548,0.5385701656080828,0.007236938708136056,0.10540321354807153
0.7715770813672568,0.9868906182277094,0.3677807764620509,1.2973017558152677,-0.6810783889496728,-0.7401415834640667,0.6289654424290049,-0.12741609025398548,0.5385701656080828,0.007236938708136056,0.10540321354807153
0.632480793670974,0.753627110594518,-0.11027372385092771,-0.4945607993414826,-0.9241624211243678,0.07362858021165102,0.6289654424290049,-0.12741609025398548,0.5385701656080828,0.007236938708136056,0.10540321354807153
-0.5498376517474304,-0.49044493011583595,0.7263216516967849,0.16763140863718676,0.21117577422439,-0.6412371375479601,0.6289654424290049,-0.12741609025398548,0.5385701656080828,0.007236938708136056,0.10540321354807153
-0.6193857955955717,-0.5681994326602331,1.0251057143923965,1.7956912092584754,-1.5286053095544012,-1.3783116900434205,0.6289654424290049,-0.12741609025398548,0.5385701656080828,0.007236938708136056,0.10540321354807153
0.2847400744302668,0.4426091004169296,0.935470495583713,0.7533447567696131,1.1786607359204706,-2.286866101829164,0.6289654424290049,-0.12741609025398548,0.5385701656080828,0.007236938708136056,0.10540321354807153
0.7020289375191153,0.9091361156833123,1.682430652322742,0.7670704953334659,1.5340504296214803,-0.8722035535466596,0.6289654424290049,-0.12741609025398548,0.5385701656080828,0.007236938708136056,0.10540321354807153
0.980221512911681,1.2201541258609008,1.2641329645488857,0.08861544574474191,-1.910643161214563,-0.9832098552306944,0.6289654424290049,-0.12741609025398548,0.5385701656080828,0.007236938708136056,0.10540321354807153
2.0234436706338026,2.3864716640268577,0.039118307496878106,-1.5754160203468355,-1.3896545127096305,0.8337190705110857,0.6289654424290049,-0.12741609025398548,0.5385701656080828,0.007236938708136056,0.10540321354807153
0.7715770813672568,0.9868906182277094,0.39765918273161205,-0.10466048795262071,-1.2816206190510777,1.2968149085508647,0.6289654424290049,-0.12741609025398548,0.5385701656080828,0.007236938708136056,0.10540321354807153
-0.4107413640511475,-0.3349359250270417,-0.8871122868595179,-0.40797121254571517,0.3763099232725029,-1.67398138912226,0.6289654424290049,-0.12741609025398548,0.5385701656080828,0.007236938708136056,0.10540321354807153
-0.7584820832918546,-0.7237084377490274,1.1744977457402022,0.4793769755988277,0.32743565508602474,0.38074954699060776,0.6289654424290049,-0.12741609025398548,0.5385701656080828,0.007236938708136056,0.10540321354807153
-0.3411932202030061,-0.2571814224826446,1.4135249958966916,-0.3044498712135531,-1.8298394363560377,0.03303144505563813,0.6289654424290049,-0.12741609025398548,0.5385701656080828,0.007236938708136056,0.10540321354807153
0.21519193058212538,0.36485459787253244,1.3537681833575692,1.2002190477707402,-1.178702563910312,1.1059013738611698,0.6289654424290049,-0.12741609025398548,0.5385701656080828,0.007236938708136056,0.10540321354807153
0.4933845059746911,0.675872608050121,0.33790237019248975,0.40105098502891257,-0.7015648712845495,-2.1045488541439616,0.6289654424290049,-0.12741609025398548,0.5385701656080828,0.007236938708136056,0.10540321354807153
0.2847400744302668,0.4426091004169296,-1.8432212874854752,-1.7208605233513765,1.304443562499081,-0.2859680390968468,0.6289654424290049,-0.12741609025398548,0.5385701656080828,0.007236938708136056,0.10540321354807153
-0.2716450763548646,-0.17942691993824744,0.33790237019248975,0.3826417475914318,0.23160715459439227,-0.7048074641255647,0.6289654424290049,-0.12741609025398548,0.5385701656080828,0.007236938708136056,0.10540321354807153
-0.06300064481044035,0.05383658769494393,-2.3511541940680147,-2.505895514471476,-0.050606805573517995,0.9080325519246404,0.6289654424290049,-0.12741609025398548,0.5385701656080828,0.007236938708136056,0.10540321354807153
-0.6193857955955717,-0.5681994326602331,-0.05051691131180538,-0.30689941150717964,-1.5304082916314223,-0.3871945554072308,0.6289654424290049,-0.12741609025398548,0.5385701656080828,0.007236938708136056,0.10540321354807153
-0.2716450763548646,-0.17942691993824744,1.2641329645488857,-0.5746518998288654,0.9538799124233821,-1.0843224739174362,0.6289654424290049,-0.12741609025398548,0.5385701656080828,0.007236938708136056,0.10540321354807153
0.4238363621265496,0.5981181055057239,-1.1560179432855684,-0.206769741350808,-0.3800544585106985,0.27810468571748304,0.6289654424290049,-0.12741609025398548,0.5385701656080828,0.007236938708136056,0.10540321354807153
0.9106733690635397,1.1423996233165037,-1.3054099746333743,-1.6165732850314818,-1.3262887046243634,-0.323025313193902,0.6289654424290049,-0.12741609025398548,0.5385701656080828,0.007236938708136056,0.10540321354807153
2.0234436706338026,2.3864716640268577,0.12875352630556158,-1.206173314036007,1.2669963978571592,0.2566644864707352,0.6289654424290049,-0.12741609025398548,0.5385701656080828,0.007236938708136056,0.10540321354807153
1.0497696567598225,1.2979086284052979,-0.05051691131180538,0.24381543693677254,-0.7290203587315659,0.3661791357268604,0.6289654424290049,-0.12741609025398548,0.5385701656080828,0.007236938708136056,0.10540321354807153
-0.2716450763548646,-0.17942691993824744,0.009239901227316947,-1.4801410952067924,0.32734269532513244,0.8282268189494643,0.38881962899805766,-0.13638449883419806,0.3787018126544222,0.007236938708136056,0.07096688779874638
-0.06300064481044035,0.05383658769494393,2.279998777713965,1.283294486376038,0.37752407122132964,0.6855255355080321,0.38881962899805766,-0.13638449883419806,0.3787018126544222,0.007236938708136056,0.07096688779874638
-0.06300064481044035,0.05383658769494393,-1.275531568363813,-1.513773505116131,-0.31445892687236493,0.8669596432571045,0.38881962899805766,-0.13638449883419806,0.3787018126544222,0.007236938708136056,0.07096688779874638
0.14564378673398393,0.2871000953281353,-0.5285714116247839,-1.2726051793159256,1.6740571029516638,0.4934382312955011,0.38881962899805766,-0.13638449883419806,0.3787018126544222,0.007236938708136056,0.07096688779874638
0.07609564288584252,0.20934559278373818,-0.2596657551987335,-0.7133407702136539,-1.1338062884442668,-0.5194620866793092,0.38881962899805766,-0.13638449883419806,0.3787018126544222,0.007236938708136056,0.07096688779874638
1.467058519848671,1.7644356436716808,-0.46881459908566164,-0.9334918186166946,-0.06500948568192894,0.6740707563405594,0.38881962899805766,-0.13638449883419806,0.3787018126544222,0.007236938708136056,0.07096688779874638
-0.06300064481044035,0.05383658769494393,-1.7535860686767917,-1.489698735909024,0.5952909298532243,-0.25134124427425986,0.38881962899805766,-0.13638449883419806,0.3787018126544222,0.007236938708136056,0.07096688779874638
-0.13254878865858177,-0.0239179148494532,0.009239901227316947,-0.007580550881275316,-0.09225579243078563,-0.6280558405909236,0.38881962899805766,-0.13638449883419806,0.3787018126544222,0.007236938708136056,0.07096688779874638
-0.2716450763548646,-0.17942691993824744,-2.6200598504940653,-1.4831221081568848,-0.045191284744430356,-1.2600952854985423,0.38881962899805766,-0.13638449883419806,0.3787018126544222,0.007236938708136056,0.07096688779874638
-0.3411932202030061,-0.2571814224826446,0.8757136830445906,0.5320880900666207,2.2390966068139737,-0.0366906695214411,0.38881962899805766,-0.13638449883419806,0.3787018126544222,0.007236938708136056,0.07096688779874638
0.006547499037701083,0.13159109023934107,-1.096261130746446,-1.1278113008147137,1.044179083025414,0.07107522593202903,0.38881962899805766,-0.13638449883419806,0.3787018126544222,0.007236938708136056,0.07096688779874638
1.7452510952412368,2.0754536538492694,0.4574159952707344,-0.3089488232732032,0.5261086944511547,0.3040310116143816,0.38881962899805766,-0.13638449883419806,0.3787018126544222,0.007236938708136056,0.07096688779874638
0.980221512911681,1.1423996233165037,0.5171728078098567,0.4649695776319981,1.7798160142815327,-1.9971312674241166,0.38881962899805766,-0.13638449883419806,0.3787018126544222,0.007236938708136056,0.07096688779874638
-0.2020969325067232,-0.10167241739385033,-0.2596657551987335,0.18898563637338184,-0.8774598536430437,-0.7122527559287524,0.38881962899805766,-0.13638449883419806,0.3787018126544222,0.007236938708136056,0.07096688779874638
0.21519193058212538,0.36485459787253244,1.0848625269315189,-0.003997682555871887,-0.24629845634464292,1.9242164217519149,0.38881962899805766,-0.13638449883419806,0.3787018126544222,0.007236938708136056,0.07096688779874638
-0.4107413640511475,-0.3349359250270417,0.2781455576533674,-0.47836556947708425,0.2373163973792108,0.771652440615245,0.38881962899805766,-0.13638449883419806,0.3787018126544222,0.007236938708136056,0.07096688779874638
-0.3411932202030061,-0.2571814224826446,0.7263216516967849,0.7226977933674605,0.16667735432078562,0.31840031569066835,0.38881962899805766,-0.13638449883419806,0.3787018126544222,0.007236938708136056,0.07096688779874638
0.4238363621265496,0.5203636029613267,2.100728340096598,0.8677111329447541,-0.03679310304095577,0.13162711632787485,0.38881962899805766,-0.13638449883419806,0.3787018126544222,0.007236938708136056,0.07096688779874638
1.1193178006079638,1.3756631309496952,-0.9169906931290791,-0.5889817105465776,-2.196643459837836,-2.231163248135816,0.38881962899805766,-0.13638449883419806,0.3787018126544222,0.007236938708136056,0.07096688779874638
0.980221512911681,1.2201541258609008,0.1885103388446839,-0.3873773398508852,-0.5352557340816417,1.0168186960519703,0.38881962899805766,-0.13638449883419806,0.3787018126544222,0.007236938708136056,0.07096688779874638
0.21519193058212538,0.36485459787253244,1.4135249958966916,0.3977053120079581,-0.41474930115889214,-0.13133122753904547,0.38881962899805766,-0.13638449883419806,0.3787018126544222,0.007236938708136056,0.07096688779874638
-0.13254878865858177,-0.0239179148494532,-0.6779634429725898,0.7611306372187417,3.103744767254463,2.257189075483788,0.38881962899805766,-0.13638449883419806,0.3787018126544222,0.007236938708136056,0.07096688779874638
-0.06300064481044035,0.05383658769494393,0.24826715138380626,-0.11579869175834234,0.322258617877229,1.062835678754188,0.38881962899805766,-0.13638449883419806,0.3787018126544222,0.007236938708136056,0.07096688779874638
0.35428821827840823,0.5203636029613267,1.1446193394706412,0.6148869855482721,-0.1051886037895483,-0.5907224971004827,0.38881962899805766,-0.13638449883419806,0.3787018126544222,0.007236938708136056,0.07096688779874638
0.006547499037701083,0.13159109023934107,1.8318226836705478,3.594733910126584,-1.0383371271334447,-1.1339658548893101,0.38881962899805766,-0.13638449883419806,0.3787018126544222,0.007236938708136056,0.07096688779874638
0.7020289375191153,0.9091361156833123,-0.7675986617812732,-1.027998075795823,-0.1060556901627307,-0.16567823284307506,0.38881962899805766,-0.13638449883419806,0.3787018126544222,0.007236938708136056,0.07096688779874638
0.21519193058212538,0.36485459787253244,-1.3054099746333743,-0.2650416448019153,-0.4088884028544942,1.073311256675589,0.38881962899805766,-0.13638449883419806,0.3787018126544222,0.007236938708136056,0.07096688779874638
-0.3411932202030061,-0.2571814224826446,0.3080239639229286,0.06387065522202738,0.8407506214198154,2.2312300112421273,0.38881962899805766,-0.13638449883419806,0.3787018126544222,0.007236938708136056,0.07096688779874638
-0.7584820832918546,-0.7237084377490274,0.6964432454272237,0.1343148896706888,-0.4885128501704173,-0.15571736245899373,0.38881962899805766,-0.13638449883419806,0.3787018126544222,0.007236938708136056,0.07096688779874638
-1.1062228025325618,-1.112480950471013,-0.08039531758136653,-1.2185335170153613,-0.33113482648628834,0.6286666180553201,0.38881962899805766,-0.13638449883419806,0.3787018126544222,0.007236938708136056,0.07096688779874638
-0.6193857955955717,-0.5681994326602331,-1.5743156310594246,-1.8005514953111597,1.031195622251466,-0.5180047314178757,1.405413152234231,-0.1358569453883032,0.472061893556765,0.47279634081253147,0.05292258848668204
0.35428821827840823,0.5203636029613267,-2.0523701313724034,-1.800568121150256,1.0575151393843616,1.8220255623544688,1.405413152234231,-0.1358569453883032,0.472061893556765,0.47279634081253147,0.05292258848668204
0.632480793670974,0.8313816131389152,-1.3352883809029354,-2.356466906224654,0.6238668342445518,0.5668639142847663,1.405413152234231,-0.1358569453883032,0.472061893556765,0.47279634081253147,0.05292258848668204
0.2847400744302668,0.4426091004169296,0.12875352630556158,-0.5688361813127316,-1.4000100863183151,0.9911062775128182,1.405413152234231,-0.1358569453883032,0.472061893556765,0.47279634081253147,0.05292258848668204
-0.2020969325067232,-0.10167241739385033,-2.530424631685382,-1.7985048545183182,1.9115761507059994,0.3001957876647609,1.405413152234231,-0.1358569453883032,0.472061893556765,0.47279634081253147,0.05292258848668204
-0.2020969325067232,-0.10167241739385033,1.2043761520097633,0.7279726179183044,1.0963076199687003,-1.968136381811961,1.405413152234231,-0.1358569453883032,0.472061893556765,0.47279634081253147,0.05292258848668204
0.7715770813672568,0.9868906182277094,0.9952273081228353,0.4656002511284116,0.01764637934386698,0.06096653086501882,1.405413152234231,-0.1358569453883032,0.472061893556765,0.47279634081253147,0.05292258848668204
0.14564378673398393,0.2871000953281353,-0.5883282241639063,-0.23484468744465478,1.0951853352630367,-1.2669541448738755,1.405413152234231,-0.1358569453883032,0.472061893556765,0.47279634081253147,0.05292258848668204
0.21519193058212538,0.36485459787253244,1.3537681833575692,0.05298405578130598,-0.9821483591519395,2.3499492691846258,1.405413152234231,-0.1358569453883032,0.472061893556765,0.47279634081253147,0.05292258848668204
0.14564378673398393,0.2871000953281353,-0.737720255511712,-0.44797907755411875,-1.4138142724436122,0.29197619803535996,1.405413152234231,-0.1358569453883032,0.472061893556765,0.47279634081253147,0.05292258848668204
0.2847400744302668,0.4426091004169296,-0.8273554743203956,-0.5810960750628643,-0.3829048601126043,-0.03677340742206797,1.405413152234231,-0.1358569453883032,0.472061893556765,0.47279634081253147,0.05292258848668204
0.21519193058212538,0.36485459787253244,1.473281808435814,2.7395755632523975,0.8925861178855514,-1.8151846597904864,1.405413152234231,-0.1358569453883032,0.472061893556765,0.47279634081253147,0.05292258848668204
-1.1062228025325618,-1.112480950471013,-2.23164056898977,-0.9859563164712146,0.8945180200888146,1.240970440854345,1.405413152234231,-0.1358569453883032,0.472061893556765,0.47279634081253147,0.05292258848668204
-0.4107413640511475,-0.3349359250270417,-0.19990894265961118,0.8049962510922904,0.30038826479647895,-0.2841527036318459,1.405413152234231,-0.1358569453883032,0.472061893556765,0.47279634081253147,0.05292258848668204
-0.13254878865858177,-0.0239179148494532,2.279998777713965,0.5154927316746258,1.0404869635486769,-0.6477527609592492,1.405413152234231,-0.1358569453883032,0.472061893556765,0.47279634081253147,0.05292258848668204
0.21519193058212538,0.36485459787253244,-0.7675986617812732,-0.9641271439314814,-0.2902573515656663,2.0311966303670297,1.405413152234231,-0.1358569453883032,0.472061893556765,0.47279634081253147,0.05292258848668204
0.980221512911681,1.2201541258609008,-1.45480200598118,-1.2542557948991917,-1.206152656704558,1.2245540737426301,1.405413152234231,-0.1358569453883032,0.472061893556765,0.47279634081253147,0.05292258848668204
1.2584140883042467,1.5311721360384893,-0.9169906931290791,-0.7084494483513166,-0.3395891226727513,-1.1843396286359489,1.405413152234231,-0.1358569453883032,0.472061893556765,0.47279634081253147,0.05292258848668204
-0.2716450763548646,-0.17942691993824744,-0.349300974007417,-0.00791805541494601,0.9756610934545134,0.8497377191102088,1.405413152234231,-0.1358569453883032,0.472061893556765,0.47279634081253147,0.05292258848668204
-0.6193857955955717,-0.5681994326602331,-1.6938292561376693,-0.5522491358402833,0.42280048506646983,-0.4269038087381938,1.405413152234231,-0.1358569453883032,0.472061893556765,0.47279634081253147,0.05292258848668204
-1.453963521773269,-1.5012534631929986,0.4872944015402955,-0.09740608015995798,-0.08815902668015878,-1.0790754161693612,1.405413152234231,-0.1358569453883032,0.472061893556765,0.47279634081253147,0.05292258848668204
-0.4802895078992889,-0.4126904275714388,-2.1121269439115253,-1.4717832858927231,0.0242302640434773,1.0528064780106767,1.405413152234231,-0.1358569453883032,0.472061893556765,0.47279634081253147,0.05292258848668204
0.4238363621265496,0.5981181055057239,-0.28954416146829465,0.3455744393246491,0.1757858285415341,1.209056976353526,1.405413152234231,-0.1358569453883032,0.472061893556765,0.47279634081253147,0.05292258848668204
0.632480793670974,0.8313816131389152,-0.7974770680508344,-0.010174735975045103,1.6597891080751637,0.5071295127952608,1.405413152234231,-0.1358569453883032,0.472061893556765,0.47279634081253147,0.05292258848668204
0.7020289375191153,0.9091361156833123,2.070849933827037,2.387650885139649,1.5368074745669584,-0.27685622815972805,1.405413152234231,-0.1358569453883032,0.472061893556765,0.47279634081253147,0.05292258848668204
-0.7584820832918546,-0.7237084377490274,-0.3791793802769782,-1.1103669162394947,-1.3050082467118667,1.3201584695153366,1.405413152234231,-0.1358569453883032,0.472061893556765,0.47279634081253147,0.05292258848668204
-1.1062228025325618,-1.112480950471013,-0.3791793802769782,-0.8867709939755551,-0.45572849792676806,1.876532186806646,1.405413152234231,-0.1358569453883032,0.472061893556765,0.47279634081253147,0.05292258848668204
-0.8975783709881375,-0.8792174428378216,0.576929620348979,0.9916379207953089,0.7737971784812009,-0.22965283325904545,1.405413152234231,-0.1358569453883032,0.472061893556765,0.47279634081253147,0.05292258848668204
-1.2453190902288447,-1.2679899555598073,0.9653489018532742,-0.5588385100690625,0.29538967101943137,0.34888716505409906,1.405413152234231,-0.1358569453883032,0.472061893556765,0.47279634081253147,0.05292258848668204
-0.9671265148362789,-0.9569719453822187,0.21838874511424508,0.8079578672301043,0.19580763077227883,0.45589373512793685,1.405413152234231,-0.1358569453883032,0.472061893556765,0.47279634081253147,0.05292258848668204
0.5629326498228325,0.753627110594518,-0.6779634429725898,-0.31691869634167247,-0.990134392346932,-0.1111261832159603,1.405413152234231,-0.1358569453883032,0.472061893556765,0.47279634081253147,0.05292258848668204
2.0929918144819437,2.464226166571255,1.2940113708184469,1.7058446205836029,-0.3184329162818121,-0.39245283040900686,1.3643601476865859,-0.10133660034170489,-0.1758674220734314,0.6590201016542896,0.2654785215828047
0.8411252252153982,0.9868906182277094,-1.0066259119377625,-0.9909922831336984,0.38233703429738874,0.34557928438840135,1.3643601476865859,-0.10133660034170489,-0.1758674220734314,0.6590201016542896,0.2654785215828047
-0.2020969325067232,-0.10167241739385033,-1.096261130746446,-1.6460664152003015,2.629380806570713,-2.137346774287124,1.3643601476865859,-0.10133660034170489,-0.1758674220734314,0.6590201016542896,0.2654785215828047
-0.06300064481044035,0.05383658769494393,0.9653489018532742,1.8748307575548737,1.1107585159044937,-0.9402252802535414,1.3643601476865859,-0.10133660034170489,-0.1758674220734314,0.6590201016542896,0.2654785215828047
-0.6193857955955717,-0.5681994326602331,-0.11027372385092771,-0.015503317405637665,-0.7167058263734319,-0.9290814453690918,1.3643601476865859,-0.10133660034170489,-0.1758674220734314,0.6590201016542896,0.2654785215828047
0.006547499037701083,0.13159109023934107,1.6226738397836198,3.5005357851653898,0.6750715376650896,-0.7465200531664311,1.3643601476865859,-0.10133660034170489,-0.1758674220734314,0.6590201016542896,0.2654785215828047
-0.13254878865858177,-0.0239179148494532,0.009239901227316947,-1.7583335020921234,0.10824200713730561,0.3068056371240035,1.3643601476865859,-0.10133660034170489,-0.1758674220734314,0.6590201016542896,0.2654785215828047
0.21519193058212538,0.36485459787253244,1.0848625269315189,-1.072873432297195,-0.7566031596398091,-0.0443471363243529,1.3643601476865859,-0.10133660034170489,-0.1758674220734314,0.6590201016542896,0.2654785215828047
-0.13254878865858177,-0.0239179148494532,-0.5584498178943451,0.38738509948580657,1.3291478199367512,-1.5876841664987995,1.3643601476865859,-0.10133660034170489,-0.1758674220734314,0.6590201016542896,0.2654785215828047
0.7020289375191153,0.9091361156833123,-0.349300974007417,-0.908074789999824,0.31525568459068326,0.173856340389591,1.3643601476865859,-0.10133660034170489,-0.1758674220734314,0.6590201016542896,0.2654785215828047
-0.06300064481044035,0.05383658769494393,-0.05051691131180538,0.29396728057289656,-0.6379064852235673,-0.17715027331854336,1.3643601476865859,-0.10133660034170489,-0.1758674220734314,0.6590201016542896,0.2654785215828047
-0.6193857955955717,-0.5681994326602331,-0.3194225677378558,0.7469565551939048,-0.25356663381686745,0.3917845229789879,1.3643601476865859,-0.10133660034170489,-0.1758674220734314,0.6590201016542896,0.2654785215828047
-0.06300064481044035,0.05383658769494393,1.652552246053181,1.0420940172869109,-0.33180168429488055,0.15292229295835383,1.3643601476865859,-0.10133660034170489,-0.1758674220734314,0.6590201016542896,0.2654785215828047
0.632480793670974,0.8313816131389152,0.9653489018532742,1.0356625885295518,-0.2026681455606178,-0.28439226559944153,1.3643601476865859,-0.10133660034170489,-0.1758674220734314,0.6590201016542896,0.2654785215828047
0.21519193058212538,0.36485459787253244,1.2342545582793245,1.1606722726999574,1.4633561824525725,0.6123147769419415,1.3643601476865859,-0.10133660034170489,-0.1758674220734314,0.6590201016542896,0.2654785215828047
-0.2716450763548646,-0.17942691993824744,-0.17003053639005003,-0.6825208980848927,1.4031271882109513,-1.7133573656234813,1.3643601476865859,-0.10133660034170489,-0.1758674220734314,0.6590201016542896,0.2654785215828047
0.14564378673398393,0.2871000953281353,1.0549841206619577,0.9173858149987947,-1.0110683753343164,-0.6223559779806449,1.3643601476865859,-0.10133660034170489,-0.1758674220734314,0.6590201016542896,0.2654785215828047
-0.5498376517474304,-0.49044493011583595,0.7860784642359071,0.564065120596534,-1.7407715387569038,-0.8939242700043927,1.3643601476865859,-0.10133660034170489,-0.1758674220734314,0.6590201016542896,0.2654785215828047
0.21519193058212538,0.36485459787253244,0.3080239639229286,-0.06691207447749836,0.21602465593251174,-0.6835487773604243,1.3643601476865859,-0.10133660034170489,-0.1758674220734314,0.6590201016542896,0.2654785215828047
-0.06300064481044035,0.05383658769494393,0.6665648391576625,0.07064845562724059,-0.7294893871762066,0.9315616074288363,1.3643601476865859,-0.10133660034170489,-0.1758674220734314,0.6590201016542896,0.2654785215828047
0.4238363621265496,0.5981181055057239,0.7263216516967849,0.16069455437127586,-0.626203582143207,0.41704783339229845,1.3643601476865859,-0.10133660034170489,-0.1758674220734314,0.6590201016542896,0.2654785215828047
1.0497696567598225,1.2979086284052979,-0.6779634429725898,-1.1072118861735194,-0.7177721377886116,-0.3365166696975035,1.3643601476865859,-0.10133660034170489,-0.1758674220734314,0.6590201016542896,0.2654785215828047
0.35428821827840823,0.5203636029613267,2.39951240279221,3.6781645874939195,-0.0786664482617824,-0.47267357299502866,1.3643601476865859,-0.10133660034170489,-0.1758674220734314,0.6590201016542896,0.2654785215828047
0.14564378673398393,0.2871000953281353,-1.9627349125637197,-1.3337893755821884,2.0071286992387347,-1.1057516813406754,1.3643601476865859,-0.10133660034170489,-0.1758674220734314,0.6590201016542896,0.2654785215828047
-0.3411932202030061,-0.2571814224826446,-0.3194225677378558,-0.2021034225109136,-0.9572100270114474,-0.7593580255502368,1.3643601476865859,-0.10133660034170489,-0.1758674220734314,0.6590201016542896,0.2654785215828047
-0.06300064481044035,0.05383658769494393,-0.3194225677378558,-0.7158956074882294,-0.7505017304943363,1.106091696435841,1.3643601476865859,-0.10133660034170489,-0.1758674220734314,0.6590201016542896,0.2654785215828047
-0.3411932202030061,-0.2571814224826446,0.09887512003600044,-0.3818680909687745,0.09584572889800083,-0.6139797752454665,1.3643601476865859,-0.10133660034170489,-0.1758674220734314,0.6590201016542896,0.2654785215828047
0.5629326498228325,0.753627110594518,-1.0066259119377625,-0.176142728955571,0.8324474543563927,1.26922400754432,1.3643601476865859,-0.10133660034170489,-0.1758674220734314,0.6590201016542896,0.2654785215828047
2.0929918144819437,2.464226166571255,-0.19990894265961118,-0.5142962245442676,-0.44643450183499467,1.12836259540169,1.3643601476865859,-0.10133660034170489,-0.1758674220734314,0.6590201016542896,0.2654785215828047
0.4933845059746911,0.675872608050121,0.935470495583713,1.0088739281871781,0.7927251425308744,-0.2095820079610151,1.3643601476865859,-0.10133660034170489,-0.1758674220734314,0.6590201016542896,0.2654785215828047
-0.13254878865858177,-0.0239179148494532,0.2781455576533674,1.574373026950825,-0.08045486580337116,-0.4058973878275244,1.3643601476865859,-0.10133660034170489,-0.1758674220734314,0.6590201016542896,0.2654785215828047
0.14564378673398393,0.2871000953281353,1.682430652322742,0.7162430884353636,0.9991837101989839,-1.7728437521589755,0.12958408045344605,-0.1372331717688985,-0.23278083183607953,0.8452438624960478,0.10363986167147174
0.4238363621265496,0.5981181055057239,0.009239901227316947,1.104153286884315,0.9495059702735713,-0.3436285337863357,0.12958408045344605,-0.1372331717688985,-0.23278083183607953,0.8452438624960478,0.10363986167147174
0.980221512911681,1.2201541258609008,0.3677807764620509,1.1869693623996964,0.3064543569743532,0.2825694194985813,0.12958408045344605,-0.1372331717688985,-0.23278083183607953,0.8452438624960478,0.10363986167147174
2.0929918144819437,2.464226166571255,0.1885103388446839,0.22918636111531296,0.35487249235001567,1.7259667600005253,0.12958408045344605,-0.1372331717688985,-0.23278083183607953,0.8452438624960478,0.10363986167147174
1.8843473829375197,2.2309626589380636,2.1604851526357205,2.037479124662362,-0.1852542947507963,-0.2685193154557757,0.12958408045344605,-0.1372331717688985,-0.23278083183607953,0.8452438624960478,0.10363986167147174
0.7715770813672568,0.9868906182277094,1.11474093320108,1.9690931690939113,0.8070372048961532,0.33283919817157354,0.12958408045344605,-0.1372331717688985,-0.23278083183607953,0.8452438624960478,0.10363986167147174
-0.2020969325067232,-0.10167241739385033,-0.3791793802769782,-0.24830496677759326,-0.25072993787518866,-2.905400494641746,0.12958408045344605,-0.1372331717688985,-0.23278083183607953,0.8452438624960478,0.10363986167147174
-0.13254878865858177,-0.0239179148494532,-0.737720255511712,-1.1617523971366204,0.25725829250857185,1.056741992657782,0.12958408045344605,-0.1372331717688985,-0.23278083183607953,0.8452438624960478,0.10363986167147174
-0.06300064481044035,0.05383658769494393,1.5927954335140586,1.7025732096439499,-1.4944566244456534,2.3145096200739137,0.12958408045344605,-0.1372331717688985,-0.23278083183607953,0.8452438624960478,0.10363986167147174
-0.2020969325067232,-0.10167241739385033,0.576929620348979,1.2846106986378845,0.9586849539162783,-1.256797620458778,0.12958408045344605,-0.1372331717688985,-0.23278083183607953,0.8452438624960478,0.10363986167147174
0.8411252252153982,1.0646451207721066,-0.707841849242151,-0.5770360451553774,-0.2993945858510044,-0.49665542260061996,0.12958408045344605,-0.1372331717688985,-0.23278083183607953,0.8452438624960478,0.10363986167147174
1.1193178006079638,1.3756631309496952,0.33790237019248975,-0.4581413446048468,0.04538203539486547,1.3363296406833503,0.12958408045344605,-0.1372331717688985,-0.23278083183607953,0.8452438624960478,0.10363986167147174
-0.13254878865858177,-0.0239179148494532,-0.05051691131180538,0.7436940113684354,-1.509700593106883,0.25861324278457043,0.12958408045344605,-0.1372331717688985,-0.23278083183607953,0.8452438624960478,0.10363986167147174
-0.2716450763548646,-0.17942691993824744,1.0251057143923965,0.15123278934116927,-1.7050224286761801,-1.265777434610649,0.12958408045344605,-0.1372331717688985,-0.23278083183607953,0.8452438624960478,0.10363986167147174
0.14564378673398393,0.2871000953281353,-0.7675986617812732,-0.27854903067896064,-0.8365105543468064,-1.1392799706116625,0.12958408045344605,-0.1372331717688985,-0.23278083183607953,0.8452438624960478,0.10363986167147174
-0.3411932202030061,-0.2571814224826446,-0.6779634429725898,-1.969112010801544,-0.795891544134792,-1.0230094727937924,0.12958408045344605,-0.1372331717688985,-0.23278083183607953,0.8452438624960478,0.10363986167147174
1.1193178006079638,1.3756631309496952,1.8318226836705478,-0.4465586767005974,-1.8567462149969995,0.6957036925257644,0.12958408045344605,-0.1372331717688985,-0.23278083183607953,0.8452438624960478,0.10363986167147174
0.4933845059746911,0.675872608050121,0.9055920893141518,0.45500903742898124,-0.2521579550554209,-0.6671994982467903,0.12958408045344605,-0.1372331717688985,-0.23278083183607953,0.8452438624960478,0.10363986167147174
0.9106733690635397,1.1423996233165037,2.1306067463661593,1.011114537102818,-1.5164616744347579,-0.04319534415686312,0.12958408045344605,-0.1372331717688985,-0.23278083183607953,0.8452438624960478,0.10363986167147174
0.07609564288584252,0.20934559278373818,-0.08039531758136653,-0.1325558749842171,-0.9467166765536958,0.9852936103421835,0.12958408045344605,-0.1372331717688985,-0.23278083183607953,0.8452438624960478,0.10363986167147174
0.006547499037701083,0.13159109023934107,2.5190260278704546,2.13817906109976,0.29563836606313404,0.8580137988840344,0.12958408045344605,-0.1372331717688985,-0.23278083183607953,0.8452438624960478,0.10363986167147174
-0.2716450763548646,-0.17942691993824744,-1.634072443598547,-1.9826221676517748,1.3021261090461025,-0.03174006623714176,0.12958408045344605,-0.1372331717688985,-0.23278083183607953,0.8452438624960478,0.10363986167147174
0.14564378673398393,0.2871000953281353,-1.6639508498681082,-0.23713406548831276,1.1515236721949431,-1.1561570207324892,0.12958408045344605,-0.1372331717688985,-0.23278083183607953,0.8452438624960478,0.10363986167147174
0.4933845059746911,0.675872608050121,1.682430652322742,1.8288979976869308,0.6137650447327689,0.5665859727981728,0.12958408045344605,-0.1372331717688985,-0.23278083183607953,0.8452438624960478,0.10363986167147174
0.9106733690635397,1.1423996233165037,1.9513363087487925,0.8669674037424789,2.543367255002298,0.22293167935371125,0.12958408045344605,-0.1372331717688985,-0.23278083183607953,0.8452438624960478,0.10363986167147174
1.3279622321523883,1.6089266385828864,-1.3352883809029354,-0.18058404477301937,-1.087657975559028,1.290540190506635,0.12958408045344605,-0.1372331717688985,-0.23278083183607953,0.8452438624960478,0.10363986167147174
0.2847400744302668,0.4426091004169296,-1.096261130746446,0.6452302502895838,-0.44475532937341206,1.934076265712463,0.12958408045344605,-0.1372331717688985,-0.23278083183607953,0.8452438624960478,0.10363986167147174
0.35428821827840823,0.5203636029613267,-0.28954416146829465,-0.055745052550674225,0.35935719028205587,1.6201843483490281,0.12958408045344605,-0.1372331717688985,-0.23278083183607953,0.8452438624960478,0.10363986167147174
0.21519193058212538,0.36485459787253244,-0.19990894265961118,0.14947931751107066,0.7414089514980619,1.4291760455713092,0.6380407069386577,-0.13721023466255522,0.6824585860450022,0.8452438624960478,0.11903381308525227
0.4933845059746911,0.675872608050121,-0.4986930053552228,-0.8786603554693958,-0.5326679635475811,0.17733901915020958,0.6380407069386577,-0.13721023466255522,0.6824585860450022,0.8452438624960478,0.11903381308525227
0.006547499037701083,0.13159109023934107,0.4574159952707344,-1.0645233817080384,0.8503184965669238,1.6095944402248388,0.6380407069386577,-0.13721023466255522,0.6824585860450022,0.8452438624960478,0.11903381308525227
1.8147992390893781,2.1532081563936663,-1.6041940373289858,-1.3530947457470002,-0.015151792977168604,0.8318291120945402,0.6380407069386577,-0.13721023466255522,0.6824585860450022,0.8452438624960478,0.11903381308525227
1.5366066636968125,1.842190146216078,-0.3194225677378558,-1.060646790225255,-0.4707147432893693,0.5876446078920913,0.6380407069386577,-0.13721023466255522,0.6824585860450022,0.8452438624960478,0.11903381308525227
0.07609564288584252,0.20934559278373818,0.009239901227316947,-1.2543383699000397,2.7002444881517462,-0.1375483589629394,0.6380407069386577,-0.13721023466255522,0.6824585860450022,0.8452438624960478,0.11903381308525227
0.14564378673398393,0.2871000953281353,-1.0365043182073237,-0.621304004335071,-0.9746937590477093,-0.6480831393956915,0.6380407069386577,-0.13721023466255522,0.6824585860450022,0.8452438624960478,0.11903381308525227
0.2847400744302668,0.4426091004169296,1.1446193394706412,0.7665545401268222,-0.23903198160516206,0.0739557038544534,0.6380407069386577,-0.13721023466255522,0.6824585860450022,0.8452438624960478,0.11903381308525227
0.006547499037701083,0.13159109023934107,1.0848625269315189,0.8113911030036373,1.144532009499059,0.055489208313592886,0.6380407069386577,-0.13721023466255522,0.6824585860450022,0.8452438624960478,0.11903381308525227
0.2847400744302668,0.4426091004169296,-0.5584498178943451,0.19515216009446337,-0.042325362752586665,0.7739670329628175,0.6380407069386577,-0.13721023466255522,0.6824585860450022,0.8452438624960478,0.11903381308525227
-0.2020969325067232,-0.10167241739385033,-1.3950451934420576,-1.2252182127216316,-0.03023432979978267,0.3629082477332785,0.6380407069386577,-0.13721023466255522,0.6824585860450022,0.8452438624960478,0.11903381308525227
0.632480793670974,0.8313816131389152,-0.349300974007417,0.7665290471735423,0.6642674038320016,1.8145214688620726,0.6380407069386577,-0.13721023466255522,0.6824585860450022,0.8452438624960478,0.11903381308525227
0.35428821827840823,0.5203636029613267,1.652552246053181,1.3256687624825831,0.17597629289906483,1.3195870147543785,0.6380407069386577,-0.13721023466255522,0.6824585860450022,0.8452438624960478,0.11903381308525227
0.4238363621265496,0.5981181055057239,-1.45480200598118,-0.2985748538713063,-2.186361266910972,0.7202127254192048,0.6380407069386577,-0.13721023466255522,0.6824585860450022,0.8452438624960478,0.11903381308525227
-0.2716450763548646,-0.17942691993824744,0.009239901227316947,-0.5473500552530302,0.5753812102547422,-1.1142573461268666,0.6380407069386577,-0.13721023466255522,0.6824585860450022,0.8452438624960478,0.11903381308525227
-0.06300064481044035,0.05383658769494393,-1.5444372247898634,-1.0999912842536896,0.6541605890137887,-2.2892999877507796,0.6380407069386577,-0.13721023466255522,0.6824585860450022,0.8452438624960478,0.11903381308525227
-0.06300064481044035,0.05383658769494393,0.5470512140794178,0.6940232086768479,1.560036172015066,-0.3684884368943399,0.6380407069386577,-0.13721023466255522,0.6824585860450022,0.8452438624960478,0.11903381308525227
1.1193178006079638,1.3756631309496952,-1.0663827244768849,0.04498758137028255,2.837866046612329,0.6937245334986263,0.6380407069386577,-0.13721023466255522,0.6824585860450022,0.8452438624960478,0.11903381308525227
2.8580213968114996,3.319525694559623,-0.707841849242151,-0.7719025174596846,0.1465131225361082,-1.5264445003802274,0.6380407069386577,-0.13721023466255522,0.6824585860450022,0.8452438624960478,0.11903381308525227
0.8411252252153982,1.0646451207721066,-0.4090577865465393,-0.5526459392000639,0.1579281065086137,0.6660733721407417,0.6380407069386577,-0.13721023466255522,0.6824585860450022,0.8452438624960478,0.11903381308525227
0.4933845059746911,0.675872608050121,0.09887512003600044,1.383005739581799,1.029632802009034,-0.3698562206691323,0.6380407069386577,-0.13721023466255522,0.6824585860450022,0.8452438624960478,0.11903381308525227
0.21519193058212538,0.36485459787253244,0.8159568705054683,-0.9354708476638763,0.2713903351391378,-1.0132537876737555,0.6380407069386577,-0.13721023466255522,0.6824585860450022,0.8452438624960478,0.11903381308525227
-0.13254878865858177,-0.0239179148494532,-0.5883282241639063,0.11517522370221323,0.4446033839529037,-0.8932819191476464,0.6380407069386577,-0.13721023466255522,0.6824585860450022,0.8452438624960478,0.11903381308525227
0.4238363621265496,0.5981181055057239,0.39765918273161205,0.14007851389098513,0.9081923349574544,0.9683115479719412,0.6380407069386577,-0.13721023466255522,0.6824585860450022,0.8452438624960478,0.11903381308525227
0.5629326498228325,0.753627110594518,-0.08039531758136653,-0.6917465761998244,-0.6378894184390705,-2.183239043598049,0.6380407069386577,-0.13721023466255522,0.6824585860450022,0.8452438624960478,0.11903381308525227
1.1888659444561054,1.4534176334940923,0.24826715138380626,-0.024243521018936273,-1.194166332814934,-0.7718992259612921,0.6380407069386577,-0.13721023466255522,0.6824585860450022,0.8452438624960478,0.11903381308525227
0.4238363621265496,0.5981181055057239,0.935470495583713,0.18561447039914736,-1.2595677785668906,-0.6192816142540553,0.6380407069386577,-0.13721023466255522,0.6824585860450022,0.8452438624960478,0.11903381308525227
0.35428821827840823,0.5203636029613267,0.9055920893141518,2.254224092829061,-0.7350062641183935,-0.41892040943654374,0.6380407069386577,-0.13721023466255522,0.6824585860450022,0.8452438624960478,0.11903381308525227
-0.13254878865858177,-0.0239179148494532,-1.0066259119377625,0.5039344483343823,0.4697992486216554,-0.15805406300292496,0.6380407069386577,-0.13721023466255522,0.6824585860450022,0.8452438624960478,0.11903381308525227
-0.3411932202030061,-0.2571814224826446,0.4275375890011732,-0.27153126399611305,-0.7667516900287212,-1.6622208390359496,0.6380407069386577,-0.13721023466255522,0.6824585860450022,0.8452438624960478,0.11903381308525227
-0.13254878865858177,-0.0239179148494532,-0.19990894265961118,-0.4057754933956371,0.3440742762150233,-1.7433505930152908,0.6380407069386577,-0.13721023466255522,0.6824585860450022,0.8452438624960478,0.11903381308525227
0.980221512911681,1.2201541258609008,0.4275375890011732,1.2688338857240935,-0.9851273482923749,1.3850835110417854,0.7634101456996268,-0.13684324096106315,0.3419100025834805,0.8452438624960478,0.08633769740756596
1.8147992390893781,2.1532081563936663,0.6665648391576625,1.503667212633702,1.4224168246000808,1.9912552785242026,0.7634101456996268,-0.13684324096106315,0.3419100025834805,0.8452438624960478,0.08633769740756596
0.006547499037701083,0.13159109023934107,-2.201762162720209,-1.4279969218522062,-0.6188578363947245,0.6431818379046231,0.7634101456996268,-0.13684324096106315,0.3419100025834805,0.8452438624960478,0.08633769740756596
0.4238363621265496,0.5981181055057239,0.1885103388446839,0.023023185339223522,-0.5455343510150317,-0.06319790509524006,0.7634101456996268,-0.13684324096106315,0.3419100025834805,0.8452438624960478,0.08633769740756596
0.8411252252153982,1.0646451207721066,0.15863193257512276,0.1954148483521956,-1.6565332357902802,1.3335551659943137,0.7634101456996268,-0.13684324096106315,0.3419100025834805,0.8452438624960478,0.08633769740756596
0.980221512911681,1.2201541258609008,1.2940113708184469,-0.3011939777237222,-0.8653763683042083,0.773915124540621,0.7634101456996268,-0.13684324096106315,0.3419100025834805,0.8452438624960478,0.08633769740756596
-0.2716450763548646,-0.17942691993824744,-0.6182066304334675,-0.6617347198511755,-0.10440367500556151,-2.423026733018944,0.7634101456996268,-0.13684324096106315,0.3419100025834805,0.8452438624960478,0.08633769740756596
0.8411252252153982,1.0646451207721066,0.8757136830445906,0.773549030634935,-0.29005768109374513,-0.44937334506454973,0.7634101456996268,-0.13684324096106315,0.3419100025834805,0.8452438624960478,0.08633769740756596
1.3975103760005296,1.6866811411272835,-1.484680412250741,-0.183754038094183,1.5396655516688944,0.268880843912872,0.7634101456996268,-0.13684324096106315,0.3419100025834805,0.8452438624960478,0.08633769740756596
0.7715770813672568,0.9868906182277094,1.3537681833575692,1.095244053906864,1.1144298249372913,0.6999256463853707,0.7634101456996268,-0.13684324096106315,0.3419100025834805,0.8452438624960478,0.08633769740756596
0.14564378673398393,0.2871000953281353,-1.0663827244768849,0.3142657675264354,-0.04315166150068475,0.3002739192417471,0.7634101456996268,-0.13684324096106315,0.3419100025834805,0.8452438624960478,0.08633769740756596
-0.13254878865858177,-0.0239179148494532,0.7263216516967849,-0.7428555139733006,0.19297187517291503,-0.689786682826159,0.7634101456996268,-0.13684324096106315,0.3419100025834805,0.8452438624960478,0.08633769740756596
0.21519193058212538,0.2871000953281353,1.7720658711314254,1.279308164355209,0.10444476817391975,-0.13176169971053972,0.7634101456996268,-0.13684324096106315,0.3419100025834805,0.8452438624960478,0.08633769740756596
0.7020289375191153,0.9091361156833123,0.756200057966346,0.33899393221005364,-0.1533518864541937,1.192911279761091,0.7634101456996268,-0.13684324096106315,0.3419100025834805,0.8452438624960478,0.08633769740756596
1.3279622321523883,1.6089266385828864,-0.46881459908566164,0.1718017232773531,-0.2244299769735743,1.7886369898537282,0.7634101456996268,-0.13684324096106315,0.3419100025834805,0.8452438624960478,0.08633769740756596
1.7452510952412368,2.0754536538492694,1.712309058592303,0.5854165773595501,-1.444394048393753,0.8874939417070792,0.7634101456996268,-0.13684324096106315,0.3419100025834805,0.8452438624960478,0.08633769740756596
0.2847400744302668,0.4426091004169296,-0.28954416146829465,0.5659128055148497,-1.1613646586821211,0.713130520500151,0.7634101456996268,-0.13684324096106315,0.3419100025834805,0.8452438624960478,0.08633769740756596
0.07609564288584252,0.20934559278373818,-0.11027372385092771,-0.2003992740034702,0.09652402505023784,1.0473889947989001,0.7634101456996268,-0.13684324096106315,0.3419100025834805,0.8452438624960478,0.08633769740756596
-0.2716450763548646,-0.17942691993824744,1.1744977457402022,1.7366644927123642,2.2295290683507942,0.6439032220644955,0.7634101456996268,-0.13684324096106315,0.3419100025834805,0.8452438624960478,0.08633769740756596
-0.13254878865858177,-0.0239179148494532,0.6665648391576625,0.6151624202826443,2.0829831381961945,-0.7966677224323098,0.7634101456996268,-0.13684324096106315,0.3419100025834805,0.8452438624960478,0.08633769740756596
0.07609564288584252,0.20934559278373818,-2.0224917251028423,-1.1284286736398468,-0.20916235830389834,0.4417814078935508,0.7634101456996268,-0.13684324096106315,0.3419100025834805,0.8452438624960478,0.08633769740756596
0.4933845059746911,0.675872608050121,-2.560303037954943,-2.5525454021991365,-3.1643996276549884,-1.500236025834396,0.7634101456996268,-0.13684324096106315,0.3419100025834805,0.8452438624960478,0.08633769740756596
1.1888659444561054,1.4534176334940923,-0.707841849242151,-0.5336592309512813,-0.03734455817325993,-1.6037461156420927,0.7634101456996268,-0.13684324096106315,0.3419100025834805,0.8452438624960478,0.08633769740756596
0.5629326498228325,0.753627110594518,-1.0365043182073237,-0.3804853753505393,0.5690827479652548,0.058352896671601845,0.7634101456996268,-0.13684324096106315,0.3419100025834805,0.8452438624960478,0.08633769740756596
0.006547499037701083,0.13159109023934107,0.5470512140794178,1.054219241740358,-0.38404647397635877,1.3972271641371827,0.7634101456996268,-0.13684324096106315,0.3419100025834805,0.8452438624960478,0.08633769740756596
-0.5498376517474304,-0.49044493011583595,0.6665648391576625,0.8492026946673258,-0.928064536662163,-0.407482160863372,0.7634101456996268,-0.13684324096106315,0.3419100025834805,0.8452438624960478,0.08633769740756596
-0.3411932202030061,-0.2571814224826446,0.39765918273161205,-0.22517343684192434,0.9286196946030567,-0.5802409317447723,0.7634101456996268,-0.13684324096106315,0.3419100025834805,0.8452438624960478,0.08633769740756596
1.6757029513930954,1.997699151304872,-0.3791793802769782,-1.57963510411502,0.5357951496696286,1.83059601015825,0.7634101456996268,-0.13684324096106315,0.3419100025834805,0.8452438624960478,0.08633769740756596
1.1193178006079638,1.3756631309496952,0.06899671376643927,0.582168996789269,0.48854323518970905,-0.11050744875706316,0.7634101456996268,-0.13684324096106315,0.3419100025834805,0.8452438624960478,0.08633769740756596
1.3975103760005296,1.6866811411272835,-0.43893619281610047,0.17527319848080605,0.7014674553439615,-0.7944436861201222,0.7634101456996268,-0.13684324096106315,0.3419100025834805,0.8452438624960478,0.08633769740756596
1.3279622321523883,1.6089266385828864,1.2043761520097633,1.5462299149166814,-0.49302374975814545,0.17276214600154496,0.5771712421245002,-0.1365221214722576,0.6146732999480701,0.8452438624960478,0.043248561481005504
0.7020289375191153,0.8313816131389152,-0.05051691131180538,-0.10839908497089933,1.1491678974446107,-1.174476092604119,0.5771712421245002,-0.1365221214722576,0.6146732999480701,0.8452438624960478,0.043248561481005504
0.07609564288584252,0.20934559278373818,-0.3194225677378558,-0.11133853332325251,0.7778868861775514,0.2043814718035475,0.5771712421245002,-0.1365221214722576,0.6146732999480701,0.8452438624960478,0.043248561481005504
0.14564378673398393,0.2871000953281353,-0.8871122868595179,-1.6485957595215939,0.3380560959699825,1.5789716291789646,0.5771712421245002,-0.1365221214722576,0.6146732999480701,0.8452438624960478,0.043248561481005504
0.7020289375191153,0.9091361156833123,0.5470512140794178,-0.11349712143268145,-0.10951597480392306,-0.9548813263978849,0.5771712421245002,-0.1365221214722576,0.6146732999480701,0.8452438624960478,0.043248561481005504
1.1193178006079638,1.3756631309496952,0.039118307496878106,0.5950429381967188,0.37600742950429056,-0.8188294688284827,0.5771712421245002,-0.1365221214722576,0.6146732999480701,0.8452438624960478,0.043248561481005504
1.8843473829375197,2.1532081563936663,-1.484680412250741,-0.8801361757865739,-0.13673064098097124,0.3060636245563159,0.5771712421245002,-0.1365221214722576,0.6146732999480701,0.8452438624960478,0.043248561481005504
1.5366066636968125,1.842190146216078,-1.484680412250741,-0.3331787669785482,-0.7691695146938367,0.8106520498506219,0.5771712421245002,-0.1365221214722576,0.6146732999480701,0.8452438624960478,0.043248561481005504
0.14564378673398393,0.2871000953281353,-0.05051691131180538,-0.8481807588474874,0.12413682047965847,1.0883348744953405,0.5771712421245002,-0.1365221214722576,0.6146732999480701,0.8452438624960478,0.043248561481005504
-0.5498376517474304,-0.49044493011583595,0.2781455576533674,-0.30633302458860656,-0.7980028794414543,-1.0084922472540159,0.5771712421245002,-0.1365221214722576,0.6146732999480701,0.8452438624960478,0.043248561481005504
-0.7584820832918546,-0.7237084377490274,-1.6938292561376693,-1.5991959580072885,0.8588990301016657,-0.5234025326825791,0.5771712421245002,-0.1365221214722576,0.6146732999480701,0.8452438624960478,0.043248561481005504
0.2847400744302668,0.4426091004169296,0.39765918273161205,0.5885294886331458,0.6222092999190227,-0.2899821251070317,0.5771712421245002,-0.1365221214722576,0.6146732999480701,0.8452438624960478,0.043248561481005504
0.35428821827840823,0.4426091004169296,0.6665648391576625,0.10812143436799071,1.3616285135329573,-0.03542723857579957,0.5771712421245002,-0.1365221214722576,0.6146732999480701,0.8452438624960478,0.043248561481005504
0.9106733690635397,1.1423996233165037,-0.28954416146829465,-0.6932090958457254,-0.8985238452809023,0.9094164175445562,0.5771712421245002,-0.1365221214722576,0.6146732999480701,0.8452438624960478,0.043248561481005504
0.14564378673398393,0.2871000953281353,0.06899671376643927,0.8665356861205944,-0.26865820663790846,1.8582224836123526,0.5771712421245002,-0.1365221214722576,0.6146732999480701,0.8452438624960478,0.043248561481005504
-0.6193857955955717,-0.5681994326602331,-2.0822485376419646,-2.2246916139310353,0.5579378512779855,2.3943330763959123,0.5771712421245002,-0.1365221214722576,0.6146732999480701,0.8452438624960478,0.043248561481005504
-0.06300064481044035,-0.0239179148494532,0.7860784642359071,1.3412748834483073,0.07031342958674348,-0.140294381874889,0.5771712421245002,-0.1365221214722576,0.6146732999480701,0.8452438624960478,0.043248561481005504
-0.4107413640511475,-0.3349359250270417,-0.020638505042244217,-0.5797194555856338,1.058555627237257,-1.9494846484335009,0.5771712421245002,-0.1365221214722576,0.6146732999480701,0.8452438624960478,0.043248561481005504
0.7715770813672568,0.9868906182277094,0.4275375890011732,0.35062924860477745,-0.7626699020237885,-0.7387908752315463,0.5771712421245002,-0.1365221214722576,0.6146732999480701,0.8452438624960478,0.043248561481005504
1.1193178006079638,1.3756631309496952,1.3537681833575692,0.5017814021713211,-0.2356394602716909,2.68339015592744,0.5771712421245002,-0.1365221214722576,0.6146732999480701,0.8452438624960478,0.043248561481005504
0.7020289375191153,0.9091361156833123,-2.2913973815288924,-3.446710184373453,0.20166253817784102,-1.7572602533557564,0.5771712421245002,-0.1365221214722576,0.6146732999480701,0.8452438624960478,0.043248561481005504
-0.8280302271399961,-0.8014629402934245,0.15863193257512276,1.4282141670597484,-0.15449091072222604,0.5628360894995096,0.5771712421245002,-0.1365221214722576,0.6146732999480701,0.8452438624960478,0.043248561481005504
0.07609564288584252,0.20934559278373818,-0.46881459908566164,-0.4551365012853823,0.8768299957647664,1.0643899869716538,0.5771712421245002,-0.1365221214722576,0.6146732999480701,0.8452438624960478,0.043248561481005504
0.2847400744302668,0.4426091004169296,0.8458352767750295,-0.213544770782839,0.3028112518182881,0.2889239974231102,0.5771712421245002,-0.1365221214722576,0.6146732999480701,0.8452438624960478,0.043248561481005504
-0.7584820832918546,-0.7237084377490274,-0.6480850367030286,-0.5416928364029537,-0.8822457484850242,-1.281225607563056,0.5771712421245002,-0.1365221214722576,0.6146732999480701,0.8452438624960478,0.043248561481005504
-0.06300064481044035,-0.0239179148494532,1.2940113708184469,0.36503442979306194,1.3820639981878335,0.6712891312603674,0.5771712421245002,-0.1365221214722576,0.6146732999480701,0.8452438624960478,0.043248561481005504
0.9106733690635397,1.1423996233165037,0.6068080266185402,0.1207720353369024,0.5776428469379634,0.9433315319178392,0.5771712421245002,-0.1365221214722576,0.6146732999480701,0.8452438624960478,0.043248561481005504
1.1888659444561054,1.4534176334940923,0.12875352630556158,1.1345841143782052,-0.1663908708579993,0.13721633040210532,0.5771712421245002,-0.1365221214722576,0.6146732999480701,0.8452438624960478,0.043248561481005504
0.4933845059746911,0.675872608050121,0.6964432454272237,1.1770836384726149,-0.30428656945961996,-0.3620297530008172,0.5771712421245002,-0.1365221214722576,0.6146732999480701,0.8452438624960478,0.043248561481005504
-0.5498376517474304,-0.49044493011583595,0.4275375890011732,0.6306987127241638,0.20063206713926576,-1.1114351241289027,0.5771712421245002,-0.1365221214722576,0.6146732999480701,0.8452438624960478,0.043248561481005504
0.21519193058212538,0.36485459787253244,-0.14015213012048885,1.4369831887941495,0.9859437383498119,-0.7141404045768519,0.5771712421245002,-0.1365221214722576,0.6146732999480701,0.8452438624960478,0.043248561481005504
-0.4802895078992889,-0.4126904275714388,-2.0822485376419646,0.4268432034147367,-1.4691417876845696,-0.24204480910316703,0.7543561476172521,-0.13659093279128734,0.5931711445313753,0.9383557429169269,0.015926385786946228
0.35428821827840823,0.5203636029613267,0.2781455576533674,0.2967515544270116,-0.7570001358049947,0.6772819837080337,0.7543561476172521,-0.13659093279128734,0.5931711445313753,0.9383557429169269,0.015926385786946228
1.6061548075449539,1.842190146216078,0.6964432454272237,0.7563811891833623,-1.375228355130105,-0.5143332983458221,0.7543561476172521,-0.13659093279128734,0.5931711445313753,0.9383557429169269,0.015926385786946228
1.2584140883042467,1.5311721360384893,1.11474093320108,0.976827069133057,-0.5045869562068919,-0.05105799075627061,0.7543561476172521,-0.13659093279128734,0.5931711445313753,0.9383557429169269,0.015926385786946228
1.2584140883042467,1.5311721360384893,-1.1560179432855684,-1.2328644361223444,1.4674918945267863,-0.22347499021456727,0.7543561476172521,-0.13659093279128734,0.5931711445313753,0.9383557429169269,0.015926385786946228
0.7020289375191153,0.9091361156833123,0.2781455576533674,-0.049568553326134863,-1.0686209874420975,-1.2909851003936976,0.7543561476172521,-0.13659093279128734,0.5931711445313753,0.9383557429169269,0.015926385786946228
0.14564378673398393,0.2871000953281353,0.4574159952707344,-0.06725234998435126,0.3038516602963219,0.0012048666074631984,0.7543561476172521,-0.13659093279128734,0.5931711445313753,0.9383557429169269,0.015926385786946228
0.006547499037701083,0.13159109023934107,0.5171728078098567,1.2244772554025505,1.0470763366342508,-2.5397802785844728,0.7543561476172521,-0.13659093279128734,0.5931711445313753,0.9383557429169269,0.015926385786946228
0.2847400744302668,0.4426091004169296,2.997080528183433,2.2716158289138058,0.25069118354614855,1.1120551880466005,0.7543561476172521,-0.13659093279128734,0.5931711445313753,0.9383557429169269,0.015926385786946228
0.7715770813672568,0.9868906182277094,-0.3194225677378558,0.8740816002920886,1.9930811141871834,-2.38009896463101,0.7543561476172521,-0.13659093279128734,0.5931711445313753,0.9383557429169269,0.015926385786946228
1.2584140883042467,1.5311721360384893,0.8757136830445906,0.6658108223131367,2.547186261312279,-1.055136573612068,0.7543561476172521,-0.13659093279128734,0.5931711445313753,0.9383557429169269,0.015926385786946228
0.4933845059746911,0.675872608050121,-1.0066259119377625,-2.188773705340495,0.9305757923787316,1.2201524745790693,0.7543561476172521,-0.13659093279128734,0.5931711445313753,0.9383557429169269,0.015926385786946228
0.4238363621265496,0.5981181055057239,-1.0365043182073237,0.16857963566035206,0.0502201045293614,0.35659322190649995,0.7543561476172521,-0.13659093279128734,0.5931711445313753,0.9383557429169269,0.015926385786946228
-1.0366746586844204,-1.0347264479266158,-0.3791793802769782,-0.34296861523350153,-1.0309795592959878,-1.3921378979021597,0.7543561476172521,-0.13659093279128734,0.5931711445313753,0.9383557429169269,0.015926385786946228
0.006547499037701083,0.13159109023934107,0.4574159952707344,1.742692467774304,-1.6679148720681072,0.4078876672024657,0.7543561476172521,-0.13659093279128734,0.5931711445313753,0.9383557429169269,0.015926385786946228
0.35428821827840823,0.5203636029613267,-0.349300974007417,-1.2730424388841743,-1.0807911923746403,-0.8450959297116434,0.7543561476172521,-0.13659093279128734,0.5931711445313753,0.9383557429169269,0.015926385786946228
1.3279622321523883,1.6089266385828864,-1.0663827244768849,-0.04309611416567056,0.7561811447561948,-0.13619875335002377,0.7543561476172521,-0.13659093279128734,0.5931711445313753,0.9383557429169269,0.015926385786946228
1.8843473829375197,2.1532081563936663,0.1885103388446839,-0.30851433467813655,0.6385623197116089,0.3906384143999958,0.7543561476172521,-0.13659093279128734,0.5931711445313753,0.9383557429169269,0.015926385786946228
1.2584140883042467,1.5311721360384893,-0.46881459908566164,0.15091745259296255,1.1411323892219714,-1.2778046715017277,0.7543561476172521,-0.13659093279128734,0.5931711445313753,0.9383557429169269,0.015926385786946228
0.35428821827840823,0.5203636029613267,-0.349300974007417,-1.1223630133426241,-0.8216447661116212,-0.570037645878284,0.7543561476172521,-0.13659093279128734,0.5931711445313753,0.9383557429169269,0.015926385786946228
-0.13254878865858177,-0.0239179148494532,-0.6779634429725898,0.2361243237704948,0.4476849514841983,-0.5169551021618427,0.7543561476172521,-0.13659093279128734,0.5931711445313753,0.9383557429169269,0.015926385786946228
0.35428821827840823,0.5203636029613267,0.4872944015402955,-0.7446355871459535,1.0384236476215318,1.3519232002949453,0.7543561476172521,-0.13659093279128734,0.5931711445313753,0.9383557429169269,0.015926385786946228
0.7020289375191153,0.9091361156833123,-0.5883282241639063,-0.42771384227877585,0.9793859588162482,-0.7579780221296777,0.7543561476172521,-0.13659093279128734,0.5931711445313753,0.9383557429169269,0.015926385786946228
1.8147992390893781,2.1532081563936663,-0.6182066304334675,-0.020878451185700045,0.46881009972004245,1.3705440186480793,0.7543561476172521,-0.13659093279128734,0.5931711445313753,0.9383557429169269,0.015926385786946228
1.1888659444561054,1.4534176334940923,2.608661246679138,3.2871769462281137,0.6015123406029703,-1.914153671907667,0.7543561476172521,-0.13659093279128734,0.5931711445313753,0.9383557429169269,0.015926385786946228
-0.4107413640511475,-0.3349359250270417,0.6366864328881013,-0.12345211968933069,0.05531712239929878,-1.430559781469405,0.7543561476172521,-0.13659093279128734,0.5931711445313753,0.9383557429169269,0.015926385786946228
-0.06300064481044035,0.05383658769494393,1.473281808435814,0.559165485814647,0.9341336532206835,-0.44837730345657306,0.7543561476172521,-0.13659093279128734,0.5931711445313753,0.9383557429169269,0.015926385786946228
-0.4107413640511475,-0.3349359250270417,-0.2596657551987335,0.28086113161272513,-0.4272905047238352,-0.7432089767518744,0.7543561476172521,-0.13659093279128734,0.5931711445313753,0.9383557429169269,0.015926385786946228
0.14564378673398393,0.2871000953281353,-1.1560179432855684,-0.5523184101698542,-1.3402641640336626,0.3704815057042585,0.7543561476172521,-0.13659093279128734,0.5931711445313753,0.9383557429169269,0.015926385786946228
0.35428821827840823,0.5203636029613267,-0.9767475056682013,-0.22679057679142633,-1.0742617603660973,-1.1312221934894786,0.7543561476172521,-0.13659093279128734,0.5931711445313753,0.9383557429169269,0.015926385786946228
1.8147992390893781,2.1532081563936663,-0.22978734892917235,-0.6025129267929948,1.1924502259154146,0.08954216481093263,0.893102352467406,-0.1365221214722576,0.3029093033525572,0.9383557429169269,0.09011220596288291
1.2584140883042467,1.5311721360384893,0.935470495583713,1.2210528867432013,-0.6424728453866669,0.15780504184185484,0.893102352467406,-0.1365221214722576,0.3029093033525572,0.9383557429169269,0.09011220596288291
0.632480793670974,0.753627110594518,-0.08039531758136653,1.2588866461923538,0.16630505235606116,0.6297608261633586,0.893102352467406,-0.1365221214722576,0.3029093033525572,0.9383557429169269,0.09011220596288291
0.14564378673398393,0.2871000953281353,0.7263216516967849,-0.06138065780992372,-1.384699375954436,1.352437875178308,0.893102352467406,-0.1365221214722576,0.3029093033525572,0.9383557429169269,0.09011220596288291
0.2847400744302668,0.4426091004169296,-0.707841849242151,-0.045771211676380284,-0.865760774702882,0.0744001181813979,0.893102352467406,-0.1365221214722576,0.3029093033525572,0.9383557429169269,0.09011220596288291
-0.7584820832918546,-0.7237084377490274,0.935470495583713,0.6051115463538669,-1.2093157481776247,1.9158274535020008,0.893102352467406,-0.1365221214722576,0.3029093033525572,0.9383557429169269,0.09011220596288291
0.4238363621265496,0.5981181055057239,-0.6779634429725898,-1.3143149760532276,1.222545009026076,-1.100616657217401,0.893102352467406,-0.1365221214722576,0.3029093033525572,0.9383557429169269,0.09011220596288291
-0.4802895078992889,-0.4126904275714388,0.5171728078098567,0.17588724613812315,0.9066345650852021,-1.5040735759975206,0.893102352467406,-0.1365221214722576,0.3029093033525572,0.9383557429169269,0.09011220596288291
1.6757029513930954,1.997699151304872,0.21838874511424508,0.7995828778823048,-0.9913222579459663,-0.5715207608991446,0.893102352467406,-0.1365221214722576,0.3029093033525572,0.9383557429169269,0.09011220596288291
-0.2020969325067232,-0.10167241739385033,0.576929620348979,0.6474470288358517,-0.00029339779092687573,0.7298791625520035,0.893102352467406,-0.1365221214722576,0.3029093033525572,0.9383557429169269,0.09011220596288291
0.632480793670974,0.8313816131389152,-0.46881459908566164,-0.7665517682436314,-0.6334693954192377,-0.9558670426885783,0.893102352467406,-0.1365221214722576,0.3029093033525572,0.9383557429169269,0.09011220596288291
-0.3411932202030061,-0.2571814224826446,0.3080239639229286,-0.3711870977382206,0.9923234786200217,-0.5173399936762512,0.893102352467406,-0.1365221214722576,0.3029093033525572,0.9383557429169269,0.09011220596288291
0.14564378673398393,0.2871000953281353,-2.0523701313724034,-0.5709565299922373,-0.6035995203580481,0.5207837643769121,0.893102352467406,-0.1365221214722576,0.3029093033525572,0.9383557429169269,0.09011220596288291
0.2847400744302668,0.4426091004169296,-0.6779634429725898,-2.16919179205204,-0.9352396743739355,0.10285764956598586,0.893102352467406,-0.1365221214722576,0.3029093033525572,0.9383557429169269,0.09011220596288291
0.7020289375191153,0.9091361156833123,-1.813342881215914,-1.4190477868609241,-1.122785056622997,1.2001734605067944,0.893102352467406,-0.1365221214722576,0.3029093033525572,0.9383557429169269,0.09011220596288291
1.953895526785661,2.3087171614824604,-0.6480850367030286,-0.3706888767599442,-1.3041192710819878,-0.04867623439115081,0.893102352467406,-0.1365221214722576,0.3029093033525572,0.9383557429169269,0.09011220596288291
0.7715770813672568,0.9868906182277094,0.21838874511424508,0.6199151934858431,2.009364190872986,0.7610070884153448,0.893102352467406,-0.1365221214722576,0.3029093033525572,0.9383557429169269,0.09011220596288291
0.006547499037701083,0.13159109023934107,0.009239901227316947,0.19671665155349086,0.5071706186490987,-0.5698747601762035,0.893102352467406,-0.1365221214722576,0.3029093033525572,0.9383557429169269,0.09011220596288291
-0.06300064481044035,0.05383658769494393,-0.5285714116247839,0.23095479620059992,-0.4190701421158976,1.0425367025169971,0.893102352467406,-0.1365221214722576,0.3029093033525572,0.9383557429169269,0.09011220596288291
0.35428821827840823,0.5203636029613267,3.026958934452994,3.2329401339258537,-1.5440951107649181,-1.1932581154440507,0.893102352467406,-0.1365221214722576,0.3029093033525572,0.9383557429169269,0.09011220596288291
0.7020289375191153,0.8313816131389152,0.935470495583713,1.1620655180162875,-0.40729334316487886,0.23914504178205542,0.893102352467406,-0.1365221214722576,0.3029093033525572,0.9383557429169269,0.09011220596288291
0.21519193058212538,0.36485459787253244,-1.245653162094252,-1.0671995876080222,-0.13208210953594135,-0.9186389912786092,0.893102352467406,-0.1365221214722576,0.3029093033525572,0.9383557429169269,0.09011220596288291
1.0497696567598225,1.2979086284052979,-0.707841849242151,-0.17455773229499083,-0.5551046935042775,0.038520225160802724,0.893102352467406,-0.1365221214722576,0.3029093033525572,0.9383557429169269,0.09011220596288291
0.21519193058212538,0.36485459787253244,-0.28954416146829465,-1.294905971491378,-0.27062634660022655,-0.8703800345758197,0.893102352467406,-0.1365221214722576,0.3029093033525572,0.9383557429169269,0.09011220596288291
0.14564378673398393,0.2871000953281353,0.576929620348979,1.7308665084246009,1.1760804700871892,0.8893582838340199,0.893102352467406,-0.1365221214722576,0.3029093033525572,0.9383557429169269,0.09011220596288291
0.14564378673398393,0.2871000953281353,-0.7675986617812732,-0.025563612643239145,0.11202213885454756,-0.8795028524457574,0.893102352467406,-0.1365221214722576,0.3029093033525572,0.9383557429169269,0.09011220596288291
0.2847400744302668,0.4426091004169296,0.24826715138380626,1.5360388297448508,-1.251622217279592,-0.3559180262913036,0.893102352467406,-0.1365221214722576,0.3029093033525572,0.9383557429169269,0.09011220596288291
0.07609564288584252,0.20934559278373818,-0.17003053639005003,0.08797202577168846,-0.7251298214330211,0.9643485586639504,0.893102352467406,-0.1365221214722576,0.3029093033525572,0.9383557429169269,0.09011220596288291
0.632480793670974,0.8313816131389152,-0.17003053639005003,-1.40018688079464,-0.3177681281808405,0.7419434906001428,0.893102352467406,-0.1365221214722576,0.3029093033525572,0.9383557429169269,0.09011220596288291
0.7715770813672568,0.9868906182277094,0.8757136830445906,0.2857862593478954,-0.22159331342745517,0.7739775522173392,0.893102352467406,-0.1365221214722576,0.3029093033525572,0.9383557429169269,0.09011220596288291
0.07609564288584252,0.20934559278373818,1.0848625269315189,-0.7285029812754906,-0.5484788884919709,-0.4149357579620515,0.893102352467406,-0.1365221214722576,0.3029093033525572,0.9383557429169269,0.09011220596288291
-0.06300064481044035,0.05383658769494393,-0.4986930053552228,-1.785321118309026,-1.0638626913113816,1.7387719674572102,0.6798231866081952,-0.13604044223904924,0.3086040957181345,1.031467623337806,0.10223205571821964
-0.6193857955955717,-0.5681994326602331,-0.14015213012048885,0.09418898120469617,-1.235878326002473,-0.15588159046575628,0.6798231866081952,-0.13604044223904924,0.3086040957181345,1.031467623337806,0.10223205571821964
-0.06300064481044035,0.05383658769494393,0.8458352767750295,-1.062441272458456,-1.3035031779590556,-0.6222434576376942,0.6798231866081952,-0.13604044223904924,0.3086040957181345,1.031467623337806,0.10223205571821964
-0.06300064481044035,0.05383658769494393,0.06899671376643927,-0.59167731325884,-1.0464918403409469,-0.11817643009854072,0.6798231866081952,-0.13604044223904924,0.3086040957181345,1.031467623337806,0.10223205571821964
0.7020289375191153,0.9091361156833123,1.0251057143923965,-0.25824998953078465,-1.1256525715603654,0.7487725364712445,0.6798231866081952,-0.13604044223904924,0.3086040957181345,1.031467623337806,0.10223205571821964
1.2584140883042467,1.5311721360384893,0.21838874511424508,0.8001487106062376,0.06025300680099556,1.279153811117911,0.6798231866081952,-0.13604044223904924,0.3086040957181345,1.031467623337806,0.10223205571821964
0.14564378673398393,0.2871000953281353,1.2342545582793245,-0.8369599800409179,-1.8519755170995444,-1.3953956377183439,0.6798231866081952,-0.13604044223904924,0.3086040957181345,1.031467623337806,0.10223205571821964
0.8411252252153982,1.0646451207721066,-0.46881459908566164,-0.24931748037859888,0.8285843207686137,0.04917983026383595,0.6798231866081952,-0.13604044223904924,0.3086040957181345,1.031467623337806,0.10223205571821964
-0.4107413640511475,-0.3349359250270417,2.9373237156443106,1.622753110333846,0.22944579528973266,0.6497004383688687,0.6798231866081952,-0.13604044223904924,0.3086040957181345,1.031467623337806,0.10223205571821964
-0.6193857955955717,-0.5681994326602331,1.9214579024792313,2.6536770571684274,1.0014249898783412,0.26173059623980843,0.6798231866081952,-0.13604044223904924,0.3086040957181345,1.031467623337806,0.10223205571821964
-0.2716450763548646,-0.17942691993824744,0.09887512003600044,0.1096277353901793,-0.08142952118488812,-1.1122619979164248,0.6798231866081952,-0.13604044223904924,0.3086040957181345,1.031467623337806,0.10223205571821964
0.980221512911681,1.2201541258609008,-2.0523701313724034,-1.6084997775659715,-0.9786187662494314,0.2896562671428675,0.6798231866081952,-0.13604044223904924,0.3086040957181345,1.031467623337806,0.10223205571821964
0.9106733690635397,1.1423996233165037,0.12875352630556158,-0.07239638460096612,1.448229270913087,-0.06830806076291066,0.6798231866081952,-0.13604044223904924,0.3086040957181345,1.031467623337806,0.10223205571821964
-0.13254878865858177,-0.0239179148494532,0.756200057966346,0.48292603805140455,0.2508180151052153,-0.7927393752152384,0.6798231866081952,-0.13604044223904924,0.3086040957181345,1.031467623337806,0.10223205571821964
-0.6889339394437132,-0.6459539352046302,-2.4407894128766983,-0.6186316777975467,0.688508483574315,-0.7521167471764024,0.6798231866081952,-0.13604044223904924,0.3086040957181345,1.031467623337806,0.10223205571821964
0.006547499037701083,0.13159109023934107,0.3677807764620509,0.46890934730335077,0.547714945005477,-1.5810954511426571,0.6798231866081952,-0.13604044223904924,0.3086040957181345,1.031467623337806,0.10223205571821964
-0.13254878865858177,-0.0239179148494532,0.8757136830445906,1.2596569767371832,-1.4378426684404026,0.6413338631341251,0.6798231866081952,-0.13604044223904924,0.3086040957181345,1.031467623337806,0.10223205571821964
0.006547499037701083,0.13159109023934107,0.009239901227316947,0.053851370387534556,0.35421353444250586,-0.9280967256056072,0.6798231866081952,-0.13604044223904924,0.3086040957181345,1.031467623337806,0.10223205571821964
1.8147992390893781,2.1532081563936663,0.06899671376643927,0.7014355619409309,1.6480724185878635,1.659895420959062,0.6798231866081952,-0.13604044223904924,0.3086040957181345,1.031467623337806,0.10223205571821964
0.7715770813672568,0.9091361156833123,-0.349300974007417,-0.3382934292794235,-0.9574876508462719,-1.0139118084969452,0.6798231866081952,-0.13604044223904924,0.3086040957181345,1.031467623337806,0.10223205571821964
1.0497696567598225,1.2979086284052979,0.8757136830445906,0.6046548899733362,0.2878621283246592,1.6032367142880561,0.6798231866081952,-0.13604044223904924,0.3086040957181345,1.031467623337806,0.10223205571821964
-0.13254878865858177,-0.0239179148494532,-0.14015213012048885,0.2891917853896,0.36300297264356335,0.3164218538609515,0.6798231866081952,-0.13604044223904924,0.3086040957181345,1.031467623337806,0.10223205571821964
0.4238363621265496,0.5981181055057239,2.5190260278704546,2.2710300451829544,-0.7198942178042137,-1.1977603497315445,0.6798231866081952,-0.13604044223904924,0.3086040957181345,1.031467623337806,0.10223205571821964
0.21519193058212538,0.36485459787253244,-1.5743156310594246,-1.3719999873842088,-0.7825265079709901,-1.1830590076582481,0.6798231866081952,-0.13604044223904924,0.3086040957181345,1.031467623337806,0.10223205571821964
0.632480793670974,0.8313816131389152,-1.0365043182073237,-2.092430847135786,-0.48145396220124814,0.7666325757423254,0.6798231866081952,-0.13604044223904924,0.3086040957181345,1.031467623337806,0.10223205571821964
1.5366066636968125,1.7644356436716808,0.009239901227316947,-0.2977141896007195,0.2487971655974215,0.8529637391905566,0.6798231866081952,-0.13604044223904924,0.3086040957181345,1.031467623337806,0.10223205571821964
0.632480793670974,0.8313816131389152,0.3677807764620509,0.12729047265220267,2.4246405366374724,-0.06434435755549398,0.6798231866081952,-0.13604044223904924,0.3086040957181345,1.031467623337806,0.10223205571821964
-0.06300064481044035,0.05383658769494393,0.4574159952707344,0.6458165882150726,0.5689288569947483,-0.13028127855144597,0.6798231866081952,-0.13604044223904924,0.3086040957181345,1.031467623337806,0.10223205571821964
0.7715770813672568,0.9868906182277094,-0.08039531758136653,-1.5467115091458494,1.5156107237159442,-0.16317224181605086,0.6798231866081952,-0.13604044223904924,0.3086040957181345,1.031467623337806,0.10223205571821964
0.006547499037701083,0.13159109023934107,-0.020638505042244217,-0.6106662382861677,0.9406296376780531,0.34189535671166377,0.6798231866081952,-0.13604044223904924,0.3086040957181345,1.031467623337806,0.10223205571821964
0.5629326498228325,0.753627110594518,-1.2157747558246907,-1.0043843965263402,1.9181799134577622,0.32752002485336545,0.6798231866081952,-0.13604044223904924,0.3086040957181345,1.031467623337806,0.10223205571821964
0.5629326498228325,0.753627110594518,0.09887512003600044,0.8637297986756557,0.6276714791466678,2.1342309607250174,0.39379285634954553,-0.13622393908979527,0.39230028654555826,1.031467623337806,0.11219738866748362
1.6061548075449539,1.919944648760475,-0.3194225677378558,-0.1525534342501005,0.5210674874744923,-0.45372708468458267,0.39379285634954553,-0.13622393908979527,0.39230028654555826,1.031467623337806,0.11219738866748362
1.467058519848671,1.7644356436716808,-0.4986930053552228,0.06411394666748105,0.015323435449856438,1.6435470002843788,0.39379285634954553,-0.13622393908979527,0.39230028654555826,1.031467623337806,0.11219738866748362
-0.13254878865858177,-0.0239179148494532,0.7263216516967849,0.9532366660383123,-0.01738429164406981,-0.20355787824343738,0.39379285634954553,-0.13622393908979527,0.39230028654555826,1.031467623337806,0.11219738866748362
0.5629326498228325,0.753627110594518,0.4574159952707344,-0.19311881906289038,-0.10599846690662451,-1.5667124116652087,0.39379285634954553,-0.13622393908979527,0.39230028654555826,1.031467623337806,0.11219738866748362
-0.13254878865858177,-0.0239179148494532,-0.5883282241639063,-1.12052142456531,0.6635694775977357,-0.698331132599223,0.39379285634954553,-0.13622393908979527,0.39230028654555826,1.031467623337806,0.11219738866748362
0.5629326498228325,0.753627110594518,0.6964432454272237,-0.5966678359611247,0.6715053789206659,1.8208772267380766,0.39379285634954553,-0.13622393908979527,0.39230028654555826,1.031467623337806,0.11219738866748362
0.632480793670974,0.8313816131389152,0.4574159952707344,1.1241669177946576,0.6729206803148957,-0.9513686775045399,0.39379285634954553,-0.13622393908979527,0.39230028654555826,1.031467623337806,0.11219738866748362
0.7715770813672568,0.9868906182277094,-0.05051691131180538,0.11205677048224993,0.8737555070681667,-1.2383144425967356,0.39379285634954553,-0.13622393908979527,0.39230028654555826,1.031467623337806,0.11219738866748362
1.0497696567598225,1.2979086284052979,0.15863193257512276,1.5564287588134247,0.23850920446681761,1.342530464176471,0.39379285634954553,-0.13622393908979527,0.39230028654555826,1.031467623337806,0.11219738866748362
0.35428821827840823,0.5203636029613267,0.12875352630556158,-0.664797199412845,1.5347267785079723,-1.4908032834055553,0.39379285634954553,-0.13622393908979527,0.39230028654555826,1.031467623337806,0.11219738866748362
-0.2020969325067232,-0.10167241739385033,-0.5584498178943451,0.07159557426113493,-0.6859922245668991,-0.10447828057854396,0.39379285634954553,-0.13622393908979527,0.39230028654555826,1.031467623337806,0.11219738866748362
0.14564378673398393,0.2871000953281353,-1.4249235997116187,-1.6704870018606226,0.29894974784250095,0.8042749381526468,0.39379285634954553,-0.13622393908979527,0.39230028654555826,1.031467623337806,0.11219738866748362
-0.3411932202030061,-0.2571814224826446,0.576929620348979,1.0400263170978796,0.6193854099859722,1.0424311034384588,0.39379285634954553,-0.13622393908979527,0.39230028654555826,1.031467623337806,0.11219738866748362
0.14564378673398393,0.2871000953281353,0.576929620348979,-0.10637849132597826,0.17037224107220839,-0.3804459280102328,0.39379285634954553,-0.13622393908979527,0.39230028654555826,1.031467623337806,0.11219738866748362
1.3279622321523883,1.5311721360384893,-0.3791793802769782,-0.6261836881100424,0.9395168036487491,1.5345787990654702,0.39379285634954553,-0.13622393908979527,0.39230028654555826,1.031467623337806,0.11219738866748362
2.1625399583300853,2.541980669115652,-1.5444372247898634,-0.6452446584401264,1.0339175434991366,1.0239717205569483,0.39379285634954553,-0.13622393908979527,0.39230028654555826,1.031467623337806,0.11219738866748362
0.7020289375191153,0.9091361156833123,-1.275531568363813,0.43968832670108715,-0.12082619836861723,-0.4392999568146175,0.39379285634954553,-0.13622393908979527,0.39230028654555826,1.031467623337806,0.11219738866748362
0.4238363621265496,0.5981181055057239,0.5171728078098567,-0.6643649275963234,-0.514066254353136,-0.5853140056907021,0.39379285634954553,-0.13622393908979527,0.39230028654555826,1.031467623337806,0.11219738866748362
0.14564378673398393,0.2871000953281353,-0.28954416146829465,0.01595332436053849,-0.6169086880653152,-1.376816429163104,0.39379285634954553,-0.13622393908979527,0.39230028654555826,1.031467623337806,0.11219738866748362
-0.13254878865858177,-0.0239179148494532,-0.8572338805899568,-0.766325102637274,0.30102835287586416,1.5403016501644489,0.39379285634954553,-0.13622393908979527,0.39230028654555826,1.031467623337806,0.11219738866748362
0.7020289375191153,0.9091361156833123,1.4434034021662527,0.39218165406529293,1.028594016438132,0.1453444123258976,0.39379285634954553,-0.13622393908979527,0.39230028654555826,1.031467623337806,0.11219738866748362
1.3279622321523883,1.5311721360384893,-1.1560179432855684,-0.6383249842079521,1.3967621617538937,-0.7663952434778448,0.39379285634954553,-0.13622393908979527,0.39230028654555826,1.031467623337806,0.11219738866748362
2.0234436706338026,2.3864716640268577,-0.11027372385092771,-0.14272978012231416,-0.866074574594105,-1.8382698264864343,0.39379285634954553,-0.13622393908979527,0.39230028654555826,1.031467623337806,0.11219738866748362
0.7020289375191153,0.9091361156833123,-1.5444372247898634,0.20068856451376854,-0.44170947964394797,-0.8673374931916521,0.39379285634954553,-0.13622393908979527,0.39230028654555826,1.031467623337806,0.11219738866748362
-0.5498376517474304,-0.49044493011583595,0.756200057966346,0.1499470577843333,0.32154774787811813,-0.9411160974920773,0.39379285634954553,-0.13622393908979527,0.39230028654555826,1.031467623337806,0.11219738866748362
0.2847400744302668,0.4426091004169296,-1.5444372247898634,-0.2531325562567272,-0.22687554539222723,-0.25812043740214735,0.39379285634954553,-0.13622393908979527,0.39230028654555826,1.031467623337806,0.11219738866748362
0.14564378673398393,0.2871000953281353,1.5330386209749363,0.44615577810982415,0.7358324773404259,-1.3357746514604734,0.39379285634954553,-0.13622393908979527,0.39230028654555826,1.031467623337806,0.11219738866748362
-0.06300064481044035,0.05383658769494393,0.39765918273161205,-0.5806698993873441,-0.3419620753533838,0.03275797396825526,0.39379285634954553,-0.13622393908979527,0.39230028654555826,1.031467623337806,0.11219738866748362
1.1193178006079638,1.3756631309496952,-0.5285714116247839,-0.1883045302550335,0.6716256813680901,0.7418340871774293,0.39379285634954553,-0.13622393908979527,0.39230028654555826,1.031467623337806,0.11219738866748362
1.1888659444561054,1.4534176334940923,0.15863193257512276,0.1502075292635204,-1.3170305184803828,-0.33251683344598204,0.71642692457298,-0.13700380070546594,0.7168689374903389,1.031467623337806,0.10721289944392197
1.2584140883042467,1.5311721360384893,-1.245653162094252,-1.6295231511041408,-1.2239933497602715,0.7267085772633778,0.71642692457298,-0.13700380070546594,0.7168689374903389,1.031467623337806,0.10721289944392197
0.632480793670974,0.8313816131389152,-0.11027372385092771,-1.0472851575376239,1.4346190611937635,0.8880612658459409,0.71642692457298,-0.13700380070546594,0.7168689374903389,1.031467623337806,0.10721289944392197
-0.2020969325067232,-0.10167241739385033,0.5470512140794178,0.6195854476770851,0.10197418752149992,0.9338426222910168,0.71642692457298,-0.13700380070546594,0.7168689374903389,1.031467623337806,0.10721289944392197
-0.13254878865858177,-0.0239179148494532,1.712309058592303,0.7588661979337299,-1.5347709291591227,-1.0746446944290218,0.71642692457298,-0.13700380070546594,0.7168689374903389,1.031467623337806,0.10721289944392197
0.35428821827840823,0.5203636029613267,0.24826715138380626,1.1749383510344662,0.2442827746751999,-0.22354264120809073,0.71642692457298,-0.13700380070546594,0.7168689374903389,1.031467623337806,0.10721289944392197
1.2584140883042467,1.5311721360384893,-0.19990894265961118,-0.4653270322625757,1.3155679587133524,-2.1872706428688207,0.71642692457298,-0.13700380070546594,0.7168689374903389,1.031467623337806,0.10721289944392197
0.980221512911681,1.1423996233165037,1.7421874648618643,1.7898134209430465,1.2946893181427648,-0.38790776454602754,0.71642692457298,-0.13700380070546594,0.7168689374903389,1.031467623337806,0.10721289944392197
0.2847400744302668,0.36485459787253244,0.6366864328881013,-0.8219280047186731,-1.2122408125988517,-0.354462503931642,0.71642692457298,-0.13700380070546594,0.7168689374903389,1.031467623337806,0.10721289944392197
-0.06300064481044035,-0.0239179148494532,-1.5743156310594246,-1.1036750160029487,-0.539248809066901,0.157919737343711,0.71642692457298,-0.13700380070546594,0.7168689374903389,1.031467623337806,0.10721289944392197
-0.5498376517474304,-0.49044493011583595,1.11474093320108,1.5365780611262327,-1.0144408602942083,1.1286399995297434,0.71642692457298,-0.13700380070546594,0.7168689374903389,1.031467623337806,0.10721289944392197
0.4933845059746911,0.675872608050121,1.5629170272444974,0.22112560012644594,-1.9865337159408571,0.33789289706881354,0.71642692457298,-0.13700380070546594,0.7168689374903389,1.031467623337806,0.10721289944392197
0.35428821827840823,0.5203636029613267,0.12875352630556158,0.7204771354587364,0.26815613158294593,1.5041135566069324,0.71642692457298,-0.13700380070546594,0.7168689374903389,1.031467623337806,0.10721289944392197
1.2584140883042467,1.5311721360384893,1.6226738397836198,-1.0521221683255817,1.1734422221989234,0.07393091380627344,0.71642692457298,-0.13700380070546594,0.7168689374903389,1.031467623337806,0.10721289944392197
1.6061548075449539,1.919944648760475,2.070849933827037,2.182686432362454,-0.2909849324852241,0.2934760823113647,0.71642692457298,-0.13700380070546594,0.7168689374903389,1.031467623337806,0.10721289944392197
0.4238363621265496,0.5981181055057239,0.09887512003600044,0.3665241049761542,0.08760036842902154,-0.17965686279535234,0.71642692457298,-0.13700380070546594,0.7168689374903389,1.031467623337806,0.10721289944392197
0.9106733690635397,1.1423996233165037,-0.707841849242151,-1.6922130941979585,-0.11765021181644666,0.06442648064756022,0.71642692457298,-0.13700380070546594,0.7168689374903389,1.031467623337806,0.10721289944392197
0.8411252252153982,1.0646451207721066,1.1446193394706412,0.8466822174602203,-1.1379800415607761,-0.3028120330541468,0.71642692457298,-0.13700380070546594,0.7168689374903389,1.031467623337806,0.10721289944392197
1.0497696567598225,1.2979086284052979,-0.05051691131180538,0.8044237680327159,1.0642663334939757,0.0008847160691344016,0.71642692457298,-0.13700380070546594,0.7168689374903389,1.031467623337806,0.10721289944392197
0.14564378673398393,0.2871000953281353,0.8458352767750295,0.8270077536674564,0.4559855261759711,-0.46568938598446846,0.71642692457298,-0.13700380070546594,0.7168689374903389,1.031467623337806,0.10721289944392197
1.1888659444561054,1.4534176334940923,-0.6182066304334675,0.2883100617228234,-0.5933213063891581,0.7691254546766837,0.71642692457298,-0.13700380070546594,0.7168689374903389,1.031467623337806,0.10721289944392197
1.1888659444561054,1.4534176334940923,0.9653489018532742,-0.47425843302548737,0.23514074159442275,0.6204545647340076,0.71642692457298,-0.13700380070546594,0.7168689374903389,1.031467623337806,0.10721289944392197
0.8411252252153982,1.0646451207721066,-0.5584498178943451,-1.0360571742007787,-0.280019334599045,0.6252298837570822,0.71642692457298,-0.13700380070546594,0.7168689374903389,1.031467623337806,0.10721289944392197
-0.8975783709881375,-0.8792174428378216,0.2781455576533674,1.6392088116774313,0.5735388951981996,-0.5463078121671262,0.71642692457298,-0.13700380070546594,0.7168689374903389,1.031467623337806,0.10721289944392197
-0.2020969325067232,-0.10167241739385033,0.009239901227316947,0.19510837871817574,-0.7288879807501311,1.7334508636459653,0.71642692457298,-0.13700380070546594,0.7168689374903389,1.031467623337806,0.10721289944392197
1.1193178006079638,1.3756631309496952,-0.14015213012048885,0.29253357904809807,-0.1768790243018547,0.1392336814442146,0.71642692457298,-0.13700380070546594,0.7168689374903389,1.031467623337806,0.10721289944392197
-0.4107413640511475,-0.3349359250270417,-0.5285714116247839,-0.06343006957594728,-0.04289566734974588,0.9856963938225446,0.71642692457298,-0.13700380070546594,0.7168689374903389,1.031467623337806,0.10721289944392197
-0.13254878865858177,-0.0239179148494532,0.7263216516967849,0.22630454900516478,1.050577786042143,-0.7791972799825927,0.71642692457298,-0.13700380070546594,0.7168689374903389,1.031467623337806,0.10721289944392197
0.980221512911681,1.2201541258609008,0.6964432454272237,-0.39702974783597417,-0.4621948100688863,-0.8165113530782252,0.71642692457298,-0.13700380070546594,0.7168689374903389,1.031467623337806,0.10721289944392197
0.07609564288584252,0.20934559278373818,-0.5883282241639063,-0.2806771380833758,-0.7512883582612184,-0.609761700030275,0.71642692457298,-0.13700380070546594,0.7168689374903389,1.031467623337806,0.10721289944392197
0.8411252252153982,1.0646451207721066,-0.6182066304334675,0.006517606478349,-1.2360793993719066,0.21200320752627363,0.71642692457298,-0.13700380070546594,0.7168689374903389,1.031467623337806,0.10721289944392197
-0.2716450763548646,-0.2571814224826446,-1.275531568363813,0.2974847539311887,-1.1685944070500192,-0.03374962274794651,0.7103190599936984,-0.13725610887524173,0.7513138028288003,1.217691384179564,0.1186740738054329
-0.6889339394437132,-0.6459539352046302,0.6665648391576625,0.03793656300923899,-0.21684129717677958,-1.7087878860412564,0.7103190599936984,-0.13725610887524173,0.7513138028288003,1.217691384179564,0.1186740738054329
0.4238363621265496,0.5203636029613267,-1.5444372247898634,0.07423354073119234,-0.3006568965493865,-0.5765211364513735,0.7103190599936984,-0.13725610887524173,0.7513138028288003,1.217691384179564,0.1186740738054329
1.5366066636968125,1.842190146216078,-2.23164056898977,-0.845083919218351,0.8945180200888146,0.3201571484613202,0.7103190599936984,-0.13725610887524173,0.7513138028288003,1.217691384179564,0.1186740738054329
1.5366066636968125,1.842190146216078,-0.3791793802769782,-0.005349917469093322,-0.8971029486500575,-1.151369498413771,0.7103190599936984,-0.13725610887524173,0.7513138028288003,1.217691384179564,0.1186740738054329
0.9106733690635397,1.1423996233165037,-0.14015213012048885,-0.3338038985285941,0.35262062654845955,-0.8926853565989323,0.7103190599936984,-0.13725610887524173,0.7513138028288003,1.217691384179564,0.1186740738054329
0.9106733690635397,1.1423996233165037,-1.3950451934420576,-1.5741014706688972,-1.1727084866505388,-0.40363725892762203,0.7103190599936984,-0.13725610887524173,0.7513138028288003,1.217691384179564,0.1186740738054329
0.006547499037701083,0.13159109023934107,0.24826715138380626,0.46414604440206036,0.35714254773076937,-0.507342762389313,0.7103190599936984,-0.13725610887524173,0.7513138028288003,1.217691384179564,0.1186740738054329
-0.13254878865858177,-0.0239179148494532,0.09887512003600044,0.30343181657618856,0.3452678830843857,1.0910693347662432,0.7103190599936984,-0.13725610887524173,0.7513138028288003,1.217691384179564,0.1186740738054329
0.8411252252153982,1.0646451207721066,-0.8572338805899568,-1.9015806233626784,0.870051043551636,0.004980467673462878,0.7103190599936984,-0.13725610887524173,0.7513138028288003,1.217691384179564,0.1186740738054329
1.3279622321523883,1.6089266385828864,0.935470495583713,0.1860744519474973,0.36256776239872307,-1.124438763010811,0.7103190599936984,-0.13725610887524173,0.7513138028288003,1.217691384179564,0.1186740738054329
1.1193178006079638,1.3756631309496952,0.7860784642359071,2.0075758904624816,-0.6080862909968258,0.14089402235728163,0.7103190599936984,-0.13725610887524173,0.7513138028288003,1.217691384179564,0.1186740738054329
-0.13254878865858177,-0.0239179148494532,-1.0663827244768849,0.4773718994037288,0.732671356336871,-0.37760053537050536,0.7103190599936984,-0.13725610887524173,0.7513138028288003,1.217691384179564,0.1186740738054329
-0.06300064481044035,0.05383658769494393,-0.9767475056682013,-0.8779814670396013,-0.8995020439856113,0.1853664682333713,0.7103190599936984,-0.13725610887524173,0.7513138028288003,1.217691384179564,0.1186740738054329
0.07609564288584252,0.20934559278373818,-0.8871122868595179,-0.3688406376469947,0.05965324171270766,-0.5736267107373088,0.7103190599936984,-0.13725610887524173,0.7513138028288003,1.217691384179564,0.1186740738054329
0.21519193058212538,0.36485459787253244,0.15863193257512276,-0.46305871361510753,0.6994098631178448,1.455409662140843,0.7103190599936984,-0.13725610887524173,0.7513138028288003,1.217691384179564,0.1186740738054329
0.14564378673398393,0.2871000953281353,0.5171728078098567,-0.1275104870129127,-0.5893756101113201,-0.5695677853255234,0.7103190599936984,-0.13725610887524173,0.7513138028288003,1.217691384179564,0.1186740738054329
1.1888659444561054,1.4534176334940923,-0.14015213012048885,-0.45840680383576443,1.2455023907274172,0.3008645332594183,0.7103190599936984,-0.13725610887524173,0.7513138028288003,1.217691384179564,0.1186740738054329
0.632480793670974,0.8313816131389152,-0.3194225677378558,-0.005869752038193384,-0.98852946587767,-0.5969116972867543,0.7103190599936984,-0.13725610887524173,0.7513138028288003,1.217691384179564,0.1186740738054329
0.632480793670974,0.8313816131389152,0.9653489018532742,1.5313220791930302,0.24317393218442793,-1.3829895888479906,0.7103190599936984,-0.13725610887524173,0.7513138028288003,1.217691384179564,0.1186740738054329
0.2847400744302668,0.36485459787253244,0.21838874511424508,-1.2077123125417544,0.9783275055156219,0.9641890938713589,0.7103190599936984,-0.13725610887524173,0.7513138028288003,1.217691384179564,0.1186740738054329
-0.3411932202030061,-0.2571814224826446,-0.05051691131180538,-1.041949925771396,-1.0914050829110926,0.6408623226328178,0.7103190599936984,-0.13725610887524173,0.7513138028288003,1.217691384179564,0.1186740738054329
0.07609564288584252,0.20934559278373818,-0.43893619281610047,-0.8532981921215481,0.15449085523355438,0.36483165011583757,0.7103190599936984,-0.13725610887524173,0.7513138028288003,1.217691384179564,0.1186740738054329
-0.6193857955955717,-0.5681994326602331,-1.0066259119377625,-0.9822881021717779,1.6814709007235975,-0.3465731332313299,0.7103190599936984,-0.13725610887524173,0.7513138028288003,1.217691384179564,0.1186740738054329
0.35428821827840823,0.5203636029613267,-1.6639508498681082,-1.5958270088115958,-0.1424424111036318,-0.8249690196466071,0.7103190599936984,-0.13725610887524173,0.7513138028288003,1.217691384179564,0.1186740738054329
1.8843473829375197,2.2309626589380636,-0.707841849242151,0.4056757392710612,-0.7453022942381171,-0.4011650370974119,0.7103190599936984,-0.13725610887524173,0.7513138028288003,1.217691384179564,0.1186740738054329
0.35428821827840823,0.5203636029613267,-1.245653162094252,-0.3410250546430641,0.48480475255928773,1.236792319869454,0.7103190599936984,-0.13725610887524173,0.7513138028288003,1.217691384179564,0.1186740738054329
-0.13254878865858177,-0.0239179148494532,-0.05051691131180538,-0.03254757345325372,2.1804112839669165,-0.025630529571011012,0.7103190599936984,-0.13725610887524173,0.7513138028288003,1.217691384179564,0.1186740738054329
0.5629326498228325,0.753627110594518,-0.3791793802769782,0.21643323413863444,-1.1815907462726531,-0.05429329385262598,0.7103190599936984,-0.13725610887524173,0.7513138028288003,1.217691384179564,0.1186740738054329
0.006547499037701083,0.13159109023934107,-0.2596657551987335,-0.4413065741298546,-0.26472935094744815,0.64589551117221,0.7103190599936984,-0.13725610887524173,0.7513138028288003,1.217691384179564,0.1186740738054329
1.0497696567598225,1.2979086284052979,0.2781455576533674,0.9370890969126612,1.3136384178363354,-1.1645199668576713,1.6025452331887475,-0.13693498938643617,0.5210371079007297,1.217691384179564,0.09495013481097592
1.3279622321523883,1.6089266385828864,0.9952273081228353,0.9694102823118805,-0.3054028965834099,-0.017194961044018003,1.6025452331887475,-0.13693498938643617,0.5210371079007297,1.217691384179564,0.09495013481097592
1.5366066636968125,1.842190146216078,0.6964432454272237,-0.23293493272704388,-0.18079422744469276,0.637657093377638,1.6025452331887475,-0.13693498938643617,0.5210371079007297,1.217691384179564,0.09495013481097592
0.2847400744302668,0.4426091004169296,-0.5883282241639063,0.7559577844810276,0.5456646579428261,1.7936702223246046,1.6025452331887475,-0.13693498938643617,0.5210371079007297,1.217691384179564,0.09495013481097592
-0.2020969325067232,-0.10167241739385033,0.4872944015402955,0.6954347424161856,0.6737612629922455,-0.7702762820477895,1.6025452331887475,-0.13693498938643617,0.5210371079007297,1.217691384179564,0.09495013481097592
0.006547499037701083,0.13159109023934107,-0.9468690993986403,-1.894944142589789,-0.7459702820487849,-1.0652324327435467,1.6025452331887475,-0.13693498938643617,0.5210371079007297,1.217691384179564,0.09495013481097592
-0.06300064481044035,0.05383658769494393,-0.43893619281610047,0.03624682356234686,0.6385965817680535,0.44254173689718584,1.6025452331887475,-0.13693498938643617,0.5210371079007297,1.217691384179564,0.09495013481097592
0.5629326498228325,0.753627110594518,1.5927954335140586,-0.1899288747348111,-0.19519825796930323,-1.2697266193790826,1.6025452331887475,-0.13693498938643617,0.5210371079007297,1.217691384179564,0.09495013481097592
0.5629326498228325,0.753627110594518,-0.8273554743203956,-0.2244191779415575,-2.2156468017293345,0.04835260345235708,1.6025452331887475,-0.13693498938643617,0.5210371079007297,1.217691384179564,0.09495013481097592
0.7020289375191153,0.9091361156833123,1.2940113708184469,0.8030970260727744,-0.12153327355374384,0.13676134435610904,1.6025452331887475,-0.13693498938643617,0.5210371079007297,1.217691384179564,0.09495013481097592
0.4238363621265496,0.5981181055057239,0.6665648391576625,1.140082279367587,-0.9604849692312954,-0.10271056717433717,1.6025452331887475,-0.13693498938643617,0.5210371079007297,1.217691384179564,0.09495013481097592
0.4933845059746911,0.675872608050121,0.8757136830445906,0.7099540876996028,-0.32428986492689016,-0.6424883058243462,1.6025452331887475,-0.13693498938643617,0.5210371079007297,1.217691384179564,0.09495013481097592
0.7715770813672568,0.9868906182277094,-0.4090577865465393,-0.08916908527666306,0.13489677816813317,0.10405030801367485,1.6025452331887475,-0.13693498938643617,0.5210371079007297,1.217691384179564,0.09495013481097592
-0.2020969325067232,-0.10167241739385033,-0.6480850367030286,0.0131568582244237,-0.06592048225990786,0.9720301818669994,1.6025452331887475,-0.13693498938643617,0.5210371079007297,1.217691384179564,0.09495013481097592
-0.6193857955955717,-0.5681994326602331,-0.11027372385092771,0.6298031341914698,0.5529285335022988,-0.6615848242578451,1.6025452331887475,-0.13693498938643617,0.5210371079007297,1.217691384179564,0.09495013481097592
0.4238363621265496,0.5981181055057239,0.1885103388446839,-0.949038640756309,0.4144884705636831,-0.12949046173437015,1.6025452331887475,-0.13693498938643617,0.5210371079007297,1.217691384179564,0.09495013481097592
0.7715770813672568,0.9868906182277094,-0.5584498178943451,-0.5741719672735967,0.46671836456461924,0.2938691319698647,1.6025452331887475,-0.13693498938643617,0.5210371079007297,1.217691384179564,0.09495013481097592
1.0497696567598225,1.2979086284052979,1.0251057143923965,-0.5307790814250412,-2.4888757647740385,0.7673475129304078,1.6025452331887475,-0.13693498938643617,0.5210371079007297,1.217691384179564,0.09495013481097592
-0.06300064481044035,0.05383658769494393,0.33790237019248975,-0.29605936441593134,-0.3639039408678279,-0.29039716447747604,1.6025452331887475,-0.13693498938643617,0.5210371079007297,1.217691384179564,0.09495013481097592
-0.06300064481044035,0.05383658769494393,-0.4986930053552228,0.645091147435805,0.036319274491905355,-2.829101442541478,1.6025452331887475,-0.13693498938643617,0.5210371079007297,1.217691384179564,0.09495013481097592
-0.3411932202030061,-0.2571814224826446,1.652552246053181,1.0296141082660595,1.2289267494834095,0.3050461777215515,1.6025452331887475,-0.13693498938643617,0.5210371079007297,1.217691384179564,0.09495013481097592
0.006547499037701083,0.13159109023934107,-1.5145588185203023,-1.4874248753151915,0.29519153437412515,1.267838301127445,1.6025452331887475,-0.13693498938643617,0.5210371079007297,1.217691384179564,0.09495013481097592
1.8843473829375197,2.2309626589380636,1.3537681833575692,-0.18123965702807898,-1.057593407443031,-1.2205976843332036,1.6025452331887475,-0.13693498938643617,0.5210371079007297,1.217691384179564,0.09495013481097592
1.6061548075449539,1.842190146216078,-0.05051691131180538,-0.8974070974405473,-0.08501093461823175,-0.6910382835226456,1.6025452331887475,-0.13693498938643617,0.5210371079007297,1.217691384179564,0.09495013481097592
0.5629326498228325,0.753627110594518,-2.261518975259331,-0.9711022376273123,0.8915978616359328,-0.08494200844200692,1.6025452331887475,-0.13693498938643617,0.5210371079007297,1.217691384179564,0.09495013481097592
0.5629326498228325,0.753627110594518,-0.9169906931290791,-1.0092879106706836,-0.16941232201616124,0.5052491411548155,1.6025452331887475,-0.13693498938643617,0.5210371079007297,1.217691384179564,0.09495013481097592
0.2847400744302668,0.4426091004169296,-0.6779634429725898,-0.9164248405889774,-2.254824241032454,0.5754883790408314,1.6025452331887475,-0.13693498938643617,0.5210371079007297,1.217691384179564,0.09495013481097592
0.4238363621265496,0.5981181055057239,-1.7237076624072305,-1.0060608353019551,-0.06287746012971236,1.4172690664278063,1.6025452331887475,-0.13693498938643617,0.5210371079007297,1.217691384179564,0.09495013481097592
0.35428821827840823,0.5203636029613267,-0.28954416146829465,0.8644230961660014,-1.910252373055424,-0.7527768425027135,1.6025452331887475,-0.13693498938643617,0.5210371079007297,1.217691384179564,0.09495013481097592
0.9106733690635397,1.1423996233165037,-0.43893619281610047,0.11786528446810807,-1.0128116974924743,1.3614484339076738,1.6025452331887475,-0.13693498938643617,0.5210371079007297,1.217691384179564,0.09495013481097592
-1.2453190902288447,-1.2679899555598073,-0.05051691131180538,0.38643243890554785,0.6149092755113663,0.2774443415627082,1.6025452331887475,-0.13693498938643617,0.5210371079007297,1.217691384179564,0.09495013481097592
1.6757029513930954,1.919944648760475,-1.1261395370160072,-0.31665046613757586,1.0286577120765568,0.623340417787631,1.3119919371768425,-0.13695792649277944,0.11570594704412569,1.217691384179564,0.6819233310492733
0.7020289375191153,0.36485459787253244,-1.0663827244768849,-1.2996537569428492,1.1408867734359753,1.2822623960899273,1.3119919371768425,-0.13695792649277944,0.11570594704412569,1.217691384179564,0.6819233310492733
0.8411252252153982,0.753627110594518,0.06899671376643927,-0.16241920717026326,-0.10153745244707349,-0.06533489750146837,1.3119919371768425,-0.13695792649277944,0.11570594704412569,1.217691384179564,0.6819233310492733
-0.3411932202030061,-0.6459539352046302,-2.888965506920116,-2.45478269733554,-0.7177763689214891,-1.0305053692041488,1.3119919371768425,-0.13695792649277944,0.11570594704412569,1.217691384179564,0.6819233310492733
0.2847400744302668,0.05383658769494393,-1.7237076624072305,-2.7785609382463257,-0.922820054923034,0.5926839265407631,1.3119919371768425,-0.13695792649277944,0.11570594704412569,1.217691384179564,0.6819233310492733
0.14564378673398393,0.2871000953281353,0.12875352630556158,1.3324831397338084,-0.11078533026129529,1.4717104730244732,1.3119919371768425,-0.13695792649277944,0.11570594704412569,1.217691384179564,0.6819233310492733
1.6757029513930954,1.4534176334940923,-0.9468690993986403,0.09905481011375339,-1.0951609100752802,1.3652051636762204,1.3119919371768425,-0.13695792649277944,0.11570594704412569,1.217691384179564,0.6819233310492733
0.07609564288584252,-0.4126904275714388,0.06899671376643927,-0.5588412810422447,2.075158790408897,0.8904490388813204,1.3119919371768425,-0.13695792649277944,0.11570594704412569,1.217691384179564,0.6819233310492733
0.2847400744302668,0.2871000953281353,2.0110931212879146,0.8129500525162972,-0.8785933839090193,-1.4172525604097332,1.3119919371768425,-0.13695792649277944,0.11570594704412569,1.217691384179564,0.6819233310492733
-0.4107413640511475,-0.49044493011583595,0.06899671376643927,0.7334281099206696,-0.029324780883130484,-0.04940605271448387,1.3119919371768425,-0.13695792649277944,0.11570594704412569,1.217691384179564,0.6819233310492733
0.8411252252153982,0.05383658769494393,1.712309058592303,2.463528443805215,-0.5327663815430811,-1.0494769433797497,1.3119919371768425,-0.13695792649277944,0.11570594704412569,1.217691384179564,0.6819233310492733
0.7020289375191153,0.753627110594518,0.8159568705054683,0.46301825831664467,1.3163244264435432,-0.09064016761864631,1.3119919371768425,-0.13695792649277944,0.11570594704412569,1.217691384179564,0.6819233310492733
0.7020289375191153,0.4426091004169296,-0.737720255511712,-0.8197893676161631,0.07957462737442403,1.0051050776499564,1.3119919371768425,-0.13695792649277944,0.11570594704412569,1.217691384179564,0.6819233310492733
0.8411252252153982,0.2871000953281353,-0.08039531758136653,-0.6761670565766544,-0.37673348204683704,-0.26903078913624406,1.3119919371768425,-0.13695792649277944,0.11570594704412569,1.217691384179564,0.6819233310492733
0.006547499037701083,0.05383658769494393,-1.0365043182073237,0.06767298462351248,0.2103628957132831,-2.488934264539553,1.3119919371768425,-0.13695792649277944,0.11570594704412569,1.217691384179564,0.6819233310492733
0.7020289375191153,0.36485459787253244,-1.0663827244768849,-0.3766963466203313,-0.7377590466169445,-1.3377217261862626,1.3119919371768425,-0.13695792649277944,0.11570594704412569,1.217691384179564,0.6819233310492733
0.14564378673398393,-0.0239179148494532,0.15863193257512276,-0.8081363169930686,0.5471480383849135,1.9241064938940542,1.3119919371768425,-0.13695792649277944,0.11570594704412569,1.217691384179564,0.6819233310492733
-0.4107413640511475,-0.4126904275714388,-0.8871122868595179,0.008237826630254892,-0.747927556896138,0.9568106582144202,1.3119919371768425,-0.13695792649277944,0.11570594704412569,1.217691384179564,0.6819233310492733
0.4933845059746911,0.675872608050121,-0.7974770680508344,-1.2443285063743676,0.47513231047069654,0.40153370491505824,1.3119919371768425,-0.13695792649277944,0.11570594704412569,1.217691384179564,0.6819233310492733
1.5366066636968125,0.753627110594518,0.6366864328881013,-0.8581534913325105,-1.496173790038434,0.03544865688418182,1.3119919371768425,-0.13695792649277944,0.11570594704412569,1.217691384179564,0.6819233310492733
0.4238363621265496,0.2871000953281353,1.9812147150183537,1.484499282738761,0.2987039675677513,-0.5144253445912929,1.3119919371768425,-0.13695792649277944,0.11570594704412569,1.217691384179564,0.6819233310492733
1.1888659444561054,0.5203636029613267,0.4275375890011732,-0.24503577261648207,0.8680044059450251,-0.8407334311106096,1.3119919371768425,-0.13695792649277944,0.11570594704412569,1.217691384179564,0.6819233310492733
0.006547499037701083,-0.0239179148494532,2.1306067463661593,1.9939072339461967,-1.1767648446506855,-0.24400769997366192,1.3119919371768425,-0.13695792649277944,0.11570594704412569,1.217691384179564,0.6819233310492733
0.4933845059746911,0.675872608050121,0.09887512003600044,0.14099459762523187,-0.7266289778819173,1.3186827042228422,1.3119919371768425,-0.13695792649277944,0.11570594704412569,1.217691384179564,0.6819233310492733
0.632480793670974,0.2871000953281353,-0.43893619281610047,-0.9567624514061422,-1.3166875864426983,1.665353664302105,1.3119919371768425,-0.13695792649277944,0.11570594704412569,1.217691384179564,0.6819233310492733
0.7020289375191153,0.2871000953281353,-1.4249235997116187,-2.173108285548658,1.3322658820299242,-0.0178690436614836,1.3119919371768425,-0.13695792649277944,0.11570594704412569,1.217691384179564,0.6819233310492733
0.7715770813672568,0.2871000953281353,0.33790237019248975,0.6063479545880476,-0.4478075660016864,0.9308390279326012,1.3119919371768425,-0.13695792649277944,0.11570594704412569,1.217691384179564,0.6819233310492733
0.8411252252153982,0.5981181055057239,-0.22978734892917235,0.24920553397202325,0.07639100188530307,0.7243573303000054,1.3119919371768425,-0.13695792649277944,0.11570594704412569,1.217691384179564,0.6819233310492733
0.7020289375191153,0.4426091004169296,-0.46881459908566164,0.13063226631070074,1.1222536468321724,-1.0139535640072208,1.3119919371768425,-0.13695792649277944,0.11570594704412569,1.217691384179564,0.6819233310492733
0.14564378673398393,-0.4126904275714388,0.3677807764620509,0.5439700230746175,-0.3212320881574756,0.1450873026708674,1.3119919371768425,-0.13695792649277944,0.11570594704412569,1.217691384179564,0.6819233310492733
-0.2020969325067232,-0.49044493011583595,0.15863193257512276,0.6809625036768754,-0.04338093051171028,-0.20388224609097325,1.3119919371768425,-0.13695792649277944,0.11570594704412569,1.217691384179564,0.6819233310492733
-0.2716450763548646,-0.49044493011583595,-0.7675986617812732,-0.8726473436626444,2.144592195714596,0.19549159076512873,0.16383659488511498,-0.13718729755621198,0.22138748779199025,1.217691384179564,0.804660647461997
1.6061548075449539,1.3756631309496952,0.12875352630556158,-0.5365288507794232,-1.4020695507848646,-0.8133784708428765,0.16383659488511498,-0.13718729755621198,0.22138748779199025,1.217691384179564,0.804660647461997
0.4238363621265496,0.2871000953281353,0.24826715138380626,0.2308068262326342,-0.6729593808855653,-0.48753736879838777,0.16383659488511498,-0.13718729755621198,0.22138748779199025,1.217691384179564,0.804660647461997
1.8147992390893781,1.6089266385828864,0.09887512003600044,-0.228770714227879,0.3019797406222922,0.2226231040949125,0.16383659488511498,-0.13718729755621198,0.22138748779199025,1.217691384179564,0.804660647461997
0.14564378673398393,0.20934559278373818,-1.5145588185203023,-0.660619126047766,-0.9535540925128733,-0.7999754516864859,0.16383659488511498,-0.13718729755621198,0.22138748779199025,1.217691384179564,0.804660647461997
-0.13254878865858177,-0.3349359250270417,1.1446193394706412,0.6375729429961391,2.7834311622011665,-0.6261145747021521,0.16383659488511498,-0.13718729755621198,0.22138748779199025,1.217691384179564,0.804660647461997
0.4238363621265496,0.4426091004169296,0.6366864328881013,0.8138240174581642,0.7813743075662494,0.27089213492452296,0.16383659488511498,-0.13718729755621198,0.22138748779199025,1.217691384179564,0.804660647461997
0.2847400744302668,-0.10167241739385033,0.24826715138380626,-0.5426432802046673,-0.664751397390607,1.0884801316033734,0.16383659488511498,-0.13718729755621198,0.22138748779199025,1.217691384179564,0.804660647461997
0.8411252252153982,0.753627110594518,-0.14015213012048885,-0.4670660950321231,-0.5485670145065831,3.2491983588559927,0.16383659488511498,-0.13718729755621198,0.22138748779199025,1.217691384179564,0.804660647461997
1.6061548075449539,1.4534176334940923,-0.2596657551987335,-1.0254149745947818,1.806883301023351,-0.2705484753448862,0.16383659488511498,-0.13718729755621198,0.22138748779199025,1.217691384179564,0.804660647461997
1.953895526785661,1.6866811411272835,0.6068080266185402,-0.8727603993685061,-1.0341069739533078,0.7154095893753794,0.16383659488511498,-0.13718729755621198,0.22138748779199025,1.217691384179564,0.804660647461997
0.7715770813672568,0.5203636029613267,0.1885103388446839,0.2211560808314597,-0.8765058162702205,-0.2630203324928828,0.16383659488511498,-0.13718729755621198,0.22138748779199025,1.217691384179564,0.804660647461997
1.467058519848671,0.4426091004169296,-0.7974770680508344,-0.9105331974076343,-0.15640208252775728,0.14704811346170585,0.16383659488511498,-0.13718729755621198,0.22138748779199025,1.217691384179564,0.804660647461997
1.467058519848671,1.0646451207721066,0.9653489018532742,0.5749467322855282,1.020385121766986,-0.4435903132253122,0.16383659488511498,-0.13718729755621198,0.22138748779199025,1.217691384179564,0.804660647461997
1.6757029513930954,0.20934559278373818,1.503160214705375,1.9885226788573103,-0.18212913643203918,-0.07351441685052916,0.16383659488511498,-0.13718729755621198,0.22138748779199025,1.217691384179564,0.804660647461997
1.0497696567598225,0.675872608050121,0.5470512140794178,-0.2841802023811167,-0.47962375887342584,1.3195513214472525,0.16383659488511498,-0.13718729755621198,0.22138748779199025,1.217691384179564,0.804660647461997
1.6757029513930954,1.4534176334940923,0.8458352767750295,0.4997369781570247,-0.2574841201743076,-0.9242778634373481,0.16383659488511498,-0.13718729755621198,0.22138748779199025,1.217691384179564,0.804660647461997
2.3016362460263684,1.7644356436716808,-2.2913973815288924,-1.662206779795677,-0.5186968620082066,1.2408920947836923,0.16383659488511498,-0.13718729755621198,0.22138748779199025,1.217691384179564,0.804660647461997
0.8411252252153982,0.4426091004169296,0.1885103388446839,1.684858378086086,-0.6627105840556946,0.534737347829723,0.16383659488511498,-0.13718729755621198,0.22138748779199025,1.217691384179564,0.804660647461997
0.8411252252153982,0.2871000953281353,-0.9468690993986403,-0.8046670585681608,0.32289371349573043,0.6136561740698007,0.16383659488511498,-0.13718729755621198,0.22138748779199025,1.217691384179564,0.804660647461997
0.2847400744302668,-0.10167241739385033,0.5171728078098567,-0.5765095602506388,-0.801055961431645,-0.37793515316173615,0.16383659488511498,-0.13718729755621198,0.22138748779199025,1.217691384179564,0.804660647461997
0.21519193058212538,0.20934559278373818,-0.46881459908566164,0.27858560843498137,0.21817165016507498,-1.5512922491379273,0.16383659488511498,-0.13718729755621198,0.22138748779199025,1.217691384179564,0.804660647461997
1.0497696567598225,0.9868906182277094,0.9055920893141518,1.0964372349593943,0.19246486287340048,-1.2566272444568183,0.16383659488511498,-0.13718729755621198,0.22138748779199025,1.217691384179564,0.804660647461997
1.953895526785661,1.2979086284052979,0.3080239639229286,0.11283375136271784,-0.7118470239551844,0.21056293360200778,0.16383659488511498,-0.13718729755621198,0.22138748779199025,1.217691384179564,0.804660647461997
2.1625399583300853,2.1532081563936663,1.0251057143923965,0.7211127967068803,0.2536085415734703,-0.21401685057647718,0.16383659488511498,-0.13718729755621198,0.22138748779199025,1.217691384179564,0.804660647461997
-0.2716450763548646,-0.3349359250270417,-0.349300974007417,0.06536143879439377,-0.012857129306858122,-0.22539810265272323,0.16383659488511498,-0.13718729755621198,0.22138748779199025,1.217691384179564,0.804660647461997
1.0497696567598225,0.9091361156833123,1.503160214705375,1.0006956779353593,0.5769337075097659,-0.17815180669571662,0.16383659488511498,-0.13718729755621198,0.22138748779199025,1.217691384179564,0.804660647461997
0.14564378673398393,0.05383658769494393,-0.22978734892917235,0.23344479270269486,2.133604646179605,1.1362722363094546,0.16383659488511498,-0.13718729755621198,0.22138748779199025,1.217691384179564,0.804660647461997
0.4238363621265496,0.4426091004169296,0.8757136830445906,1.8739540216398243,0.35229918024586854,-0.28818555557577774,0.16383659488511498,-0.13718729755621198,0.22138748779199025,1.217691384179564,0.804660647461997
0.07609564288584252,0.20934559278373818,0.7263216516967849,0.09345799847906422,0.03318209461001279,0.6623801118585375,0.836722853777969,-0.13695792649277944,0.2926586770945181,1.3108032646004433,0.729232732114435
1.7452510952412368,1.6866811411272835,0.6068080266185402,-0.46067013473150203,0.06813503202144644,0.02641600863277826,0.836722853777969,-0.13695792649277944,0.2926586770945181,1.3108032646004433,0.729232732114435
3.8316954106854797,3.319525694559623,-1.6041940373289858,-1.5745182250355965,1.4894007550756843,-0.5428765305010397,0.836722853777969,-0.13695792649277944,0.2926586770945181,1.3108032646004433,0.729232732114435
0.5629326498228325,0.2871000953281353,-2.1420053501810865,-2.6313319285120387,2.5825049936748883,-0.18617421087838237,0.836722853777969,-0.13695792649277944,0.2926586770945181,1.3108032646004433,0.729232732114435
0.006547499037701083,-0.5681994326602331,0.15863193257512276,-1.0090884006015206,0.7508496687708541,-0.7326942018827305,0.836722853777969,-0.13695792649277944,0.2926586770945181,1.3108032646004433,0.729232732114435
0.9106733690635397,0.8313816131389152,-0.3791793802769782,-0.844291975082698,-2.821579226685258,-1.0664805043539194,0.836722853777969,-0.13695792649277944,0.2926586770945181,1.3108032646004433,0.729232732114435
0.7020289375191153,0.5203636029613267,0.039118307496878106,0.25219873920411867,1.3486703239870543,-0.3030414205191818,0.836722853777969,-0.13695792649277944,0.2926586770945181,1.3108032646004433,0.729232732114435
1.3279622321523883,1.1423996233165037,0.935470495583713,-0.06214655479765963,-0.7952390177700452,-0.6949054030155852,0.836722853777969,-0.13695792649277944,0.2926586770945181,1.3108032646004433,0.729232732114435
0.8411252252153982,0.4426091004169296,-0.14015213012048885,-0.4341519213717733,-0.3762200693278458,-1.6724159884481302,0.836722853777969,-0.13695792649277944,0.2926586770945181,1.3108032646004433,0.729232732114435
2.788473252963358,1.842190146216078,-0.9169906931290791,-0.4526010608230885,-0.494875453271895,-1.7298998908127825,0.836722853777969,-0.13695792649277944,0.2926586770945181,1.3108032646004433,0.729232732114435
1.3975103760005296,1.2979086284052979,-0.737720255511712,-0.9678928964869512,1.7612236009655335,-2.0346811826820814,0.836722853777969,-0.13695792649277944,0.2926586770945181,1.3108032646004433,0.729232732114435
0.4238363621265496,0.2871000953281353,0.9653489018532742,0.4522037041786796,0.22911584865191886,-0.3923777276768848,0.836722853777969,-0.13695792649277944,0.2926586770945181,1.3108032646004433,0.729232732114435
0.4933845059746911,0.20934559278373818,0.9055920893141518,1.9285144836098411,-1.3144242349939608,0.9323466207912329,0.836722853777969,-0.13695792649277944,0.2926586770945181,1.3108032646004433,0.729232732114435
0.35428821827840823,0.2871000953281353,0.9952273081228353,0.29771308212145403,-1.3768831036962266,-0.23508906618439054,0.836722853777969,-0.13695792649277944,0.2926586770945181,1.3108032646004433,0.729232732114435
1.3279622321523883,0.675872608050121,0.4574159952707344,0.32371534027453913,1.1867626308379997,-0.3105705211726509,0.836722853777969,-0.13695792649277944,0.2926586770945181,1.3108032646004433,0.729232732114435
2.5798288214189338,1.6866811411272835,0.039118307496878106,0.4632216477482671,-1.4681283768080216,-1.1707644307630953,0.836722853777969,-0.13695792649277944,0.2926586770945181,1.3108032646004433,0.729232732114435
2.1625399583300853,1.6866811411272835,-1.5444372247898634,0.35140955465306467,-1.2272638654936514,-1.0465963208250577,0.836722853777969,-0.13695792649277944,0.2926586770945181,1.3108032646004433,0.729232732114435
1.7452510952412368,0.5203636029613267,-0.3791793802769782,-1.0670970616002555,-0.9514903217249613,-0.9088146755078832,0.836722853777969,-0.13695792649277944,0.2926586770945181,1.3108032646004433,0.729232732114435
0.35428821827840823,-0.5681994326602331,0.9653489018532742,1.3816679137291257,0.12669266862941325,-0.934546669998476,0.836722853777969,-0.13695792649277944,0.2926586770945181,1.3108032646004433,0.729232732114435
0.980221512911681,0.5203636029613267,0.3080239639229286,-0.3415099749500602,1.4634283050530703,2.0533700791378573,0.836722853777969,-0.13695792649277944,0.2926586770945181,1.3108032646004433,0.729232732114435
1.1888659444561054,0.36485459787253244,-0.3791793802769782,-0.5524353452381691,0.7198754893077741,-1.7783683745992742,0.836722853777969,-0.13695792649277944,0.2926586770945181,1.3108032646004433,0.729232732114435
0.7715770813672568,0.5981181055057239,0.5171728078098567,0.49967989610946,-0.36955370681713956,0.09773590547068824,0.836722853777969,-0.13695792649277944,0.2926586770945181,1.3108032646004433,0.729232732114435
2.232088102178227,1.6866811411272835,-1.5145588185203023,-2.7189201740429008,0.22581677732484245,-0.25172270856319134,0.836722853777969,-0.13695792649277944,0.2926586770945181,1.3108032646004433,0.729232732114435
1.5366066636968125,1.1423996233165037,1.7720658711314254,0.4831615707719455,0.11425131691192711,0.380606672898746,0.836722853777969,-0.13695792649277944,0.2926586770945181,1.3108032646004433,0.729232732114435
-0.3411932202030061,-0.7237084377490274,-0.7675986617812732,-1.4648746955532808,-0.5506803901008629,0.16343672314864005,0.836722853777969,-0.13695792649277944,0.2926586770945181,1.3108032646004433,0.729232732114435
1.1193178006079638,0.8313816131389152,-0.7675986617812732,-0.2619542264815996,1.3527367777295318,-0.5908861893276814,0.836722853777969,-0.13695792649277944,0.2926586770945181,1.3108032646004433,0.729232732114435
0.2847400744302668,0.05383658769494393,2.4891476216008934,1.6208976666906207,0.8171327840482918,-0.03643856443808149,0.836722853777969,-0.13695792649277944,0.2926586770945181,1.3108032646004433,0.729232732114435
0.4238363621265496,0.13159109023934107,-0.737720255511712,0.05005679971095894,-0.5550098909618542,1.0981508459728304,0.836722853777969,-0.13695792649277944,0.2926586770945181,1.3108032646004433,0.729232732114435
0.006547499037701083,-0.9569719453822187,0.5171728078098567,-0.7389966567188846,-0.648401861921803,1.53971567109108,0.836722853777969,-0.13695792649277944,0.2926586770945181,1.3108032646004433,0.729232732114435
0.8411252252153982,0.5981181055057239,0.039118307496878106,-0.0183568655893204,-0.5821997531708667,0.5444666724052464,0.836722853777969,-0.13695792649277944,0.2926586770945181,1.3108032646004433,0.729232732114435
1.8147992390893781,1.2201541258609008,2.787931684296505,1.460888928637101,-0.5117498868723546,-0.4833032644370146,0.836722853777969,-0.13695792649277944,0.2926586770945181,1.3108032646004433,0.729232732114435
-0.4802895078992889,-0.6459539352046302,1.9214579024792313,1.584632832257589,0.023047875283795205,0.17932208622140114,0.10552698458892212,-0.1371643604498687,-0.05634581018255779,1.124579503758685,0.7778356732845287
-0.06300064481044035,-0.2571814224826446,1.3537681833575692,0.22523218238340903,-0.015260503421394381,1.7491841808551314,0.10552698458892212,-0.1371643604498687,-0.05634581018255779,1.124579503758685,0.7778356732845287
-1.1062228025325618,-1.112480950471013,1.8019442774009866,1.7750036776700688,-0.4605822495032188,0.6095982324021637,0.10552698458892212,-0.1371643604498687,-0.05634581018255779,1.124579503758685,0.7778356732845287
0.632480793670974,0.36485459787253244,1.861701089940109,1.1309907163547068,-1.4292519897378535,0.1514206142268152,0.10552698458892212,-0.1371643604498687,-0.05634581018255779,1.124579503758685,0.7778356732845287
1.0497696567598225,0.5981181055057239,-0.17003053639005003,-0.10257394514594484,-0.2969843683210401,0.633596287492829,0.10552698458892212,-0.1371643604498687,-0.05634581018255779,1.124579503758685,0.7778356732845287
0.7715770813672568,0.36485459787253244,-0.08039531758136653,-0.9714591389732615,0.07510774123497382,-0.1912519976943058,0.10552698458892212,-0.1371643604498687,-0.05634581018255779,1.124579503758685,0.7778356732845287
1.3975103760005296,0.9868906182277094,-1.9627349125637197,-0.8796944826612316,-0.9138924124396064,0.6259246906740279,0.10552698458892212,-0.1371643604498687,-0.05634581018255779,1.124579503758685,0.7778356732845287
1.1888659444561054,0.4426091004169296,-0.7675986617812732,-0.5279000402880751,0.45925285690146966,0.06955359749206774,0.10552698458892212,-0.1371643604498687,-0.05634581018255779,1.124579503758685,0.7778356732845287
0.4238363621265496,0.4426091004169296,0.6068080266185402,-0.35062592252694946,-1.1437222010668218,-0.016212815148847228,0.10552698458892212,-0.1371643604498687,-0.05634581018255779,1.124579503758685,0.7778356732845287
1.1888659444561054,0.675872608050121,-0.08039531758136653,-1.6727198520513529,-0.4492767977113463,0.4934426387757984,0.10552698458892212,-0.1371643604498687,-0.05634581018255779,1.124579503758685,0.7778356732845287
-0.2716450763548646,-0.5681994326602331,0.24826715138380626,-0.4138035569009453,-0.51495569860775,-0.20985790534217885,0.10552698458892212,-0.1371643604498687,-0.05634581018255779,1.124579503758685,0.7778356732845287
0.7020289375191153,0.20934559278373818,-0.5285714116247839,0.5546659795603598,1.0036679551840348,-0.6335067248928858,0.10552698458892212,-0.1371643604498687,-0.05634581018255779,1.124579503758685,0.7778356732845287
0.9106733690635397,0.675872608050121,-0.14015213012048885,0.5781233759423303,0.9174202541221328,1.2006319072026073,0.10552698458892212,-0.1371643604498687,-0.05634581018255779,1.124579503758685,0.7778356732845287
1.8147992390893781,1.7644356436716808,0.6964432454272237,0.3346484920647335,0.7788020039500371,0.6751970675750356,0.10552698458892212,-0.1371643604498687,-0.05634581018255779,1.124579503758685,0.7778356732845287
0.632480793670974,0.36485459787253244,0.009239901227316947,1.0117607280490537,-1.0554720254074517,1.0635864538984887,0.10552698458892212,-0.1371643604498687,-0.05634581018255779,1.124579503758685,0.7778356732845287
0.7020289375191153,0.4426091004169296,-0.08039531758136653,1.1136128351358763,0.6616722650365675,1.9485062668559074,0.10552698458892212,-0.1371643604498687,-0.05634581018255779,1.124579503758685,0.7778356732845287
0.4933845059746911,-0.5681994326602331,-1.6041940373289858,0.004136232125022342,-0.043416508475277824,-0.8841064817775992,0.10552698458892212,-0.1371643604498687,-0.05634581018255779,1.124579503758685,0.7778356732845287
-0.06300064481044035,-0.2571814224826446,0.8458352767750295,1.3888613601117672,-0.8459958058643845,1.0786128856563775,0.10552698458892212,-0.1371643604498687,-0.05634581018255779,1.124579503758685,0.7778356732845287
-0.2020969325067232,-0.2571814224826446,-0.5285714116247839,0.19519982083320736,-0.06180946775697459,0.4190296711980158,0.10552698458892212,-0.1371643604498687,-0.05634581018255779,1.124579503758685,0.7778356732845287
1.3975103760005296,0.9091361156833123,0.8458352767750295,0.6766663868542105,-0.3199631005044236,0.11314146342573911,0.10552698458892212,-0.1371643604498687,-0.05634581018255779,1.124579503758685,0.7778356732845287
1.8147992390893781,1.2201541258609008,-0.737720255511712,-1.7629721112001895,0.05419124664096286,0.08654298483503704,0.10552698458892212,-0.1371643604498687,-0.05634581018255779,1.124579503758685,0.7778356732845287
0.14564378673398393,-0.0239179148494532,-0.19990894265961118,-1.0754742677266034,-1.3971253217530488,0.6439353751184386,0.10552698458892212,-0.1371643604498687,-0.05634581018255779,1.124579503758685,0.7778356732845287
-0.2716450763548646,-0.3349359250270417,-1.0365043182073237,0.14981294268228498,-1.4465811837363134,1.3832370969667718,0.10552698458892212,-0.1371643604498687,-0.05634581018255779,1.124579503758685,0.7778356732845287
0.2847400744302668,0.13159109023934107,-0.9169906931290791,-1.4459949468693551,2.008850726388244,0.944005603035278,0.10552698458892212,-0.1371643604498687,-0.05634581018255779,1.124579503758685,0.7778356732845287
0.5629326498228325,0.36485459787253244,0.5171728078098567,-1.0575166989179228,0.053806995823510444,-0.8631729898445774,0.10552698458892212,-0.1371643604498687,-0.05634581018255779,1.124579503758685,0.7778356732845287
0.7715770813672568,0.36485459787253244,-0.11027372385092771,0.6093334010952335,-0.12130539943824029,1.308025222764131,0.10552698458892212,-0.1371643604498687,-0.05634581018255779,1.124579503758685,0.7778356732845287
1.467058519848671,1.2979086284052979,-0.8871122868595179,-1.3249704763304981,0.9947467979966448,0.9234631382337374,0.10552698458892212,-0.1371643604498687,-0.05634581018255779,1.124579503758685,0.7778356732845287
1.3975103760005296,1.1423996233165037,1.473281808435814,0.1836337787680576,-0.5477284403988897,0.6029669475937023,0.10552698458892212,-0.1371643604498687,-0.05634581018255779,1.124579503758685,0.7778356732845287
2.1625399583300853,0.5981181055057239,-0.28954416146829465,-0.853416789773771,2.0657364391883712,-0.3058976337676981,0.10552698458892212,-0.1371643604498687,-0.05634581018255779,1.124579503758685,0.7778356732845287
0.7020289375191153,0.2871000953281353,0.8159568705054683,0.542276404265269,0.017217177794824096,-0.3258769739783353,0.10552698458892212,-0.1371643604498687,-0.05634581018255779,1.124579503758685,0.7778356732845287
-0.4802895078992889,-0.7237084377490274,0.7860784642359071,0.23740451338096638,-0.49300062411211665,1.7247175614365755,0.2545811734057791,-0.13714142334352547,0.15808900780127058,1.124579503758685,0.729079739315214
0.5629326498228325,0.36485459787253244,0.935470495583713,1.1359446622109795,-1.2414770476267585,-0.549009461394773,0.2545811734057791,-0.13714142334352547,0.15808900780127058,1.124579503758685,0.729079739315214
0.8411252252153982,0.2871000953281353,0.33790237019248975,0.6302736454379146,-0.8530006825017542,-0.6707357754463239,0.2545811734057791,-0.13714142334352547,0.15808900780127058,1.124579503758685,0.729079739315214
1.1193178006079638,0.8313816131389152,1.7720658711314254,0.5312069205944812,0.28096264545809246,-0.8172100689740812,0.2545811734057791,-0.13714142334352547,0.15808900780127058,1.124579503758685,0.729079739315214
1.6061548075449539,1.2979086284052979,-0.19990894265961118,-0.48322419385586907,0.2754248297001651,-0.9717944872230388,0.2545811734057791,-0.13714142334352547,0.15808900780127058,1.124579503758685,0.729079739315214
3.414406547596631,0.9868906182277094,-1.4249235997116187,-1.7135501419004233,0.046025087382399014,-1.0480583189101524,0.2545811734057791,-0.13714142334352547,0.15808900780127058,1.124579503758685,0.729079739315214
1.8147992390893781,0.9091361156833123,1.0848625269315189,-0.0964284808210531,0.04587600122828111,-0.954946426704037,0.2545811734057791,-0.13714142334352547,0.15808900780127058,1.124579503758685,0.729079739315214
-0.2716450763548646,-0.17942691993824744,-0.2596657551987335,-0.07382953193112748,-0.16885995256650765,-0.039775691654709025,0.2545811734057791,-0.13714142334352547,0.15808900780127058,1.124579503758685,0.729079739315214
-0.3411932202030061,-0.5681994326602331,-0.8871122868595179,-0.9560957552583507,-0.390891835405904,-1.6473247075614383,0.2545811734057791,-0.13714142334352547,0.15808900780127058,1.124579503758685,0.729079739315214
0.980221512911681,0.675872608050121,-0.6480850367030286,0.5750004891652736,-0.09334226122871822,0.49269286892868464,0.2545811734057791,-0.13714142334352547,0.15808900780127058,1.124579503758685,0.729079739315214
2.3016362460263684,2.1532081563936663,0.6665648391576625,-0.025849022881069193,-0.7396207723540605,-0.07273357140296795,0.2545811734057791,-0.13714142334352547,0.15808900780127058,1.124579503758685,0.729079739315214
2.0234436706338026,1.919944648760475,0.8159568705054683,0.8617474444606547,-0.22485249586642803,0.2940560417489817,0.2545811734057791,-0.13714142334352547,0.15808900780127058,1.124579503758685,0.729079739315214
1.6061548075449539,1.4534176334940923,-0.020638505042244217,-0.33323030707974854,-0.27793892110033275,-0.6397622421105299,0.2545811734057791,-0.13714142334352547,0.15808900780127058,1.124579503758685,0.729079739315214
0.006547499037701083,-0.2571814224826446,-0.5883282241639063,0.9593776968061106,0.10562702744502135,0.3745592544178815,0.2545811734057791,-0.13714142334352547,0.15808900780127058,1.124579503758685,0.729079739315214
-0.13254878865858177,-0.5681994326602331,-1.5444372247898634,-1.2917127019954793,0.6194399531751315,-0.5506841835874544,0.2545811734057791,-0.13714142334352547,0.15808900780127058,1.124579503758685,0.729079739315214
0.006547499037701083,-0.0239179148494532,2.3098771839835264,1.4661388144292986,-0.8593180744049885,1.0418100865330213,0.2545811734057791,-0.13714142334352547,0.15808900780127058,1.124579503758685,0.729079739315214
0.006547499037701083,0.13159109023934107,0.21838874511424508,-0.963937055171136,-0.12459420770530437,0.701925225656739,0.2545811734057791,-0.13714142334352547,0.15808900780127058,1.124579503758685,0.729079739315214
1.0497696567598225,0.8313816131389152,-0.737720255511712,0.6647018788453658,0.6845452015216608,0.9498277618283355,0.2545811734057791,-0.13714142334352547,0.15808900780127058,1.124579503758685,0.729079739315214
2.6493769652670753,1.6866811411272835,-0.6779634429725898,-0.4903794008085843,0.3421181861515196,2.1383848294248176,0.2545811734057791,-0.13714142334352547,0.15808900780127058,1.124579503758685,0.729079739315214
0.5629326498228325,0.13159109023934107,1.2641329645488857,1.7172632468754305,0.18748562239516273,-0.7505378762606686,0.2545811734057791,-0.13714142334352547,0.15808900780127058,1.124579503758685,0.729079739315214
0.35428821827840823,0.13159109023934107,-0.349300974007417,-0.7756904378006217,-0.907330278021163,0.105502996515575,0.2545811734057791,-0.13714142334352547,0.15808900780127058,1.124579503758685,0.729079739315214
0.980221512911681,0.5203636029613267,-2.0224917251028423,-2.6368129134676868,-0.7138434505724361,0.3726538904771923,0.2545811734057791,-0.13714142334352547,0.15808900780127058,1.124579503758685,0.729079739315214
0.2847400744302668,-0.2571814224826446,0.06899671376643927,-0.185478137608542,-0.5884571807067918,0.4197796771417465,0.2545811734057791,-0.13714142334352547,0.15808900780127058,1.124579503758685,0.729079739315214
0.8411252252153982,0.5981181055057239,0.8159568705054683,0.9753617785139738,-1.1326137720961185,1.2851277845055433,0.2545811734057791,-0.13714142334352547,0.15808900780127058,1.124579503758685,0.729079739315214
1.3279622321523883,0.675872608050121,-1.1560179432855684,-1.1111948830265257,-0.45078419128360137,0.971366310808827,0.2545811734057791,-0.13714142334352547,0.15808900780127058,1.124579503758685,0.729079739315214
1.7452510952412368,1.2201541258609008,-1.484680412250741,-0.7132011131652413,1.1303129929985773,-1.8657976623954173,0.2545811734057791,-0.13714142334352547,0.15808900780127058,1.124579503758685,0.729079739315214
1.1193178006079638,0.5981181055057239,-0.22978734892917235,-0.3746624523041299,2.7665934598086235,0.45371753417203936,0.2545811734057791,-0.13714142334352547,0.15808900780127058,1.124579503758685,0.729079739315214
-0.4802895078992889,-0.5681994326602331,0.3677807764620509,0.6618948830111528,-0.8937148394177852,0.15283657724312258,0.2545811734057791,-0.13714142334352547,0.15808900780127058,1.124579503758685,0.729079739315214
0.35428821827840823,-0.10167241739385033,-0.020638505042244217,1.0918191310528809,-0.07105122011928208,-0.20100700539831154,0.2545811734057791,-0.13714142334352547,0.15808900780127058,1.124579503758685,0.729079739315214
0.7715770813672568,0.675872608050121,-0.8871122868595179,-0.10625767689520706,-1.1814709329914028,-0.69598946582871,0.2545811734057791,-0.13714142334352547,0.15808900780127058,1.124579503758685,0.729079739315214
0.4238363621265496,0.2871000953281353,0.06899671376643927,-0.13044827278135465,-1.9914462282348102,-1.8970058882292313,0.2545811734057791,-0.13714142334352547,0.15808900780127058,1.124579503758685,0.729079739315214
1.3975103760005296,1.2201541258609008,-0.22978734892917235,0.37667085457705674,0.5844478128243821,0.4404517749664477,0.4716133136857629,-0.1368203038547199,-0.2785117402263214,1.124579503758685,0.7997052978149481
2.927569540659641,2.697489674204446,0.6366864328881013,0.7593356007909006,-0.6585715065916504,-0.39598967275954516,0.4716133136857629,-0.1368203038547199,-0.2785117402263214,1.124579503758685,0.7997052978149481
0.4933845059746911,0.20934559278373818,-0.8273554743203956,-1.27232974458155,1.9186287124037769,-0.14181009181480925,0.4716133136857629,-0.1368203038547199,-0.2785117402263214,1.124579503758685,0.7997052978149481
1.1193178006079638,0.753627110594518,-0.28954416146829465,0.12295556220497748,-0.8755774250633409,-1.9494566009004415,0.4716133136857629,-0.1368203038547199,-0.2785117402263214,1.124579503758685,0.7997052978149481
0.5629326498228325,0.20934559278373818,0.12875352630556158,-0.20324783443542563,-1.3196909721230683,0.5698892846812391,0.4716133136857629,-0.1368203038547199,-0.2785117402263214,1.124579503758685,0.7997052978149481
0.7020289375191153,0.13159109023934107,-0.737720255511712,0.7724833143488146,-1.1007525767310482,-0.01808550048395038,0.4716133136857629,-0.1368203038547199,-0.2785117402263214,1.124579503758685,0.7997052978149481
0.632480793670974,0.05383658769494393,0.24826715138380626,-0.7413481045618379,0.6546819494227462,-0.9527895344405987,0.4716133136857629,-0.1368203038547199,-0.2785117402263214,1.124579503758685,0.7997052978149481
1.3279622321523883,1.1423996233165037,-0.8572338805899568,-0.07935651504160869,0.9146386424478645,1.0700845979936504,0.4716133136857629,-0.1368203038547199,-0.2785117402263214,1.124579503758685,0.7997052978149481
3.066665828355924,2.541980669115652,-1.245653162094252,-0.7367255670982343,2.2365914863837424,-0.353931142544207,0.4716133136857629,-0.1368203038547199,-0.2785117402263214,1.124579503758685,0.7997052978149481
-0.2020969325067232,-0.3349359250270417,1.1446193394706412,-0.08852400271969836,-0.15313250032051398,0.8200228473226796,0.4716133136857629,-0.1368203038547199,-0.2785117402263214,1.124579503758685,0.7997052978149481
1.0497696567598225,0.675872608050121,-0.17003053639005003,0.7027778213506978,0.29119603571142316,-0.0640285517304308,0.4716133136857629,-0.1368203038547199,-0.2785117402263214,1.124579503758685,0.7997052978149481
0.006547499037701083,-0.0239179148494532,0.3080239639229286,0.48790436847168317,0.11770712693779257,-1.4221852130133024,0.4716133136857629,-0.1368203038547199,-0.2785117402263214,1.124579503758685,0.7997052978149481
-0.2020969325067232,-0.10167241739385033,0.1885103388446839,-0.49434632601713147,-0.5126427768281799,-1.352183737470985,0.4716133136857629,-0.1368203038547199,-0.2785117402263214,1.124579503758685,0.7997052978149481
0.7715770813672568,0.13159109023934107,-0.8273554743203956,-1.2567324907300095,-0.9386668840750876,1.1943635495194902,0.4716133136857629,-0.1368203038547199,-0.2785117402263214,1.124579503758685,0.7997052978149481
0.980221512911681,0.675872608050121,1.1446193394706412,-0.38165250925514915,-1.2798140687982125,1.286617132875825,0.4716133136857629,-0.1368203038547199,-0.2785117402263214,1.124579503758685,0.7997052978149481
2.0929918144819437,1.6866811411272835,-1.9926133188332809,-2.0940363489979226,0.20432274997056887,-0.6664468504180637,0.4716133136857629,-0.1368203038547199,-0.2785117402263214,1.124579503758685,0.7997052978149481
0.7020289375191153,0.36485459787253244,-0.4090577865465393,-0.802155448475239,-0.8072939266697137,0.11548982038919342,0.4716133136857629,-0.1368203038547199,-0.2785117402263214,1.124579503758685,0.7997052978149481
0.006547499037701083,-0.2571814224826446,0.7263216516967849,1.6899763655547837,-1.3664954769029611,0.557601888308044,0.4716133136857629,-0.1368203038547199,-0.2785117402263214,1.124579503758685,0.7997052978149481
-0.2020969325067232,-0.4126904275714388,-1.1858963495551296,-1.049658773166041,0.7164849531080677,-0.11877085750563794,0.4716133136857629,-0.1368203038547199,-0.2785117402263214,1.124579503758685,0.7997052978149481
0.9106733690635397,0.05383658769494393,1.473281808435814,0.7149457187911616,-0.4685902778557922,-2.313758810060263,0.4716133136857629,-0.1368203038547199,-0.2785117402263214,1.124579503758685,0.7997052978149481
0.9106733690635397,0.2871000953281353,0.7860784642359071,0.7208728304292459,-0.22446740138111523,-0.3159251448153723,0.4716133136857629,-0.1368203038547199,-0.2785117402263214,1.124579503758685,0.7997052978149481
1.467058519848671,1.2979086284052979,1.0549841206619577,1.4452672902215513,-0.5624040173554518,-0.1754982732683596,0.4716133136857629,-0.1368203038547199,-0.2785117402263214,1.124579503758685,0.7997052978149481
2.0234436706338026,1.2979086284052979,1.0549841206619577,0.9699051781223345,-0.4923002114212573,-1.5324712515164538,0.4716133136857629,-0.1368203038547199,-0.2785117402263214,1.124579503758685,0.7997052978149481
0.7715770813672568,0.5981181055057239,0.4275375890011732,-0.3448994293473022,0.9659673180633097,-0.47578306967942446,0.4716133136857629,-0.1368203038547199,-0.2785117402263214,1.124579503758685,0.7997052978149481
1.2584140883042467,0.675872608050121,-0.5883282241639063,-0.7489283788008022,-0.5007406164945232,-0.28234200879442395,0.4716133136857629,-0.1368203038547199,-0.2785117402263214,1.124579503758685,0.7997052978149481
0.35428821827840823,0.05383658769494393,1.6226738397836198,2.431848461600501,-0.9224724352872264,0.43463420498064065,0.4716133136857629,-0.1368203038547199,-0.2785117402263214,1.124579503758685,0.7997052978149481
0.14564378673398393,-0.2571814224826446,1.3537681833575692,0.5634172670663872,-0.12644267985036736,-0.4794028431097092,0.4716133136857629,-0.1368203038547199,-0.2785117402263214,1.124579503758685,0.7997052978149481
0.14564378673398393,-0.3349359250270417,1.7720658711314254,1.6402146749427984,1.2792693069875012,1.2559503235493867,0.4716133136857629,-0.1368203038547199,-0.2785117402263214,1.124579503758685,0.7997052978149481
1.8147992390893781,1.1423996233165037,0.8757136830445906,0.6890664918473929,2.9096446783691117,1.0705243761518475,0.4716133136857629,-0.1368203038547199,-0.2785117402263214,1.124579503758685,0.7997052978149481
1.953895526785661,1.3756631309496952,0.009239901227316947,1.3351360694590573,-0.737155931247779,2.069945014990893,0.4716133136857629,-0.1368203038547199,-0.2785117402263214,1.124579503758685,0.7997052978149481
0.8411252252153982,0.4426091004169296,-1.45480200598118,-1.671457950863889,0.09646452507085984,-0.35770137395541357,0.48529972628936724,-0.0628481358977235,0.14959859009259172,1.124579503758685,0.7505710509978295
1.0497696567598225,0.5203636029613267,-0.08039531758136653,0.8145023516933217,-0.12594087646381916,-0.3138689730372662,0.48529972628936724,-0.0628481358977235,0.14959859009259172,1.124579503758685,0.7505710509978295
0.980221512911681,0.753627110594518,-0.43893619281610047,-1.2666575624762886,-0.3841029617333937,-0.8144041546758906,0.48529972628936724,-0.0628481358977235,0.14959859009259172,1.124579503758685,0.7505710509978295
0.2847400744302668,0.20934559278373818,1.652552246053181,1.729721542305455,0.9022168881880701,0.016780639779796852,0.48529972628936724,-0.0628481358977235,0.14959859009259172,1.124579503758685,0.7505710509978295
-0.6889339394437132,-0.8014629402934245,1.8318226836705478,0.7608934419142928,0.19515025409631806,1.948147487958697,0.48529972628936724,-0.0628481358977235,0.14959859009259172,1.124579503758685,0.7505710509978295
0.7715770813672568,0.753627110594518,0.6964432454272237,-0.6069054734824251,-0.7739623620410049,2.893208499476401,0.48529972628936724,-0.0628481358977235,0.14959859009259172,1.124579503758685,0.7505710509978295
2.788473252963358,1.4534176334940923,-2.4706678191462594,-0.9253978059496348,-0.4820953773332504,-0.34437756242482764,0.48529972628936724,-0.0628481358977235,0.14959859009259172,1.124579503758685,0.7505710509978295
0.980221512911681,0.5981181055057239,1.0848625269315189,1.362054411346386,1.1725487383074242,0.41812789550608437,0.48529972628936724,-0.0628481358977235,0.14959859009259172,1.124579503758685,0.7505710509978295
0.5629326498228325,0.2871000953281353,-1.275531568363813,-0.9486307535037932,0.462223461903776,0.567697814657882,0.48529972628936724,-0.0628481358977235,0.14959859009259172,1.124579503758685,0.7505710509978295
1.1193178006079638,0.2871000953281353,0.4275375890011732,-0.9612630660497005,1.353737178531485,0.03862595981804481,0.48529972628936724,-0.0628481358977235,0.14959859009259172,1.124579503758685,0.7505710509978295
-0.13254878865858177,-0.2571814224826446,-0.05051691131180538,0.16781263028334195,1.00007246806789,0.8759991332239336,0.48529972628936724,-0.0628481358977235,0.14959859009259172,1.124579503758685,0.7505710509978295
0.7020289375191153,0.20934559278373818,1.4434034021662527,-0.5649263381517524,-0.670404708857269,0.804278954537811,0.48529972628936724,-0.0628481358977235,0.14959859009259172,1.124579503758685,0.7505710509978295
1.3975103760005296,1.2201541258609008,-0.6779634429725898,0.09649332250354246,0.22177207367225565,-0.43399126627596624,0.48529972628936724,-0.0628481358977235,0.14959859009259172,1.124579503758685,0.7505710509978295
1.3975103760005296,0.753627110594518,-0.6182066304334675,1.7034083809612568,2.2053106525652417,-0.5512188953827059,0.48529972628936724,-0.0628481358977235,0.14959859009259172,1.124579503758685,0.7505710509978295
1.1888659444561054,0.8313816131389152,1.2940113708184469,-0.3297793370778451,0.32596591446458395,0.12586189038195894,0.48529972628936724,-0.0628481358977235,0.14959859009259172,1.124579503758685,0.7505710509978295
0.4238363621265496,0.4426091004169296,0.1885103388446839,-0.284383037618102,2.533939282228905,0.7132698007934002,0.48529972628936724,-0.0628481358977235,0.14959859009259172,1.124579503758685,0.7505710509978295
0.2847400744302668,0.05383658769494393,0.4275375890011732,0.08480480342370701,-0.8259376161001801,0.06793720088309996,0.48529972628936724,-0.0628481358977235,0.14959859009259172,1.124579503758685,0.7505710509978295
-0.13254878865858177,-0.10167241739385033,0.21838874511424508,0.3736942751840577,1.3295372130775818,-1.0127568016250934,0.48529972628936724,-0.0628481358977235,0.14959859009259172,1.124579503758685,0.7505710509978295
2.8580213968114996,0.675872608050121,-0.3791793802769782,0.7375491012381807,-0.4682794301748243,-2.37725211841645,0.48529972628936724,-0.0628481358977235,0.14959859009259172,1.124579503758685,0.7505710509978295
1.8843473829375197,0.9868906182277094,0.7860784642359071,0.7109848897236192,-0.050829377660323534,0.6595552251153527,0.48529972628936724,-0.0628481358977235,0.14959859009259172,1.124579503758685,0.7505710509978295
0.980221512911681,0.5981181055057239,0.12875352630556158,0.29038274966358185,0.5729568726315584,-0.1775172588399487,0.48529972628936724,-0.0628481358977235,0.14959859009259172,1.124579503758685,0.7505710509978295
0.35428821827840823,0.2871000953281353,-0.4986930053552228,0.27368708204236847,1.6341026255916982,0.07221638957044825,0.48529972628936724,-0.0628481358977235,0.14959859009259172,1.124579503758685,0.7505710509978295
0.4238363621265496,0.20934559278373818,0.576929620348979,0.1441900838996755,1.0257321691839496,0.48075702171893586,0.48529972628936724,-0.0628481358977235,0.14959859009259172,1.124579503758685,0.7505710509978295
0.4933845059746911,0.4426091004169296,0.8159568705054683,0.6951914509707319,-1.8668917822019193,-0.4061030588514598,0.48529972628936724,-0.0628481358977235,0.14959859009259172,1.124579503758685,0.7505710509978295
0.8411252252153982,0.4426091004169296,0.15863193257512276,0.1047319799707454,-0.5207423269717016,1.4917012603806494,0.48529972628936724,-0.0628481358977235,0.14959859009259172,1.124579503758685,0.7505710509978295
0.35428821827840823,-0.0239179148494532,-0.14015213012048885,-0.9610585682288071,-0.8413491743885184,-1.211904810557946,0.48529972628936724,-0.0628481358977235,0.14959859009259172,1.124579503758685,0.7505710509978295
1.1888659444561054,0.9868906182277094,1.4434034021662527,0.05404866367815227,1.8226481992393655,-1.204962276186274,0.48529972628936724,-0.0628481358977235,0.14959859009259172,1.124579503758685,0.7505710509978295
0.8411252252153982,0.2871000953281353,-0.14015213012048885,-1.7216081319161047,-0.8828785587689336,1.7745611376818422,0.48529972628936724,-0.0628481358977235,0.14959859009259172,1.124579503758685,0.7505710509978295
0.35428821827840823,0.05383658769494393,0.9055920893141518,0.7052373371477821,-0.7168994525285339,-0.1433630356643777,0.48529972628936724,-0.0628481358977235,0.14959859009259172,1.124579503758685,0.7505710509978295
0.7715770813672568,0.675872608050121,-0.6480850367030286,-0.20177256831288468,1.4148555820554194,-0.7025739790242567,0.48529972628936724,-0.0628481358977235,0.14959859009259172,1.124579503758685,0.7505710509978295
1.0497696567598225,-0.2571814224826446,-1.2157747558246907,-1.0594181407159837,2.9961708311653608,0.950854812971829,0.48529972628936724,-0.0628481358977235,0.14959859009259172,1.124579503758685,0.7505710509978295
0.006547499037701083,-0.2571814224826446,-0.6182066304334675,-1.6965457878666386,0.5193877857252449,-1.7421987351855082,0.45224436504843873,7.610691979919105,0.07694684506507543,1.217691384179564,0.9031747033399677
0.35428821827840823,0.20934559278373818,-0.6182066304334675,0.21842888902491256,-1.3498791928836096,0.6720896936821074,0.45224436504843873,7.610691979919105,0.07694684506507543,1.217691384179564,0.9031747033399677
0.9106733690635397,0.5203636029613267,0.9653489018532742,1.1270914028918224,0.20099968158691084,-0.8412170697149174,0.45224436504843873,7.610691979919105,0.07694684506507543,1.217691384179564,0.9031747033399677
2.5798288214189338,1.4534176334940923,0.1885103388446839,1.079969895528443,-0.6236518397088069,-0.010980844486466277,0.45224436504843873,7.610691979919105,0.07694684506507543,1.217691384179564,0.9031747033399677
0.5629326498228325,0.753627110594518,0.1885103388446839,1.1214303046792897,-0.518809946988226,-0.5739498254021758,0.45224436504843873,7.610691979919105,0.07694684506507543,1.217691384179564,0.9031747033399677
0.980221512911681,0.36485459787253244,0.5470512140794178,0.18914302765016827,-0.3962478294951241,-0.2948339297695777,0.45224436504843873,7.610691979919105,0.07694684506507543,1.217691384179564,0.9031747033399677
-0.2020969325067232,-0.49044493011583595,-0.11027372385092771,0.9087442580308066,0.3620684663314265,-0.6817011113458881,0.45224436504843873,7.610691979919105,0.07694684506507543,1.217691384179564,0.9031747033399677
-0.06300064481044035,-0.17942691993824744,-1.634072443598547,-1.2722161346810545,1.2934209111663555,-0.056171822298974806,0.45224436504843873,7.610691979919105,0.07694684506507543,1.217691384179564,0.9031747033399677
0.4933845059746911,0.36485459787253244,-0.08039531758136653,-1.1876294073018407,1.4140500817856312,0.23276508059881232,0.45224436504843873,7.610691979919105,0.07694684506507543,1.217691384179564,0.9031747033399677
0.5629326498228325,0.2871000953281353,-1.5444372247898634,-1.2686243992414643,1.6263383924962826,-0.34746016463977025,0.45224436504843873,7.610691979919105,0.07694684506507543,1.217691384179564,0.9031747033399677
1.953895526785661,1.919944648760475,-0.5285714116247839,-0.18595308241208028,-1.516070565735655,-0.5702177042477511,0.45224436504843873,7.610691979919105,0.07694684506507543,1.217691384179564,0.9031747033399677
0.4933845059746911,0.5203636029613267,-0.6779634429725898,-1.3669407445469872,-0.272280388084703,0.5588581070358192,0.45224436504843873,7.610691979919105,0.07694684506507543,1.217691384179564,0.9031747033399677
0.21519193058212538,0.05383658769494393,-1.1560179432855684,-1.0397370265875814,0.04003728765559764,-1.03214307246108,0.45224436504843873,7.610691979919105,0.07694684506507543,1.217691384179564,0.9031747033399677
0.9106733690635397,0.8313816131389152,0.7860784642359071,-0.14560605028609472,0.5710370328746192,0.7260256294315726,0.45224436504843873,7.610691979919105,0.07694684506507543,1.217691384179564,0.9031747033399677
0.7020289375191153,0.4426091004169296,2.279998777713965,2.274898877940828,0.07793442600051874,0.21574556229130626,0.45224436504843873,7.610691979919105,0.07694684506507543,1.217691384179564,0.9031747033399677
2.1625399583300853,1.2201541258609008,0.21838874511424508,-0.6140706559385981,0.18143062519957442,0.20726999204479823,0.45224436504843873,7.610691979919105,0.07694684506507543,1.217691384179564,0.9031747033399677
3.3448584037484896,3.008507684382035,-1.6938292561376693,-1.6586239114702703,-0.15284959438000403,-1.2469729703852686,0.45224436504843873,7.610691979919105,0.07694684506507543,1.217691384179564,0.9031747033399677
3.1362139722040654,2.3087171614824604,1.503160214705375,0.6037709495280112,-0.6189856169297906,0.28839971547580884,0.45224436504843873,7.610691979919105,0.07694684506507543,1.217691384179564,0.9031747033399677
2.0234436706338026,1.4534176334940923,-0.7675986617812732,-0.1828240994940221,0.8001317935207151,-0.017488488276398095,0.45224436504843873,7.610691979919105,0.07694684506507543,1.217691384179564,0.9031747033399677
0.4238363621265496,0.20934559278373818,1.11474093320108,1.2815277138746621,-0.4306081544373536,1.018870947934044,0.45224436504843873,7.610691979919105,0.07694684506507543,1.217691384179564,0.9031747033399677
1.1888659444561054,0.5981181055057239,-0.6182066304334675,-0.36265083775117823,-1.040090866101751,-1.0355811075150794,0.45224436504843873,7.610691979919105,0.07694684506507543,1.217691384179564,0.9031747033399677
1.5366066636968125,0.8313816131389152,-0.5584498178943451,-0.2003538300432713,-0.046532335705615276,-2.2153413453234685,0.45224436504843873,7.610691979919105,0.07694684506507543,1.217691384179564,0.9031747033399677
0.21519193058212538,-0.17942691993824744,-1.1261395370160072,0.11492860708894029,-1.1768787043800908,0.6072059189718448,0.45224436504843873,7.610691979919105,0.07694684506507543,1.217691384179564,0.9031747033399677
1.1888659444561054,1.2979086284052979,2.6684180592182605,1.927853883603054,-0.7578589770568384,1.7188917812062923,0.45224436504843873,7.610691979919105,0.07694684506507543,1.217691384179564,0.9031747033399677
1.5366066636968125,1.0646451207721066,0.4275375890011732,-0.8316031346838599,-1.1483988684895023,1.3031526910750695,0.45224436504843873,7.610691979919105,0.07694684506507543,1.217691384179564,0.9031747033399677
0.980221512911681,0.9868906182277094,0.7860784642359071,1.2714890322278876,0.6457417640103094,-0.08124539557713746,0.45224436504843873,7.610691979919105,0.07694684506507543,1.217691384179564,0.9031747033399677
0.4238363621265496,0.05383658769494393,-0.5883282241639063,0.32491849683052715,-0.12176083903230409,-0.2928474073406162,0.45224436504843873,7.610691979919105,0.07694684506507543,1.217691384179564,0.9031747033399677
0.21519193058212538,0.05383658769494393,-0.8273554743203956,0.5854481664538348,0.2683124733090761,-1.768332588059041,0.45224436504843873,7.610691979919105,0.07694684506507543,1.217691384179564,0.9031747033399677
0.5629326498228325,0.20934559278373818,0.39765918273161205,0.8031729507379838,0.795841856906642,0.3038661436330548,0.45224436504843873,7.610691979919105,0.07694684506507543,1.217691384179564,0.9031747033399677
2.0929918144819437,1.3756631309496952,-0.707841849242151,-0.7516433783253432,1.1820333931981335,0.943982071340381,0.45224436504843873,7.610691979919105,0.07694684506507543,1.217691384179564,0.9031747033399677
1.1193178006079638,0.753627110594518,-0.6779634429725898,-1.377513669823413,-1.37650875346455,-0.6866276197187314,0.45224436504843873,7.610691979919105,0.07694684506507543,1.217691384179564,0.9031747033399677
1.8843473829375197,1.3756631309496952,0.33790237019248975,0.6054950490423703,0.20295713625600353,-0.4271068102630485,-0.13329371042507682,-0.13704967491815245,-0.407697242192114,1.217691384179564,0.9479485553835171
0.9106733690635397,0.8313816131389152,0.21838874511424508,-0.2795842662600673,-1.7060648207036526,-0.43481754926708077,-0.13329371042507682,-0.13704967491815245,-0.407697242192114,1.217691384179564,0.9479485553835171
1.0497696567598225,0.8313816131389152,-0.737720255511712,-1.1848617592868254,1.8669876873549183,-0.7386841858846195,-0.13329371042507682,-0.13704967491815245,-0.407697242192114,1.217691384179564,0.9479485553835171
0.21519193058212538,-0.17942691993824744,0.24826715138380626,0.258327023495277,-0.06146461051172517,1.3346998234195053,-0.13329371042507682,-0.13704967491815245,-0.407697242192114,1.217691384179564,0.9479485553835171
-0.2716450763548646,-0.49044493011583595,-0.3791793802769782,0.9908476392435639,0.8307420574989313,-1.103873272970169,-0.13329371042507682,-0.13704967491815245,-0.407697242192114,1.217691384179564,0.9479485553835171
0.14564378673398393,-0.49044493011583595,0.4574159952707344,0.729018383197506,-1.775984806106697,1.427195095507617,-0.13329371042507682,-0.13704967491815245,-0.407697242192114,1.217691384179564,0.9479485553835171
2.5798288214189338,1.4534176334940923,-2.0822485376419646,-0.43668680763942996,-1.0010144636540013,-0.45959845438576863,-0.13329371042507682,-0.13704967491815245,-0.407697242192114,1.217691384179564,0.9479485553835171
2.6493769652670753,2.0754536538492694,-0.5883282241639063,-1.0803589392533053,-2.086139352211479,0.5026461940926192,-0.13329371042507682,-0.13704967491815245,-0.407697242192114,1.217691384179564,0.9479485553835171
1.1193178006079638,0.675872608050121,-0.08039531758136653,-0.1133425011290772,1.443067408051435,-0.6217697641437453,-0.13329371042507682,-0.13704967491815245,-0.407697242192114,1.217691384179564,0.9479485553835171
1.3279622321523883,0.5981181055057239,-1.3950451934420576,-1.3388691236209629,-0.11014273018442178,0.27299914815851906,-0.13329371042507682,-0.13704967491815245,-0.407697242192114,1.217691384179564,0.9479485553835171
0.2847400744302668,0.2871000953281353,0.6068080266185402,0.16148871528547723,0.09046405976680025,0.10796700617124834,-0.13329371042507682,-0.13704967491815245,-0.407697242192114,1.217691384179564,0.9479485553835171
0.9106733690635397,0.20934559278373818,-0.08039531758136653,0.8760861222925537,-0.7373773942075404,0.6882253319384004,-0.13329371042507682,-0.13704967491815245,-0.407697242192114,1.217691384179564,0.9479485553835171
0.4238363621265496,0.20934559278373818,-1.7535860686767917,-0.9668360473150176,-0.8509819070782989,0.5123948572393702,-0.13329371042507682,-0.13704967491815245,-0.407697242192114,1.217691384179564,0.9479485553835171
1.7452510952412368,1.4534176334940923,-1.3352883809029354,-1.194053077334287,-0.760010908694875,-0.989003477113604,-0.13329371042507682,-0.13704967491815245,-0.407697242192114,1.217691384179564,0.9479485553835171
2.5798288214189338,1.919944648760475,0.4574159952707344,0.7591299945807364,-0.4954580405173796,-0.019835544264886085,-0.13329371042507682,-0.13704967491815245,-0.407697242192114,1.217691384179564,0.9479485553835171
1.8147992390893781,1.0646451207721066,1.4135249958966916,0.9478909045739863,0.3760363626277537,-0.4669365457791437,-0.13329371042507682,-0.13704967491815245,-0.407697242192114,1.217691384179564,0.9479485553835171
-0.2716450763548646,-0.17942691993824744,-0.9169906931290791,0.0762652182688486,-0.4331863630338829,-0.018390601110646755,-0.13329371042507682,-0.13704967491815245,-0.407697242192114,1.217691384179564,0.9479485553835171
0.9106733690635397,0.753627110594518,-1.1560179432855684,-1.6027843682790595,1.9304501454039302,-0.9337119456201869,-0.13329371042507682,-0.13704967491815245,-0.407697242192114,1.217691384179564,0.9479485553835171
1.0497696567598225,0.9868906182277094,1.2940113708184469,-0.06902798959991062,-0.5471547234911773,-0.5666370011838258,-0.13329371042507682,-0.13704967491815245,-0.407697242192114,1.217691384179564,0.9479485553835171
0.35428821827840823,0.20934559278373818,-1.5444372247898634,-1.202256266344752,0.8559742848259954,1.1224856286296951,-0.13329371042507682,-0.13704967491815245,-0.407697242192114,1.217691384179564,0.9479485553835171
2.440732533722651,1.2979086284052979,-0.43893619281610047,-0.3592785633876696,-0.7927636399767911,0.7184729922421501,-0.13329371042507682,-0.13704967491815245,-0.407697242192114,1.217691384179564,0.9479485553835171
2.927569540659641,2.0754536538492694,0.12875352630556158,-0.267788233420741,1.3081856871880473,1.162656477621802,-0.13329371042507682,-0.13704967491815245,-0.407697242192114,1.217691384179564,0.9479485553835171
1.6757029513930954,1.2201541258609008,0.5171728078098567,0.9409568212812608,-0.19654572737264855,-0.06790843482175161,-0.13329371042507682,-0.13704967491815245,-0.407697242192114,1.217691384179564,0.9479485553835171
0.14564378673398393,0.20934559278373818,-0.737720255511712,0.03679159689009308,1.1816364075517378,-0.18643549538314744,-0.13329371042507682,-0.13704967491815245,-0.407697242192114,1.217691384179564,0.9479485553835171
-0.13254878865858177,-0.0239179148494532,0.009239901227316947,0.7737901053018403,-0.05918399044017368,-0.8352772609575222,-0.13329371042507682,-0.13704967491815245,-0.407697242192114,1.217691384179564,0.9479485553835171
0.14564378673398393,-0.0239179148494532,-0.08039531758136653,0.39856375949999984,0.7922502332326944,0.10431884621504293,-0.13329371042507682,-0.13704967491815245,-0.407697242192114,1.217691384179564,0.9479485553835171
1.0497696567598225,0.5203636029613267,0.12875352630556158,0.5543844486849828,1.9445602073503847,-0.27024522427128034,-0.13329371042507682,-0.13704967491815245,-0.407697242192114,1.217691384179564,0.9479485553835171
1.1193178006079638,0.5981181055057239,-1.0365043182073237,-0.7697278577057964,-0.07789412841776992,0.34366415752115875,-0.13329371042507682,-0.13704967491815245,-0.407697242192114,1.217691384179564,0.9479485553835171
2.0929918144819437,1.5311721360384893,-0.2596657551987335,0.7415969388636678,-1.550629759665762,0.8214812730306844,-0.13329371042507682,-0.13704967491815245,-0.407697242192114,1.217691384179564,0.9479485553835171
1.0497696567598225,0.20934559278373818,-0.14015213012048885,0.29363808895877885,-0.43228473824140234,-0.7474862848094516,-0.13329371042507682,-0.13704967491815245,-0.407697242192114,1.217691384179564,0.9479485553835171
0.4933845059746911,0.36485459787253244,0.009239901227316947,-0.6279931335984348,-0.18320324790498357,1.704386260837311,0.433208529328048,-0.13700380070546594,0.04633302186345692,1.217691384179564,0.9867744260392639
0.4238363621265496,0.4426091004169296,0.9055920893141518,-0.2542730888187829,0.492233188083335,0.23731542900618915,0.433208529328048,-0.13700380070546594,0.04633302186345692,1.217691384179564,0.9867744260392639
0.7715770813672568,0.675872608050121,-0.7974770680508344,0.16837015008772818,1.2062711211568196,0.5475635022219802,0.433208529328048,-0.13700380070546594,0.04633302186345692,1.217691384179564,0.9867744260392639
1.1888659444561054,0.5981181055057239,0.935470495583713,0.06631243679074125,1.25705390332772,0.8507860778930004,0.433208529328048,-0.13700380070546594,0.04633302186345692,1.217691384179564,0.9867744260392639
3.275310259900348,1.6089266385828864,0.6665648391576625,0.5360727495035384,0.8287176531778124,2.209372483026846,0.433208529328048,-0.13700380070546594,0.04633302186345692,1.217691384179564,0.9867744260392639
3.205762116052207,1.997699151304872,0.009239901227316947,-0.29440675600968824,-0.8673761515858274,-2.1573388489148297,0.433208529328048,-0.13700380070546594,0.04633302186345692,1.217691384179564,0.9867744260392639
0.2847400744302668,0.20934559278373818,0.9952273081228353,0.8515203366374492,-0.08468599998712921,-1.6090083938159108,0.433208529328048,-0.13700380070546594,0.04633302186345692,1.217691384179564,0.9867744260392639
0.35428821827840823,0.2871000953281353,-0.5883282241639063,0.14164300535001584,-0.9997306568197827,0.9303927599831237,0.433208529328048,-0.13700380070546594,0.04633302186345692,1.217691384179564,0.9867744260392639
0.14564378673398393,-0.4126904275714388,0.06899671376643927,0.7659299627714102,-0.23152026126217293,0.16027520067364842,0.433208529328048,-0.13700380070546594,0.04633302186345692,1.217691384179564,0.9867744260392639
0.4238363621265496,0.36485459787253244,-0.05051691131180538,0.2835068568076953,0.7495093159209013,-1.236204324562156,0.433208529328048,-0.13700380070546594,0.04633302186345692,1.217691384179564,0.9867744260392639
0.4238363621265496,0.2871000953281353,-1.0663827244768849,0.9300486082497126,-0.04528891499334964,-1.1278949920105894,0.433208529328048,-0.13700380070546594,0.04633302186345692,1.217691384179564,0.9867744260392639
1.0497696567598225,0.36485459787253244,0.06899671376643927,-0.026225875233934076,-1.023796429277998,-2.165086050771475,0.433208529328048,-0.13700380070546594,0.04633302186345692,1.217691384179564,0.9867744260392639
1.1888659444561054,0.675872608050121,-0.5883282241639063,-0.05204303237840761,-0.13860438469729117,0.15372253327170868,0.433208529328048,-0.13700380070546594,0.04633302186345692,1.217691384179564,0.9867744260392639
1.5366066636968125,0.753627110594518,0.3677807764620509,-0.16648810419194016,-1.7769739413622536,1.1856597757791287,0.433208529328048,-0.13700380070546594,0.04633302186345692,1.217691384179564,0.9867744260392639
0.7715770813672568,0.13159109023934107,1.5629170272444974,1.21281201249745,-0.21058227404074162,-1.4901738477122233,0.433208529328048,-0.13700380070546594,0.04633302186345692,1.217691384179564,0.9867744260392639
0.8411252252153982,0.5203636029613267,0.06899671376643927,-0.41409617166905094,-0.7163767703343531,0.8751687321898787,0.433208529328048,-0.13700380070546594,0.04633302186345692,1.217691384179564,0.9867744260392639
0.632480793670974,0.36485459787253244,0.6665648391576625,0.4256162164893799,1.75877881250485,-1.601226745036642,0.433208529328048,-0.13700380070546594,0.04633302186345692,1.217691384179564,0.9867744260392639
0.7715770813672568,0.753627110594518,1.1446193394706412,0.3045019664193992,-0.021286784860350825,0.3665706755587217,0.433208529328048,-0.13700380070546594,0.04633302186345692,1.217691384179564,0.9867744260392639
2.927569540659641,1.919944648760475,-0.3791793802769782,-1.4709364764880504,0.8809457864911564,1.0936267253448735,0.433208529328048,-0.13700380070546594,0.04633302186345692,1.217691384179564,0.9867744260392639
1.1888659444561054,0.9091361156833123,0.009239901227316947,0.48639806744949454,-0.5449260821773357,-2.1591213552516306,0.433208529328048,-0.13700380070546594,0.04633302186345692,1.217691384179564,0.9867744260392639
2.1625399583300853,1.2201541258609008,-0.3791793802769782,-0.7540690882495978,-1.0226122711306103,-0.045232351733295574,0.433208529328048,-0.13700380070546594,0.04633302186345692,1.217691384179564,0.9867744260392639
0.8411252252153982,0.675872608050121,-0.3194225677378558,0.3442576728681655,0.8948127912781371,-0.11678958444881517,0.433208529328048,-0.13700380070546594,0.04633302186345692,1.217691384179564,0.9867744260392639
-0.06300064481044035,-0.7237084377490274,-1.45480200598118,-1.029524327824927,0.3323204599770356,-1.856293415971591,0.433208529328048,-0.13700380070546594,0.04633302186345692,1.217691384179564,0.9867744260392639
0.8411252252153982,0.2871000953281353,0.8757136830445906,-0.9267267646881213,0.465064021107995,0.8848676547860533,0.433208529328048,-0.13700380070546594,0.04633302186345692,1.217691384179564,0.9867744260392639
1.2584140883042467,0.5203636029613267,0.5470512140794178,0.4481264942374561,-1.496403385437983,-0.8645438870018209,0.433208529328048,-0.13700380070546594,0.04633302186345692,1.217691384179564,0.9867744260392639
1.1193178006079638,0.9091361156833123,-0.7974770680508344,0.510361443534651,-0.08858630878295114,-1.7667134694441715,0.433208529328048,-0.13700380070546594,0.04633302186345692,1.217691384179564,0.9867744260392639
1.3279622321523883,0.8313816131389152,0.33790237019248975,0.08958362377482607,0.16612139839235368,0.7279030381167414,0.433208529328048,-0.13700380070546594,0.04633302186345692,1.217691384179564,0.9867744260392639
0.2847400744302668,-0.17942691993824744,-0.08039531758136653,1.0908598201369837,1.8078566525358246,0.1679382305786097,0.433208529328048,-0.13700380070546594,0.04633302186345692,1.217691384179564,0.9867744260392639
0.4933845059746911,0.2871000953281353,0.21838874511424508,0.7705486208725607,1.0091353745999985,-2.3487019936102826,0.433208529328048,-0.13700380070546594,0.04633302186345692,1.217691384179564,0.9867744260392639
1.8843473829375197,0.753627110594518,-0.2596657551987335,-0.881517783015535,-0.9858339561606417,-0.27389449226309087,0.433208529328048,-0.13700380070546594,0.04633302186345692,1.217691384179564,0.9867744260392639
1.6757029513930954,1.5311721360384893,-1.1261395370160072,-0.8012853628958282,1.6217971172789756,-0.5793278604757821,0.433208529328048,-0.13700380070546594,0.04633302186345692,1.217691384179564,0.9867744260392639
0.35428821827840823,0.13159109023934107,0.15863193257512276,0.23930761776293552,0.21176050552724957,0.436409161076323,0.31294651640794213,-0.1371643604498687,-0.09841824590158028,1.217691384179564,0.9963393965764296
1.3279622321523883,1.1423996233165037,0.576929620348979,1.3332180018218966,-0.3253708051493109,1.8790011632398795,0.31294651640794213,-0.1371643604498687,-0.09841824590158028,1.217691384179564,0.9963393965764296
1.5366066636968125,1.1423996233165037,-0.020638505042244217,-0.17638989976348105,0.7420174447362472,0.932840865614122,0.31294651640794213,-0.1371643604498687,-0.09841824590158028,1.217691384179564,0.9963393965764296
1.1888659444561054,0.5203636029613267,-1.5444372247898634,-2.632210881205636,-0.01855173036026356,0.7379324886301157,0.31294651640794213,-0.1371643604498687,-0.09841824590158028,1.217691384179564,0.9963393965764296
1.7452510952412368,0.675872608050121,0.6366864328881013,-0.26683557284048226,0.04720475161531129,0.46128560718087047,0.31294651640794213,-0.1371643604498687,-0.09841824590158028,1.217691384179564,0.9963393965764296
0.4933845059746911,0.05383658769494393,0.4275375890011732,0.5119486569737796,-0.42592239161720674,-1.1457851712866507,0.31294651640794213,-0.1371643604498687,-0.09841824590158028,1.217691384179564,0.9963393965764296
0.4238363621265496,0.4426091004169296,0.06899671376643927,0.20718483404360485,-0.43577896082875345,0.31515865734527315,0.31294651640794213,-0.1371643604498687,-0.09841824590158028,1.217691384179564,0.9963393965764296
0.5629326498228325,0.20934559278373818,-0.19990894265961118,1.4957599635591652,-0.8791340435044795,-0.7206550662770169,0.31294651640794213,-0.1371643604498687,-0.09841824590158028,1.217691384179564,0.9963393965764296
1.3279622321523883,1.1423996233165037,-1.3352883809029354,-1.08130217852474,0.5484217859534701,1.2931741110083603,0.31294651640794213,-0.1371643604498687,-0.09841824590158028,1.217691384179564,0.9963393965764296
1.3279622321523883,1.0646451207721066,-0.14015213012048885,-0.3179345351105006,1.7044020881310133,0.7702182478039641,0.31294651640794213,-0.1371643604498687,-0.09841824590158028,1.217691384179564,0.9963393965764296
0.9106733690635397,0.5981181055057239,-0.349300974007417,-0.61194310272882,0.7332337914665238,0.9472043038295958,0.31294651640794213,-0.1371643604498687,-0.09841824590158028,1.217691384179564,0.9963393965764296
0.980221512911681,0.36485459787253244,-1.1858963495551296,-0.7697090150881518,-1.0577251398795504,1.5041612687295092,0.31294651640794213,-0.1371643604498687,-0.09841824590158028,1.217691384179564,0.9963393965764296
0.006547499037701083,-0.2571814224826446,1.11474093320108,0.8609920771710136,0.5731042371384474,-0.2401792873713095,0.31294651640794213,-0.1371643604498687,-0.09841824590158028,1.217691384179564,0.9963393965764296
-0.6193857955955717,-0.7237084377490274,0.7263216516967849,0.6609200546454334,0.14240548891883242,-0.3473833950212214,0.31294651640794213,-0.1371643604498687,-0.09841824590158028,1.217691384179564,0.9963393965764296
-0.06300064481044035,-0.3349359250270417,-0.2596657551987335,-0.1674324518526491,-1.7986397250425465,-0.07799150794227296,0.31294651640794213,-0.1371643604498687,-0.09841824590158028,1.217691384179564,0.9963393965764296
2.788473252963358,1.0646451207721066,0.6964432454272237,0.9826765935220205,-1.8064393198707769,0.2519776395212252,0.31294651640794213,-0.1371643604498687,-0.09841824590158028,1.217691384179564,0.9963393965764296
1.7452510952412368,1.1423996233165037,-0.349300974007417,-1.4023970090052693,0.9066947058200011,-0.8911284403022499,0.31294651640794213,-0.1371643604498687,-0.09841824590158028,1.217691384179564,0.9963393965764296
1.3279622321523883,0.675872608050121,1.4135249958966916,-0.3239203913800608,-0.17890094529269615,0.31470536607768734,0.31294651640794213,-0.1371643604498687,-0.09841824590158028,1.217691384179564,0.9963393965764296
0.2847400744302668,-0.17942691993824744,-0.11027372385092771,-0.7326932469225726,0.640060303297688,-0.6805217101020979,0.31294651640794213,-0.1371643604498687,-0.09841824590158028,1.217691384179564,0.9963393965764296
-0.4107413640511475,-0.6459539352046302,-1.245653162094252,-1.6291185890194477,1.6841875715458516,-0.5244905888551606,0.31294651640794213,-0.1371643604498687,-0.09841824590158028,1.217691384179564,0.9963393965764296
0.006547499037701083,-0.49044493011583595,1.3537681833575692,0.9008830071111056,-0.6307332657960749,-0.6938785056303463,0.31294651640794213,-0.1371643604498687,-0.09841824590158028,1.217691384179564,0.9963393965764296
-0.2716450763548646,-0.8792174428378216,2.39951240279221,1.9222786855591887,0.7053199684481791,-1.3370157591228906,0.31294651640794213,-0.1371643604498687,-0.09841824590158028,1.217691384179564,0.9963393965764296
0.006547499037701083,-0.0239179148494532,-1.8432212874854752,-0.5724944201087107,-0.44839395830068546,-0.40822338640235134,0.31294651640794213,-0.1371643604498687,-0.09841824590158028,1.217691384179564,0.9963393965764296
0.07609564288584252,-0.10167241739385033,-0.6779634429725898,-1.916634766470384,0.35267486268478043,-0.4758929526827273,0.31294651640794213,-0.1371643604498687,-0.09841824590158028,1.217691384179564,0.9963393965764296
-0.5498376517474304,-0.8014629402934245,-0.5584498178943451,0.2097585139358219,0.7885517954717804,0.32744445657516147,0.31294651640794213,-0.1371643604498687,-0.09841824590158028,1.217691384179564,0.9963393965764296
-0.13254878865858177,-0.6459539352046302,-2.0822485376419646,-2.3763575059256774,0.7147163418731286,1.86554275521149,0.31294651640794213,-0.1371643604498687,-0.09841824590158028,1.217691384179564,0.9963393965764296
-0.6889339394437132,-0.9569719453822187,0.15863193257512276,-0.3355440696874156,-1.1380199948078935,-0.05194345283858423,0.31294651640794213,-0.1371643604498687,-0.09841824590158028,1.217691384179564,0.9963393965764296
-0.8280302271399961,-1.4234989606486015,-1.634072443598547,-0.8377602370961207,-0.9895172327957609,1.2208057839193553,0.31294651640794213,-0.1371643604498687,-0.09841824590158028,1.217691384179564,0.9963393965764296
0.632480793670974,0.13159109023934107,-0.707841849242151,-1.183465742997313,0.8206579518038383,0.8648696662958344,0.31294651640794213,-0.1371643604498687,-0.09841824590158028,1.217691384179564,0.9963393965764296
0.2847400744302668,-0.17942691993824744,1.652552246053181,-0.14172391685694385,0.2645422191538216,-0.27223736585247466,0.31294651640794213,-0.1371643604498687,-0.09841824590158028,1.217691384179564,0.9963393965764296
1.2584140883042467,1.0646451207721066,-0.6779634429725898,-1.1321545241814885,0.6904885117493683,0.3766045611603227,1.1349949462354703,-0.13574225985658692,-0.08278345231608629,1.217691384179564,1.0390277767529985
0.07609564288584252,-0.0239179148494532,0.3677807764620509,-0.13389813439398393,0.23489401306681448,1.1124983847085665,1.1349949462354703,-0.13574225985658692,-0.08278345231608629,1.217691384179564,1.0390277767529985
-0.8975783709881375,-1.3457444581042044,-0.9767475056682013,-0.4778878537003638,-0.5990005804533091,-1.3322875218773562,1.1349949462354703,-0.13574225985658692,-0.08278345231608629,1.217691384179564,1.0390277767529985
0.4933845059746911,0.05383658769494393,-0.4986930053552228,0.04263724191660029,0.44363855190761814,0.4077697545131566,1.1349949462354703,-0.13574225985658692,-0.08278345231608629,1.217691384179564,1.0390277767529985
0.07609564288584252,-0.4126904275714388,0.8458352767750295,0.06072172129705355,-0.3421330612667209,1.9734210271170545,1.1349949462354703,-0.13574225985658692,-0.08278345231608629,1.217691384179564,1.0390277767529985
1.1193178006079638,0.4426091004169296,0.8458352767750295,-0.5742201822069777,-0.15268066929799504,-2.2786932848556716,1.1349949462354703,-0.13574225985658692,-0.08278345231608629,1.217691384179564,1.0390277767529985
1.5366066636968125,1.0646451207721066,-1.5444372247898634,-1.0586805076547132,-0.5502114666397544,-0.867006864242728,1.1349949462354703,-0.13574225985658692,-0.08278345231608629,1.217691384179564,1.0390277767529985
0.7715770813672568,0.9091361156833123,-0.3194225677378558,0.2957684131417424,-0.23686293308821812,-0.6979809805581234,1.1349949462354703,-0.13574225985658692,-0.08278345231608629,1.217691384179564,1.0390277767529985
1.3975103760005296,0.8313816131389152,-1.7535860686767917,-1.4451243070953075,0.03163776984063151,-1.7590178245310926,1.1349949462354703,-0.13574225985658692,-0.08278345231608629,1.217691384179564,1.0390277767529985
1.0497696567598225,0.753627110594518,-0.17003053639005003,0.3596770302413701,-1.2343319379982267,-0.7148856710408533,1.1349949462354703,-0.13574225985658692,-0.08278345231608629,1.217691384179564,1.0390277767529985
0.4933845059746911,-0.3349359250270417,-0.19990894265961118,-0.9994132706363339,0.3544757075051558,-0.6856934806982402,1.1349949462354703,-0.13574225985658692,-0.08278345231608629,1.217691384179564,1.0390277767529985
0.35428821827840823,-0.17942691993824744,0.8159568705054683,1.0425373729961644,0.9733923887567709,0.7323240363157494,1.1349949462354703,-0.13574225985658692,-0.08278345231608629,1.217691384179564,1.0390277767529985
1.6757029513930954,0.9091361156833123,0.39765918273161205,-0.7945646445381797,-2.0394756619029115,0.1484915076695786,1.1349949462354703,-0.13574225985658692,-0.08278345231608629,1.217691384179564,1.0390277767529985
0.8411252252153982,0.2871000953281353,-1.5743156310594246,-1.3813087946946225,2.5734024635184625,1.5599770100414958,1.1349949462354703,-0.13574225985658692,-0.08278345231608629,1.217691384179564,1.0390277767529985
1.953895526785661,1.1423996233165037,0.33790237019248975,0.6433687105053573,-0.908254289297224,0.6242222411056827,1.1349949462354703,-0.13574225985658692,-0.08278345231608629,1.217691384179564,1.0390277767529985
0.2847400744302668,-0.10167241739385033,0.3677807764620509,1.0010786264292255,1.0138794710317254,-0.9766003581197377,1.1349949462354703,-0.13574225985658692,-0.08278345231608629,1.217691384179564,1.0390277767529985
-0.2020969325067232,-0.5681994326602331,2.0110931212879146,-0.5154062764013095,0.5783660684593568,-0.002785316345389127,1.1349949462354703,-0.13574225985658692,-0.08278345231608629,1.217691384179564,1.0390277767529985
0.14564378673398393,-0.8792174428378216,-0.43893619281610047,0.16374761262412463,-0.4909834468124344,1.004516343082974,1.1349949462354703,-0.13574225985658692,-0.08278345231608629,1.217691384179564,1.0390277767529985
0.21519193058212538,-0.17942691993824744,0.6665648391576625,0.2622623596095394,0.3140432861428046,-0.942925541424505,1.1349949462354703,-0.13574225985658692,-0.08278345231608629,1.217691384179564,1.0390277767529985
0.4933845059746911,0.13159109023934107,0.5470512140794178,0.3985083400363431,0.6856056931695516,-0.8729115949762203,1.1349949462354703,-0.13574225985658692,-0.08278345231608629,1.217691384179564,1.0390277767529985
1.1193178006079638,0.5203636029613267,1.503160214705375,-0.11840340655020702,0.16379794088518748,0.15323241442803043,1.1349949462354703,-0.13574225985658692,-0.08278345231608629,1.217691384179564,1.0390277767529985
0.4238363621265496,0.05383658769494393,1.5330386209749363,1.0954734904864034,0.457357299093207,-1.396305568125339,1.1349949462354703,-0.13574225985658692,-0.08278345231608629,1.217691384179564,1.0390277767529985
0.14564378673398393,-0.2571814224826446,-1.7834644749463529,-1.7505304416092613,-0.2782247659432373,-0.5573762238278456,1.1349949462354703,-0.13574225985658692,-0.08278345231608629,1.217691384179564,1.0390277767529985
-0.2716450763548646,-1.112480950471013,2.0110931212879146,0.5684959067158875,0.10310122036058489,0.7189227457416022,1.1349949462354703,-0.13574225985658692,-0.08278345231608629,1.217691384179564,1.0390277767529985
1.0497696567598225,0.05383658769494393,-1.3352883809029354,-0.790919706413481,0.9407360370671248,0.9155923029968027,1.1349949462354703,-0.13574225985658692,-0.08278345231608629,1.217691384179564,1.0390277767529985
-1.1757709463807031,-1.19023545301541,0.5470512140794178,0.8536340349813163,-1.1852688197092311,0.7393880634839474,1.1349949462354703,-0.13574225985658692,-0.08278345231608629,1.217691384179564,1.0390277767529985
-1.5235116656214103,-1.5790079657373957,-0.6779634429725898,0.8842926364708348,0.3864562275912352,1.5520291650432498,1.1349949462354703,-0.13574225985658692,-0.08278345231608629,1.217691384179564,1.0390277767529985
-1.1757709463807031,-1.5012534631929986,-1.5145588185203023,-2.1043648744396206,1.6956944423064282,-0.29526643021962845,1.1349949462354703,-0.13574225985658692,-0.08278345231608629,1.217691384179564,1.0390277767529985
-2.0103486725584,-2.1232894835481755,1.323889777088008,1.3511085130795515,1.1100232568008872,0.36967713252527495,1.1349949462354703,-0.13574225985658692,-0.08278345231608629,1.217691384179564,1.0390277767529985
-1.940800528710259,-2.0455349810037786,-1.45480200598118,-1.199754631755288,0.027222415740601802,0.503165368438356,1.1349949462354703,-0.13574225985658692,-0.08278345231608629,1.217691384179564,1.0390277767529985
-2.1494449602546832,-2.27879848863697,0.33790237019248975,0.10571290447746956,-0.16335381249911682,1.114569716729636,1.1349949462354703,-0.13574225985658692,-0.08278345231608629,1.217691384179564,1.0390277767529985
